Week,county,variant,weighted_sum,total_population,weighted_avg,hex_code
2024-04-02,Benton County,BA.2,0.0,502178,0.0,#9CCD67
2024-04-02,Benton County,BA.2.12.1,0.0,502178,0.0,#7CB342
2024-04-02,Benton County,BA.2.86,0.0,502178,0.0,#D770EE
2024-04-02,Benton County,EG.5,0.0,502178,0.0,#FFBE7D
2024-04-02,Benton County,EG.5.1.8,0.0,502178,0.0,#E14D6F
2024-04-02,Benton County,EG.6.1,0.0,502178,0.0,#B9ABA8
2024-04-02,Benton County,FE.1.1,0.0,502178,0.0,#499894
2024-04-02,Benton County,FL.1.5.1,0.0,502178,0.0,#8CD17D
2024-04-02,Benton County,GE.1,0.0,502178,0.0,#FABFD2
2024-04-02,Benton County,GK.1.1,0.0,502178,0.0,#90FAE5
2024-04-02,Benton County,HF.1,0.0,502178,0.0,#D399AD
2024-04-02,Benton County,HK.3,0.0,502178,0.0,#859DBC
2024-04-02,Benton County,HV.1,0.0,502178,0.0,#797765
2024-04-02,Benton County,JD.1.1,0.0,502178,0.0,#80F192
2024-04-02,Benton County,JF.1,0.0,502178,0.0,#FFF1A9
2024-04-02,Benton County,JG.3,0.0,502178,0.0,#66A172
2024-04-02,Benton County,JN.1,3300.75071086,502178,0.00657287,#61018F
2024-04-02,Benton County,JN.1.11.1,0.0,502178,0.0,#5C9CF1
2024-04-02,Benton County,JN.1.13,0.0,502178,0.0,#E83C78
2024-04-02,Benton County,JN.1.13.1,0.0,502178,0.0,#F2591C
2024-04-02,Benton County,JN.1.16,709.326425,502178,0.0014125,#BC3A88
2024-04-02,Benton County,JN.1.16.1,0.0,502178,0.0,#366298
2024-04-02,Benton County,JN.1.18,0.0,502178,0.0,#4AF32F
2024-04-02,Benton County,JN.1.32,0.0,502178,0.0,#2E7919
2024-04-02,Benton County,JN.1.4.3,0.0,502178,0.0,#9D1010
2024-04-02,Benton County,JN.1.7,492872.3403532,502178,0.9814694,#CF15E8
2024-04-02,Benton County,JN.1.8.1,0.0,502178,0.0,#FFB027
2024-04-02,Benton County,KP.1.1,0.0,502178,0.0,#CBFF86
2024-04-02,Benton County,KP.1.1.3,0.0,502178,0.0,#1EB3B6
2024-04-02,Benton County,KP.1.2,0.0,502178,0.0,#D7B5A6
2024-04-02,Benton County,KP.2,0.0,502178,0.0,#5875A1
2024-04-02,Benton County,KP.2.15,0.0,502178,0.0,#175DFF
2024-04-02,Benton County,KP.2.3,0.0,502178,0.0,#628DE8
2024-04-02,Benton County,KP.3,0.0,502178,0.0,#B06589
2024-04-02,Benton County,KP.3.1.1,0.0,502178,0.0,#2F92A1
2024-04-02,Benton County,KP.4.1,0.0,502178,0.0,#FF473A
2024-04-02,Benton County,KQ.1,0.0,502178,0.0,#E86CDE
2024-04-02,Benton County,KV.2,0.0,502178,0.0,#E14365
2024-04-02,Benton County,KW.1.1,0.0,502178,0.0,#34A0FF
2024-04-02,Benton County,LB.1,0.0,502178,0.0,#795653
2024-04-02,Benton County,Recombinant,0.0,502178,0.0,#FF0000
2024-04-02,Benton County,XBB,0.0,502178,0.0,#9FA8DA
2024-04-02,Benton County,XBB.1.16,0.0,502178,0.0,#4527A0
2024-04-02,Benton County,XBB.1.16.1,0.0,502178,0.0,#F89B9B
2024-04-02,Benton County,XBB.1.16.15,0.0,502178,0.0,#E3B5FA
2024-04-02,Benton County,XBB.1.16.6,0.0,502178,0.0,#5AA350
2024-04-02,Benton County,XBB.1.42.1,0.0,502178,0.0,#75D1A3
2024-04-02,Benton County,XBB.1.5,0.0,502178,0.0,#3F51B5
2024-04-02,Benton County,XBB.1.5.70,0.0,502178,0.0,#46783C
2024-04-02,Benton County,XBB.1.5.72,0.0,502178,0.0,#254220
2024-04-02,Benton County,XBB.1.9.1,0.0,502178,0.0,#304FFE
2024-04-02,Benton County,XBB.1.9.2,0.0,502178,0.0,#536DFE
2024-04-02,Benton County,XBB.2.3,0.0,502178,0.0,#F7BCDF
2024-04-02,Benton County,XDP,0.0,502178,0.0,#B60052
2024-04-02,Benton County,XDV.1,0.0,502178,0.0,#D367B6
2024-04-02,Benton County,unreportable,5295.582510939999,502178,0.01054523,#eeeeee
2024-04-02,Franklin County,BA.2,0.0,737220,0.0,#9CCD67
2024-04-02,Franklin County,BA.2.12.1,0.0,737220,0.0,#7CB342
2024-04-02,Franklin County,BA.2.86,0.0,737220,0.0,#D770EE
2024-04-02,Franklin County,EG.5,0.0,737220,0.0,#FFBE7D
2024-04-02,Franklin County,EG.5.1.8,0.0,737220,0.0,#E14D6F
2024-04-02,Franklin County,EG.6.1,0.0,737220,0.0,#B9ABA8
2024-04-02,Franklin County,FE.1.1,0.0,737220,0.0,#499894
2024-04-02,Franklin County,FL.1.5.1,0.0,737220,0.0,#8CD17D
2024-04-02,Franklin County,GE.1,0.0,737220,0.0,#FABFD2
2024-04-02,Franklin County,GK.1.1,0.0,737220,0.0,#90FAE5
2024-04-02,Franklin County,HF.1,0.0,737220,0.0,#D399AD
2024-04-02,Franklin County,HK.3,0.0,737220,0.0,#859DBC
2024-04-02,Franklin County,HV.1,0.0,737220,0.0,#797765
2024-04-02,Franklin County,JD.1.1,0.0,737220,0.0,#80F192
2024-04-02,Franklin County,JF.1,0.0,737220,0.0,#FFF1A9
2024-04-02,Franklin County,JG.3,0.0,737220,0.0,#66A172
2024-04-02,Franklin County,JN.1,297401.6769174,737220,0.40340967,#61018F
2024-04-02,Franklin County,JN.1.11.1,0.0,737220,0.0,#5C9CF1
2024-04-02,Franklin County,JN.1.13,0.0,737220,0.0,#E83C78
2024-04-02,Franklin County,JN.1.13.1,0.0,737220,0.0,#F2591C
2024-04-02,Franklin County,JN.1.16,1296.2834148,737220,0.00175834,#BC3A88
2024-04-02,Franklin County,JN.1.16.1,0.0,737220,0.0,#366298
2024-04-02,Franklin County,JN.1.18,0.0,737220,0.0,#4AF32F
2024-04-02,Franklin County,JN.1.32,5359.8179382,737220,0.0072703099999999,#2E7919
2024-04-02,Franklin County,JN.1.4.3,0.0,737220,0.0,#9D1010
2024-04-02,Franklin County,JN.1.7,303732.9665106,737220,0.41199773,#CF15E8
2024-04-02,Franklin County,JN.1.8.1,119220.0262374,737220,0.16171567,#FFB027
2024-04-02,Franklin County,KP.1.1,0.0,737220,0.0,#CBFF86
2024-04-02,Franklin County,KP.1.1.3,0.0,737220,0.0,#1EB3B6
2024-04-02,Franklin County,KP.1.2,0.0,737220,0.0,#D7B5A6
2024-04-02,Franklin County,KP.2,0.0,737220,0.0,#5875A1
2024-04-02,Franklin County,KP.2.15,0.0,737220,0.0,#175DFF
2024-04-02,Franklin County,KP.2.3,0.0,737220,0.0,#628DE8
2024-04-02,Franklin County,KP.3,0.0,737220,0.0,#B06589
2024-04-02,Franklin County,KP.3.1.1,0.0,737220,0.0,#2F92A1
2024-04-02,Franklin County,KP.4.1,0.0,737220,0.0,#FF473A
2024-04-02,Franklin County,KQ.1,0.0,737220,0.0,#E86CDE
2024-04-02,Franklin County,KV.2,0.0,737220,0.0,#E14365
2024-04-02,Franklin County,KW.1.1,0.0,737220,0.0,#34A0FF
2024-04-02,Franklin County,LB.1,0.0,737220,0.0,#795653
2024-04-02,Franklin County,Recombinant,0.0,737220,0.0,#FF0000
2024-04-02,Franklin County,XBB,0.0,737220,0.0,#9FA8DA
2024-04-02,Franklin County,XBB.1.16,0.0,737220,0.0,#4527A0
2024-04-02,Franklin County,XBB.1.16.1,0.0,737220,0.0,#F89B9B
2024-04-02,Franklin County,XBB.1.16.15,0.0,737220,0.0,#E3B5FA
2024-04-02,Franklin County,XBB.1.16.6,0.0,737220,0.0,#5AA350
2024-04-02,Franklin County,XBB.1.42.1,0.0,737220,0.0,#75D1A3
2024-04-02,Franklin County,XBB.1.5,0.0,737220,0.0,#3F51B5
2024-04-02,Franklin County,XBB.1.5.70,0.0,737220,0.0,#46783C
2024-04-02,Franklin County,XBB.1.5.72,0.0,737220,0.0,#254220
2024-04-02,Franklin County,XBB.1.9.1,0.0,737220,0.0,#304FFE
2024-04-02,Franklin County,XBB.1.9.2,0.0,737220,0.0,#536DFE
2024-04-02,Franklin County,XBB.2.3,0.0,737220,0.0,#F7BCDF
2024-04-02,Franklin County,XDP,0.0,737220,0.0,#B60052
2024-04-02,Franklin County,XDV.1,0.0,737220,0.0,#D367B6
2024-04-02,Franklin County,unreportable,10209.2216094,737220,0.01384827,#eeeeee
2024-04-02,Island County,BA.2,0.0,617169,0.0,#9CCD67
2024-04-02,Island County,BA.2.12.1,0.0,617169,0.0,#7CB342
2024-04-02,Island County,BA.2.86,0.0,617169,0.0,#D770EE
2024-04-02,Island County,EG.5,0.0,617169,0.0,#FFBE7D
2024-04-02,Island County,EG.5.1.8,0.0,617169,0.0,#E14D6F
2024-04-02,Island County,EG.6.1,0.0,617169,0.0,#B9ABA8
2024-04-02,Island County,FE.1.1,0.0,617169,0.0,#499894
2024-04-02,Island County,FL.1.5.1,0.0,617169,0.0,#8CD17D
2024-04-02,Island County,GE.1,0.0,617169,0.0,#FABFD2
2024-04-02,Island County,GK.1.1,0.0,617169,0.0,#90FAE5
2024-04-02,Island County,HF.1,0.0,617169,0.0,#D399AD
2024-04-02,Island County,HK.3,0.0,617169,0.0,#859DBC
2024-04-02,Island County,HV.1,0.0,617169,0.0,#797765
2024-04-02,Island County,JD.1.1,0.0,617169,0.0,#80F192
2024-04-02,Island County,JF.1,0.0,617169,0.0,#FFF1A9
2024-04-02,Island County,JG.3,0.0,617169,0.0,#66A172
2024-04-02,Island County,JN.1,211054.21485519,617169,0.34197151,#61018F
2024-04-02,Island County,JN.1.11.1,955.17394623,617169,0.00154767,#5C9CF1
2024-04-02,Island County,JN.1.13,52042.056923115,617169,0.084323835,#E83C78
2024-04-02,Island County,JN.1.13.1,0.0,617169,0.0,#F2591C
2024-04-02,Island County,JN.1.16,7563.887486820001,617169,0.01225578,#BC3A88
2024-04-02,Island County,JN.1.16.1,103583.49104019,617169,0.16783651,#366298
2024-04-02,Island County,JN.1.18,32292.074955945,617169,0.052322905,#4AF32F
2024-04-02,Island County,JN.1.32,12149.493272805,617169,0.019685845,#2E7919
2024-04-02,Island County,JN.1.4.3,0.0,617169,0.0,#9D1010
2024-04-02,Island County,JN.1.7,122566.44920247,617169,0.19859463,#CF15E8
2024-04-02,Island County,JN.1.8.1,0.0,617169,0.0,#FFB027
2024-04-02,Island County,KP.1.1,935.162241405,617169,0.001515245,#CBFF86
2024-04-02,Island County,KP.1.1.3,0.0,617169,0.0,#1EB3B6
2024-04-02,Island County,KP.1.2,0.0,617169,0.0,#D7B5A6
2024-04-02,Island County,KP.2,341.309886225,617169,0.000553025,#5875A1
2024-04-02,Island County,KP.2.15,0.0,617169,0.0,#175DFF
2024-04-02,Island County,KP.2.3,0.0,617169,0.0,#628DE8
2024-04-02,Island County,KP.3,0.0,617169,0.0,#B06589
2024-04-02,Island County,KP.3.1.1,0.0,617169,0.0,#2F92A1
2024-04-02,Island County,KP.4.1,65985.43829808,617169,0.10691632,#FF473A
2024-04-02,Island County,KQ.1,0.0,617169,0.0,#E86CDE
2024-04-02,Island County,KV.2,0.0,617169,0.0,#E14365
2024-04-02,Island County,KW.1.1,0.0,617169,0.0,#34A0FF
2024-04-02,Island County,LB.1,0.0,617169,0.0,#795653
2024-04-02,Island County,Recombinant,0.0,617169,0.0,#FF0000
2024-04-02,Island County,XBB,0.0,617169,0.0,#9FA8DA
2024-04-02,Island County,XBB.1.16,0.0,617169,0.0,#4527A0
2024-04-02,Island County,XBB.1.16.1,0.0,617169,0.0,#F89B9B
2024-04-02,Island County,XBB.1.16.15,0.0,617169,0.0,#E3B5FA
2024-04-02,Island County,XBB.1.16.6,0.0,617169,0.0,#5AA350
2024-04-02,Island County,XBB.1.42.1,0.0,617169,0.0,#75D1A3
2024-04-02,Island County,XBB.1.5,0.0,617169,0.0,#3F51B5
2024-04-02,Island County,XBB.1.5.70,0.0,617169,0.0,#46783C
2024-04-02,Island County,XBB.1.5.72,0.0,617169,0.0,#254220
2024-04-02,Island County,XBB.1.9.1,0.0,617169,0.0,#304FFE
2024-04-02,Island County,XBB.1.9.2,0.0,617169,0.0,#536DFE
2024-04-02,Island County,XBB.2.3,0.0,617169,0.0,#F7BCDF
2024-04-02,Island County,XDP,0.0,617169,0.0,#B60052
2024-04-02,Island County,XDV.1,0.0,617169,0.0,#D367B6
2024-04-02,Island County,unreportable,7700.238633989999,617169,0.0124767099999999,#eeeeee
2024-04-02,King County,BA.2,0.0,973611,0.0,#9CCD67
2024-04-02,King County,BA.2.12.1,0.0,973611,0.0,#7CB342
2024-04-02,King County,BA.2.86,0.0,973611,0.0,#D770EE
2024-04-02,King County,EG.5,0.0,973611,0.0,#FFBE7D
2024-04-02,King County,EG.5.1.8,0.0,973611,0.0,#E14D6F
2024-04-02,King County,EG.6.1,0.0,973611,0.0,#B9ABA8
2024-04-02,King County,FE.1.1,0.0,973611,0.0,#499894
2024-04-02,King County,FL.1.5.1,0.0,973611,0.0,#8CD17D
2024-04-02,King County,GE.1,0.0,973611,0.0,#FABFD2
2024-04-02,King County,GK.1.1,0.0,973611,0.0,#90FAE5
2024-04-02,King County,HF.1,0.0,973611,0.0,#D399AD
2024-04-02,King County,HK.3,0.0,973611,0.0,#859DBC
2024-04-02,King County,HV.1,0.0,973611,0.0,#797765
2024-04-02,King County,JD.1.1,0.0,973611,0.0,#80F192
2024-04-02,King County,JF.1,0.0,973611,0.0,#FFF1A9
2024-04-02,King County,JG.3,0.0,973611,0.0,#66A172
2024-04-02,King County,JN.1,244003.39983423,973611,0.25061693,#61018F
2024-04-02,King County,JN.1.11.1,0.0,973611,0.0,#5C9CF1
2024-04-02,King County,JN.1.13,0.0,973611,0.0,#E83C78
2024-04-02,King County,JN.1.13.1,0.0,973611,0.0,#F2591C
2024-04-02,King County,JN.1.16,939.08675394,973611,0.00096454,#BC3A88
2024-04-02,King County,JN.1.16.1,0.0,973611,0.0,#366298
2024-04-02,King County,JN.1.18,0.0,973611,0.0,#4AF32F
2024-04-02,King County,JN.1.32,0.0,973611,0.0,#2E7919
2024-04-02,King County,JN.1.4.3,0.0,973611,0.0,#9D1010
2024-04-02,King County,JN.1.7,717948.71553798,973611,0.73740818,#CF15E8
2024-04-02,King County,JN.1.8.1,0.0,973611,0.0,#FFB027
2024-04-02,King County,KP.1.1,0.0,973611,0.0,#CBFF86
2024-04-02,King County,KP.1.1.3,0.0,973611,0.0,#1EB3B6
2024-04-02,King County,KP.1.2,0.0,973611,0.0,#D7B5A6
2024-04-02,King County,KP.2,0.0,973611,0.0,#5875A1
2024-04-02,King County,KP.2.15,0.0,973611,0.0,#175DFF
2024-04-02,King County,KP.2.3,0.0,973611,0.0,#628DE8
2024-04-02,King County,KP.3,0.0,973611,0.0,#B06589
2024-04-02,King County,KP.3.1.1,0.0,973611,0.0,#2F92A1
2024-04-02,King County,KP.4.1,0.0,973611,0.0,#FF473A
2024-04-02,King County,KQ.1,0.0,973611,0.0,#E86CDE
2024-04-02,King County,KV.2,0.0,973611,0.0,#E14365
2024-04-02,King County,KW.1.1,0.0,973611,0.0,#34A0FF
2024-04-02,King County,LB.1,0.0,973611,0.0,#795653
2024-04-02,King County,Recombinant,0.0,973611,0.0,#FF0000
2024-04-02,King County,XBB,0.0,973611,0.0,#9FA8DA
2024-04-02,King County,XBB.1.16,0.0,973611,0.0,#4527A0
2024-04-02,King County,XBB.1.16.1,0.0,973611,0.0,#F89B9B
2024-04-02,King County,XBB.1.16.15,0.0,973611,0.0,#E3B5FA
2024-04-02,King County,XBB.1.16.6,0.0,973611,0.0,#5AA350
2024-04-02,King County,XBB.1.42.1,0.0,973611,0.0,#75D1A3
2024-04-02,King County,XBB.1.5,0.0,973611,0.0,#3F51B5
2024-04-02,King County,XBB.1.5.70,0.0,973611,0.0,#46783C
2024-04-02,King County,XBB.1.5.72,0.0,973611,0.0,#254220
2024-04-02,King County,XBB.1.9.1,0.0,973611,0.0,#304FFE
2024-04-02,King County,XBB.1.9.2,0.0,973611,0.0,#536DFE
2024-04-02,King County,XBB.2.3,0.0,973611,0.0,#F7BCDF
2024-04-02,King County,XDP,0.0,973611,0.0,#B60052
2024-04-02,King County,XDV.1,0.0,973611,0.0,#D367B6
2024-04-02,King County,unreportable,10719.81734607,973611,0.01101037,#eeeeee
2024-04-02,Spokane County,BA.2,0.0,713850,0.0,#9CCD67
2024-04-02,Spokane County,BA.2.12.1,0.0,713850,0.0,#7CB342
2024-04-02,Spokane County,BA.2.86,0.0,713850,0.0,#D770EE
2024-04-02,Spokane County,EG.5,0.0,713850,0.0,#FFBE7D
2024-04-02,Spokane County,EG.5.1.8,0.0,713850,0.0,#E14D6F
2024-04-02,Spokane County,EG.6.1,0.0,713850,0.0,#B9ABA8
2024-04-02,Spokane County,FE.1.1,0.0,713850,0.0,#499894
2024-04-02,Spokane County,FL.1.5.1,0.0,713850,0.0,#8CD17D
2024-04-02,Spokane County,GE.1,0.0,713850,0.0,#FABFD2
2024-04-02,Spokane County,GK.1.1,0.0,713850,0.0,#90FAE5
2024-04-02,Spokane County,HF.1,0.0,713850,0.0,#D399AD
2024-04-02,Spokane County,HK.3,0.0,713850,0.0,#859DBC
2024-04-02,Spokane County,HV.1,0.0,713850,0.0,#797765
2024-04-02,Spokane County,JD.1.1,0.0,713850,0.0,#80F192
2024-04-02,Spokane County,JF.1,0.0,713850,0.0,#FFF1A9
2024-04-02,Spokane County,JG.3,0.0,713850,0.0,#66A172
2024-04-02,Spokane County,JN.1,0.0,713850,0.0,#61018F
2024-04-02,Spokane County,JN.1.11.1,0.0,713850,0.0,#5C9CF1
2024-04-02,Spokane County,JN.1.13,0.0,713850,0.0,#E83C78
2024-04-02,Spokane County,JN.1.13.1,0.0,713850,0.0,#F2591C
2024-04-02,Spokane County,JN.1.16,0.0,713850,0.0,#BC3A88
2024-04-02,Spokane County,JN.1.16.1,431874.838407,713850,0.60499382,#366298
2024-04-02,Spokane County,JN.1.18,1414.8578385,713850,0.00198201,#4AF32F
2024-04-02,Spokane County,JN.1.32,0.0,713850,0.0,#2E7919
2024-04-02,Spokane County,JN.1.4.3,0.0,713850,0.0,#9D1010
2024-04-02,Spokane County,JN.1.7,0.0,713850,0.0,#CF15E8
2024-04-02,Spokane County,JN.1.8.1,0.0,713850,0.0,#FFB027
2024-04-02,Spokane County,KP.1.1,555.2396685,713850,0.00077781,#CBFF86
2024-04-02,Spokane County,KP.1.1.3,0.0,713850,0.0,#1EB3B6
2024-04-02,Spokane County,KP.1.2,0.0,713850,0.0,#D7B5A6
2024-04-02,Spokane County,KP.2,276346.6185285,713850,0.38712141,#5875A1
2024-04-02,Spokane County,KP.2.15,0.0,713850,0.0,#175DFF
2024-04-02,Spokane County,KP.2.3,0.0,713850,0.0,#628DE8
2024-04-02,Spokane County,KP.3,0.0,713850,0.0,#B06589
2024-04-02,Spokane County,KP.3.1.1,0.0,713850,0.0,#2F92A1
2024-04-02,Spokane County,KP.4.1,0.0,713850,0.0,#FF473A
2024-04-02,Spokane County,KQ.1,0.0,713850,0.0,#E86CDE
2024-04-02,Spokane County,KV.2,448.5190935,713850,0.00062831,#E14365
2024-04-02,Spokane County,KW.1.1,0.0,713850,0.0,#34A0FF
2024-04-02,Spokane County,LB.1,0.0,713850,0.0,#795653
2024-04-02,Spokane County,Recombinant,0.0,713850,0.0,#FF0000
2024-04-02,Spokane County,XBB,0.0,713850,0.0,#9FA8DA
2024-04-02,Spokane County,XBB.1.16,0.0,713850,0.0,#4527A0
2024-04-02,Spokane County,XBB.1.16.1,0.0,713850,0.0,#F89B9B
2024-04-02,Spokane County,XBB.1.16.15,0.0,713850,0.0,#E3B5FA
2024-04-02,Spokane County,XBB.1.16.6,0.0,713850,0.0,#5AA350
2024-04-02,Spokane County,XBB.1.42.1,0.0,713850,0.0,#75D1A3
2024-04-02,Spokane County,XBB.1.5,0.0,713850,0.0,#3F51B5
2024-04-02,Spokane County,XBB.1.5.70,0.0,713850,0.0,#46783C
2024-04-02,Spokane County,XBB.1.5.72,0.0,713850,0.0,#254220
2024-04-02,Spokane County,XBB.1.9.1,0.0,713850,0.0,#304FFE
2024-04-02,Spokane County,XBB.1.9.2,0.0,713850,0.0,#536DFE
2024-04-02,Spokane County,XBB.2.3,0.0,713850,0.0,#F7BCDF
2024-04-02,Spokane County,XDP,0.0,713850,0.0,#B60052
2024-04-02,Spokane County,XDV.1,0.0,713850,0.0,#D367B6
2024-04-02,Spokane County,unreportable,3209.9193255,713850,0.00449663,#eeeeee
2024-04-02,Yakima County,BA.2,0.0,1192348,0.0,#9CCD67
2024-04-02,Yakima County,BA.2.12.1,0.0,1192348,0.0,#7CB342
2024-04-02,Yakima County,BA.2.86,0.0,1192348,0.0,#D770EE
2024-04-02,Yakima County,EG.5,0.0,1192348,0.0,#FFBE7D
2024-04-02,Yakima County,EG.5.1.8,0.0,1192348,0.0,#E14D6F
2024-04-02,Yakima County,EG.6.1,0.0,1192348,0.0,#B9ABA8
2024-04-02,Yakima County,FE.1.1,0.0,1192348,0.0,#499894
2024-04-02,Yakima County,FL.1.5.1,0.0,1192348,0.0,#8CD17D
2024-04-02,Yakima County,GE.1,0.0,1192348,0.0,#FABFD2
2024-04-02,Yakima County,GK.1.1,0.0,1192348,0.0,#90FAE5
2024-04-02,Yakima County,HF.1,0.0,1192348,0.0,#D399AD
2024-04-02,Yakima County,HK.3,0.0,1192348,0.0,#859DBC
2024-04-02,Yakima County,HV.1,0.0,1192348,0.0,#797765
2024-04-02,Yakima County,JD.1.1,0.0,1192348,0.0,#80F192
2024-04-02,Yakima County,JF.1,0.0,1192348,0.0,#FFF1A9
2024-04-02,Yakima County,JG.3,0.0,1192348,0.0,#66A172
2024-04-02,Yakima County,JN.1,354538.19612394006,1192348,0.2973445639393365,#61018F
2024-04-02,Yakima County,JN.1.11.1,31610.72769572,1192348,0.0265113269747758,#5C9CF1
2024-04-02,Yakima County,JN.1.13,0.0,1192348,0.0,#E83C78
2024-04-02,Yakima County,JN.1.13.1,0.0,1192348,0.0,#F2591C
2024-04-02,Yakima County,JN.1.16,143693.77847486,1192348,0.1205132884651628,#BC3A88
2024-04-02,Yakima County,JN.1.16.1,65922.7680426,1192348,0.0552881944219305,#366298
2024-04-02,Yakima County,JN.1.18,6768.563108400001,1192348,0.0056766674732544,#4AF32F
2024-04-02,Yakima County,JN.1.32,141635.00637694,1192348,0.1187866347550715,#2E7919
2024-04-02,Yakima County,JN.1.4.3,0.0,1192348,0.0,#9D1010
2024-04-02,Yakima County,JN.1.7,152590.42453001998,1192348,0.1279747393630215,#CF15E8
2024-04-02,Yakima County,JN.1.8.1,375.56963348,1192348,0.0003149832376789,#FFB027
2024-04-02,Yakima County,KP.1.1,0.0,1192348,0.0,#CBFF86
2024-04-02,Yakima County,KP.1.1.3,0.0,1192348,0.0,#1EB3B6
2024-04-02,Yakima County,KP.1.2,46904.58726356,1192348,0.0393380013750683,#D7B5A6
2024-04-02,Yakima County,KP.2,3570.33518224,1192348,0.0029943734398346,#5875A1
2024-04-02,Yakima County,KP.2.15,0.0,1192348,0.0,#175DFF
2024-04-02,Yakima County,KP.2.3,0.0,1192348,0.0,#628DE8
2024-04-02,Yakima County,KP.3,25432.60679752,1192348,0.0213298523564596,#B06589
2024-04-02,Yakima County,KP.3.1.1,0.0,1192348,0.0,#2F92A1
2024-04-02,Yakima County,KP.4.1,0.0,1192348,0.0,#FF473A
2024-04-02,Yakima County,KQ.1,0.0,1192348,0.0,#E86CDE
2024-04-02,Yakima County,KV.2,0.0,1192348,0.0,#E14365
2024-04-02,Yakima County,KW.1.1,0.0,1192348,0.0,#34A0FF
2024-04-02,Yakima County,LB.1,0.0,1192348,0.0,#795653
2024-04-02,Yakima County,Recombinant,204419.2105227,1192348,0.1714425742507221,#FF0000
2024-04-02,Yakima County,XBB,0.0,1192348,0.0,#9FA8DA
2024-04-02,Yakima County,XBB.1.16,0.0,1192348,0.0,#4527A0
2024-04-02,Yakima County,XBB.1.16.1,0.0,1192348,0.0,#F89B9B
2024-04-02,Yakima County,XBB.1.16.15,0.0,1192348,0.0,#E3B5FA
2024-04-02,Yakima County,XBB.1.16.6,0.0,1192348,0.0,#5AA350
2024-04-02,Yakima County,XBB.1.42.1,0.0,1192348,0.0,#75D1A3
2024-04-02,Yakima County,XBB.1.5,0.0,1192348,0.0,#3F51B5
2024-04-02,Yakima County,XBB.1.5.70,0.0,1192348,0.0,#46783C
2024-04-02,Yakima County,XBB.1.5.72,0.0,1192348,0.0,#254220
2024-04-02,Yakima County,XBB.1.9.1,0.0,1192348,0.0,#304FFE
2024-04-02,Yakima County,XBB.1.9.2,0.0,1192348,0.0,#536DFE
2024-04-02,Yakima County,XBB.2.3,0.0,1192348,0.0,#F7BCDF
2024-04-02,Yakima County,XDP,0.0,1192348,0.0,#B60052
2024-04-02,Yakima County,XDV.1,0.0,1192348,0.0,#D367B6
2024-04-02,Yakima County,unreportable,14886.21859908,1192348,0.0124847935326599,#eeeeee
2024-04-09,Benton County,BA.2,0.0,502178,0.0,#9CCD67
2024-04-09,Benton County,BA.2.12.1,0.0,502178,0.0,#7CB342
2024-04-09,Benton County,BA.2.86,0.0,502178,0.0,#D770EE
2024-04-09,Benton County,EG.5,0.0,502178,0.0,#FFBE7D
2024-04-09,Benton County,EG.5.1.8,0.0,502178,0.0,#E14D6F
2024-04-09,Benton County,EG.6.1,0.0,502178,0.0,#B9ABA8
2024-04-09,Benton County,FE.1.1,0.0,502178,0.0,#499894
2024-04-09,Benton County,FL.1.5.1,0.0,502178,0.0,#8CD17D
2024-04-09,Benton County,GE.1,0.0,502178,0.0,#FABFD2
2024-04-09,Benton County,GK.1.1,0.0,502178,0.0,#90FAE5
2024-04-09,Benton County,HF.1,0.0,502178,0.0,#D399AD
2024-04-09,Benton County,HK.3,0.0,502178,0.0,#859DBC
2024-04-09,Benton County,HV.1,0.0,502178,0.0,#797765
2024-04-09,Benton County,JD.1.1,0.0,502178,0.0,#80F192
2024-04-09,Benton County,JF.1,0.0,502178,0.0,#FFF1A9
2024-04-09,Benton County,JG.3,0.0,502178,0.0,#66A172
2024-04-09,Benton County,JN.1,499280.95520512,502178,0.99423104,#61018F
2024-04-09,Benton County,JN.1.11.1,0.0,502178,0.0,#5C9CF1
2024-04-09,Benton County,JN.1.13,0.0,502178,0.0,#E83C78
2024-04-09,Benton County,JN.1.13.1,0.0,502178,0.0,#F2591C
2024-04-09,Benton County,JN.1.16,0.0,502178,0.0,#BC3A88
2024-04-09,Benton County,JN.1.16.1,0.0,502178,0.0,#366298
2024-04-09,Benton County,JN.1.18,0.0,502178,0.0,#4AF32F
2024-04-09,Benton County,JN.1.32,0.0,502178,0.0,#2E7919
2024-04-09,Benton County,JN.1.4.3,0.0,502178,0.0,#9D1010
2024-04-09,Benton County,JN.1.7,551.2658995,502178,0.00109775,#CF15E8
2024-04-09,Benton County,JN.1.8.1,0.0,502178,0.0,#FFB027
2024-04-09,Benton County,KP.1.1,0.0,502178,0.0,#CBFF86
2024-04-09,Benton County,KP.1.1.3,0.0,502178,0.0,#1EB3B6
2024-04-09,Benton County,KP.1.2,0.0,502178,0.0,#D7B5A6
2024-04-09,Benton County,KP.2,0.0,502178,0.0,#5875A1
2024-04-09,Benton County,KP.2.15,0.0,502178,0.0,#175DFF
2024-04-09,Benton County,KP.2.3,0.0,502178,0.0,#628DE8
2024-04-09,Benton County,KP.3,0.0,502178,0.0,#B06589
2024-04-09,Benton County,KP.3.1.1,0.0,502178,0.0,#2F92A1
2024-04-09,Benton County,KP.4.1,0.0,502178,0.0,#FF473A
2024-04-09,Benton County,KQ.1,0.0,502178,0.0,#E86CDE
2024-04-09,Benton County,KV.2,0.0,502178,0.0,#E14365
2024-04-09,Benton County,KW.1.1,0.0,502178,0.0,#34A0FF
2024-04-09,Benton County,LB.1,0.0,502178,0.0,#795653
2024-04-09,Benton County,Recombinant,0.0,502178,0.0,#FF0000
2024-04-09,Benton County,XBB,0.0,502178,0.0,#9FA8DA
2024-04-09,Benton County,XBB.1.16,0.0,502178,0.0,#4527A0
2024-04-09,Benton County,XBB.1.16.1,0.0,502178,0.0,#F89B9B
2024-04-09,Benton County,XBB.1.16.15,0.0,502178,0.0,#E3B5FA
2024-04-09,Benton County,XBB.1.16.6,0.0,502178,0.0,#5AA350
2024-04-09,Benton County,XBB.1.42.1,0.0,502178,0.0,#75D1A3
2024-04-09,Benton County,XBB.1.5,0.0,502178,0.0,#3F51B5
2024-04-09,Benton County,XBB.1.5.70,0.0,502178,0.0,#46783C
2024-04-09,Benton County,XBB.1.5.72,0.0,502178,0.0,#254220
2024-04-09,Benton County,XBB.1.9.1,0.0,502178,0.0,#304FFE
2024-04-09,Benton County,XBB.1.9.2,0.0,502178,0.0,#536DFE
2024-04-09,Benton County,XBB.2.3,0.0,502178,0.0,#F7BCDF
2024-04-09,Benton County,XDP,0.0,502178,0.0,#B60052
2024-04-09,Benton County,XDV.1,0.0,502178,0.0,#D367B6
2024-04-09,Benton County,unreportable,2345.78893894,502178,0.00467123,#eeeeee
2024-04-09,Chelan County,BA.2,0.0,775980,0.0,#9CCD67
2024-04-09,Chelan County,BA.2.12.1,0.0,775980,0.0,#7CB342
2024-04-09,Chelan County,BA.2.86,0.0,775980,0.0,#D770EE
2024-04-09,Chelan County,EG.5,0.0,775980,0.0,#FFBE7D
2024-04-09,Chelan County,EG.5.1.8,0.0,775980,0.0,#E14D6F
2024-04-09,Chelan County,EG.6.1,0.0,775980,0.0,#B9ABA8
2024-04-09,Chelan County,FE.1.1,0.0,775980,0.0,#499894
2024-04-09,Chelan County,FL.1.5.1,0.0,775980,0.0,#8CD17D
2024-04-09,Chelan County,GE.1,0.0,775980,0.0,#FABFD2
2024-04-09,Chelan County,GK.1.1,0.0,775980,0.0,#90FAE5
2024-04-09,Chelan County,HF.1,0.0,775980,0.0,#D399AD
2024-04-09,Chelan County,HK.3,0.0,775980,0.0,#859DBC
2024-04-09,Chelan County,HV.1,0.0,775980,0.0,#797765
2024-04-09,Chelan County,JD.1.1,0.0,775980,0.0,#80F192
2024-04-09,Chelan County,JF.1,0.0,775980,0.0,#FFF1A9
2024-04-09,Chelan County,JG.3,0.0,775980,0.0,#66A172
2024-04-09,Chelan County,JN.1,658922.6565396,775980,0.84914902,#61018F
2024-04-09,Chelan County,JN.1.11.1,0.0,775980,0.0,#5C9CF1
2024-04-09,Chelan County,JN.1.13,0.0,775980,0.0,#E83C78
2024-04-09,Chelan County,JN.1.13.1,0.0,775980,0.0,#F2591C
2024-04-09,Chelan County,JN.1.16,0.0,775980,0.0,#BC3A88
2024-04-09,Chelan County,JN.1.16.1,0.0,775980,0.0,#366298
2024-04-09,Chelan County,JN.1.18,0.0,775980,0.0,#4AF32F
2024-04-09,Chelan County,JN.1.32,0.0,775980,0.0,#2E7919
2024-04-09,Chelan County,JN.1.4.3,0.0,775980,0.0,#9D1010
2024-04-09,Chelan County,JN.1.7,0.0,775980,0.0,#CF15E8
2024-04-09,Chelan County,JN.1.8.1,0.0,775980,0.0,#FFB027
2024-04-09,Chelan County,KP.1.1,0.0,775980,0.0,#CBFF86
2024-04-09,Chelan County,KP.1.1.3,0.0,775980,0.0,#1EB3B6
2024-04-09,Chelan County,KP.1.2,0.0,775980,0.0,#D7B5A6
2024-04-09,Chelan County,KP.2,0.0,775980,0.0,#5875A1
2024-04-09,Chelan County,KP.2.15,0.0,775980,0.0,#175DFF
2024-04-09,Chelan County,KP.2.3,0.0,775980,0.0,#628DE8
2024-04-09,Chelan County,KP.3,109031.0020902,775980,0.14050749,#B06589
2024-04-09,Chelan County,KP.3.1.1,0.0,775980,0.0,#2F92A1
2024-04-09,Chelan County,KP.4.1,0.0,775980,0.0,#FF473A
2024-04-09,Chelan County,KQ.1,0.0,775980,0.0,#E86CDE
2024-04-09,Chelan County,KV.2,0.0,775980,0.0,#E14365
2024-04-09,Chelan County,KW.1.1,0.0,775980,0.0,#34A0FF
2024-04-09,Chelan County,LB.1,0.0,775980,0.0,#795653
2024-04-09,Chelan County,Recombinant,0.0,775980,0.0,#FF0000
2024-04-09,Chelan County,XBB,0.0,775980,0.0,#9FA8DA
2024-04-09,Chelan County,XBB.1.16,0.0,775980,0.0,#4527A0
2024-04-09,Chelan County,XBB.1.16.1,0.0,775980,0.0,#F89B9B
2024-04-09,Chelan County,XBB.1.16.15,0.0,775980,0.0,#E3B5FA
2024-04-09,Chelan County,XBB.1.16.6,0.0,775980,0.0,#5AA350
2024-04-09,Chelan County,XBB.1.42.1,0.0,775980,0.0,#75D1A3
2024-04-09,Chelan County,XBB.1.5,0.0,775980,0.0,#3F51B5
2024-04-09,Chelan County,XBB.1.5.70,0.0,775980,0.0,#46783C
2024-04-09,Chelan County,XBB.1.5.72,0.0,775980,0.0,#254220
2024-04-09,Chelan County,XBB.1.9.1,0.0,775980,0.0,#304FFE
2024-04-09,Chelan County,XBB.1.9.2,0.0,775980,0.0,#536DFE
2024-04-09,Chelan County,XBB.2.3,0.0,775980,0.0,#F7BCDF
2024-04-09,Chelan County,XDP,0.0,775980,0.0,#B60052
2024-04-09,Chelan County,XDV.1,0.0,775980,0.0,#D367B6
2024-04-09,Chelan County,unreportable,8026.3413702,775980,0.01034349,#eeeeee
2024-04-09,Franklin County,BA.2,0.0,737220,0.0,#9CCD67
2024-04-09,Franklin County,BA.2.12.1,0.0,737220,0.0,#7CB342
2024-04-09,Franklin County,BA.2.86,0.0,737220,0.0,#D770EE
2024-04-09,Franklin County,EG.5,0.0,737220,0.0,#FFBE7D
2024-04-09,Franklin County,EG.5.1.8,0.0,737220,0.0,#E14D6F
2024-04-09,Franklin County,EG.6.1,0.0,737220,0.0,#B9ABA8
2024-04-09,Franklin County,FE.1.1,0.0,737220,0.0,#499894
2024-04-09,Franklin County,FL.1.5.1,0.0,737220,0.0,#8CD17D
2024-04-09,Franklin County,GE.1,0.0,737220,0.0,#FABFD2
2024-04-09,Franklin County,GK.1.1,0.0,737220,0.0,#90FAE5
2024-04-09,Franklin County,HF.1,0.0,737220,0.0,#D399AD
2024-04-09,Franklin County,HK.3,0.0,737220,0.0,#859DBC
2024-04-09,Franklin County,HV.1,0.0,737220,0.0,#797765
2024-04-09,Franklin County,JD.1.1,0.0,737220,0.0,#80F192
2024-04-09,Franklin County,JF.1,0.0,737220,0.0,#FFF1A9
2024-04-09,Franklin County,JG.3,0.0,737220,0.0,#66A172
2024-04-09,Franklin County,JN.1,289747.73355,737220,0.3930275,#61018F
2024-04-09,Franklin County,JN.1.11.1,299803.7166102,737220,0.40666791,#5C9CF1
2024-04-09,Franklin County,JN.1.13,0.0,737220,0.0,#E83C78
2024-04-09,Franklin County,JN.1.13.1,0.0,737220,0.0,#F2591C
2024-04-09,Franklin County,JN.1.16,0.0,737220,0.0,#BC3A88
2024-04-09,Franklin County,JN.1.16.1,0.0,737220,0.0,#366298
2024-04-09,Franklin County,JN.1.18,0.0,737220,0.0,#4AF32F
2024-04-09,Franklin County,JN.1.32,135702.6140646,737220,0.18407343,#2E7919
2024-04-09,Franklin County,JN.1.4.3,0.0,737220,0.0,#9D1010
2024-04-09,Franklin County,JN.1.7,0.0,737220,0.0,#CF15E8
2024-04-09,Franklin County,JN.1.8.1,0.0,737220,0.0,#FFB027
2024-04-09,Franklin County,KP.1.1,0.0,737220,0.0,#CBFF86
2024-04-09,Franklin County,KP.1.1.3,0.0,737220,0.0,#1EB3B6
2024-04-09,Franklin County,KP.1.2,7198.2824298,737220,0.00976409,#D7B5A6
2024-04-09,Franklin County,KP.2,752.996508,737220,0.0010214,#5875A1
2024-04-09,Franklin County,KP.2.15,0.0,737220,0.0,#175DFF
2024-04-09,Franklin County,KP.2.3,0.0,737220,0.0,#628DE8
2024-04-09,Franklin County,KP.3,0.0,737220,0.0,#B06589
2024-04-09,Franklin County,KP.3.1.1,0.0,737220,0.0,#2F92A1
2024-04-09,Franklin County,KP.4.1,0.0,737220,0.0,#FF473A
2024-04-09,Franklin County,KQ.1,0.0,737220,0.0,#E86CDE
2024-04-09,Franklin County,KV.2,0.0,737220,0.0,#E14365
2024-04-09,Franklin County,KW.1.1,0.0,737220,0.0,#34A0FF
2024-04-09,Franklin County,LB.1,0.0,737220,0.0,#795653
2024-04-09,Franklin County,Recombinant,0.0,737220,0.0,#FF0000
2024-04-09,Franklin County,XBB,0.0,737220,0.0,#9FA8DA
2024-04-09,Franklin County,XBB.1.16,0.0,737220,0.0,#4527A0
2024-04-09,Franklin County,XBB.1.16.1,0.0,737220,0.0,#F89B9B
2024-04-09,Franklin County,XBB.1.16.15,0.0,737220,0.0,#E3B5FA
2024-04-09,Franklin County,XBB.1.16.6,0.0,737220,0.0,#5AA350
2024-04-09,Franklin County,XBB.1.42.1,0.0,737220,0.0,#75D1A3
2024-04-09,Franklin County,XBB.1.5,0.0,737220,0.0,#3F51B5
2024-04-09,Franklin County,XBB.1.5.70,0.0,737220,0.0,#46783C
2024-04-09,Franklin County,XBB.1.5.72,0.0,737220,0.0,#254220
2024-04-09,Franklin County,XBB.1.9.1,0.0,737220,0.0,#304FFE
2024-04-09,Franklin County,XBB.1.9.2,0.0,737220,0.0,#536DFE
2024-04-09,Franklin County,XBB.2.3,0.0,737220,0.0,#F7BCDF
2024-04-09,Franklin County,XDP,0.0,737220,0.0,#B60052
2024-04-09,Franklin County,XDV.1,0.0,737220,0.0,#D367B6
2024-04-09,Franklin County,unreportable,4014.6568374,737220,0.00544567,#eeeeee
2024-04-09,Island County,BA.2,0.0,1778632,0.0,#9CCD67
2024-04-09,Island County,BA.2.12.1,0.0,1778632,0.0,#7CB342
2024-04-09,Island County,BA.2.86,0.0,1778632,0.0,#D770EE
2024-04-09,Island County,EG.5,0.0,1778632,0.0,#FFBE7D
2024-04-09,Island County,EG.5.1.8,0.0,1778632,0.0,#E14D6F
2024-04-09,Island County,EG.6.1,0.0,1778632,0.0,#B9ABA8
2024-04-09,Island County,FE.1.1,0.0,1778632,0.0,#499894
2024-04-09,Island County,FL.1.5.1,0.0,1778632,0.0,#8CD17D
2024-04-09,Island County,GE.1,0.0,1778632,0.0,#FABFD2
2024-04-09,Island County,GK.1.1,0.0,1778632,0.0,#90FAE5
2024-04-09,Island County,HF.1,0.0,1778632,0.0,#D399AD
2024-04-09,Island County,HK.3,0.0,1778632,0.0,#859DBC
2024-04-09,Island County,HV.1,0.0,1778632,0.0,#797765
2024-04-09,Island County,JD.1.1,0.0,1778632,0.0,#80F192
2024-04-09,Island County,JF.1,0.0,1778632,0.0,#FFF1A9
2024-04-09,Island County,JG.3,0.0,1778632,0.0,#66A172
2024-04-09,Island County,JN.1,358186.602669555,1778632,0.2013831993743253,#61018F
2024-04-09,Island County,JN.1.11.1,561.82566525,1778632,0.0003158751586893,#5C9CF1
2024-04-09,Island County,JN.1.13,0.0,1778632,0.0,#E83C78
2024-04-09,Island County,JN.1.13.1,0.0,1778632,0.0,#F2591C
2024-04-09,Island County,JN.1.16,1446.16263312,1778632,0.0008130757982089,#BC3A88
2024-04-09,Island County,JN.1.16.1,0.0,1778632,0.0,#366298
2024-04-09,Island County,JN.1.18,275524.46863114,1778632,0.1549080802724453,#4AF32F
2024-04-09,Island County,JN.1.32,0.0,1778632,0.0,#2E7919
2024-04-09,Island County,JN.1.4.3,0.0,1778632,0.0,#9D1010
2024-04-09,Island County,JN.1.7,918104.082734145,1778632,0.5161855193958869,#CF15E8
2024-04-09,Island County,JN.1.8.1,0.0,1778632,0.0,#FFB027
2024-04-09,Island County,KP.1.1,1440.9195171,1778632,0.000810127961883,#CBFF86
2024-04-09,Island County,KP.1.1.3,0.0,1778632,0.0,#1EB3B6
2024-04-09,Island County,KP.1.2,0.0,1778632,0.0,#D7B5A6
2024-04-09,Island County,KP.2,83151.41001790499,1778632,0.0467502046617315,#5875A1
2024-04-09,Island County,KP.2.15,0.0,1778632,0.0,#175DFF
2024-04-09,Island County,KP.2.3,0.0,1778632,0.0,#628DE8
2024-04-09,Island County,KP.3,120356.626719525,1778632,0.0676680880134423,#B06589
2024-04-09,Island County,KP.3.1.1,0.0,1778632,0.0,#2F92A1
2024-04-09,Island County,KP.4.1,0.0,1778632,0.0,#FF473A
2024-04-09,Island County,KQ.1,0.0,1778632,0.0,#E86CDE
2024-04-09,Island County,KV.2,0.0,1778632,0.0,#E14365
2024-04-09,Island County,KW.1.1,0.0,1778632,0.0,#34A0FF
2024-04-09,Island County,LB.1,0.0,1778632,0.0,#795653
2024-04-09,Island County,Recombinant,0.0,1778632,0.0,#FF0000
2024-04-09,Island County,XBB,0.0,1778632,0.0,#9FA8DA
2024-04-09,Island County,XBB.1.16,0.0,1778632,0.0,#4527A0
2024-04-09,Island County,XBB.1.16.1,0.0,1778632,0.0,#F89B9B
2024-04-09,Island County,XBB.1.16.15,0.0,1778632,0.0,#E3B5FA
2024-04-09,Island County,XBB.1.16.6,0.0,1778632,0.0,#5AA350
2024-04-09,Island County,XBB.1.42.1,0.0,1778632,0.0,#75D1A3
2024-04-09,Island County,XBB.1.5,0.0,1778632,0.0,#3F51B5
2024-04-09,Island County,XBB.1.5.70,0.0,1778632,0.0,#46783C
2024-04-09,Island County,XBB.1.5.72,0.0,1778632,0.0,#254220
2024-04-09,Island County,XBB.1.9.1,0.0,1778632,0.0,#304FFE
2024-04-09,Island County,XBB.1.9.2,0.0,1778632,0.0,#536DFE
2024-04-09,Island County,XBB.2.3,0.0,1778632,0.0,#F7BCDF
2024-04-09,Island County,XDP,0.0,1778632,0.0,#B60052
2024-04-09,Island County,XDV.1,0.0,1778632,0.0,#D367B6
2024-04-09,Island County,unreportable,19859.897314035,1778632,0.0111658270592427,#eeeeee
2024-04-09,King County,BA.2,0.0,973611,0.0,#9CCD67
2024-04-09,King County,BA.2.12.1,0.0,973611,0.0,#7CB342
2024-04-09,King County,BA.2.86,0.0,973611,0.0,#D770EE
2024-04-09,King County,EG.5,0.0,973611,0.0,#FFBE7D
2024-04-09,King County,EG.5.1.8,0.0,973611,0.0,#E14D6F
2024-04-09,King County,EG.6.1,0.0,973611,0.0,#B9ABA8
2024-04-09,King County,FE.1.1,0.0,973611,0.0,#499894
2024-04-09,King County,FL.1.5.1,0.0,973611,0.0,#8CD17D
2024-04-09,King County,GE.1,0.0,973611,0.0,#FABFD2
2024-04-09,King County,GK.1.1,0.0,973611,0.0,#90FAE5
2024-04-09,King County,HF.1,0.0,973611,0.0,#D399AD
2024-04-09,King County,HK.3,0.0,973611,0.0,#859DBC
2024-04-09,King County,HV.1,0.0,973611,0.0,#797765
2024-04-09,King County,JD.1.1,0.0,973611,0.0,#80F192
2024-04-09,King County,JF.1,0.0,973611,0.0,#FFF1A9
2024-04-09,King County,JG.3,0.0,973611,0.0,#66A172
2024-04-09,King County,JN.1,0.0,973611,0.0,#61018F
2024-04-09,King County,JN.1.11.1,0.0,973611,0.0,#5C9CF1
2024-04-09,King County,JN.1.13,0.0,973611,0.0,#E83C78
2024-04-09,King County,JN.1.13.1,0.0,973611,0.0,#F2591C
2024-04-09,King County,JN.1.16,0.0,973611,0.0,#BC3A88
2024-04-09,King County,JN.1.16.1,0.0,973611,0.0,#366298
2024-04-09,King County,JN.1.18,0.0,973611,0.0,#4AF32F
2024-04-09,King County,JN.1.32,0.0,973611,0.0,#2E7919
2024-04-09,King County,JN.1.4.3,0.0,973611,0.0,#9D1010
2024-04-09,King County,JN.1.7,969693.15039156,973611,0.99597596,#CF15E8
2024-04-09,King County,JN.1.8.1,0.0,973611,0.0,#FFB027
2024-04-09,King County,KP.1.1,0.0,973611,0.0,#CBFF86
2024-04-09,King County,KP.1.1.3,0.0,973611,0.0,#1EB3B6
2024-04-09,King County,KP.1.2,0.0,973611,0.0,#D7B5A6
2024-04-09,King County,KP.2,0.0,973611,0.0,#5875A1
2024-04-09,King County,KP.2.15,0.0,973611,0.0,#175DFF
2024-04-09,King County,KP.2.3,0.0,973611,0.0,#628DE8
2024-04-09,King County,KP.3,0.0,973611,0.0,#B06589
2024-04-09,King County,KP.3.1.1,0.0,973611,0.0,#2F92A1
2024-04-09,King County,KP.4.1,0.0,973611,0.0,#FF473A
2024-04-09,King County,KQ.1,0.0,973611,0.0,#E86CDE
2024-04-09,King County,KV.2,0.0,973611,0.0,#E14365
2024-04-09,King County,KW.1.1,0.0,973611,0.0,#34A0FF
2024-04-09,King County,LB.1,0.0,973611,0.0,#795653
2024-04-09,King County,Recombinant,0.0,973611,0.0,#FF0000
2024-04-09,King County,XBB,0.0,973611,0.0,#9FA8DA
2024-04-09,King County,XBB.1.16,0.0,973611,0.0,#4527A0
2024-04-09,King County,XBB.1.16.1,0.0,973611,0.0,#F89B9B
2024-04-09,King County,XBB.1.16.15,0.0,973611,0.0,#E3B5FA
2024-04-09,King County,XBB.1.16.6,0.0,973611,0.0,#5AA350
2024-04-09,King County,XBB.1.42.1,0.0,973611,0.0,#75D1A3
2024-04-09,King County,XBB.1.5,0.0,973611,0.0,#3F51B5
2024-04-09,King County,XBB.1.5.70,0.0,973611,0.0,#46783C
2024-04-09,King County,XBB.1.5.72,0.0,973611,0.0,#254220
2024-04-09,King County,XBB.1.9.1,0.0,973611,0.0,#304FFE
2024-04-09,King County,XBB.1.9.2,0.0,973611,0.0,#536DFE
2024-04-09,King County,XBB.2.3,0.0,973611,0.0,#F7BCDF
2024-04-09,King County,XDP,0.0,973611,0.0,#B60052
2024-04-09,King County,XDV.1,0.0,973611,0.0,#D367B6
2024-04-09,King County,unreportable,3917.859344550001,973611,0.00402405,#eeeeee
2024-04-09,Kittitas County,BA.2,0.0,143520,0.0,#9CCD67
2024-04-09,Kittitas County,BA.2.12.1,0.0,143520,0.0,#7CB342
2024-04-09,Kittitas County,BA.2.86,0.0,143520,0.0,#D770EE
2024-04-09,Kittitas County,EG.5,0.0,143520,0.0,#FFBE7D
2024-04-09,Kittitas County,EG.5.1.8,0.0,143520,0.0,#E14D6F
2024-04-09,Kittitas County,EG.6.1,0.0,143520,0.0,#B9ABA8
2024-04-09,Kittitas County,FE.1.1,0.0,143520,0.0,#499894
2024-04-09,Kittitas County,FL.1.5.1,0.0,143520,0.0,#8CD17D
2024-04-09,Kittitas County,GE.1,0.0,143520,0.0,#FABFD2
2024-04-09,Kittitas County,GK.1.1,0.0,143520,0.0,#90FAE5
2024-04-09,Kittitas County,HF.1,0.0,143520,0.0,#D399AD
2024-04-09,Kittitas County,HK.3,0.0,143520,0.0,#859DBC
2024-04-09,Kittitas County,HV.1,0.0,143520,0.0,#797765
2024-04-09,Kittitas County,JD.1.1,0.0,143520,0.0,#80F192
2024-04-09,Kittitas County,JF.1,0.0,143520,0.0,#FFF1A9
2024-04-09,Kittitas County,JG.3,0.0,143520,0.0,#66A172
2024-04-09,Kittitas County,JN.1,1957.3286304,143520,0.01363802,#61018F
2024-04-09,Kittitas County,JN.1.11.1,0.0,143520,0.0,#5C9CF1
2024-04-09,Kittitas County,JN.1.13,0.0,143520,0.0,#E83C78
2024-04-09,Kittitas County,JN.1.13.1,0.0,143520,0.0,#F2591C
2024-04-09,Kittitas County,JN.1.16,139010.8771584,143520,0.96858192,#BC3A88
2024-04-09,Kittitas County,JN.1.16.1,0.0,143520,0.0,#366298
2024-04-09,Kittitas County,JN.1.18,783.4914672,143520,0.00545911,#4AF32F
2024-04-09,Kittitas County,JN.1.32,0.0,143520,0.0,#2E7919
2024-04-09,Kittitas County,JN.1.4.3,0.0,143520,0.0,#9D1010
2024-04-09,Kittitas County,JN.1.7,0.0,143520,0.0,#CF15E8
2024-04-09,Kittitas County,JN.1.8.1,0.0,143520,0.0,#FFB027
2024-04-09,Kittitas County,KP.1.1,0.0,143520,0.0,#CBFF86
2024-04-09,Kittitas County,KP.1.1.3,0.0,143520,0.0,#1EB3B6
2024-04-09,Kittitas County,KP.1.2,0.0,143520,0.0,#D7B5A6
2024-04-09,Kittitas County,KP.2,0.0,143520,0.0,#5875A1
2024-04-09,Kittitas County,KP.2.15,0.0,143520,0.0,#175DFF
2024-04-09,Kittitas County,KP.2.3,0.0,143520,0.0,#628DE8
2024-04-09,Kittitas County,KP.3,0.0,143520,0.0,#B06589
2024-04-09,Kittitas County,KP.3.1.1,0.0,143520,0.0,#2F92A1
2024-04-09,Kittitas County,KP.4.1,0.0,143520,0.0,#FF473A
2024-04-09,Kittitas County,KQ.1,0.0,143520,0.0,#E86CDE
2024-04-09,Kittitas County,KV.2,0.0,143520,0.0,#E14365
2024-04-09,Kittitas County,KW.1.1,0.0,143520,0.0,#34A0FF
2024-04-09,Kittitas County,LB.1,0.0,143520,0.0,#795653
2024-04-09,Kittitas County,Recombinant,0.0,143520,0.0,#FF0000
2024-04-09,Kittitas County,XBB,0.0,143520,0.0,#9FA8DA
2024-04-09,Kittitas County,XBB.1.16,0.0,143520,0.0,#4527A0
2024-04-09,Kittitas County,XBB.1.16.1,0.0,143520,0.0,#F89B9B
2024-04-09,Kittitas County,XBB.1.16.15,0.0,143520,0.0,#E3B5FA
2024-04-09,Kittitas County,XBB.1.16.6,0.0,143520,0.0,#5AA350
2024-04-09,Kittitas County,XBB.1.42.1,0.0,143520,0.0,#75D1A3
2024-04-09,Kittitas County,XBB.1.5,0.0,143520,0.0,#3F51B5
2024-04-09,Kittitas County,XBB.1.5.70,0.0,143520,0.0,#46783C
2024-04-09,Kittitas County,XBB.1.5.72,0.0,143520,0.0,#254220
2024-04-09,Kittitas County,XBB.1.9.1,0.0,143520,0.0,#304FFE
2024-04-09,Kittitas County,XBB.1.9.2,0.0,143520,0.0,#536DFE
2024-04-09,Kittitas County,XBB.2.3,0.0,143520,0.0,#F7BCDF
2024-04-09,Kittitas County,XDP,0.0,143520,0.0,#B60052
2024-04-09,Kittitas County,XDV.1,0.0,143520,0.0,#D367B6
2024-04-09,Kittitas County,unreportable,1768.302744,143520,0.01232095,#eeeeee
2024-04-09,Spokane County,BA.2,0.0,713850,0.0,#9CCD67
2024-04-09,Spokane County,BA.2.12.1,0.0,713850,0.0,#7CB342
2024-04-09,Spokane County,BA.2.86,0.0,713850,0.0,#D770EE
2024-04-09,Spokane County,EG.5,0.0,713850,0.0,#FFBE7D
2024-04-09,Spokane County,EG.5.1.8,0.0,713850,0.0,#E14D6F
2024-04-09,Spokane County,EG.6.1,0.0,713850,0.0,#B9ABA8
2024-04-09,Spokane County,FE.1.1,0.0,713850,0.0,#499894
2024-04-09,Spokane County,FL.1.5.1,0.0,713850,0.0,#8CD17D
2024-04-09,Spokane County,GE.1,0.0,713850,0.0,#FABFD2
2024-04-09,Spokane County,GK.1.1,0.0,713850,0.0,#90FAE5
2024-04-09,Spokane County,HF.1,0.0,713850,0.0,#D399AD
2024-04-09,Spokane County,HK.3,0.0,713850,0.0,#859DBC
2024-04-09,Spokane County,HV.1,0.0,713850,0.0,#797765
2024-04-09,Spokane County,JD.1.1,0.0,713850,0.0,#80F192
2024-04-09,Spokane County,JF.1,0.0,713850,0.0,#FFF1A9
2024-04-09,Spokane County,JG.3,0.0,713850,0.0,#66A172
2024-04-09,Spokane County,JN.1,5224.2184245,713850,0.0073183699999999,#61018F
2024-04-09,Spokane County,JN.1.11.1,0.0,713850,0.0,#5C9CF1
2024-04-09,Spokane County,JN.1.13,239544.8670135,713850,0.33556751,#E83C78
2024-04-09,Spokane County,JN.1.13.1,0.0,713850,0.0,#F2591C
2024-04-09,Spokane County,JN.1.16,0.0,713850,0.0,#BC3A88
2024-04-09,Spokane County,JN.1.16.1,0.0,713850,0.0,#366298
2024-04-09,Spokane County,JN.1.18,0.0,713850,0.0,#4AF32F
2024-04-09,Spokane County,JN.1.32,191179.5307335,713850,0.26781471,#2E7919
2024-04-09,Spokane County,JN.1.4.3,0.0,713850,0.0,#9D1010
2024-04-09,Spokane County,JN.1.7,267601.41350250004,713850,0.3748706500000001,#CF15E8
2024-04-09,Spokane County,JN.1.8.1,0.0,713850,0.0,#FFB027
2024-04-09,Spokane County,KP.1.1,0.0,713850,0.0,#CBFF86
2024-04-09,Spokane County,KP.1.1.3,0.0,713850,0.0,#1EB3B6
2024-04-09,Spokane County,KP.1.2,0.0,713850,0.0,#D7B5A6
2024-04-09,Spokane County,KP.2,0.0,713850,0.0,#5875A1
2024-04-09,Spokane County,KP.2.15,0.0,713850,0.0,#175DFF
2024-04-09,Spokane County,KP.2.3,0.0,713850,0.0,#628DE8
2024-04-09,Spokane County,KP.3,0.0,713850,0.0,#B06589
2024-04-09,Spokane County,KP.3.1.1,0.0,713850,0.0,#2F92A1
2024-04-09,Spokane County,KP.4.1,0.0,713850,0.0,#FF473A
2024-04-09,Spokane County,KQ.1,0.0,713850,0.0,#E86CDE
2024-04-09,Spokane County,KV.2,0.0,713850,0.0,#E14365
2024-04-09,Spokane County,KW.1.1,0.0,713850,0.0,#34A0FF
2024-04-09,Spokane County,LB.1,0.0,713850,0.0,#795653
2024-04-09,Spokane County,Recombinant,0.0,713850,0.0,#FF0000
2024-04-09,Spokane County,XBB,0.0,713850,0.0,#9FA8DA
2024-04-09,Spokane County,XBB.1.16,0.0,713850,0.0,#4527A0
2024-04-09,Spokane County,XBB.1.16.1,0.0,713850,0.0,#F89B9B
2024-04-09,Spokane County,XBB.1.16.15,0.0,713850,0.0,#E3B5FA
2024-04-09,Spokane County,XBB.1.16.6,0.0,713850,0.0,#5AA350
2024-04-09,Spokane County,XBB.1.42.1,0.0,713850,0.0,#75D1A3
2024-04-09,Spokane County,XBB.1.5,0.0,713850,0.0,#3F51B5
2024-04-09,Spokane County,XBB.1.5.70,0.0,713850,0.0,#46783C
2024-04-09,Spokane County,XBB.1.5.72,0.0,713850,0.0,#254220
2024-04-09,Spokane County,XBB.1.9.1,0.0,713850,0.0,#304FFE
2024-04-09,Spokane County,XBB.1.9.2,0.0,713850,0.0,#536DFE
2024-04-09,Spokane County,XBB.2.3,0.0,713850,0.0,#F7BCDF
2024-04-09,Spokane County,XDP,0.0,713850,0.0,#B60052
2024-04-09,Spokane County,XDV.1,0.0,713850,0.0,#D367B6
2024-04-09,Spokane County,unreportable,10299.970326,713850,0.01442876,#eeeeee
2024-04-09,Thurston County,BA.2,0.0,98160,0.0,#9CCD67
2024-04-09,Thurston County,BA.2.12.1,0.0,98160,0.0,#7CB342
2024-04-09,Thurston County,BA.2.86,0.0,98160,0.0,#D770EE
2024-04-09,Thurston County,EG.5,0.0,98160,0.0,#FFBE7D
2024-04-09,Thurston County,EG.5.1.8,0.0,98160,0.0,#E14D6F
2024-04-09,Thurston County,EG.6.1,0.0,98160,0.0,#B9ABA8
2024-04-09,Thurston County,FE.1.1,0.0,98160,0.0,#499894
2024-04-09,Thurston County,FL.1.5.1,0.0,98160,0.0,#8CD17D
2024-04-09,Thurston County,GE.1,0.0,98160,0.0,#FABFD2
2024-04-09,Thurston County,GK.1.1,0.0,98160,0.0,#90FAE5
2024-04-09,Thurston County,HF.1,0.0,98160,0.0,#D399AD
2024-04-09,Thurston County,HK.3,0.0,98160,0.0,#859DBC
2024-04-09,Thurston County,HV.1,0.0,98160,0.0,#797765
2024-04-09,Thurston County,JD.1.1,0.0,98160,0.0,#80F192
2024-04-09,Thurston County,JF.1,0.0,98160,0.0,#FFF1A9
2024-04-09,Thurston County,JG.3,0.0,98160,0.0,#66A172
2024-04-09,Thurston County,JN.1,368.8636848,98160,0.00375778,#61018F
2024-04-09,Thurston County,JN.1.11.1,0.0,98160,0.0,#5C9CF1
2024-04-09,Thurston County,JN.1.13,0.0,98160,0.0,#E83C78
2024-04-09,Thurston County,JN.1.13.1,0.0,98160,0.0,#F2591C
2024-04-09,Thurston County,JN.1.16,0.0,98160,0.0,#BC3A88
2024-04-09,Thurston County,JN.1.16.1,0.0,98160,0.0,#366298
2024-04-09,Thurston County,JN.1.18,0.0,98160,0.0,#4AF32F
2024-04-09,Thurston County,JN.1.32,72423.5464104,98160,0.73781119,#2E7919
2024-04-09,Thurston County,JN.1.4.3,0.0,98160,0.0,#9D1010
2024-04-09,Thurston County,JN.1.7,0.0,98160,0.0,#CF15E8
2024-04-09,Thurston County,JN.1.8.1,24185.7758976,98160,0.24639136,#FFB027
2024-04-09,Thurston County,KP.1.1,0.0,98160,0.0,#CBFF86
2024-04-09,Thurston County,KP.1.1.3,0.0,98160,0.0,#1EB3B6
2024-04-09,Thurston County,KP.1.2,0.0,98160,0.0,#D7B5A6
2024-04-09,Thurston County,KP.2,0.0,98160,0.0,#5875A1
2024-04-09,Thurston County,KP.2.15,0.0,98160,0.0,#175DFF
2024-04-09,Thurston County,KP.2.3,0.0,98160,0.0,#628DE8
2024-04-09,Thurston County,KP.3,0.0,98160,0.0,#B06589
2024-04-09,Thurston County,KP.3.1.1,0.0,98160,0.0,#2F92A1
2024-04-09,Thurston County,KP.4.1,0.0,98160,0.0,#FF473A
2024-04-09,Thurston County,KQ.1,0.0,98160,0.0,#E86CDE
2024-04-09,Thurston County,KV.2,0.0,98160,0.0,#E14365
2024-04-09,Thurston County,KW.1.1,0.0,98160,0.0,#34A0FF
2024-04-09,Thurston County,LB.1,0.0,98160,0.0,#795653
2024-04-09,Thurston County,Recombinant,0.0,98160,0.0,#FF0000
2024-04-09,Thurston County,XBB,0.0,98160,0.0,#9FA8DA
2024-04-09,Thurston County,XBB.1.16,0.0,98160,0.0,#4527A0
2024-04-09,Thurston County,XBB.1.16.1,0.0,98160,0.0,#F89B9B
2024-04-09,Thurston County,XBB.1.16.15,0.0,98160,0.0,#E3B5FA
2024-04-09,Thurston County,XBB.1.16.6,0.0,98160,0.0,#5AA350
2024-04-09,Thurston County,XBB.1.42.1,0.0,98160,0.0,#75D1A3
2024-04-09,Thurston County,XBB.1.5,0.0,98160,0.0,#3F51B5
2024-04-09,Thurston County,XBB.1.5.70,0.0,98160,0.0,#46783C
2024-04-09,Thurston County,XBB.1.5.72,0.0,98160,0.0,#254220
2024-04-09,Thurston County,XBB.1.9.1,0.0,98160,0.0,#304FFE
2024-04-09,Thurston County,XBB.1.9.2,0.0,98160,0.0,#536DFE
2024-04-09,Thurston County,XBB.2.3,0.0,98160,0.0,#F7BCDF
2024-04-09,Thurston County,XDP,0.0,98160,0.0,#B60052
2024-04-09,Thurston County,XDV.1,0.0,98160,0.0,#D367B6
2024-04-09,Thurston County,unreportable,1181.8149888,98160,0.01203968,#eeeeee
2024-04-09,Walla Walla County,BA.2,0.0,551552,0.0,#9CCD67
2024-04-09,Walla Walla County,BA.2.12.1,0.0,551552,0.0,#7CB342
2024-04-09,Walla Walla County,BA.2.86,0.0,551552,0.0,#D770EE
2024-04-09,Walla Walla County,EG.5,0.0,551552,0.0,#FFBE7D
2024-04-09,Walla Walla County,EG.5.1.8,0.0,551552,0.0,#E14D6F
2024-04-09,Walla Walla County,EG.6.1,0.0,551552,0.0,#B9ABA8
2024-04-09,Walla Walla County,FE.1.1,0.0,551552,0.0,#499894
2024-04-09,Walla Walla County,FL.1.5.1,0.0,551552,0.0,#8CD17D
2024-04-09,Walla Walla County,GE.1,0.0,551552,0.0,#FABFD2
2024-04-09,Walla Walla County,GK.1.1,0.0,551552,0.0,#90FAE5
2024-04-09,Walla Walla County,HF.1,0.0,551552,0.0,#D399AD
2024-04-09,Walla Walla County,HK.3,0.0,551552,0.0,#859DBC
2024-04-09,Walla Walla County,HV.1,0.0,551552,0.0,#797765
2024-04-09,Walla Walla County,JD.1.1,0.0,551552,0.0,#80F192
2024-04-09,Walla Walla County,JF.1,0.0,551552,0.0,#FFF1A9
2024-04-09,Walla Walla County,JG.3,0.0,551552,0.0,#66A172
2024-04-09,Walla Walla County,JN.1,322121.55774208,551552,0.58402754,#61018F
2024-04-09,Walla Walla County,JN.1.11.1,0.0,551552,0.0,#5C9CF1
2024-04-09,Walla Walla County,JN.1.13,0.0,551552,0.0,#E83C78
2024-04-09,Walla Walla County,JN.1.13.1,0.0,551552,0.0,#F2591C
2024-04-09,Walla Walla County,JN.1.16,55168.66889984,551552,0.10002442,#BC3A88
2024-04-09,Walla Walla County,JN.1.16.1,0.0,551552,0.0,#366298
2024-04-09,Walla Walla County,JN.1.18,0.0,551552,0.0,#4AF32F
2024-04-09,Walla Walla County,JN.1.32,40193.73977728,551552,0.07287389,#2E7919
2024-04-09,Walla Walla County,JN.1.4.3,0.0,551552,0.0,#9D1010
2024-04-09,Walla Walla County,JN.1.7,0.0,551552,0.0,#CF15E8
2024-04-09,Walla Walla County,JN.1.8.1,917.1758208,551552,0.0016629,#FFB027
2024-04-09,Walla Walla County,KP.1.1,0.0,551552,0.0,#CBFF86
2024-04-09,Walla Walla County,KP.1.1.3,0.0,551552,0.0,#1EB3B6
2024-04-09,Walla Walla County,KP.1.2,0.0,551552,0.0,#D7B5A6
2024-04-09,Walla Walla County,KP.2,86531.0904256,551552,0.15688655,#5875A1
2024-04-09,Walla Walla County,KP.2.15,0.0,551552,0.0,#175DFF
2024-04-09,Walla Walla County,KP.2.3,0.0,551552,0.0,#628DE8
2024-04-09,Walla Walla County,KP.3,39110.65159936,551552,0.07091018,#B06589
2024-04-09,Walla Walla County,KP.3.1.1,0.0,551552,0.0,#2F92A1
2024-04-09,Walla Walla County,KP.4.1,0.0,551552,0.0,#FF473A
2024-04-09,Walla Walla County,KQ.1,0.0,551552,0.0,#E86CDE
2024-04-09,Walla Walla County,KV.2,0.0,551552,0.0,#E14365
2024-04-09,Walla Walla County,KW.1.1,0.0,551552,0.0,#34A0FF
2024-04-09,Walla Walla County,LB.1,0.0,551552,0.0,#795653
2024-04-09,Walla Walla County,Recombinant,0.0,551552,0.0,#FF0000
2024-04-09,Walla Walla County,XBB,0.0,551552,0.0,#9FA8DA
2024-04-09,Walla Walla County,XBB.1.16,0.0,551552,0.0,#4527A0
2024-04-09,Walla Walla County,XBB.1.16.1,0.0,551552,0.0,#F89B9B
2024-04-09,Walla Walla County,XBB.1.16.15,0.0,551552,0.0,#E3B5FA
2024-04-09,Walla Walla County,XBB.1.16.6,0.0,551552,0.0,#5AA350
2024-04-09,Walla Walla County,XBB.1.42.1,0.0,551552,0.0,#75D1A3
2024-04-09,Walla Walla County,XBB.1.5,0.0,551552,0.0,#3F51B5
2024-04-09,Walla Walla County,XBB.1.5.70,0.0,551552,0.0,#46783C
2024-04-09,Walla Walla County,XBB.1.5.72,0.0,551552,0.0,#254220
2024-04-09,Walla Walla County,XBB.1.9.1,0.0,551552,0.0,#304FFE
2024-04-09,Walla Walla County,XBB.1.9.2,0.0,551552,0.0,#536DFE
2024-04-09,Walla Walla County,XBB.2.3,0.0,551552,0.0,#F7BCDF
2024-04-09,Walla Walla County,XDP,0.0,551552,0.0,#B60052
2024-04-09,Walla Walla County,XDV.1,0.0,551552,0.0,#D367B6
2024-04-09,Walla Walla County,unreportable,7509.11021952,551552,0.01361451,#eeeeee
2024-04-09,Yakima County,BA.2,0.0,1192348,0.0,#9CCD67
2024-04-09,Yakima County,BA.2.12.1,0.0,1192348,0.0,#7CB342
2024-04-09,Yakima County,BA.2.86,0.0,1192348,0.0,#D770EE
2024-04-09,Yakima County,EG.5,0.0,1192348,0.0,#FFBE7D
2024-04-09,Yakima County,EG.5.1.8,0.0,1192348,0.0,#E14D6F
2024-04-09,Yakima County,EG.6.1,0.0,1192348,0.0,#B9ABA8
2024-04-09,Yakima County,FE.1.1,0.0,1192348,0.0,#499894
2024-04-09,Yakima County,FL.1.5.1,0.0,1192348,0.0,#8CD17D
2024-04-09,Yakima County,GE.1,0.0,1192348,0.0,#FABFD2
2024-04-09,Yakima County,GK.1.1,0.0,1192348,0.0,#90FAE5
2024-04-09,Yakima County,HF.1,0.0,1192348,0.0,#D399AD
2024-04-09,Yakima County,HK.3,0.0,1192348,0.0,#859DBC
2024-04-09,Yakima County,HV.1,0.0,1192348,0.0,#797765
2024-04-09,Yakima County,JD.1.1,0.0,1192348,0.0,#80F192
2024-04-09,Yakima County,JF.1,0.0,1192348,0.0,#FFF1A9
2024-04-09,Yakima County,JG.3,0.0,1192348,0.0,#66A172
2024-04-09,Yakima County,JN.1,662931.01785756,1192348,0.5559878641617715,#61018F
2024-04-09,Yakima County,JN.1.11.1,378.0627144,1192348,0.0003170741380872,#5C9CF1
2024-04-09,Yakima County,JN.1.13,0.0,1192348,0.0,#E83C78
2024-04-09,Yakima County,JN.1.13.1,0.0,1192348,0.0,#F2591C
2024-04-09,Yakima County,JN.1.16,1392.56819028,1192348,0.0011679209343916,#BC3A88
2024-04-09,Yakima County,JN.1.16.1,135724.24513212,1192348,0.1138293896849913,#366298
2024-04-09,Yakima County,JN.1.18,147034.76274332,1192348,0.1233153095768349,#4AF32F
2024-04-09,Yakima County,JN.1.32,2662.3948512,1192348,0.0022329008403586,#2E7919
2024-04-09,Yakima County,JN.1.4.3,0.0,1192348,0.0,#9D1010
2024-04-09,Yakima County,JN.1.7,142854.312912,1192348,0.1198092443749643,#CF15E8
2024-04-09,Yakima County,JN.1.8.1,0.0,1192348,0.0,#FFB027
2024-04-09,Yakima County,KP.1.1,2549.46846676,1192348,0.0021381915906765,#CBFF86
2024-04-09,Yakima County,KP.1.1.3,0.0,1192348,0.0,#1EB3B6
2024-04-09,Yakima County,KP.1.2,0.0,1192348,0.0,#D7B5A6
2024-04-09,Yakima County,KP.2,81787.56484136,1192348,0.0685937032153029,#5875A1
2024-04-09,Yakima County,KP.2.15,0.0,1192348,0.0,#175DFF
2024-04-09,Yakima County,KP.2.3,0.0,1192348,0.0,#628DE8
2024-04-09,Yakima County,KP.3,0.0,1192348,0.0,#B06589
2024-04-09,Yakima County,KP.3.1.1,0.0,1192348,0.0,#2F92A1
2024-04-09,Yakima County,KP.4.1,0.0,1192348,0.0,#FF473A
2024-04-09,Yakima County,KQ.1,0.0,1192348,0.0,#E86CDE
2024-04-09,Yakima County,KV.2,0.0,1192348,0.0,#E14365
2024-04-09,Yakima County,KW.1.1,0.0,1192348,0.0,#34A0FF
2024-04-09,Yakima County,LB.1,0.0,1192348,0.0,#795653
2024-04-09,Yakima County,Recombinant,0.0,1192348,0.0,#FF0000
2024-04-09,Yakima County,XBB,0.0,1192348,0.0,#9FA8DA
2024-04-09,Yakima County,XBB.1.16,0.0,1192348,0.0,#4527A0
2024-04-09,Yakima County,XBB.1.16.1,0.0,1192348,0.0,#F89B9B
2024-04-09,Yakima County,XBB.1.16.15,0.0,1192348,0.0,#E3B5FA
2024-04-09,Yakima County,XBB.1.16.6,0.0,1192348,0.0,#5AA350
2024-04-09,Yakima County,XBB.1.42.1,0.0,1192348,0.0,#75D1A3
2024-04-09,Yakima County,XBB.1.5,0.0,1192348,0.0,#3F51B5
2024-04-09,Yakima County,XBB.1.5.70,0.0,1192348,0.0,#46783C
2024-04-09,Yakima County,XBB.1.5.72,0.0,1192348,0.0,#254220
2024-04-09,Yakima County,XBB.1.9.1,0.0,1192348,0.0,#304FFE
2024-04-09,Yakima County,XBB.1.9.2,0.0,1192348,0.0,#536DFE
2024-04-09,Yakima County,XBB.2.3,0.0,1192348,0.0,#F7BCDF
2024-04-09,Yakima County,XDP,0.0,1192348,0.0,#B60052
2024-04-09,Yakima County,XDV.1,0.0,1192348,0.0,#D367B6
2024-04-09,Yakima County,unreportable,15033.593741919998,1192348,0.0126083943126671,#eeeeee
2024-04-16,Chelan County,BA.2,0.0,147916,0.0,#9CCD67
2024-04-16,Chelan County,BA.2.12.1,0.0,147916,0.0,#7CB342
2024-04-16,Chelan County,BA.2.86,0.0,147916,0.0,#D770EE
2024-04-16,Chelan County,EG.5,0.0,147916,0.0,#FFBE7D
2024-04-16,Chelan County,EG.5.1.8,0.0,147916,0.0,#E14D6F
2024-04-16,Chelan County,EG.6.1,0.0,147916,0.0,#B9ABA8
2024-04-16,Chelan County,FE.1.1,0.0,147916,0.0,#499894
2024-04-16,Chelan County,FL.1.5.1,0.0,147916,0.0,#8CD17D
2024-04-16,Chelan County,GE.1,0.0,147916,0.0,#FABFD2
2024-04-16,Chelan County,GK.1.1,0.0,147916,0.0,#90FAE5
2024-04-16,Chelan County,HF.1,0.0,147916,0.0,#D399AD
2024-04-16,Chelan County,HK.3,0.0,147916,0.0,#859DBC
2024-04-16,Chelan County,HV.1,0.0,147916,0.0,#797765
2024-04-16,Chelan County,JD.1.1,0.0,147916,0.0,#80F192
2024-04-16,Chelan County,JF.1,0.0,147916,0.0,#FFF1A9
2024-04-16,Chelan County,JG.3,0.0,147916,0.0,#66A172
2024-04-16,Chelan County,JN.1,125056.99627696,147916,0.84545956,#61018F
2024-04-16,Chelan County,JN.1.11.1,0.0,147916,0.0,#5C9CF1
2024-04-16,Chelan County,JN.1.13,0.0,147916,0.0,#E83C78
2024-04-16,Chelan County,JN.1.13.1,0.0,147916,0.0,#F2591C
2024-04-16,Chelan County,JN.1.16,0.0,147916,0.0,#BC3A88
2024-04-16,Chelan County,JN.1.16.1,0.0,147916,0.0,#366298
2024-04-16,Chelan County,JN.1.18,0.0,147916,0.0,#4AF32F
2024-04-16,Chelan County,JN.1.32,0.0,147916,0.0,#2E7919
2024-04-16,Chelan County,JN.1.4.3,0.0,147916,0.0,#9D1010
2024-04-16,Chelan County,JN.1.7,0.0,147916,0.0,#CF15E8
2024-04-16,Chelan County,JN.1.8.1,21669.92622812,147916,0.14650157,#FFB027
2024-04-16,Chelan County,KP.1.1,0.0,147916,0.0,#CBFF86
2024-04-16,Chelan County,KP.1.1.3,0.0,147916,0.0,#1EB3B6
2024-04-16,Chelan County,KP.1.2,0.0,147916,0.0,#D7B5A6
2024-04-16,Chelan County,KP.2,0.0,147916,0.0,#5875A1
2024-04-16,Chelan County,KP.2.15,0.0,147916,0.0,#175DFF
2024-04-16,Chelan County,KP.2.3,0.0,147916,0.0,#628DE8
2024-04-16,Chelan County,KP.3,0.0,147916,0.0,#B06589
2024-04-16,Chelan County,KP.3.1.1,0.0,147916,0.0,#2F92A1
2024-04-16,Chelan County,KP.4.1,0.0,147916,0.0,#FF473A
2024-04-16,Chelan County,KQ.1,0.0,147916,0.0,#E86CDE
2024-04-16,Chelan County,KV.2,0.0,147916,0.0,#E14365
2024-04-16,Chelan County,KW.1.1,260.55255484,147916,0.00176149,#34A0FF
2024-04-16,Chelan County,LB.1,0.0,147916,0.0,#795653
2024-04-16,Chelan County,Recombinant,0.0,147916,0.0,#FF0000
2024-04-16,Chelan County,XBB,0.0,147916,0.0,#9FA8DA
2024-04-16,Chelan County,XBB.1.16,0.0,147916,0.0,#4527A0
2024-04-16,Chelan County,XBB.1.16.1,0.0,147916,0.0,#F89B9B
2024-04-16,Chelan County,XBB.1.16.15,0.0,147916,0.0,#E3B5FA
2024-04-16,Chelan County,XBB.1.16.6,0.0,147916,0.0,#5AA350
2024-04-16,Chelan County,XBB.1.42.1,0.0,147916,0.0,#75D1A3
2024-04-16,Chelan County,XBB.1.5,0.0,147916,0.0,#3F51B5
2024-04-16,Chelan County,XBB.1.5.70,0.0,147916,0.0,#46783C
2024-04-16,Chelan County,XBB.1.5.72,0.0,147916,0.0,#254220
2024-04-16,Chelan County,XBB.1.9.1,0.0,147916,0.0,#304FFE
2024-04-16,Chelan County,XBB.1.9.2,0.0,147916,0.0,#536DFE
2024-04-16,Chelan County,XBB.2.3,0.0,147916,0.0,#F7BCDF
2024-04-16,Chelan County,XDP,0.0,147916,0.0,#B60052
2024-04-16,Chelan County,XDV.1,0.0,147916,0.0,#D367B6
2024-04-16,Chelan County,unreportable,928.52494008,147916,0.00627738,#eeeeee
2024-04-23,Benton County,BA.2,0.0,1209268,0.0,#9CCD67
2024-04-23,Benton County,BA.2.12.1,0.0,1209268,0.0,#7CB342
2024-04-23,Benton County,BA.2.86,0.0,1209268,0.0,#D770EE
2024-04-23,Benton County,EG.5,0.0,1209268,0.0,#FFBE7D
2024-04-23,Benton County,EG.5.1.8,0.0,1209268,0.0,#E14D6F
2024-04-23,Benton County,EG.6.1,0.0,1209268,0.0,#B9ABA8
2024-04-23,Benton County,FE.1.1,0.0,1209268,0.0,#499894
2024-04-23,Benton County,FL.1.5.1,0.0,1209268,0.0,#8CD17D
2024-04-23,Benton County,GE.1,0.0,1209268,0.0,#FABFD2
2024-04-23,Benton County,GK.1.1,0.0,1209268,0.0,#90FAE5
2024-04-23,Benton County,HF.1,0.0,1209268,0.0,#D399AD
2024-04-23,Benton County,HK.3,0.0,1209268,0.0,#859DBC
2024-04-23,Benton County,HV.1,0.0,1209268,0.0,#797765
2024-04-23,Benton County,JD.1.1,0.0,1209268,0.0,#80F192
2024-04-23,Benton County,JF.1,0.0,1209268,0.0,#FFF1A9
2024-04-23,Benton County,JG.3,0.0,1209268,0.0,#66A172
2024-04-23,Benton County,JN.1,1201992.89603418,1209268,0.9939838778783364,#61018F
2024-04-23,Benton County,JN.1.11.1,0.0,1209268,0.0,#5C9CF1
2024-04-23,Benton County,JN.1.13,0.0,1209268,0.0,#E83C78
2024-04-23,Benton County,JN.1.13.1,0.0,1209268,0.0,#F2591C
2024-04-23,Benton County,JN.1.16,585.31858968,1209268,0.000484027188084,#BC3A88
2024-04-23,Benton County,JN.1.16.1,0.0,1209268,0.0,#366298
2024-04-23,Benton County,JN.1.18,0.0,1209268,0.0,#4AF32F
2024-04-23,Benton County,JN.1.32,0.0,1209268,0.0,#2E7919
2024-04-23,Benton County,JN.1.4.3,0.0,1209268,0.0,#9D1010
2024-04-23,Benton County,JN.1.7,0.0,1209268,0.0,#CF15E8
2024-04-23,Benton County,JN.1.8.1,0.0,1209268,0.0,#FFB027
2024-04-23,Benton County,KP.1.1,0.0,1209268,0.0,#CBFF86
2024-04-23,Benton County,KP.1.1.3,0.0,1209268,0.0,#1EB3B6
2024-04-23,Benton County,KP.1.2,0.0,1209268,0.0,#D7B5A6
2024-04-23,Benton County,KP.2,0.0,1209268,0.0,#5875A1
2024-04-23,Benton County,KP.2.15,0.0,1209268,0.0,#175DFF
2024-04-23,Benton County,KP.2.3,0.0,1209268,0.0,#628DE8
2024-04-23,Benton County,KP.3,0.0,1209268,0.0,#B06589
2024-04-23,Benton County,KP.3.1.1,0.0,1209268,0.0,#2F92A1
2024-04-23,Benton County,KP.4.1,0.0,1209268,0.0,#FF473A
2024-04-23,Benton County,KQ.1,0.0,1209268,0.0,#E86CDE
2024-04-23,Benton County,KV.2,0.0,1209268,0.0,#E14365
2024-04-23,Benton County,KW.1.1,0.0,1209268,0.0,#34A0FF
2024-04-23,Benton County,LB.1,0.0,1209268,0.0,#795653
2024-04-23,Benton County,Recombinant,0.0,1209268,0.0,#FF0000
2024-04-23,Benton County,XBB,0.0,1209268,0.0,#9FA8DA
2024-04-23,Benton County,XBB.1.16,0.0,1209268,0.0,#4527A0
2024-04-23,Benton County,XBB.1.16.1,0.0,1209268,0.0,#F89B9B
2024-04-23,Benton County,XBB.1.16.15,0.0,1209268,0.0,#E3B5FA
2024-04-23,Benton County,XBB.1.16.6,0.0,1209268,0.0,#5AA350
2024-04-23,Benton County,XBB.1.42.1,0.0,1209268,0.0,#75D1A3
2024-04-23,Benton County,XBB.1.5,0.0,1209268,0.0,#3F51B5
2024-04-23,Benton County,XBB.1.5.70,0.0,1209268,0.0,#46783C
2024-04-23,Benton County,XBB.1.5.72,0.0,1209268,0.0,#254220
2024-04-23,Benton County,XBB.1.9.1,0.0,1209268,0.0,#304FFE
2024-04-23,Benton County,XBB.1.9.2,0.0,1209268,0.0,#536DFE
2024-04-23,Benton County,XBB.2.3,0.0,1209268,0.0,#F7BCDF
2024-04-23,Benton County,XDP,0.0,1209268,0.0,#B60052
2024-04-23,Benton County,XDV.1,0.0,1209268,0.0,#D367B6
2024-04-23,Benton County,unreportable,6689.79039792,1209268,0.0055320990863232,#eeeeee
2024-04-23,Franklin County,BA.2,0.0,737220,0.0,#9CCD67
2024-04-23,Franklin County,BA.2.12.1,0.0,737220,0.0,#7CB342
2024-04-23,Franklin County,BA.2.86,0.0,737220,0.0,#D770EE
2024-04-23,Franklin County,EG.5,0.0,737220,0.0,#FFBE7D
2024-04-23,Franklin County,EG.5.1.8,0.0,737220,0.0,#E14D6F
2024-04-23,Franklin County,EG.6.1,0.0,737220,0.0,#B9ABA8
2024-04-23,Franklin County,FE.1.1,0.0,737220,0.0,#499894
2024-04-23,Franklin County,FL.1.5.1,0.0,737220,0.0,#8CD17D
2024-04-23,Franklin County,GE.1,0.0,737220,0.0,#FABFD2
2024-04-23,Franklin County,GK.1.1,0.0,737220,0.0,#90FAE5
2024-04-23,Franklin County,HF.1,0.0,737220,0.0,#D399AD
2024-04-23,Franklin County,HK.3,0.0,737220,0.0,#859DBC
2024-04-23,Franklin County,HV.1,0.0,737220,0.0,#797765
2024-04-23,Franklin County,JD.1.1,0.0,737220,0.0,#80F192
2024-04-23,Franklin County,JF.1,0.0,737220,0.0,#FFF1A9
2024-04-23,Franklin County,JG.3,0.0,737220,0.0,#66A172
2024-04-23,Franklin County,JN.1,39328.033008,737220,0.0533463999999999,#61018F
2024-04-23,Franklin County,JN.1.11.1,0.0,737220,0.0,#5C9CF1
2024-04-23,Franklin County,JN.1.13,0.0,737220,0.0,#E83C78
2024-04-23,Franklin County,JN.1.13.1,0.0,737220,0.0,#F2591C
2024-04-23,Franklin County,JN.1.16,345833.5659834,737220,0.4691049699999999,#BC3A88
2024-04-23,Franklin County,JN.1.16.1,274987.9330242,737220,0.37300661,#366298
2024-04-23,Franklin County,JN.1.18,63886.8364464,737220,0.08665912,#4AF32F
2024-04-23,Franklin County,JN.1.32,0.0,737220,0.0,#2E7919
2024-04-23,Franklin County,JN.1.4.3,0.0,737220,0.0,#9D1010
2024-04-23,Franklin County,JN.1.7,0.0,737220,0.0,#CF15E8
2024-04-23,Franklin County,JN.1.8.1,0.0,737220,0.0,#FFB027
2024-04-23,Franklin County,KP.1.1,2161.787067,737220,0.00293235,#CBFF86
2024-04-23,Franklin County,KP.1.1.3,0.0,737220,0.0,#1EB3B6
2024-04-23,Franklin County,KP.1.2,0.0,737220,0.0,#D7B5A6
2024-04-23,Franklin County,KP.2,0.0,737220,0.0,#5875A1
2024-04-23,Franklin County,KP.2.15,0.0,737220,0.0,#175DFF
2024-04-23,Franklin County,KP.2.3,0.0,737220,0.0,#628DE8
2024-04-23,Franklin County,KP.3,0.0,737220,0.0,#B06589
2024-04-23,Franklin County,KP.3.1.1,0.0,737220,0.0,#2F92A1
2024-04-23,Franklin County,KP.4.1,0.0,737220,0.0,#FF473A
2024-04-23,Franklin County,KQ.1,1623.874494,737220,0.0022027,#E86CDE
2024-04-23,Franklin County,KV.2,0.0,737220,0.0,#E14365
2024-04-23,Franklin County,KW.1.1,0.0,737220,0.0,#34A0FF
2024-04-23,Franklin County,LB.1,0.0,737220,0.0,#795653
2024-04-23,Franklin County,Recombinant,0.0,737220,0.0,#FF0000
2024-04-23,Franklin County,XBB,0.0,737220,0.0,#9FA8DA
2024-04-23,Franklin County,XBB.1.16,0.0,737220,0.0,#4527A0
2024-04-23,Franklin County,XBB.1.16.1,0.0,737220,0.0,#F89B9B
2024-04-23,Franklin County,XBB.1.16.15,0.0,737220,0.0,#E3B5FA
2024-04-23,Franklin County,XBB.1.16.6,0.0,737220,0.0,#5AA350
2024-04-23,Franklin County,XBB.1.42.1,0.0,737220,0.0,#75D1A3
2024-04-23,Franklin County,XBB.1.5,0.0,737220,0.0,#3F51B5
2024-04-23,Franklin County,XBB.1.5.70,0.0,737220,0.0,#46783C
2024-04-23,Franklin County,XBB.1.5.72,0.0,737220,0.0,#254220
2024-04-23,Franklin County,XBB.1.9.1,0.0,737220,0.0,#304FFE
2024-04-23,Franklin County,XBB.1.9.2,0.0,737220,0.0,#536DFE
2024-04-23,Franklin County,XBB.2.3,0.0,737220,0.0,#F7BCDF
2024-04-23,Franklin County,XDP,0.0,737220,0.0,#B60052
2024-04-23,Franklin County,XDV.1,0.0,737220,0.0,#D367B6
2024-04-23,Franklin County,unreportable,9397.9626048,737220,0.0127478399999999,#eeeeee
2024-04-23,Island County,BA.2,0.0,1778632,0.0,#9CCD67
2024-04-23,Island County,BA.2.12.1,0.0,1778632,0.0,#7CB342
2024-04-23,Island County,BA.2.86,603.89498787,1778632,0.0003395277875749,#D770EE
2024-04-23,Island County,EG.5,0.0,1778632,0.0,#FFBE7D
2024-04-23,Island County,EG.5.1.8,0.0,1778632,0.0,#E14D6F
2024-04-23,Island County,EG.6.1,0.0,1778632,0.0,#B9ABA8
2024-04-23,Island County,FE.1.1,0.0,1778632,0.0,#499894
2024-04-23,Island County,FL.1.5.1,0.0,1778632,0.0,#8CD17D
2024-04-23,Island County,GE.1,0.0,1778632,0.0,#FABFD2
2024-04-23,Island County,GK.1.1,0.0,1778632,0.0,#90FAE5
2024-04-23,Island County,HF.1,0.0,1778632,0.0,#D399AD
2024-04-23,Island County,HK.3,0.0,1778632,0.0,#859DBC
2024-04-23,Island County,HV.1,0.0,1778632,0.0,#797765
2024-04-23,Island County,JD.1.1,0.0,1778632,0.0,#80F192
2024-04-23,Island County,JF.1,0.0,1778632,0.0,#FFF1A9
2024-04-23,Island County,JG.3,0.0,1778632,0.0,#66A172
2024-04-23,Island County,JN.1,605501.0923605,1778632,0.340430787459407,#61018F
2024-04-23,Island County,JN.1.11.1,45874.36162833,1778632,0.0257919353909802,#5C9CF1
2024-04-23,Island County,JN.1.13,0.0,1778632,0.0,#E83C78
2024-04-23,Island County,JN.1.13.1,0.0,1778632,0.0,#F2591C
2024-04-23,Island County,JN.1.16,313112.56715601,1778632,0.1760412312136574,#BC3A88
2024-04-23,Island County,JN.1.16.1,419878.84421004,1778632,0.2360684189928214,#366298
2024-04-23,Island County,JN.1.18,42286.34237998,1778632,0.023774643872358,#4AF32F
2024-04-23,Island County,JN.1.32,6419.8530696,1778632,0.0036094330190843,#2E7919
2024-04-23,Island County,JN.1.4.3,151450.12617915,1778632,0.0851497815057583,#9D1010
2024-04-23,Island County,JN.1.7,103696.32579314,1778632,0.058301169546674,#CF15E8
2024-04-23,Island County,JN.1.8.1,2822.81639775,1778632,0.0015870716358133,#FFB027
2024-04-23,Island County,KP.1.1,0.0,1778632,0.0,#CBFF86
2024-04-23,Island County,KP.1.1.3,0.0,1778632,0.0,#1EB3B6
2024-04-23,Island County,KP.1.2,0.0,1778632,0.0,#D7B5A6
2024-04-23,Island County,KP.2,0.0,1778632,0.0,#5875A1
2024-04-23,Island County,KP.2.15,0.0,1778632,0.0,#175DFF
2024-04-23,Island County,KP.2.3,0.0,1778632,0.0,#628DE8
2024-04-23,Island County,KP.3,0.0,1778632,0.0,#B06589
2024-04-23,Island County,KP.3.1.1,0.0,1778632,0.0,#2F92A1
2024-04-23,Island County,KP.4.1,747.42607905,1778632,0.0004202252512324,#FF473A
2024-04-23,Island County,KQ.1,52059.02667265,1778632,0.0292691386822288,#E86CDE
2024-04-23,Island County,KV.2,0.0,1778632,0.0,#E14365
2024-04-23,Island County,KW.1.1,0.0,1778632,0.0,#34A0FF
2024-04-23,Island County,LB.1,0.0,1778632,0.0,#795653
2024-04-23,Island County,Recombinant,0.0,1778632,0.0,#FF0000
2024-04-23,Island County,XBB,0.0,1778632,0.0,#9FA8DA
2024-04-23,Island County,XBB.1.16,0.0,1778632,0.0,#4527A0
2024-04-23,Island County,XBB.1.16.1,0.0,1778632,0.0,#F89B9B
2024-04-23,Island County,XBB.1.16.15,0.0,1778632,0.0,#E3B5FA
2024-04-23,Island County,XBB.1.16.6,0.0,1778632,0.0,#5AA350
2024-04-23,Island County,XBB.1.42.1,0.0,1778632,0.0,#75D1A3
2024-04-23,Island County,XBB.1.5,0.0,1778632,0.0,#3F51B5
2024-04-23,Island County,XBB.1.5.70,0.0,1778632,0.0,#46783C
2024-04-23,Island County,XBB.1.5.72,0.0,1778632,0.0,#254220
2024-04-23,Island County,XBB.1.9.1,0.0,1778632,0.0,#304FFE
2024-04-23,Island County,XBB.1.9.2,0.0,1778632,0.0,#536DFE
2024-04-23,Island County,XBB.2.3,0.0,1778632,0.0,#F7BCDF
2024-04-23,Island County,XDP,20459.0768805,1778632,0.0115027036961552,#B60052
2024-04-23,Island County,XDV.1,0.0,1778632,0.0,#D367B6
2024-04-23,Island County,unreportable,13720.262282659998,1778632,0.0077139409853527,#eeeeee
2024-04-23,Jefferson County,BA.2,0.0,162770,0.0,#9CCD67
2024-04-23,Jefferson County,BA.2.12.1,0.0,162770,0.0,#7CB342
2024-04-23,Jefferson County,BA.2.86,222.1191974,162770,0.00136462,#D770EE
2024-04-23,Jefferson County,EG.5,0.0,162770,0.0,#FFBE7D
2024-04-23,Jefferson County,EG.5.1.8,0.0,162770,0.0,#E14D6F
2024-04-23,Jefferson County,EG.6.1,0.0,162770,0.0,#B9ABA8
2024-04-23,Jefferson County,FE.1.1,0.0,162770,0.0,#499894
2024-04-23,Jefferson County,FL.1.5.1,0.0,162770,0.0,#8CD17D
2024-04-23,Jefferson County,GE.1,0.0,162770,0.0,#FABFD2
2024-04-23,Jefferson County,GK.1.1,0.0,162770,0.0,#90FAE5
2024-04-23,Jefferson County,HF.1,0.0,162770,0.0,#D399AD
2024-04-23,Jefferson County,HK.3,0.0,162770,0.0,#859DBC
2024-04-23,Jefferson County,HV.1,0.0,162770,0.0,#797765
2024-04-23,Jefferson County,JD.1.1,0.0,162770,0.0,#80F192
2024-04-23,Jefferson County,JF.1,0.0,162770,0.0,#FFF1A9
2024-04-23,Jefferson County,JG.3,0.0,162770,0.0,#66A172
2024-04-23,Jefferson County,JN.1,79421.0399678,162770,0.4879341399999999,#61018F
2024-04-23,Jefferson County,JN.1.11.1,0.0,162770,0.0,#5C9CF1
2024-04-23,Jefferson County,JN.1.13,0.0,162770,0.0,#E83C78
2024-04-23,Jefferson County,JN.1.13.1,0.0,162770,0.0,#F2591C
2024-04-23,Jefferson County,JN.1.16,29062.8146334,162770,0.17855142,#BC3A88
2024-04-23,Jefferson County,JN.1.16.1,0.0,162770,0.0,#366298
2024-04-23,Jefferson County,JN.1.18,270.4814198,162770,0.00166174,#4AF32F
2024-04-23,Jefferson County,JN.1.32,0.0,162770,0.0,#2E7919
2024-04-23,Jefferson County,JN.1.4.3,0.0,162770,0.0,#9D1010
2024-04-23,Jefferson County,JN.1.7,50255.7388316,162770,0.30875308,#CF15E8
2024-04-23,Jefferson County,JN.1.8.1,0.0,162770,0.0,#FFB027
2024-04-23,Jefferson County,KP.1.1,786.2588572999999,162770,0.00483049,#CBFF86
2024-04-23,Jefferson County,KP.1.1.3,0.0,162770,0.0,#1EB3B6
2024-04-23,Jefferson County,KP.1.2,0.0,162770,0.0,#D7B5A6
2024-04-23,Jefferson County,KP.2,0.0,162770,0.0,#5875A1
2024-04-23,Jefferson County,KP.2.15,0.0,162770,0.0,#175DFF
2024-04-23,Jefferson County,KP.2.3,0.0,162770,0.0,#628DE8
2024-04-23,Jefferson County,KP.3,0.0,162770,0.0,#B06589
2024-04-23,Jefferson County,KP.3.1.1,0.0,162770,0.0,#2F92A1
2024-04-23,Jefferson County,KP.4.1,0.0,162770,0.0,#FF473A
2024-04-23,Jefferson County,KQ.1,0.0,162770,0.0,#E86CDE
2024-04-23,Jefferson County,KV.2,0.0,162770,0.0,#E14365
2024-04-23,Jefferson County,KW.1.1,0.0,162770,0.0,#34A0FF
2024-04-23,Jefferson County,LB.1,0.0,162770,0.0,#795653
2024-04-23,Jefferson County,Recombinant,0.0,162770,0.0,#FF0000
2024-04-23,Jefferson County,XBB,0.0,162770,0.0,#9FA8DA
2024-04-23,Jefferson County,XBB.1.16,0.0,162770,0.0,#4527A0
2024-04-23,Jefferson County,XBB.1.16.1,0.0,162770,0.0,#F89B9B
2024-04-23,Jefferson County,XBB.1.16.15,0.0,162770,0.0,#E3B5FA
2024-04-23,Jefferson County,XBB.1.16.6,0.0,162770,0.0,#5AA350
2024-04-23,Jefferson County,XBB.1.42.1,0.0,162770,0.0,#75D1A3
2024-04-23,Jefferson County,XBB.1.5,0.0,162770,0.0,#3F51B5
2024-04-23,Jefferson County,XBB.1.5.70,0.0,162770,0.0,#46783C
2024-04-23,Jefferson County,XBB.1.5.72,0.0,162770,0.0,#254220
2024-04-23,Jefferson County,XBB.1.9.1,0.0,162770,0.0,#304FFE
2024-04-23,Jefferson County,XBB.1.9.2,0.0,162770,0.0,#536DFE
2024-04-23,Jefferson County,XBB.2.3,0.0,162770,0.0,#F7BCDF
2024-04-23,Jefferson County,XDP,0.0,162770,0.0,#B60052
2024-04-23,Jefferson County,XDV.1,0.0,162770,0.0,#D367B6
2024-04-23,Jefferson County,unreportable,2751.5487204,162770,0.01690452,#eeeeee
2024-04-23,Kittitas County,BA.2,0.0,862782,0.0,#9CCD67
2024-04-23,Kittitas County,BA.2.12.1,0.0,862782,0.0,#7CB342
2024-04-23,Kittitas County,BA.2.86,1089.59561856,862782,0.0012628863589643,#D770EE
2024-04-23,Kittitas County,EG.5,0.0,862782,0.0,#FFBE7D
2024-04-23,Kittitas County,EG.5.1.8,0.0,862782,0.0,#E14D6F
2024-04-23,Kittitas County,EG.6.1,0.0,862782,0.0,#B9ABA8
2024-04-23,Kittitas County,FE.1.1,0.0,862782,0.0,#499894
2024-04-23,Kittitas County,FL.1.5.1,0.0,862782,0.0,#8CD17D
2024-04-23,Kittitas County,GE.1,0.0,862782,0.0,#FABFD2
2024-04-23,Kittitas County,GK.1.1,0.0,862782,0.0,#90FAE5
2024-04-23,Kittitas County,HF.1,0.0,862782,0.0,#D399AD
2024-04-23,Kittitas County,HK.3,0.0,862782,0.0,#859DBC
2024-04-23,Kittitas County,HV.1,0.0,862782,0.0,#797765
2024-04-23,Kittitas County,JD.1.1,0.0,862782,0.0,#80F192
2024-04-23,Kittitas County,JF.1,0.0,862782,0.0,#FFF1A9
2024-04-23,Kittitas County,JG.3,0.0,862782,0.0,#66A172
2024-04-23,Kittitas County,JN.1,565588.4100454199,862782,0.6555403451224294,#61018F
2024-04-23,Kittitas County,JN.1.11.1,132758.06416218,862782,0.1538720837502173,#5C9CF1
2024-04-23,Kittitas County,JN.1.13,0.0,862782,0.0,#E83C78
2024-04-23,Kittitas County,JN.1.13.1,0.0,862782,0.0,#F2591C
2024-04-23,Kittitas County,JN.1.16,0.0,862782,0.0,#BC3A88
2024-04-23,Kittitas County,JN.1.16.1,0.0,862782,0.0,#366298
2024-04-23,Kittitas County,JN.1.18,0.0,862782,0.0,#4AF32F
2024-04-23,Kittitas County,JN.1.32,0.0,862782,0.0,#2E7919
2024-04-23,Kittitas County,JN.1.4.3,0.0,862782,0.0,#9D1010
2024-04-23,Kittitas County,JN.1.7,0.0,862782,0.0,#CF15E8
2024-04-23,Kittitas County,JN.1.8.1,0.0,862782,0.0,#FFB027
2024-04-23,Kittitas County,KP.1.1,0.0,862782,0.0,#CBFF86
2024-04-23,Kittitas County,KP.1.1.3,0.0,862782,0.0,#1EB3B6
2024-04-23,Kittitas County,KP.1.2,141469.56411282,862782,0.1639690722718137,#D7B5A6
2024-04-23,Kittitas County,KP.2,9034.2223296,862782,0.0104710370981313,#5875A1
2024-04-23,Kittitas County,KP.2.15,0.0,862782,0.0,#175DFF
2024-04-23,Kittitas County,KP.2.3,0.0,862782,0.0,#628DE8
2024-04-23,Kittitas County,KP.3,8002.81110204,862782,0.009275588853314,#B06589
2024-04-23,Kittitas County,KP.3.1.1,0.0,862782,0.0,#2F92A1
2024-04-23,Kittitas County,KP.4.1,0.0,862782,0.0,#FF473A
2024-04-23,Kittitas County,KQ.1,0.0,862782,0.0,#E86CDE
2024-04-23,Kittitas County,KV.2,0.0,862782,0.0,#E14365
2024-04-23,Kittitas County,KW.1.1,0.0,862782,0.0,#34A0FF
2024-04-23,Kittitas County,LB.1,0.0,862782,0.0,#795653
2024-04-23,Kittitas County,Recombinant,0.0,862782,0.0,#FF0000
2024-04-23,Kittitas County,XBB,0.0,862782,0.0,#9FA8DA
2024-04-23,Kittitas County,XBB.1.16,0.0,862782,0.0,#4527A0
2024-04-23,Kittitas County,XBB.1.16.1,0.0,862782,0.0,#F89B9B
2024-04-23,Kittitas County,XBB.1.16.15,0.0,862782,0.0,#E3B5FA
2024-04-23,Kittitas County,XBB.1.16.6,0.0,862782,0.0,#5AA350
2024-04-23,Kittitas County,XBB.1.42.1,0.0,862782,0.0,#75D1A3
2024-04-23,Kittitas County,XBB.1.5,0.0,862782,0.0,#3F51B5
2024-04-23,Kittitas County,XBB.1.5.70,0.0,862782,0.0,#46783C
2024-04-23,Kittitas County,XBB.1.5.72,0.0,862782,0.0,#254220
2024-04-23,Kittitas County,XBB.1.9.1,0.0,862782,0.0,#304FFE
2024-04-23,Kittitas County,XBB.1.9.2,0.0,862782,0.0,#536DFE
2024-04-23,Kittitas County,XBB.2.3,0.0,862782,0.0,#F7BCDF
2024-04-23,Kittitas County,XDP,0.0,862782,0.0,#B60052
2024-04-23,Kittitas County,XDV.1,0.0,862782,0.0,#D367B6
2024-04-23,Kittitas County,unreportable,4839.3383868,862782,0.0056089932182173,#eeeeee
2024-04-23,Okanogan County,BA.2,0.0,927810,0.0,#9CCD67
2024-04-23,Okanogan County,BA.2.12.1,0.0,927810,0.0,#7CB342
2024-04-23,Okanogan County,BA.2.86,0.0,927810,0.0,#D770EE
2024-04-23,Okanogan County,EG.5,0.0,927810,0.0,#FFBE7D
2024-04-23,Okanogan County,EG.5.1.8,0.0,927810,0.0,#E14D6F
2024-04-23,Okanogan County,EG.6.1,0.0,927810,0.0,#B9ABA8
2024-04-23,Okanogan County,FE.1.1,0.0,927810,0.0,#499894
2024-04-23,Okanogan County,FL.1.5.1,0.0,927810,0.0,#8CD17D
2024-04-23,Okanogan County,GE.1,0.0,927810,0.0,#FABFD2
2024-04-23,Okanogan County,GK.1.1,0.0,927810,0.0,#90FAE5
2024-04-23,Okanogan County,HF.1,0.0,927810,0.0,#D399AD
2024-04-23,Okanogan County,HK.3,0.0,927810,0.0,#859DBC
2024-04-23,Okanogan County,HV.1,0.0,927810,0.0,#797765
2024-04-23,Okanogan County,JD.1.1,0.0,927810,0.0,#80F192
2024-04-23,Okanogan County,JF.1,0.0,927810,0.0,#FFF1A9
2024-04-23,Okanogan County,JG.3,0.0,927810,0.0,#66A172
2024-04-23,Okanogan County,JN.1,42960.58590915,927810,0.046303215,#61018F
2024-04-23,Okanogan County,JN.1.11.1,15672.25570365,927810,0.016891665,#5C9CF1
2024-04-23,Okanogan County,JN.1.13,0.0,927810,0.0,#E83C78
2024-04-23,Okanogan County,JN.1.13.1,0.0,927810,0.0,#F2591C
2024-04-23,Okanogan County,JN.1.16,296526.57294780004,927810,0.31959838,#BC3A88
2024-04-23,Okanogan County,JN.1.16.1,134196.8796792,927810,0.14463832,#366298
2024-04-23,Okanogan County,JN.1.18,147514.43246669995,927810,0.1589920699999999,#4AF32F
2024-04-23,Okanogan County,JN.1.32,0.0,927810,0.0,#2E7919
2024-04-23,Okanogan County,JN.1.4.3,0.0,927810,0.0,#9D1010
2024-04-23,Okanogan County,JN.1.7,0.0,927810,0.0,#CF15E8
2024-04-23,Okanogan County,JN.1.8.1,0.0,927810,0.0,#FFB027
2024-04-23,Okanogan County,KP.1.1,1244.2210443,927810,0.00134103,#CBFF86
2024-04-23,Okanogan County,KP.1.1.3,0.0,927810,0.0,#1EB3B6
2024-04-23,Okanogan County,KP.1.2,0.0,927810,0.0,#D7B5A6
2024-04-23,Okanogan County,KP.2,102333.8059848,927810,0.1102960799999999,#5875A1
2024-04-23,Okanogan County,KP.2.15,0.0,927810,0.0,#175DFF
2024-04-23,Okanogan County,KP.2.3,0.0,927810,0.0,#628DE8
2024-04-23,Okanogan County,KP.3,0.0,927810,0.0,#B06589
2024-04-23,Okanogan County,KP.3.1.1,0.0,927810,0.0,#2F92A1
2024-04-23,Okanogan County,KP.4.1,0.0,927810,0.0,#FF473A
2024-04-23,Okanogan County,KQ.1,175709.11706595,927810,0.189380495,#E86CDE
2024-04-23,Okanogan County,KV.2,0.0,927810,0.0,#E14365
2024-04-23,Okanogan County,KW.1.1,0.0,927810,0.0,#34A0FF
2024-04-23,Okanogan County,LB.1,0.0,927810,0.0,#795653
2024-04-23,Okanogan County,Recombinant,0.0,927810,0.0,#FF0000
2024-04-23,Okanogan County,XBB,0.0,927810,0.0,#9FA8DA
2024-04-23,Okanogan County,XBB.1.16,0.0,927810,0.0,#4527A0
2024-04-23,Okanogan County,XBB.1.16.1,0.0,927810,0.0,#F89B9B
2024-04-23,Okanogan County,XBB.1.16.15,0.0,927810,0.0,#E3B5FA
2024-04-23,Okanogan County,XBB.1.16.6,0.0,927810,0.0,#5AA350
2024-04-23,Okanogan County,XBB.1.42.1,0.0,927810,0.0,#75D1A3
2024-04-23,Okanogan County,XBB.1.5,0.0,927810,0.0,#3F51B5
2024-04-23,Okanogan County,XBB.1.5.70,0.0,927810,0.0,#46783C
2024-04-23,Okanogan County,XBB.1.5.72,0.0,927810,0.0,#254220
2024-04-23,Okanogan County,XBB.1.9.1,0.0,927810,0.0,#304FFE
2024-04-23,Okanogan County,XBB.1.9.2,0.0,927810,0.0,#536DFE
2024-04-23,Okanogan County,XBB.2.3,0.0,927810,0.0,#F7BCDF
2024-04-23,Okanogan County,XDP,0.0,927810,0.0,#B60052
2024-04-23,Okanogan County,XDV.1,0.0,927810,0.0,#D367B6
2024-04-23,Okanogan County,unreportable,11652.1338375,927810,0.0125587499999999,#eeeeee
2024-04-23,Spokane County,BA.2,0.0,713850,0.0,#9CCD67
2024-04-23,Spokane County,BA.2.12.1,0.0,713850,0.0,#7CB342
2024-04-23,Spokane County,BA.2.86,0.0,713850,0.0,#D770EE
2024-04-23,Spokane County,EG.5,0.0,713850,0.0,#FFBE7D
2024-04-23,Spokane County,EG.5.1.8,0.0,713850,0.0,#E14D6F
2024-04-23,Spokane County,EG.6.1,0.0,713850,0.0,#B9ABA8
2024-04-23,Spokane County,FE.1.1,0.0,713850,0.0,#499894
2024-04-23,Spokane County,FL.1.5.1,0.0,713850,0.0,#8CD17D
2024-04-23,Spokane County,GE.1,0.0,713850,0.0,#FABFD2
2024-04-23,Spokane County,GK.1.1,0.0,713850,0.0,#90FAE5
2024-04-23,Spokane County,HF.1,0.0,713850,0.0,#D399AD
2024-04-23,Spokane County,HK.3,0.0,713850,0.0,#859DBC
2024-04-23,Spokane County,HV.1,0.0,713850,0.0,#797765
2024-04-23,Spokane County,JD.1.1,0.0,713850,0.0,#80F192
2024-04-23,Spokane County,JF.1,0.0,713850,0.0,#FFF1A9
2024-04-23,Spokane County,JG.3,0.0,713850,0.0,#66A172
2024-04-23,Spokane County,JN.1,10657.138035,713850,0.0149291,#61018F
2024-04-23,Spokane County,JN.1.11.1,0.0,713850,0.0,#5C9CF1
2024-04-23,Spokane County,JN.1.13,0.0,713850,0.0,#E83C78
2024-04-23,Spokane County,JN.1.13.1,379246.261434,713850,0.53126884,#F2591C
2024-04-23,Spokane County,JN.1.16,0.0,713850,0.0,#BC3A88
2024-04-23,Spokane County,JN.1.16.1,320539.465866,713850,0.44902916,#366298
2024-04-23,Spokane County,JN.1.18,3406.4850615,713850,0.00477199,#4AF32F
2024-04-23,Spokane County,JN.1.32,0.0,713850,0.0,#2E7919
2024-04-23,Spokane County,JN.1.4.3,0.0,713850,0.0,#9D1010
2024-04-23,Spokane County,JN.1.7,0.0,713850,0.0,#CF15E8
2024-04-23,Spokane County,JN.1.8.1,0.0,713850,0.0,#FFB027
2024-04-23,Spokane County,KP.1.1,0.0,713850,0.0,#CBFF86
2024-04-23,Spokane County,KP.1.1.3,0.0,713850,0.0,#1EB3B6
2024-04-23,Spokane County,KP.1.2,0.0,713850,0.0,#D7B5A6
2024-04-23,Spokane County,KP.2,0.0,713850,0.0,#5875A1
2024-04-23,Spokane County,KP.2.15,0.0,713850,0.0,#175DFF
2024-04-23,Spokane County,KP.2.3,0.0,713850,0.0,#628DE8
2024-04-23,Spokane County,KP.3,0.0,713850,0.0,#B06589
2024-04-23,Spokane County,KP.3.1.1,0.0,713850,0.0,#2F92A1
2024-04-23,Spokane County,KP.4.1,0.0,713850,0.0,#FF473A
2024-04-23,Spokane County,KQ.1,0.0,713850,0.0,#E86CDE
2024-04-23,Spokane County,KV.2,0.0,713850,0.0,#E14365
2024-04-23,Spokane County,KW.1.1,0.0,713850,0.0,#34A0FF
2024-04-23,Spokane County,LB.1,0.0,713850,0.0,#795653
2024-04-23,Spokane County,Recombinant,0.0,713850,0.0,#FF0000
2024-04-23,Spokane County,XBB,0.0,713850,0.0,#9FA8DA
2024-04-23,Spokane County,XBB.1.16,0.0,713850,0.0,#4527A0
2024-04-23,Spokane County,XBB.1.16.1,0.0,713850,0.0,#F89B9B
2024-04-23,Spokane County,XBB.1.16.15,0.0,713850,0.0,#E3B5FA
2024-04-23,Spokane County,XBB.1.16.6,0.0,713850,0.0,#5AA350
2024-04-23,Spokane County,XBB.1.42.1,0.0,713850,0.0,#75D1A3
2024-04-23,Spokane County,XBB.1.5,0.0,713850,0.0,#3F51B5
2024-04-23,Spokane County,XBB.1.5.70,0.0,713850,0.0,#46783C
2024-04-23,Spokane County,XBB.1.5.72,0.0,713850,0.0,#254220
2024-04-23,Spokane County,XBB.1.9.1,0.0,713850,0.0,#304FFE
2024-04-23,Spokane County,XBB.1.9.2,0.0,713850,0.0,#536DFE
2024-04-23,Spokane County,XBB.2.3,0.0,713850,0.0,#F7BCDF
2024-04-23,Spokane County,XDP,0.0,713850,0.0,#B60052
2024-04-23,Spokane County,XDV.1,0.0,713850,0.0,#D367B6
2024-04-23,Spokane County,unreportable,0.642465,713850,9e-07,#eeeeee
2024-04-23,Thurston County,BA.2,0.0,166384,0.0,#9CCD67
2024-04-23,Thurston County,BA.2.12.1,0.0,166384,0.0,#7CB342
2024-04-23,Thurston County,BA.2.86,0.0,166384,0.0,#D770EE
2024-04-23,Thurston County,EG.5,0.0,166384,0.0,#FFBE7D
2024-04-23,Thurston County,EG.5.1.8,0.0,166384,0.0,#E14D6F
2024-04-23,Thurston County,EG.6.1,0.0,166384,0.0,#B9ABA8
2024-04-23,Thurston County,FE.1.1,0.0,166384,0.0,#499894
2024-04-23,Thurston County,FL.1.5.1,0.0,166384,0.0,#8CD17D
2024-04-23,Thurston County,GE.1,0.0,166384,0.0,#FABFD2
2024-04-23,Thurston County,GK.1.1,0.0,166384,0.0,#90FAE5
2024-04-23,Thurston County,HF.1,0.0,166384,0.0,#D399AD
2024-04-23,Thurston County,HK.3,0.0,166384,0.0,#859DBC
2024-04-23,Thurston County,HV.1,0.0,166384,0.0,#797765
2024-04-23,Thurston County,JD.1.1,0.0,166384,0.0,#80F192
2024-04-23,Thurston County,JF.1,0.0,166384,0.0,#FFF1A9
2024-04-23,Thurston County,JG.3,0.0,166384,0.0,#66A172
2024-04-23,Thurston County,JN.1,1716.1713088,166384,0.0103145212808923,#61018F
2024-04-23,Thurston County,JN.1.11.1,0.0,166384,0.0,#5C9CF1
2024-04-23,Thurston County,JN.1.13,0.0,166384,0.0,#E83C78
2024-04-23,Thurston County,JN.1.13.1,0.0,166384,0.0,#F2591C
2024-04-23,Thurston County,JN.1.16,0.0,166384,0.0,#BC3A88
2024-04-23,Thurston County,JN.1.16.1,0.0,166384,0.0,#366298
2024-04-23,Thurston County,JN.1.18,0.0,166384,0.0,#4AF32F
2024-04-23,Thurston County,JN.1.32,2295.26207872,166384,0.0137949687393018,#2E7919
2024-04-23,Thurston County,JN.1.4.3,2596.48673024,166384,0.0156053871179921,#9D1010
2024-04-23,Thurston County,JN.1.7,58210.3746432,166384,0.3498556029618232,#CF15E8
2024-04-23,Thurston County,JN.1.8.1,0.0,166384,0.0,#FFB027
2024-04-23,Thurston County,KP.1.1,0.0,166384,0.0,#CBFF86
2024-04-23,Thurston County,KP.1.1.3,0.0,166384,0.0,#1EB3B6
2024-04-23,Thurston County,KP.1.2,202.1340672,166384,0.0012148648139244,#D7B5A6
2024-04-23,Thurston County,KP.2,0.0,166384,0.0,#5875A1
2024-04-23,Thurston County,KP.2.15,0.0,166384,0.0,#175DFF
2024-04-23,Thurston County,KP.2.3,44351.0791776,166384,0.2665585583806135,#628DE8
2024-04-23,Thurston County,KP.3,0.0,166384,0.0,#B06589
2024-04-23,Thurston County,KP.3.1.1,0.0,166384,0.0,#2F92A1
2024-04-23,Thurston County,KP.4.1,0.0,166384,0.0,#FF473A
2024-04-23,Thurston County,KQ.1,2771.054208,166384,0.0166545714010962,#E86CDE
2024-04-23,Thurston County,KV.2,53506.7548944,166384,0.321585939119146,#E14365
2024-04-23,Thurston County,KW.1.1,0.0,166384,0.0,#34A0FF
2024-04-23,Thurston County,LB.1,0.0,166384,0.0,#795653
2024-04-23,Thurston County,Recombinant,0.0,166384,0.0,#FF0000
2024-04-23,Thurston County,XBB,0.0,166384,0.0,#9FA8DA
2024-04-23,Thurston County,XBB.1.16,0.0,166384,0.0,#4527A0
2024-04-23,Thurston County,XBB.1.16.1,0.0,166384,0.0,#F89B9B
2024-04-23,Thurston County,XBB.1.16.15,0.0,166384,0.0,#E3B5FA
2024-04-23,Thurston County,XBB.1.16.6,0.0,166384,0.0,#5AA350
2024-04-23,Thurston County,XBB.1.42.1,0.0,166384,0.0,#75D1A3
2024-04-23,Thurston County,XBB.1.5,0.0,166384,0.0,#3F51B5
2024-04-23,Thurston County,XBB.1.5.70,0.0,166384,0.0,#46783C
2024-04-23,Thurston County,XBB.1.5.72,0.0,166384,0.0,#254220
2024-04-23,Thurston County,XBB.1.9.1,0.0,166384,0.0,#304FFE
2024-04-23,Thurston County,XBB.1.9.2,0.0,166384,0.0,#536DFE
2024-04-23,Thurston County,XBB.2.3,0.0,166384,0.0,#F7BCDF
2024-04-23,Thurston County,XDP,0.0,166384,0.0,#B60052
2024-04-23,Thurston County,XDV.1,0.0,166384,0.0,#D367B6
2024-04-23,Thurston County,unreportable,734.6822096,166384,0.0044155820848158,#eeeeee
2024-04-23,Walla Walla County,BA.2,0.0,551552,0.0,#9CCD67
2024-04-23,Walla Walla County,BA.2.12.1,0.0,551552,0.0,#7CB342
2024-04-23,Walla Walla County,BA.2.86,0.0,551552,0.0,#D770EE
2024-04-23,Walla Walla County,EG.5,0.0,551552,0.0,#FFBE7D
2024-04-23,Walla Walla County,EG.5.1.8,0.0,551552,0.0,#E14D6F
2024-04-23,Walla Walla County,EG.6.1,0.0,551552,0.0,#B9ABA8
2024-04-23,Walla Walla County,FE.1.1,0.0,551552,0.0,#499894
2024-04-23,Walla Walla County,FL.1.5.1,0.0,551552,0.0,#8CD17D
2024-04-23,Walla Walla County,GE.1,0.0,551552,0.0,#FABFD2
2024-04-23,Walla Walla County,GK.1.1,0.0,551552,0.0,#90FAE5
2024-04-23,Walla Walla County,HF.1,0.0,551552,0.0,#D399AD
2024-04-23,Walla Walla County,HK.3,0.0,551552,0.0,#859DBC
2024-04-23,Walla Walla County,HV.1,0.0,551552,0.0,#797765
2024-04-23,Walla Walla County,JD.1.1,0.0,551552,0.0,#80F192
2024-04-23,Walla Walla County,JF.1,0.0,551552,0.0,#FFF1A9
2024-04-23,Walla Walla County,JG.3,0.0,551552,0.0,#66A172
2024-04-23,Walla Walla County,JN.1,283985.44337152,551552,0.51488426,#61018F
2024-04-23,Walla Walla County,JN.1.11.1,0.0,551552,0.0,#5C9CF1
2024-04-23,Walla Walla County,JN.1.13,0.0,551552,0.0,#E83C78
2024-04-23,Walla Walla County,JN.1.13.1,0.0,551552,0.0,#F2591C
2024-04-23,Walla Walla County,JN.1.16,37265.69912832,551552,0.06756516,#BC3A88
2024-04-23,Walla Walla County,JN.1.16.1,0.0,551552,0.0,#366298
2024-04-23,Walla Walla County,JN.1.18,0.0,551552,0.0,#4AF32F
2024-04-23,Walla Walla County,JN.1.32,0.0,551552,0.0,#2E7919
2024-04-23,Walla Walla County,JN.1.4.3,0.0,551552,0.0,#9D1010
2024-04-23,Walla Walla County,JN.1.7,0.0,551552,0.0,#CF15E8
2024-04-23,Walla Walla County,JN.1.8.1,225475.42833152,551552,0.40880176,#FFB027
2024-04-23,Walla Walla County,KP.1.1,0.0,551552,0.0,#CBFF86
2024-04-23,Walla Walla County,KP.1.1.3,0.0,551552,0.0,#1EB3B6
2024-04-23,Walla Walla County,KP.1.2,0.0,551552,0.0,#D7B5A6
2024-04-23,Walla Walla County,KP.2,0.0,551552,0.0,#5875A1
2024-04-23,Walla Walla County,KP.2.15,0.0,551552,0.0,#175DFF
2024-04-23,Walla Walla County,KP.2.3,0.0,551552,0.0,#628DE8
2024-04-23,Walla Walla County,KP.3,0.0,551552,0.0,#B06589
2024-04-23,Walla Walla County,KP.3.1.1,0.0,551552,0.0,#2F92A1
2024-04-23,Walla Walla County,KP.4.1,0.0,551552,0.0,#FF473A
2024-04-23,Walla Walla County,KQ.1,0.0,551552,0.0,#E86CDE
2024-04-23,Walla Walla County,KV.2,0.0,551552,0.0,#E14365
2024-04-23,Walla Walla County,KW.1.1,0.0,551552,0.0,#34A0FF
2024-04-23,Walla Walla County,LB.1,0.0,551552,0.0,#795653
2024-04-23,Walla Walla County,Recombinant,0.0,551552,0.0,#FF0000
2024-04-23,Walla Walla County,XBB,0.0,551552,0.0,#9FA8DA
2024-04-23,Walla Walla County,XBB.1.16,0.0,551552,0.0,#4527A0
2024-04-23,Walla Walla County,XBB.1.16.1,0.0,551552,0.0,#F89B9B
2024-04-23,Walla Walla County,XBB.1.16.15,0.0,551552,0.0,#E3B5FA
2024-04-23,Walla Walla County,XBB.1.16.6,0.0,551552,0.0,#5AA350
2024-04-23,Walla Walla County,XBB.1.42.1,0.0,551552,0.0,#75D1A3
2024-04-23,Walla Walla County,XBB.1.5,0.0,551552,0.0,#3F51B5
2024-04-23,Walla Walla County,XBB.1.5.70,0.0,551552,0.0,#46783C
2024-04-23,Walla Walla County,XBB.1.5.72,0.0,551552,0.0,#254220
2024-04-23,Walla Walla County,XBB.1.9.1,0.0,551552,0.0,#304FFE
2024-04-23,Walla Walla County,XBB.1.9.2,0.0,551552,0.0,#536DFE
2024-04-23,Walla Walla County,XBB.2.3,0.0,551552,0.0,#F7BCDF
2024-04-23,Walla Walla County,XDP,0.0,551552,0.0,#B60052
2024-04-23,Walla Walla County,XDV.1,0.0,551552,0.0,#D367B6
2024-04-23,Walla Walla County,unreportable,4825.429168639999,551552,0.00874882,#eeeeee
2024-04-23,Whitman County,BA.2,0.0,245487,0.0,#9CCD67
2024-04-23,Whitman County,BA.2.12.1,0.0,245487,0.0,#7CB342
2024-04-23,Whitman County,BA.2.86,0.0,245487,0.0,#D770EE
2024-04-23,Whitman County,EG.5,0.0,245487,0.0,#FFBE7D
2024-04-23,Whitman County,EG.5.1.8,0.0,245487,0.0,#E14D6F
2024-04-23,Whitman County,EG.6.1,0.0,245487,0.0,#B9ABA8
2024-04-23,Whitman County,FE.1.1,0.0,245487,0.0,#499894
2024-04-23,Whitman County,FL.1.5.1,0.0,245487,0.0,#8CD17D
2024-04-23,Whitman County,GE.1,0.0,245487,0.0,#FABFD2
2024-04-23,Whitman County,GK.1.1,0.0,245487,0.0,#90FAE5
2024-04-23,Whitman County,HF.1,0.0,245487,0.0,#D399AD
2024-04-23,Whitman County,HK.3,0.0,245487,0.0,#859DBC
2024-04-23,Whitman County,HV.1,0.0,245487,0.0,#797765
2024-04-23,Whitman County,JD.1.1,0.0,245487,0.0,#80F192
2024-04-23,Whitman County,JF.1,0.0,245487,0.0,#FFF1A9
2024-04-23,Whitman County,JG.3,0.0,245487,0.0,#66A172
2024-04-23,Whitman County,JN.1,0.0,245487,0.0,#61018F
2024-04-23,Whitman County,JN.1.11.1,0.0,245487,0.0,#5C9CF1
2024-04-23,Whitman County,JN.1.13,0.0,245487,0.0,#E83C78
2024-04-23,Whitman County,JN.1.13.1,0.0,245487,0.0,#F2591C
2024-04-23,Whitman County,JN.1.16,0.0,245487,0.0,#BC3A88
2024-04-23,Whitman County,JN.1.16.1,0.0,245487,0.0,#366298
2024-04-23,Whitman County,JN.1.18,0.0,245487,0.0,#4AF32F
2024-04-23,Whitman County,JN.1.32,0.0,245487,0.0,#2E7919
2024-04-23,Whitman County,JN.1.4.3,0.0,245487,0.0,#9D1010
2024-04-23,Whitman County,JN.1.7,0.0,245487,0.0,#CF15E8
2024-04-23,Whitman County,JN.1.8.1,0.0,245487,0.0,#FFB027
2024-04-23,Whitman County,KP.1.1,0.0,245487,0.0,#CBFF86
2024-04-23,Whitman County,KP.1.1.3,0.0,245487,0.0,#1EB3B6
2024-04-23,Whitman County,KP.1.2,0.0,245487,0.0,#D7B5A6
2024-04-23,Whitman County,KP.2,0.0,245487,0.0,#5875A1
2024-04-23,Whitman County,KP.2.15,0.0,245487,0.0,#175DFF
2024-04-23,Whitman County,KP.2.3,0.0,245487,0.0,#628DE8
2024-04-23,Whitman County,KP.3,0.0,245487,0.0,#B06589
2024-04-23,Whitman County,KP.3.1.1,0.0,245487,0.0,#2F92A1
2024-04-23,Whitman County,KP.4.1,0.0,245487,0.0,#FF473A
2024-04-23,Whitman County,KQ.1,0.0,245487,0.0,#E86CDE
2024-04-23,Whitman County,KV.2,0.0,245487,0.0,#E14365
2024-04-23,Whitman County,KW.1.1,0.0,245487,0.0,#34A0FF
2024-04-23,Whitman County,LB.1,244513.92880992,245487,0.99603616,#795653
2024-04-23,Whitman County,Recombinant,0.0,245487,0.0,#FF0000
2024-04-23,Whitman County,XBB,0.0,245487,0.0,#9FA8DA
2024-04-23,Whitman County,XBB.1.16,0.0,245487,0.0,#4527A0
2024-04-23,Whitman County,XBB.1.16.1,0.0,245487,0.0,#F89B9B
2024-04-23,Whitman County,XBB.1.16.15,0.0,245487,0.0,#E3B5FA
2024-04-23,Whitman County,XBB.1.16.6,0.0,245487,0.0,#5AA350
2024-04-23,Whitman County,XBB.1.42.1,0.0,245487,0.0,#75D1A3
2024-04-23,Whitman County,XBB.1.5,0.0,245487,0.0,#3F51B5
2024-04-23,Whitman County,XBB.1.5.70,0.0,245487,0.0,#46783C
2024-04-23,Whitman County,XBB.1.5.72,0.0,245487,0.0,#254220
2024-04-23,Whitman County,XBB.1.9.1,0.0,245487,0.0,#304FFE
2024-04-23,Whitman County,XBB.1.9.2,0.0,245487,0.0,#536DFE
2024-04-23,Whitman County,XBB.2.3,0.0,245487,0.0,#F7BCDF
2024-04-23,Whitman County,XDP,0.0,245487,0.0,#B60052
2024-04-23,Whitman County,XDV.1,0.0,245487,0.0,#D367B6
2024-04-23,Whitman County,unreportable,973.07119008,245487,0.00396384,#eeeeee
2024-04-23,Yakima County,BA.2,0.0,1933008,0.0,#9CCD67
2024-04-23,Yakima County,BA.2.12.1,0.0,1933008,0.0,#7CB342
2024-04-23,Yakima County,BA.2.86,0.0,1933008,0.0,#D770EE
2024-04-23,Yakima County,EG.5,0.0,1933008,0.0,#FFBE7D
2024-04-23,Yakima County,EG.5.1.8,0.0,1933008,0.0,#E14D6F
2024-04-23,Yakima County,EG.6.1,0.0,1933008,0.0,#B9ABA8
2024-04-23,Yakima County,FE.1.1,0.0,1933008,0.0,#499894
2024-04-23,Yakima County,FL.1.5.1,0.0,1933008,0.0,#8CD17D
2024-04-23,Yakima County,GE.1,0.0,1933008,0.0,#FABFD2
2024-04-23,Yakima County,GK.1.1,0.0,1933008,0.0,#90FAE5
2024-04-23,Yakima County,HF.1,0.0,1933008,0.0,#D399AD
2024-04-23,Yakima County,HK.3,0.0,1933008,0.0,#859DBC
2024-04-23,Yakima County,HV.1,0.0,1933008,0.0,#797765
2024-04-23,Yakima County,JD.1.1,0.0,1933008,0.0,#80F192
2024-04-23,Yakima County,JF.1,0.0,1933008,0.0,#FFF1A9
2024-04-23,Yakima County,JG.3,0.0,1933008,0.0,#66A172
2024-04-23,Yakima County,JN.1,294209.74398356,1933008,0.1522030658867216,#61018F
2024-04-23,Yakima County,JN.1.11.1,179425.2806256,1933008,0.0928217993022274,#5C9CF1
2024-04-23,Yakima County,JN.1.13,49639.6773298,1933008,0.0256800164975002,#E83C78
2024-04-23,Yakima County,JN.1.13.1,101478.92180556,1933008,0.0524979316203347,#F2591C
2024-04-23,Yakima County,JN.1.16,58829.48522856,1933008,0.0304341654191601,#BC3A88
2024-04-23,Yakima County,JN.1.16.1,43437.46512416,1933008,0.0224714357747924,#366298
2024-04-23,Yakima County,JN.1.18,0.0,1933008,0.0,#4AF32F
2024-04-23,Yakima County,JN.1.32,331948.20070332,1933008,0.1717262425728812,#2E7919
2024-04-23,Yakima County,JN.1.4.3,0.0,1933008,0.0,#9D1010
2024-04-23,Yakima County,JN.1.7,25524.8453686,1933008,0.0132047282621696,#CF15E8
2024-04-23,Yakima County,JN.1.8.1,0.0,1933008,0.0,#FFB027
2024-04-23,Yakima County,KP.1.1,1369.5027724400002,1933008,0.0007084827235272,#CBFF86
2024-04-23,Yakima County,KP.1.1.3,0.0,1933008,0.0,#1EB3B6
2024-04-23,Yakima County,KP.1.2,52316.1391368,1933008,0.0270646262906309,#D7B5A6
2024-04-23,Yakima County,KP.2,0.0,1933008,0.0,#5875A1
2024-04-23,Yakima County,KP.2.15,0.0,1933008,0.0,#175DFF
2024-04-23,Yakima County,KP.2.3,0.0,1933008,0.0,#628DE8
2024-04-23,Yakima County,KP.3,733923.8383308001,1933008,0.3796796693706389,#B06589
2024-04-23,Yakima County,KP.3.1.1,0.0,1933008,0.0,#2F92A1
2024-04-23,Yakima County,KP.4.1,0.0,1933008,0.0,#FF473A
2024-04-23,Yakima County,KQ.1,0.0,1933008,0.0,#E86CDE
2024-04-23,Yakima County,KV.2,2239.004052,1933008,0.001158300458146,#E14365
2024-04-23,Yakima County,KW.1.1,0.0,1933008,0.0,#34A0FF
2024-04-23,Yakima County,LB.1,38405.01498584,1933008,0.0198680062295862,#795653
2024-04-23,Yakima County,Recombinant,0.0,1933008,0.0,#FF0000
2024-04-23,Yakima County,XBB,0.0,1933008,0.0,#9FA8DA
2024-04-23,Yakima County,XBB.1.16,0.0,1933008,0.0,#4527A0
2024-04-23,Yakima County,XBB.1.16.1,0.0,1933008,0.0,#F89B9B
2024-04-23,Yakima County,XBB.1.16.15,0.0,1933008,0.0,#E3B5FA
2024-04-23,Yakima County,XBB.1.16.6,0.0,1933008,0.0,#5AA350
2024-04-23,Yakima County,XBB.1.42.1,0.0,1933008,0.0,#75D1A3
2024-04-23,Yakima County,XBB.1.5,0.0,1933008,0.0,#3F51B5
2024-04-23,Yakima County,XBB.1.5.70,0.0,1933008,0.0,#46783C
2024-04-23,Yakima County,XBB.1.5.72,0.0,1933008,0.0,#254220
2024-04-23,Yakima County,XBB.1.9.1,0.0,1933008,0.0,#304FFE
2024-04-23,Yakima County,XBB.1.9.2,0.0,1933008,0.0,#536DFE
2024-04-23,Yakima County,XBB.2.3,0.0,1933008,0.0,#F7BCDF
2024-04-23,Yakima County,XDP,0.0,1933008,0.0,#B60052
2024-04-23,Yakima County,XDV.1,0.0,1933008,0.0,#D367B6
2024-04-23,Yakima County,unreportable,20260.89650864,1933008,0.0104815378460099,#eeeeee
2024-04-30,Benton County,BA.2,0.0,707090,0.0,#9CCD67
2024-04-30,Benton County,BA.2.12.1,0.0,707090,0.0,#7CB342
2024-04-30,Benton County,BA.2.86,0.0,707090,0.0,#D770EE
2024-04-30,Benton County,EG.5,0.0,707090,0.0,#FFBE7D
2024-04-30,Benton County,EG.5.1.8,0.0,707090,0.0,#E14D6F
2024-04-30,Benton County,EG.6.1,0.0,707090,0.0,#B9ABA8
2024-04-30,Benton County,FE.1.1,0.0,707090,0.0,#499894
2024-04-30,Benton County,FL.1.5.1,0.0,707090,0.0,#8CD17D
2024-04-30,Benton County,GE.1,0.0,707090,0.0,#FABFD2
2024-04-30,Benton County,GK.1.1,0.0,707090,0.0,#90FAE5
2024-04-30,Benton County,HF.1,0.0,707090,0.0,#D399AD
2024-04-30,Benton County,HK.3,0.0,707090,0.0,#859DBC
2024-04-30,Benton County,HV.1,0.0,707090,0.0,#797765
2024-04-30,Benton County,JD.1.1,0.0,707090,0.0,#80F192
2024-04-30,Benton County,JF.1,0.0,707090,0.0,#FFF1A9
2024-04-30,Benton County,JG.3,0.0,707090,0.0,#66A172
2024-04-30,Benton County,JN.1,701954.0235014,707090,0.99273646,#61018F
2024-04-30,Benton County,JN.1.11.1,0.0,707090,0.0,#5C9CF1
2024-04-30,Benton County,JN.1.13,0.0,707090,0.0,#E83C78
2024-04-30,Benton County,JN.1.13.1,1615.7289336,707090,0.00228504,#F2591C
2024-04-30,Benton County,JN.1.16,0.0,707090,0.0,#BC3A88
2024-04-30,Benton County,JN.1.16.1,0.0,707090,0.0,#366298
2024-04-30,Benton County,JN.1.18,0.0,707090,0.0,#4AF32F
2024-04-30,Benton County,JN.1.32,0.0,707090,0.0,#2E7919
2024-04-30,Benton County,JN.1.4.3,0.0,707090,0.0,#9D1010
2024-04-30,Benton County,JN.1.7,0.0,707090,0.0,#CF15E8
2024-04-30,Benton County,JN.1.8.1,0.0,707090,0.0,#FFB027
2024-04-30,Benton County,KP.1.1,0.0,707090,0.0,#CBFF86
2024-04-30,Benton County,KP.1.1.3,0.0,707090,0.0,#1EB3B6
2024-04-30,Benton County,KP.1.2,0.0,707090,0.0,#D7B5A6
2024-04-30,Benton County,KP.2,0.0,707090,0.0,#5875A1
2024-04-30,Benton County,KP.2.15,0.0,707090,0.0,#175DFF
2024-04-30,Benton County,KP.2.3,0.0,707090,0.0,#628DE8
2024-04-30,Benton County,KP.3,0.0,707090,0.0,#B06589
2024-04-30,Benton County,KP.3.1.1,0.0,707090,0.0,#2F92A1
2024-04-30,Benton County,KP.4.1,0.0,707090,0.0,#FF473A
2024-04-30,Benton County,KQ.1,0.0,707090,0.0,#E86CDE
2024-04-30,Benton County,KV.2,0.0,707090,0.0,#E14365
2024-04-30,Benton County,KW.1.1,0.0,707090,0.0,#34A0FF
2024-04-30,Benton County,LB.1,0.0,707090,0.0,#795653
2024-04-30,Benton County,Recombinant,0.0,707090,0.0,#FF0000
2024-04-30,Benton County,XBB,0.0,707090,0.0,#9FA8DA
2024-04-30,Benton County,XBB.1.16,0.0,707090,0.0,#4527A0
2024-04-30,Benton County,XBB.1.16.1,0.0,707090,0.0,#F89B9B
2024-04-30,Benton County,XBB.1.16.15,0.0,707090,0.0,#E3B5FA
2024-04-30,Benton County,XBB.1.16.6,0.0,707090,0.0,#5AA350
2024-04-30,Benton County,XBB.1.42.1,0.0,707090,0.0,#75D1A3
2024-04-30,Benton County,XBB.1.5,0.0,707090,0.0,#3F51B5
2024-04-30,Benton County,XBB.1.5.70,0.0,707090,0.0,#46783C
2024-04-30,Benton County,XBB.1.5.72,0.0,707090,0.0,#254220
2024-04-30,Benton County,XBB.1.9.1,0.0,707090,0.0,#304FFE
2024-04-30,Benton County,XBB.1.9.2,0.0,707090,0.0,#536DFE
2024-04-30,Benton County,XBB.2.3,0.0,707090,0.0,#F7BCDF
2024-04-30,Benton County,XDP,0.0,707090,0.0,#B60052
2024-04-30,Benton County,XDV.1,0.0,707090,0.0,#D367B6
2024-04-30,Benton County,unreportable,3520.2546359000003,707090,0.00497851,#eeeeee
2024-04-30,Island County,BA.2,0.0,1436814,0.0,#9CCD67
2024-04-30,Island County,BA.2.12.1,0.0,1436814,0.0,#7CB342
2024-04-30,Island County,BA.2.86,0.0,1436814,0.0,#D770EE
2024-04-30,Island County,EG.5,0.0,1436814,0.0,#FFBE7D
2024-04-30,Island County,EG.5.1.8,0.0,1436814,0.0,#E14D6F
2024-04-30,Island County,EG.6.1,0.0,1436814,0.0,#B9ABA8
2024-04-30,Island County,FE.1.1,0.0,1436814,0.0,#499894
2024-04-30,Island County,FL.1.5.1,0.0,1436814,0.0,#8CD17D
2024-04-30,Island County,GE.1,0.0,1436814,0.0,#FABFD2
2024-04-30,Island County,GK.1.1,0.0,1436814,0.0,#90FAE5
2024-04-30,Island County,HF.1,0.0,1436814,0.0,#D399AD
2024-04-30,Island County,HK.3,0.0,1436814,0.0,#859DBC
2024-04-30,Island County,HV.1,0.0,1436814,0.0,#797765
2024-04-30,Island County,JD.1.1,0.0,1436814,0.0,#80F192
2024-04-30,Island County,JF.1,0.0,1436814,0.0,#FFF1A9
2024-04-30,Island County,JG.3,0.0,1436814,0.0,#66A172
2024-04-30,Island County,JN.1,413877.77929842,1436814,0.2880524405374808,#61018F
2024-04-30,Island County,JN.1.11.1,0.0,1436814,0.0,#5C9CF1
2024-04-30,Island County,JN.1.13,0.0,1436814,0.0,#E83C78
2024-04-30,Island County,JN.1.13.1,193532.86434195,1436814,0.1346958369990478,#F2591C
2024-04-30,Island County,JN.1.16,878.8301409300001,1436814,0.0006116519890048,#BC3A88
2024-04-30,Island County,JN.1.16.1,3874.51292172,1436814,0.0026966002013621,#366298
2024-04-30,Island County,JN.1.18,23575.04730861,1436814,0.0164078630279284,#4AF32F
2024-04-30,Island County,JN.1.32,0.0,1436814,0.0,#2E7919
2024-04-30,Island County,JN.1.4.3,0.0,1436814,0.0,#9D1010
2024-04-30,Island County,JN.1.7,204049.8358908,1436814,0.1420154841829214,#CF15E8
2024-04-30,Island County,JN.1.8.1,0.0,1436814,0.0,#FFB027
2024-04-30,Island County,KP.1.1,1890.1177629,1436814,0.0013154923065198,#CBFF86
2024-04-30,Island County,KP.1.1.3,0.0,1436814,0.0,#1EB3B6
2024-04-30,Island County,KP.1.2,0.0,1436814,0.0,#D7B5A6
2024-04-30,Island County,KP.2,7647.65173878,1436814,0.0053226456164681,#5875A1
2024-04-30,Island County,KP.2.15,0.0,1436814,0.0,#175DFF
2024-04-30,Island County,KP.2.3,41597.38192239001,1436814,0.0289511251438182,#628DE8
2024-04-30,Island County,KP.3,163372.66595625,1436814,0.113704812144265,#B06589
2024-04-30,Island County,KP.3.1.1,0.0,1436814,0.0,#2F92A1
2024-04-30,Island County,KP.4.1,0.0,1436814,0.0,#FF473A
2024-04-30,Island County,KQ.1,370020.56341824,1436814,0.2575285064164463,#E86CDE
2024-04-30,Island County,KV.2,0.0,1436814,0.0,#E14365
2024-04-30,Island County,KW.1.1,0.0,1436814,0.0,#34A0FF
2024-04-30,Island County,LB.1,0.0,1436814,0.0,#795653
2024-04-30,Island County,Recombinant,0.0,1436814,0.0,#FF0000
2024-04-30,Island County,XBB,0.0,1436814,0.0,#9FA8DA
2024-04-30,Island County,XBB.1.16,0.0,1436814,0.0,#4527A0
2024-04-30,Island County,XBB.1.16.1,0.0,1436814,0.0,#F89B9B
2024-04-30,Island County,XBB.1.16.15,0.0,1436814,0.0,#E3B5FA
2024-04-30,Island County,XBB.1.16.6,0.0,1436814,0.0,#5AA350
2024-04-30,Island County,XBB.1.42.1,0.0,1436814,0.0,#75D1A3
2024-04-30,Island County,XBB.1.5,0.0,1436814,0.0,#3F51B5
2024-04-30,Island County,XBB.1.5.70,0.0,1436814,0.0,#46783C
2024-04-30,Island County,XBB.1.5.72,0.0,1436814,0.0,#254220
2024-04-30,Island County,XBB.1.9.1,0.0,1436814,0.0,#304FFE
2024-04-30,Island County,XBB.1.9.2,0.0,1436814,0.0,#536DFE
2024-04-30,Island County,XBB.2.3,0.0,1436814,0.0,#F7BCDF
2024-04-30,Island County,XDP,0.0,1436814,0.0,#B60052
2024-04-30,Island County,XDV.1,0.0,1436814,0.0,#D367B6
2024-04-30,Island County,unreportable,12496.75132377,1436814,0.008697542843938,#eeeeee
2024-04-30,Jefferson County,BA.2,0.0,162770,0.0,#9CCD67
2024-04-30,Jefferson County,BA.2.12.1,0.0,162770,0.0,#7CB342
2024-04-30,Jefferson County,BA.2.86,0.0,162770,0.0,#D770EE
2024-04-30,Jefferson County,EG.5,0.0,162770,0.0,#FFBE7D
2024-04-30,Jefferson County,EG.5.1.8,0.0,162770,0.0,#E14D6F
2024-04-30,Jefferson County,EG.6.1,0.0,162770,0.0,#B9ABA8
2024-04-30,Jefferson County,FE.1.1,0.0,162770,0.0,#499894
2024-04-30,Jefferson County,FL.1.5.1,0.0,162770,0.0,#8CD17D
2024-04-30,Jefferson County,GE.1,0.0,162770,0.0,#FABFD2
2024-04-30,Jefferson County,GK.1.1,0.0,162770,0.0,#90FAE5
2024-04-30,Jefferson County,HF.1,0.0,162770,0.0,#D399AD
2024-04-30,Jefferson County,HK.3,0.0,162770,0.0,#859DBC
2024-04-30,Jefferson County,HV.1,0.0,162770,0.0,#797765
2024-04-30,Jefferson County,JD.1.1,0.0,162770,0.0,#80F192
2024-04-30,Jefferson County,JF.1,0.0,162770,0.0,#FFF1A9
2024-04-30,Jefferson County,JG.3,0.0,162770,0.0,#66A172
2024-04-30,Jefferson County,JN.1,22977.7477069,162770,0.14116697,#61018F
2024-04-30,Jefferson County,JN.1.11.1,1020.8722799,162770,0.00627187,#5C9CF1
2024-04-30,Jefferson County,JN.1.13,0.0,162770,0.0,#E83C78
2024-04-30,Jefferson County,JN.1.13.1,0.0,162770,0.0,#F2591C
2024-04-30,Jefferson County,JN.1.16,0.0,162770,0.0,#BC3A88
2024-04-30,Jefferson County,JN.1.16.1,0.0,162770,0.0,#366298
2024-04-30,Jefferson County,JN.1.18,0.0,162770,0.0,#4AF32F
2024-04-30,Jefferson County,JN.1.32,27181.5433889,162770,0.16699357,#2E7919
2024-04-30,Jefferson County,JN.1.4.3,0.0,162770,0.0,#9D1010
2024-04-30,Jefferson County,JN.1.7,0.0,162770,0.0,#CF15E8
2024-04-30,Jefferson County,JN.1.8.1,0.0,162770,0.0,#FFB027
2024-04-30,Jefferson County,KP.1.1,0.0,162770,0.0,#CBFF86
2024-04-30,Jefferson County,KP.1.1.3,0.0,162770,0.0,#1EB3B6
2024-04-30,Jefferson County,KP.1.2,416.7807235,162770,0.00256055,#D7B5A6
2024-04-30,Jefferson County,KP.2,28573.7265928,162770,0.17554664,#5875A1
2024-04-30,Jefferson County,KP.2.15,0.0,162770,0.0,#175DFF
2024-04-30,Jefferson County,KP.2.3,0.0,162770,0.0,#628DE8
2024-04-30,Jefferson County,KP.3,0.0,162770,0.0,#B06589
2024-04-30,Jefferson County,KP.3.1.1,0.0,162770,0.0,#2F92A1
2024-04-30,Jefferson County,KP.4.1,0.0,162770,0.0,#FF473A
2024-04-30,Jefferson County,KQ.1,0.0,162770,0.0,#E86CDE
2024-04-30,Jefferson County,KV.2,0.0,162770,0.0,#E14365
2024-04-30,Jefferson County,KW.1.1,0.0,162770,0.0,#34A0FF
2024-04-30,Jefferson County,LB.1,81395.4270462,162770,0.50006406,#795653
2024-04-30,Jefferson County,Recombinant,0.0,162770,0.0,#FF0000
2024-04-30,Jefferson County,XBB,0.0,162770,0.0,#9FA8DA
2024-04-30,Jefferson County,XBB.1.16,0.0,162770,0.0,#4527A0
2024-04-30,Jefferson County,XBB.1.16.1,0.0,162770,0.0,#F89B9B
2024-04-30,Jefferson County,XBB.1.16.15,0.0,162770,0.0,#E3B5FA
2024-04-30,Jefferson County,XBB.1.16.6,0.0,162770,0.0,#5AA350
2024-04-30,Jefferson County,XBB.1.42.1,0.0,162770,0.0,#75D1A3
2024-04-30,Jefferson County,XBB.1.5,0.0,162770,0.0,#3F51B5
2024-04-30,Jefferson County,XBB.1.5.70,0.0,162770,0.0,#46783C
2024-04-30,Jefferson County,XBB.1.5.72,0.0,162770,0.0,#254220
2024-04-30,Jefferson County,XBB.1.9.1,0.0,162770,0.0,#304FFE
2024-04-30,Jefferson County,XBB.1.9.2,0.0,162770,0.0,#536DFE
2024-04-30,Jefferson County,XBB.2.3,0.0,162770,0.0,#F7BCDF
2024-04-30,Jefferson County,XDP,0.0,162770,0.0,#B60052
2024-04-30,Jefferson County,XDV.1,0.0,162770,0.0,#D367B6
2024-04-30,Jefferson County,unreportable,1203.9006341,162770,0.00739633,#eeeeee
2024-04-30,Kittitas County,BA.2,0.0,719262,0.0,#9CCD67
2024-04-30,Kittitas County,BA.2.12.1,0.0,719262,0.0,#7CB342
2024-04-30,Kittitas County,BA.2.86,0.0,719262,0.0,#D770EE
2024-04-30,Kittitas County,EG.5,0.0,719262,0.0,#FFBE7D
2024-04-30,Kittitas County,EG.5.1.8,0.0,719262,0.0,#E14D6F
2024-04-30,Kittitas County,EG.6.1,0.0,719262,0.0,#B9ABA8
2024-04-30,Kittitas County,FE.1.1,0.0,719262,0.0,#499894
2024-04-30,Kittitas County,FL.1.5.1,0.0,719262,0.0,#8CD17D
2024-04-30,Kittitas County,GE.1,0.0,719262,0.0,#FABFD2
2024-04-30,Kittitas County,GK.1.1,0.0,719262,0.0,#90FAE5
2024-04-30,Kittitas County,HF.1,0.0,719262,0.0,#D399AD
2024-04-30,Kittitas County,HK.3,0.0,719262,0.0,#859DBC
2024-04-30,Kittitas County,HV.1,0.0,719262,0.0,#797765
2024-04-30,Kittitas County,JD.1.1,0.0,719262,0.0,#80F192
2024-04-30,Kittitas County,JF.1,0.0,719262,0.0,#FFF1A9
2024-04-30,Kittitas County,JG.3,0.0,719262,0.0,#66A172
2024-04-30,Kittitas County,JN.1,377709.53528808,719262,0.52513484,#61018F
2024-04-30,Kittitas County,JN.1.11.1,16224.38574138,719262,0.02255699,#5C9CF1
2024-04-30,Kittitas County,JN.1.13,0.0,719262,0.0,#E83C78
2024-04-30,Kittitas County,JN.1.13.1,0.0,719262,0.0,#F2591C
2024-04-30,Kittitas County,JN.1.16,2256.72768072,719262,0.00313756,#BC3A88
2024-04-30,Kittitas County,JN.1.16.1,0.0,719262,0.0,#366298
2024-04-30,Kittitas County,JN.1.18,253215.41748966,719262,0.35204893,#4AF32F
2024-04-30,Kittitas County,JN.1.32,0.0,719262,0.0,#2E7919
2024-04-30,Kittitas County,JN.1.4.3,0.0,719262,0.0,#9D1010
2024-04-30,Kittitas County,JN.1.7,0.0,719262,0.0,#CF15E8
2024-04-30,Kittitas County,JN.1.8.1,0.0,719262,0.0,#FFB027
2024-04-30,Kittitas County,KP.1.1,63472.562668980005,719262,0.08824679,#CBFF86
2024-04-30,Kittitas County,KP.1.1.3,0.0,719262,0.0,#1EB3B6
2024-04-30,Kittitas County,KP.1.2,0.0,719262,0.0,#D7B5A6
2024-04-30,Kittitas County,KP.2,0.0,719262,0.0,#5875A1
2024-04-30,Kittitas County,KP.2.15,0.0,719262,0.0,#175DFF
2024-04-30,Kittitas County,KP.2.3,0.0,719262,0.0,#628DE8
2024-04-30,Kittitas County,KP.3,0.0,719262,0.0,#B06589
2024-04-30,Kittitas County,KP.3.1.1,0.0,719262,0.0,#2F92A1
2024-04-30,Kittitas County,KP.4.1,0.0,719262,0.0,#FF473A
2024-04-30,Kittitas County,KQ.1,0.0,719262,0.0,#E86CDE
2024-04-30,Kittitas County,KV.2,0.0,719262,0.0,#E14365
2024-04-30,Kittitas County,KW.1.1,0.0,719262,0.0,#34A0FF
2024-04-30,Kittitas County,LB.1,0.0,719262,0.0,#795653
2024-04-30,Kittitas County,Recombinant,0.0,719262,0.0,#FF0000
2024-04-30,Kittitas County,XBB,0.0,719262,0.0,#9FA8DA
2024-04-30,Kittitas County,XBB.1.16,0.0,719262,0.0,#4527A0
2024-04-30,Kittitas County,XBB.1.16.1,0.0,719262,0.0,#F89B9B
2024-04-30,Kittitas County,XBB.1.16.15,0.0,719262,0.0,#E3B5FA
2024-04-30,Kittitas County,XBB.1.16.6,0.0,719262,0.0,#5AA350
2024-04-30,Kittitas County,XBB.1.42.1,0.0,719262,0.0,#75D1A3
2024-04-30,Kittitas County,XBB.1.5,0.0,719262,0.0,#3F51B5
2024-04-30,Kittitas County,XBB.1.5.70,0.0,719262,0.0,#46783C
2024-04-30,Kittitas County,XBB.1.5.72,0.0,719262,0.0,#254220
2024-04-30,Kittitas County,XBB.1.9.1,0.0,719262,0.0,#304FFE
2024-04-30,Kittitas County,XBB.1.9.2,0.0,719262,0.0,#536DFE
2024-04-30,Kittitas County,XBB.2.3,0.0,719262,0.0,#F7BCDF
2024-04-30,Kittitas County,XDP,0.0,719262,0.0,#B60052
2024-04-30,Kittitas County,XDV.1,0.0,719262,0.0,#D367B6
2024-04-30,Kittitas County,unreportable,6383.38551642,719262,0.00887491,#eeeeee
2024-04-30,Thurston County,BA.2,0.0,166384,0.0,#9CCD67
2024-04-30,Thurston County,BA.2.12.1,0.0,166384,0.0,#7CB342
2024-04-30,Thurston County,BA.2.86,0.0,166384,0.0,#D770EE
2024-04-30,Thurston County,EG.5,0.0,166384,0.0,#FFBE7D
2024-04-30,Thurston County,EG.5.1.8,0.0,166384,0.0,#E14D6F
2024-04-30,Thurston County,EG.6.1,0.0,166384,0.0,#B9ABA8
2024-04-30,Thurston County,FE.1.1,0.0,166384,0.0,#499894
2024-04-30,Thurston County,FL.1.5.1,0.0,166384,0.0,#8CD17D
2024-04-30,Thurston County,GE.1,0.0,166384,0.0,#FABFD2
2024-04-30,Thurston County,GK.1.1,0.0,166384,0.0,#90FAE5
2024-04-30,Thurston County,HF.1,0.0,166384,0.0,#D399AD
2024-04-30,Thurston County,HK.3,0.0,166384,0.0,#859DBC
2024-04-30,Thurston County,HV.1,0.0,166384,0.0,#797765
2024-04-30,Thurston County,JD.1.1,0.0,166384,0.0,#80F192
2024-04-30,Thurston County,JF.1,0.0,166384,0.0,#FFF1A9
2024-04-30,Thurston County,JG.3,0.0,166384,0.0,#66A172
2024-04-30,Thurston County,JN.1,83067.574908,166384,0.4992521811472256,#61018F
2024-04-30,Thurston County,JN.1.11.1,0.0,166384,0.0,#5C9CF1
2024-04-30,Thurston County,JN.1.13,0.0,166384,0.0,#E83C78
2024-04-30,Thurston County,JN.1.13.1,0.0,166384,0.0,#F2591C
2024-04-30,Thurston County,JN.1.16,5329.0406328,166384,0.032028564241754,#BC3A88
2024-04-30,Thurston County,JN.1.16.1,0.0,166384,0.0,#366298
2024-04-30,Thurston County,JN.1.18,0.0,166384,0.0,#4AF32F
2024-04-30,Thurston County,JN.1.32,0.0,166384,0.0,#2E7919
2024-04-30,Thurston County,JN.1.4.3,0.0,166384,0.0,#9D1010
2024-04-30,Thurston County,JN.1.7,67871.74447872,166384,0.4079223030983748,#CF15E8
2024-04-30,Thurston County,JN.1.8.1,83.612688,166384,0.0005025284161938,#FFB027
2024-04-30,Thurston County,KP.1.1,0.0,166384,0.0,#CBFF86
2024-04-30,Thurston County,KP.1.1.3,0.0,166384,0.0,#1EB3B6
2024-04-30,Thurston County,KP.1.2,0.0,166384,0.0,#D7B5A6
2024-04-30,Thurston County,KP.2,0.0,166384,0.0,#5875A1
2024-04-30,Thurston County,KP.2.15,0.0,166384,0.0,#175DFF
2024-04-30,Thurston County,KP.2.3,0.0,166384,0.0,#628DE8
2024-04-30,Thurston County,KP.3,8376.877221600002,166384,0.0503466512501202,#B06589
2024-04-30,Thurston County,KP.3.1.1,0.0,166384,0.0,#2F92A1
2024-04-30,Thurston County,KP.4.1,0.0,166384,0.0,#FF473A
2024-04-30,Thurston County,KQ.1,0.0,166384,0.0,#E86CDE
2024-04-30,Thurston County,KV.2,0.0,166384,0.0,#E14365
2024-04-30,Thurston County,KW.1.1,0.0,166384,0.0,#34A0FF
2024-04-30,Thurston County,LB.1,0.0,166384,0.0,#795653
2024-04-30,Thurston County,Recombinant,0.0,166384,0.0,#FF0000
2024-04-30,Thurston County,XBB,0.0,166384,0.0,#9FA8DA
2024-04-30,Thurston County,XBB.1.16,0.0,166384,0.0,#4527A0
2024-04-30,Thurston County,XBB.1.16.1,0.0,166384,0.0,#F89B9B
2024-04-30,Thurston County,XBB.1.16.15,0.0,166384,0.0,#E3B5FA
2024-04-30,Thurston County,XBB.1.16.6,0.0,166384,0.0,#5AA350
2024-04-30,Thurston County,XBB.1.42.1,0.0,166384,0.0,#75D1A3
2024-04-30,Thurston County,XBB.1.5,0.0,166384,0.0,#3F51B5
2024-04-30,Thurston County,XBB.1.5.70,0.0,166384,0.0,#46783C
2024-04-30,Thurston County,XBB.1.5.72,0.0,166384,0.0,#254220
2024-04-30,Thurston County,XBB.1.9.1,0.0,166384,0.0,#304FFE
2024-04-30,Thurston County,XBB.1.9.2,0.0,166384,0.0,#536DFE
2024-04-30,Thurston County,XBB.2.3,0.0,166384,0.0,#F7BCDF
2024-04-30,Thurston County,XDP,0.0,166384,0.0,#B60052
2024-04-30,Thurston County,XDV.1,0.0,166384,0.0,#D367B6
2024-04-30,Thurston County,unreportable,1655.1500708800002,166384,0.0099477718463313,#eeeeee
2024-04-30,Walla Walla County,BA.2,0.0,836327,0.0,#9CCD67
2024-04-30,Walla Walla County,BA.2.12.1,0.0,836327,0.0,#7CB342
2024-04-30,Walla Walla County,BA.2.86,0.0,836327,0.0,#D770EE
2024-04-30,Walla Walla County,EG.5,0.0,836327,0.0,#FFBE7D
2024-04-30,Walla Walla County,EG.5.1.8,0.0,836327,0.0,#E14D6F
2024-04-30,Walla Walla County,EG.6.1,0.0,836327,0.0,#B9ABA8
2024-04-30,Walla Walla County,FE.1.1,0.0,836327,0.0,#499894
2024-04-30,Walla Walla County,FL.1.5.1,0.0,836327,0.0,#8CD17D
2024-04-30,Walla Walla County,GE.1,0.0,836327,0.0,#FABFD2
2024-04-30,Walla Walla County,GK.1.1,0.0,836327,0.0,#90FAE5
2024-04-30,Walla Walla County,HF.1,0.0,836327,0.0,#D399AD
2024-04-30,Walla Walla County,HK.3,0.0,836327,0.0,#859DBC
2024-04-30,Walla Walla County,HV.1,0.0,836327,0.0,#797765
2024-04-30,Walla Walla County,JD.1.1,0.0,836327,0.0,#80F192
2024-04-30,Walla Walla County,JF.1,0.0,836327,0.0,#FFF1A9
2024-04-30,Walla Walla County,JG.3,0.0,836327,0.0,#66A172
2024-04-30,Walla Walla County,JN.1,0.0,836327,0.0,#61018F
2024-04-30,Walla Walla County,JN.1.11.1,0.0,836327,0.0,#5C9CF1
2024-04-30,Walla Walla County,JN.1.13,0.0,836327,0.0,#E83C78
2024-04-30,Walla Walla County,JN.1.13.1,0.0,836327,0.0,#F2591C
2024-04-30,Walla Walla County,JN.1.16,0.0,836327,0.0,#BC3A88
2024-04-30,Walla Walla County,JN.1.16.1,0.0,836327,0.0,#366298
2024-04-30,Walla Walla County,JN.1.18,0.0,836327,0.0,#4AF32F
2024-04-30,Walla Walla County,JN.1.32,0.0,836327,0.0,#2E7919
2024-04-30,Walla Walla County,JN.1.4.3,0.0,836327,0.0,#9D1010
2024-04-30,Walla Walla County,JN.1.7,0.0,836327,0.0,#CF15E8
2024-04-30,Walla Walla County,JN.1.8.1,0.0,836327,0.0,#FFB027
2024-04-30,Walla Walla County,KP.1.1,0.0,836327,0.0,#CBFF86
2024-04-30,Walla Walla County,KP.1.1.3,0.0,836327,0.0,#1EB3B6
2024-04-30,Walla Walla County,KP.1.2,0.0,836327,0.0,#D7B5A6
2024-04-30,Walla Walla County,KP.2,0.0,836327,0.0,#5875A1
2024-04-30,Walla Walla County,KP.2.15,0.0,836327,0.0,#175DFF
2024-04-30,Walla Walla County,KP.2.3,0.0,836327,0.0,#628DE8
2024-04-30,Walla Walla County,KP.3,832594.17152128,836327,0.99553664,#B06589
2024-04-30,Walla Walla County,KP.3.1.1,0.0,836327,0.0,#2F92A1
2024-04-30,Walla Walla County,KP.4.1,0.0,836327,0.0,#FF473A
2024-04-30,Walla Walla County,KQ.1,0.0,836327,0.0,#E86CDE
2024-04-30,Walla Walla County,KV.2,0.0,836327,0.0,#E14365
2024-04-30,Walla Walla County,KW.1.1,0.0,836327,0.0,#34A0FF
2024-04-30,Walla Walla County,LB.1,0.0,836327,0.0,#795653
2024-04-30,Walla Walla County,Recombinant,0.0,836327,0.0,#FF0000
2024-04-30,Walla Walla County,XBB,0.0,836327,0.0,#9FA8DA
2024-04-30,Walla Walla County,XBB.1.16,0.0,836327,0.0,#4527A0
2024-04-30,Walla Walla County,XBB.1.16.1,0.0,836327,0.0,#F89B9B
2024-04-30,Walla Walla County,XBB.1.16.15,0.0,836327,0.0,#E3B5FA
2024-04-30,Walla Walla County,XBB.1.16.6,0.0,836327,0.0,#5AA350
2024-04-30,Walla Walla County,XBB.1.42.1,0.0,836327,0.0,#75D1A3
2024-04-30,Walla Walla County,XBB.1.5,0.0,836327,0.0,#3F51B5
2024-04-30,Walla Walla County,XBB.1.5.70,0.0,836327,0.0,#46783C
2024-04-30,Walla Walla County,XBB.1.5.72,0.0,836327,0.0,#254220
2024-04-30,Walla Walla County,XBB.1.9.1,0.0,836327,0.0,#304FFE
2024-04-30,Walla Walla County,XBB.1.9.2,0.0,836327,0.0,#536DFE
2024-04-30,Walla Walla County,XBB.2.3,0.0,836327,0.0,#F7BCDF
2024-04-30,Walla Walla County,XDP,0.0,836327,0.0,#B60052
2024-04-30,Walla Walla County,XDV.1,0.0,836327,0.0,#D367B6
2024-04-30,Walla Walla County,unreportable,3732.828478720001,836327,0.00446336,#eeeeee
2024-04-30,Whitman County,BA.2,0.0,245487,0.0,#9CCD67
2024-04-30,Whitman County,BA.2.12.1,0.0,245487,0.0,#7CB342
2024-04-30,Whitman County,BA.2.86,0.0,245487,0.0,#D770EE
2024-04-30,Whitman County,EG.5,0.0,245487,0.0,#FFBE7D
2024-04-30,Whitman County,EG.5.1.8,0.0,245487,0.0,#E14D6F
2024-04-30,Whitman County,EG.6.1,0.0,245487,0.0,#B9ABA8
2024-04-30,Whitman County,FE.1.1,0.0,245487,0.0,#499894
2024-04-30,Whitman County,FL.1.5.1,0.0,245487,0.0,#8CD17D
2024-04-30,Whitman County,GE.1,0.0,245487,0.0,#FABFD2
2024-04-30,Whitman County,GK.1.1,0.0,245487,0.0,#90FAE5
2024-04-30,Whitman County,HF.1,0.0,245487,0.0,#D399AD
2024-04-30,Whitman County,HK.3,0.0,245487,0.0,#859DBC
2024-04-30,Whitman County,HV.1,0.0,245487,0.0,#797765
2024-04-30,Whitman County,JD.1.1,0.0,245487,0.0,#80F192
2024-04-30,Whitman County,JF.1,0.0,245487,0.0,#FFF1A9
2024-04-30,Whitman County,JG.3,0.0,245487,0.0,#66A172
2024-04-30,Whitman County,JN.1,121557.58421631,245487,0.49516913,#61018F
2024-04-30,Whitman County,JN.1.11.1,751.681194,245487,0.003062,#5C9CF1
2024-04-30,Whitman County,JN.1.13,0.0,245487,0.0,#E83C78
2024-04-30,Whitman County,JN.1.13.1,0.0,245487,0.0,#F2591C
2024-04-30,Whitman County,JN.1.16,564.23959515,245487,0.00229845,#BC3A88
2024-04-30,Whitman County,JN.1.16.1,59563.60813689,245487,0.24263447,#366298
2024-04-30,Whitman County,JN.1.18,38524.70205738,245487,0.15693174,#4AF32F
2024-04-30,Whitman County,JN.1.32,0.0,245487,0.0,#2E7919
2024-04-30,Whitman County,JN.1.4.3,0.0,245487,0.0,#9D1010
2024-04-30,Whitman County,JN.1.7,574.20636735,245487,0.00233905,#CF15E8
2024-04-30,Whitman County,JN.1.8.1,0.0,245487,0.0,#FFB027
2024-04-30,Whitman County,KP.1.1,768.97329828,245487,0.00313244,#CBFF86
2024-04-30,Whitman County,KP.1.1.3,0.0,245487,0.0,#1EB3B6
2024-04-30,Whitman County,KP.1.2,0.0,245487,0.0,#D7B5A6
2024-04-30,Whitman County,KP.2,18518.98202451,245487,0.07543773,#5875A1
2024-04-30,Whitman County,KP.2.15,0.0,245487,0.0,#175DFF
2024-04-30,Whitman County,KP.2.3,0.0,245487,0.0,#628DE8
2024-04-30,Whitman County,KP.3,0.0,245487,0.0,#B06589
2024-04-30,Whitman County,KP.3.1.1,0.0,245487,0.0,#2F92A1
2024-04-30,Whitman County,KP.4.1,0.0,245487,0.0,#FF473A
2024-04-30,Whitman County,KQ.1,0.0,245487,0.0,#E86CDE
2024-04-30,Whitman County,KV.2,0.0,245487,0.0,#E14365
2024-04-30,Whitman County,KW.1.1,0.0,245487,0.0,#34A0FF
2024-04-30,Whitman County,LB.1,0.0,245487,0.0,#795653
2024-04-30,Whitman County,Recombinant,0.0,245487,0.0,#FF0000
2024-04-30,Whitman County,XBB,0.0,245487,0.0,#9FA8DA
2024-04-30,Whitman County,XBB.1.16,0.0,245487,0.0,#4527A0
2024-04-30,Whitman County,XBB.1.16.1,0.0,245487,0.0,#F89B9B
2024-04-30,Whitman County,XBB.1.16.15,0.0,245487,0.0,#E3B5FA
2024-04-30,Whitman County,XBB.1.16.6,0.0,245487,0.0,#5AA350
2024-04-30,Whitman County,XBB.1.42.1,0.0,245487,0.0,#75D1A3
2024-04-30,Whitman County,XBB.1.5,0.0,245487,0.0,#3F51B5
2024-04-30,Whitman County,XBB.1.5.70,0.0,245487,0.0,#46783C
2024-04-30,Whitman County,XBB.1.5.72,0.0,245487,0.0,#254220
2024-04-30,Whitman County,XBB.1.9.1,0.0,245487,0.0,#304FFE
2024-04-30,Whitman County,XBB.1.9.2,0.0,245487,0.0,#536DFE
2024-04-30,Whitman County,XBB.2.3,0.0,245487,0.0,#F7BCDF
2024-04-30,Whitman County,XDP,0.0,245487,0.0,#B60052
2024-04-30,Whitman County,XDV.1,0.0,245487,0.0,#D367B6
2024-04-30,Whitman County,unreportable,4663.02065526,245487,0.01899498,#eeeeee
2024-04-30,Yakima County,BA.2,0.0,854908,0.0,#9CCD67
2024-04-30,Yakima County,BA.2.12.1,0.0,854908,0.0,#7CB342
2024-04-30,Yakima County,BA.2.86,0.0,854908,0.0,#D770EE
2024-04-30,Yakima County,EG.5,0.0,854908,0.0,#FFBE7D
2024-04-30,Yakima County,EG.5.1.8,0.0,854908,0.0,#E14D6F
2024-04-30,Yakima County,EG.6.1,0.0,854908,0.0,#B9ABA8
2024-04-30,Yakima County,FE.1.1,0.0,854908,0.0,#499894
2024-04-30,Yakima County,FL.1.5.1,0.0,854908,0.0,#8CD17D
2024-04-30,Yakima County,GE.1,0.0,854908,0.0,#FABFD2
2024-04-30,Yakima County,GK.1.1,0.0,854908,0.0,#90FAE5
2024-04-30,Yakima County,HF.1,0.0,854908,0.0,#D399AD
2024-04-30,Yakima County,HK.3,0.0,854908,0.0,#859DBC
2024-04-30,Yakima County,HV.1,0.0,854908,0.0,#797765
2024-04-30,Yakima County,JD.1.1,0.0,854908,0.0,#80F192
2024-04-30,Yakima County,JF.1,0.0,854908,0.0,#FFF1A9
2024-04-30,Yakima County,JG.3,0.0,854908,0.0,#66A172
2024-04-30,Yakima County,JN.1,235515.78372360003,854908,0.2754867,#61018F
2024-04-30,Yakima County,JN.1.11.1,9085.76559516,854908,0.0106277699999999,#5C9CF1
2024-04-30,Yakima County,JN.1.13,0.0,854908,0.0,#E83C78
2024-04-30,Yakima County,JN.1.13.1,0.0,854908,0.0,#F2591C
2024-04-30,Yakima County,JN.1.16,0.0,854908,0.0,#BC3A88
2024-04-30,Yakima County,JN.1.16.1,0.0,854908,0.0,#366298
2024-04-30,Yakima County,JN.1.18,0.0,854908,0.0,#4AF32F
2024-04-30,Yakima County,JN.1.32,87681.43335736,854908,0.10256242,#2E7919
2024-04-30,Yakima County,JN.1.4.3,0.0,854908,0.0,#9D1010
2024-04-30,Yakima County,JN.1.7,90929.79308864,854908,0.10636208,#CF15E8
2024-04-30,Yakima County,JN.1.8.1,0.0,854908,0.0,#FFB027
2024-04-30,Yakima County,KP.1.1,0.0,854908,0.0,#CBFF86
2024-04-30,Yakima County,KP.1.1.3,0.0,854908,0.0,#1EB3B6
2024-04-30,Yakima County,KP.1.2,3618.62038608,854908,0.00423276,#D7B5A6
2024-04-30,Yakima County,KP.2,269813.025613,854908,0.31560475,#5875A1
2024-04-30,Yakima County,KP.2.15,0.0,854908,0.0,#175DFF
2024-04-30,Yakima County,KP.2.3,0.0,854908,0.0,#628DE8
2024-04-30,Yakima County,KP.3,1003.49955948,854908,0.00117381,#B06589
2024-04-30,Yakima County,KP.3.1.1,0.0,854908,0.0,#2F92A1
2024-04-30,Yakima County,KP.4.1,0.0,854908,0.0,#FF473A
2024-04-30,Yakima County,KQ.1,0.0,854908,0.0,#E86CDE
2024-04-30,Yakima County,KV.2,1281.21642328,854908,0.00149866,#E14365
2024-04-30,Yakima County,KW.1.1,0.0,854908,0.0,#34A0FF
2024-04-30,Yakima County,LB.1,142775.97941735998,854908,0.16700742,#795653
2024-04-30,Yakima County,Recombinant,1888.97052048,854908,0.00220956,#FF0000
2024-04-30,Yakima County,XBB,0.0,854908,0.0,#9FA8DA
2024-04-30,Yakima County,XBB.1.16,0.0,854908,0.0,#4527A0
2024-04-30,Yakima County,XBB.1.16.1,0.0,854908,0.0,#F89B9B
2024-04-30,Yakima County,XBB.1.16.15,0.0,854908,0.0,#E3B5FA
2024-04-30,Yakima County,XBB.1.16.6,0.0,854908,0.0,#5AA350
2024-04-30,Yakima County,XBB.1.42.1,0.0,854908,0.0,#75D1A3
2024-04-30,Yakima County,XBB.1.5,0.0,854908,0.0,#3F51B5
2024-04-30,Yakima County,XBB.1.5.70,0.0,854908,0.0,#46783C
2024-04-30,Yakima County,XBB.1.5.72,0.0,854908,0.0,#254220
2024-04-30,Yakima County,XBB.1.9.1,0.0,854908,0.0,#304FFE
2024-04-30,Yakima County,XBB.1.9.2,0.0,854908,0.0,#536DFE
2024-04-30,Yakima County,XBB.2.3,0.0,854908,0.0,#F7BCDF
2024-04-30,Yakima County,XDP,0.0,854908,0.0,#B60052
2024-04-30,Yakima County,XDV.1,0.0,854908,0.0,#D367B6
2024-04-30,Yakima County,unreportable,11313.91231556,854908,0.01323407,#eeeeee
2024-05-07,Benton County,BA.2,0.0,1209268,0.0,#9CCD67
2024-05-07,Benton County,BA.2.12.1,0.0,1209268,0.0,#7CB342
2024-05-07,Benton County,BA.2.86,0.0,1209268,0.0,#D770EE
2024-05-07,Benton County,EG.5,0.0,1209268,0.0,#FFBE7D
2024-05-07,Benton County,EG.5.1.8,0.0,1209268,0.0,#E14D6F
2024-05-07,Benton County,EG.6.1,0.0,1209268,0.0,#B9ABA8
2024-05-07,Benton County,FE.1.1,0.0,1209268,0.0,#499894
2024-05-07,Benton County,FL.1.5.1,0.0,1209268,0.0,#8CD17D
2024-05-07,Benton County,GE.1,0.0,1209268,0.0,#FABFD2
2024-05-07,Benton County,GK.1.1,0.0,1209268,0.0,#90FAE5
2024-05-07,Benton County,HF.1,0.0,1209268,0.0,#D399AD
2024-05-07,Benton County,HK.3,0.0,1209268,0.0,#859DBC
2024-05-07,Benton County,HV.1,0.0,1209268,0.0,#797765
2024-05-07,Benton County,JD.1.1,0.0,1209268,0.0,#80F192
2024-05-07,Benton County,JF.1,0.0,1209268,0.0,#FFF1A9
2024-05-07,Benton County,JG.3,0.0,1209268,0.0,#66A172
2024-05-07,Benton County,JN.1,0.0,1209268,0.0,#61018F
2024-05-07,Benton County,JN.1.11.1,0.0,1209268,0.0,#5C9CF1
2024-05-07,Benton County,JN.1.13,0.0,1209268,0.0,#E83C78
2024-05-07,Benton County,JN.1.13.1,0.0,1209268,0.0,#F2591C
2024-05-07,Benton County,JN.1.16,0.0,1209268,0.0,#BC3A88
2024-05-07,Benton County,JN.1.16.1,0.0,1209268,0.0,#366298
2024-05-07,Benton County,JN.1.18,0.0,1209268,0.0,#4AF32F
2024-05-07,Benton County,JN.1.32,0.0,1209268,0.0,#2E7919
2024-05-07,Benton County,JN.1.4.3,0.0,1209268,0.0,#9D1010
2024-05-07,Benton County,JN.1.7,704008.2825821,1209268,0.5821772200885991,#CF15E8
2024-05-07,Benton County,JN.1.8.1,0.0,1209268,0.0,#FFB027
2024-05-07,Benton County,KP.1.1,0.0,1209268,0.0,#CBFF86
2024-05-07,Benton County,KP.1.1.3,0.0,1209268,0.0,#1EB3B6
2024-05-07,Benton County,KP.1.2,0.0,1209268,0.0,#D7B5A6
2024-05-07,Benton County,KP.2,0.0,1209268,0.0,#5875A1
2024-05-07,Benton County,KP.2.15,0.0,1209268,0.0,#175DFF
2024-05-07,Benton County,KP.2.3,0.0,1209268,0.0,#628DE8
2024-05-07,Benton County,KP.3,498229.79621552,1209268,0.4120094108299566,#B06589
2024-05-07,Benton County,KP.3.1.1,0.0,1209268,0.0,#2F92A1
2024-05-07,Benton County,KP.4.1,0.0,1209268,0.0,#FF473A
2024-05-07,Benton County,KQ.1,0.0,1209268,0.0,#E86CDE
2024-05-07,Benton County,KV.2,0.0,1209268,0.0,#E14365
2024-05-07,Benton County,KW.1.1,0.0,1209268,0.0,#34A0FF
2024-05-07,Benton County,LB.1,0.0,1209268,0.0,#795653
2024-05-07,Benton County,Recombinant,0.0,1209268,0.0,#FF0000
2024-05-07,Benton County,XBB,0.0,1209268,0.0,#9FA8DA
2024-05-07,Benton County,XBB.1.16,0.0,1209268,0.0,#4527A0
2024-05-07,Benton County,XBB.1.16.1,0.0,1209268,0.0,#F89B9B
2024-05-07,Benton County,XBB.1.16.15,0.0,1209268,0.0,#E3B5FA
2024-05-07,Benton County,XBB.1.16.6,0.0,1209268,0.0,#5AA350
2024-05-07,Benton County,XBB.1.42.1,0.0,1209268,0.0,#75D1A3
2024-05-07,Benton County,XBB.1.5,0.0,1209268,0.0,#3F51B5
2024-05-07,Benton County,XBB.1.5.70,0.0,1209268,0.0,#46783C
2024-05-07,Benton County,XBB.1.5.72,0.0,1209268,0.0,#254220
2024-05-07,Benton County,XBB.1.9.1,0.0,1209268,0.0,#304FFE
2024-05-07,Benton County,XBB.1.9.2,0.0,1209268,0.0,#536DFE
2024-05-07,Benton County,XBB.2.3,0.0,1209268,0.0,#F7BCDF
2024-05-07,Benton County,XDP,0.0,1209268,0.0,#B60052
2024-05-07,Benton County,XDV.1,0.0,1209268,0.0,#D367B6
2024-05-07,Benton County,unreportable,7029.91413148,1209268,0.0058133632341879,#eeeeee
2024-05-07,Chelan County,BA.2,0.0,923896,0.0,#9CCD67
2024-05-07,Chelan County,BA.2.12.1,0.0,923896,0.0,#7CB342
2024-05-07,Chelan County,BA.2.86,248114.0645028,923896,0.2685519414553153,#D770EE
2024-05-07,Chelan County,EG.5,0.0,923896,0.0,#FFBE7D
2024-05-07,Chelan County,EG.5.1.8,0.0,923896,0.0,#E14D6F
2024-05-07,Chelan County,EG.6.1,0.0,923896,0.0,#B9ABA8
2024-05-07,Chelan County,FE.1.1,0.0,923896,0.0,#499894
2024-05-07,Chelan County,FL.1.5.1,0.0,923896,0.0,#8CD17D
2024-05-07,Chelan County,GE.1,0.0,923896,0.0,#FABFD2
2024-05-07,Chelan County,GK.1.1,0.0,923896,0.0,#90FAE5
2024-05-07,Chelan County,HF.1,0.0,923896,0.0,#D399AD
2024-05-07,Chelan County,HK.3,0.0,923896,0.0,#859DBC
2024-05-07,Chelan County,HV.1,0.0,923896,0.0,#797765
2024-05-07,Chelan County,JD.1.1,0.0,923896,0.0,#80F192
2024-05-07,Chelan County,JF.1,0.0,923896,0.0,#FFF1A9
2024-05-07,Chelan County,JG.3,0.0,923896,0.0,#66A172
2024-05-07,Chelan County,JN.1,5785.98838872,923896,0.0062625970766406,#61018F
2024-05-07,Chelan County,JN.1.11.1,0.0,923896,0.0,#5C9CF1
2024-05-07,Chelan County,JN.1.13,0.0,923896,0.0,#E83C78
2024-05-07,Chelan County,JN.1.13.1,0.0,923896,0.0,#F2591C
2024-05-07,Chelan County,JN.1.16,100119.0580254,923896,0.1083661559584628,#BC3A88
2024-05-07,Chelan County,JN.1.16.1,0.0,923896,0.0,#366298
2024-05-07,Chelan County,JN.1.18,69533.67564904,923896,0.0752613667004078,#4AF32F
2024-05-07,Chelan County,JN.1.32,0.0,923896,0.0,#2E7919
2024-05-07,Chelan County,JN.1.4.3,0.0,923896,0.0,#9D1010
2024-05-07,Chelan County,JN.1.7,0.0,923896,0.0,#CF15E8
2024-05-07,Chelan County,JN.1.8.1,0.0,923896,0.0,#FFB027
2024-05-07,Chelan County,KP.1.1,252.3151128,923896,0.0002730990423164,#CBFF86
2024-05-07,Chelan County,KP.1.1.3,0.0,923896,0.0,#1EB3B6
2024-05-07,Chelan County,KP.1.2,0.0,923896,0.0,#D7B5A6
2024-05-07,Chelan County,KP.2,75724.23537280002,923896,0.0819618608293574,#5875A1
2024-05-07,Chelan County,KP.2.15,0.0,923896,0.0,#175DFF
2024-05-07,Chelan County,KP.2.3,0.0,923896,0.0,#628DE8
2024-05-07,Chelan County,KP.3,0.0,923896,0.0,#B06589
2024-05-07,Chelan County,KP.3.1.1,0.0,923896,0.0,#2F92A1
2024-05-07,Chelan County,KP.4.1,0.0,923896,0.0,#FF473A
2024-05-07,Chelan County,KQ.1,0.0,923896,0.0,#E86CDE
2024-05-07,Chelan County,KV.2,128.85554424,923896,0.0001394697501017,#E14365
2024-05-07,Chelan County,KW.1.1,0.0,923896,0.0,#34A0FF
2024-05-07,Chelan County,LB.1,0.0,923896,0.0,#795653
2024-05-07,Chelan County,Recombinant,419468.3676552801,923896,0.4540211968179103,#FF0000
2024-05-07,Chelan County,XBB,0.0,923896,0.0,#9FA8DA
2024-05-07,Chelan County,XBB.1.16,0.0,923896,0.0,#4527A0
2024-05-07,Chelan County,XBB.1.16.1,0.0,923896,0.0,#F89B9B
2024-05-07,Chelan County,XBB.1.16.15,0.0,923896,0.0,#E3B5FA
2024-05-07,Chelan County,XBB.1.16.6,0.0,923896,0.0,#5AA350
2024-05-07,Chelan County,XBB.1.42.1,0.0,923896,0.0,#75D1A3
2024-05-07,Chelan County,XBB.1.5,0.0,923896,0.0,#3F51B5
2024-05-07,Chelan County,XBB.1.5.70,0.0,923896,0.0,#46783C
2024-05-07,Chelan County,XBB.1.5.72,0.0,923896,0.0,#254220
2024-05-07,Chelan County,XBB.1.9.1,0.0,923896,0.0,#304FFE
2024-05-07,Chelan County,XBB.1.9.2,0.0,923896,0.0,#536DFE
2024-05-07,Chelan County,XBB.2.3,0.0,923896,0.0,#F7BCDF
2024-05-07,Chelan County,XDP,0.0,923896,0.0,#B60052
2024-05-07,Chelan County,XDV.1,0.0,923896,0.0,#D367B6
2024-05-07,Chelan County,unreportable,4769.430509960001,923896,0.0051623023694874,#eeeeee
2024-05-07,Island County,BA.2,0.0,1778632,0.0,#9CCD67
2024-05-07,Island County,BA.2.12.1,0.0,1778632,0.0,#7CB342
2024-05-07,Island County,BA.2.86,0.0,1778632,0.0,#D770EE
2024-05-07,Island County,EG.5,0.0,1778632,0.0,#FFBE7D
2024-05-07,Island County,EG.5.1.8,0.0,1778632,0.0,#E14D6F
2024-05-07,Island County,EG.6.1,0.0,1778632,0.0,#B9ABA8
2024-05-07,Island County,FE.1.1,0.0,1778632,0.0,#499894
2024-05-07,Island County,FL.1.5.1,0.0,1778632,0.0,#8CD17D
2024-05-07,Island County,GE.1,0.0,1778632,0.0,#FABFD2
2024-05-07,Island County,GK.1.1,0.0,1778632,0.0,#90FAE5
2024-05-07,Island County,HF.1,0.0,1778632,0.0,#D399AD
2024-05-07,Island County,HK.3,0.0,1778632,0.0,#859DBC
2024-05-07,Island County,HV.1,0.0,1778632,0.0,#797765
2024-05-07,Island County,JD.1.1,0.0,1778632,0.0,#80F192
2024-05-07,Island County,JF.1,0.0,1778632,0.0,#FFF1A9
2024-05-07,Island County,JG.3,0.0,1778632,0.0,#66A172
2024-05-07,Island County,JN.1,461637.08361199,1778632,0.2595461476078188,#61018F
2024-05-07,Island County,JN.1.11.1,270883.93036335,1778632,0.1522990311449192,#5C9CF1
2024-05-07,Island County,JN.1.13,0.0,1778632,0.0,#E83C78
2024-05-07,Island County,JN.1.13.1,0.0,1778632,0.0,#F2591C
2024-05-07,Island County,JN.1.16,229931.16189834,1778632,0.1292741623328153,#BC3A88
2024-05-07,Island County,JN.1.16.1,0.0,1778632,0.0,#366298
2024-05-07,Island County,JN.1.18,95332.4932912,1778632,0.0535987732657458,#4AF32F
2024-05-07,Island County,JN.1.32,283036.21315845,1778632,0.1591314072604394,#2E7919
2024-05-07,Island County,JN.1.4.3,0.0,1778632,0.0,#9D1010
2024-05-07,Island County,JN.1.7,0.0,1778632,0.0,#CF15E8
2024-05-07,Island County,JN.1.8.1,75680.2251912,1778632,0.0425496815480661,#FFB027
2024-05-07,Island County,KP.1.1,1807.581909,1778632,0.0010162765029528,#CBFF86
2024-05-07,Island County,KP.1.1.3,0.0,1778632,0.0,#1EB3B6
2024-05-07,Island County,KP.1.2,11964.59576205,1778632,0.0067268528633522,#D7B5A6
2024-05-07,Island County,KP.2,277.1460344,1778632,0.000155819772949,#5875A1
2024-05-07,Island County,KP.2.15,0.0,1778632,0.0,#175DFF
2024-05-07,Island County,KP.2.3,40909.0004217,1778632,0.023000261111742,#628DE8
2024-05-07,Island County,KP.3,284231.58031046,1778632,0.159803478353285,#B06589
2024-05-07,Island County,KP.3.1.1,0.0,1778632,0.0,#2F92A1
2024-05-07,Island County,KP.4.1,0.0,1778632,0.0,#FF473A
2024-05-07,Island County,KQ.1,0.0,1778632,0.0,#E86CDE
2024-05-07,Island County,KV.2,5899.00965435,1778632,0.003316599304606,#E14365
2024-05-07,Island County,KW.1.1,670.84418793,1778632,0.0003771686261857,#34A0FF
2024-05-07,Island County,LB.1,0.0,1778632,0.0,#795653
2024-05-07,Island County,Recombinant,0.0,1778632,0.0,#FF0000
2024-05-07,Island County,XBB,0.0,1778632,0.0,#9FA8DA
2024-05-07,Island County,XBB.1.16,0.0,1778632,0.0,#4527A0
2024-05-07,Island County,XBB.1.16.1,0.0,1778632,0.0,#F89B9B
2024-05-07,Island County,XBB.1.16.15,0.0,1778632,0.0,#E3B5FA
2024-05-07,Island County,XBB.1.16.6,0.0,1778632,0.0,#5AA350
2024-05-07,Island County,XBB.1.42.1,0.0,1778632,0.0,#75D1A3
2024-05-07,Island County,XBB.1.5,0.0,1778632,0.0,#3F51B5
2024-05-07,Island County,XBB.1.5.70,0.0,1778632,0.0,#46783C
2024-05-07,Island County,XBB.1.5.72,0.0,1778632,0.0,#254220
2024-05-07,Island County,XBB.1.9.1,0.0,1778632,0.0,#304FFE
2024-05-07,Island County,XBB.1.9.2,0.0,1778632,0.0,#536DFE
2024-05-07,Island County,XBB.2.3,0.0,1778632,0.0,#F7BCDF
2024-05-07,Island County,XDP,0.0,1778632,0.0,#B60052
2024-05-07,Island County,XDV.1,0.0,1778632,0.0,#D367B6
2024-05-07,Island County,unreportable,16371.14857372,1778632,0.0092043483833193,#eeeeee
2024-05-07,Jefferson County,BA.2,0.0,162770,0.0,#9CCD67
2024-05-07,Jefferson County,BA.2.12.1,0.0,162770,0.0,#7CB342
2024-05-07,Jefferson County,BA.2.86,0.0,162770,0.0,#D770EE
2024-05-07,Jefferson County,EG.5,0.0,162770,0.0,#FFBE7D
2024-05-07,Jefferson County,EG.5.1.8,0.0,162770,0.0,#E14D6F
2024-05-07,Jefferson County,EG.6.1,0.0,162770,0.0,#B9ABA8
2024-05-07,Jefferson County,FE.1.1,0.0,162770,0.0,#499894
2024-05-07,Jefferson County,FL.1.5.1,0.0,162770,0.0,#8CD17D
2024-05-07,Jefferson County,GE.1,0.0,162770,0.0,#FABFD2
2024-05-07,Jefferson County,GK.1.1,0.0,162770,0.0,#90FAE5
2024-05-07,Jefferson County,HF.1,0.0,162770,0.0,#D399AD
2024-05-07,Jefferson County,HK.3,0.0,162770,0.0,#859DBC
2024-05-07,Jefferson County,HV.1,0.0,162770,0.0,#797765
2024-05-07,Jefferson County,JD.1.1,0.0,162770,0.0,#80F192
2024-05-07,Jefferson County,JF.1,0.0,162770,0.0,#FFF1A9
2024-05-07,Jefferson County,JG.3,0.0,162770,0.0,#66A172
2024-05-07,Jefferson County,JN.1,50485.5147298,162770,0.31016474,#61018F
2024-05-07,Jefferson County,JN.1.11.1,0.0,162770,0.0,#5C9CF1
2024-05-07,Jefferson County,JN.1.13,0.0,162770,0.0,#E83C78
2024-05-07,Jefferson County,JN.1.13.1,0.0,162770,0.0,#F2591C
2024-05-07,Jefferson County,JN.1.16,0.0,162770,0.0,#BC3A88
2024-05-07,Jefferson County,JN.1.16.1,35716.853861100004,162770,0.21943143,#366298
2024-05-07,Jefferson County,JN.1.18,469.0836076,162770,0.00288188,#4AF32F
2024-05-07,Jefferson County,JN.1.32,0.0,162770,0.0,#2E7919
2024-05-07,Jefferson County,JN.1.4.3,0.0,162770,0.0,#9D1010
2024-05-07,Jefferson County,JN.1.7,0.0,162770,0.0,#CF15E8
2024-05-07,Jefferson County,JN.1.8.1,0.0,162770,0.0,#FFB027
2024-05-07,Jefferson County,KP.1.1,23654.8025435,162770,0.14532655,#CBFF86
2024-05-07,Jefferson County,KP.1.1.3,0.0,162770,0.0,#1EB3B6
2024-05-07,Jefferson County,KP.1.2,0.0,162770,0.0,#D7B5A6
2024-05-07,Jefferson County,KP.2,22281.2988248,162770,0.13688824,#5875A1
2024-05-07,Jefferson County,KP.2.15,0.0,162770,0.0,#175DFF
2024-05-07,Jefferson County,KP.2.3,7862.7529707,162770,0.04830591,#628DE8
2024-05-07,Jefferson County,KP.3,9105.7639804,162770,0.05594252,#B06589
2024-05-07,Jefferson County,KP.3.1.1,0.0,162770,0.0,#2F92A1
2024-05-07,Jefferson County,KP.4.1,0.0,162770,0.0,#FF473A
2024-05-07,Jefferson County,KQ.1,10359.1808762,162770,0.06364306,#E86CDE
2024-05-07,Jefferson County,KV.2,0.0,162770,0.0,#E14365
2024-05-07,Jefferson County,KW.1.1,0.0,162770,0.0,#34A0FF
2024-05-07,Jefferson County,LB.1,0.0,162770,0.0,#795653
2024-05-07,Jefferson County,Recombinant,0.0,162770,0.0,#FF0000
2024-05-07,Jefferson County,XBB,0.0,162770,0.0,#9FA8DA
2024-05-07,Jefferson County,XBB.1.16,0.0,162770,0.0,#4527A0
2024-05-07,Jefferson County,XBB.1.16.1,0.0,162770,0.0,#F89B9B
2024-05-07,Jefferson County,XBB.1.16.15,0.0,162770,0.0,#E3B5FA
2024-05-07,Jefferson County,XBB.1.16.6,0.0,162770,0.0,#5AA350
2024-05-07,Jefferson County,XBB.1.42.1,0.0,162770,0.0,#75D1A3
2024-05-07,Jefferson County,XBB.1.5,0.0,162770,0.0,#3F51B5
2024-05-07,Jefferson County,XBB.1.5.70,0.0,162770,0.0,#46783C
2024-05-07,Jefferson County,XBB.1.5.72,0.0,162770,0.0,#254220
2024-05-07,Jefferson County,XBB.1.9.1,0.0,162770,0.0,#304FFE
2024-05-07,Jefferson County,XBB.1.9.2,0.0,162770,0.0,#536DFE
2024-05-07,Jefferson County,XBB.2.3,0.0,162770,0.0,#F7BCDF
2024-05-07,Jefferson County,XDP,0.0,162770,0.0,#B60052
2024-05-07,Jefferson County,XDV.1,0.0,162770,0.0,#D367B6
2024-05-07,Jefferson County,unreportable,2834.7518613,162770,0.01741569,#eeeeee
2024-05-07,King County,BA.2,0.0,973611,0.0,#9CCD67
2024-05-07,King County,BA.2.12.1,0.0,973611,0.0,#7CB342
2024-05-07,King County,BA.2.86,0.0,973611,0.0,#D770EE
2024-05-07,King County,EG.5,0.0,973611,0.0,#FFBE7D
2024-05-07,King County,EG.5.1.8,0.0,973611,0.0,#E14D6F
2024-05-07,King County,EG.6.1,0.0,973611,0.0,#B9ABA8
2024-05-07,King County,FE.1.1,0.0,973611,0.0,#499894
2024-05-07,King County,FL.1.5.1,0.0,973611,0.0,#8CD17D
2024-05-07,King County,GE.1,0.0,973611,0.0,#FABFD2
2024-05-07,King County,GK.1.1,0.0,973611,0.0,#90FAE5
2024-05-07,King County,HF.1,0.0,973611,0.0,#D399AD
2024-05-07,King County,HK.3,0.0,973611,0.0,#859DBC
2024-05-07,King County,HV.1,0.0,973611,0.0,#797765
2024-05-07,King County,JD.1.1,0.0,973611,0.0,#80F192
2024-05-07,King County,JF.1,0.0,973611,0.0,#FFF1A9
2024-05-07,King County,JG.3,0.0,973611,0.0,#66A172
2024-05-07,King County,JN.1,681419.60970678,973611,0.69988898,#61018F
2024-05-07,King County,JN.1.11.1,0.0,973611,0.0,#5C9CF1
2024-05-07,King County,JN.1.13,86851.7481438,973611,0.0892058,#E83C78
2024-05-07,King County,JN.1.13.1,0.0,973611,0.0,#F2591C
2024-05-07,King County,JN.1.16,0.0,973611,0.0,#BC3A88
2024-05-07,King County,JN.1.16.1,0.0,973611,0.0,#366298
2024-05-07,King County,JN.1.18,191098.52695521,973611,0.19627811,#4AF32F
2024-05-07,King County,JN.1.32,0.0,973611,0.0,#2E7919
2024-05-07,King County,JN.1.4.3,0.0,973611,0.0,#9D1010
2024-05-07,King County,JN.1.7,0.0,973611,0.0,#CF15E8
2024-05-07,King County,JN.1.8.1,0.0,973611,0.0,#FFB027
2024-05-07,King County,KP.1.1,0.0,973611,0.0,#CBFF86
2024-05-07,King County,KP.1.1.3,0.0,973611,0.0,#1EB3B6
2024-05-07,King County,KP.1.2,0.0,973611,0.0,#D7B5A6
2024-05-07,King County,KP.2,0.0,973611,0.0,#5875A1
2024-05-07,King County,KP.2.15,0.0,973611,0.0,#175DFF
2024-05-07,King County,KP.2.3,0.0,973611,0.0,#628DE8
2024-05-07,King County,KP.3,0.0,973611,0.0,#B06589
2024-05-07,King County,KP.3.1.1,0.0,973611,0.0,#2F92A1
2024-05-07,King County,KP.4.1,0.0,973611,0.0,#FF473A
2024-05-07,King County,KQ.1,0.0,973611,0.0,#E86CDE
2024-05-07,King County,KV.2,1478.36988684,973611,0.00151844,#E14365
2024-05-07,King County,KW.1.1,0.0,973611,0.0,#34A0FF
2024-05-07,King County,LB.1,0.0,973611,0.0,#795653
2024-05-07,King County,Recombinant,0.0,973611,0.0,#FF0000
2024-05-07,King County,XBB,0.0,973611,0.0,#9FA8DA
2024-05-07,King County,XBB.1.16,0.0,973611,0.0,#4527A0
2024-05-07,King County,XBB.1.16.1,0.0,973611,0.0,#F89B9B
2024-05-07,King County,XBB.1.16.15,0.0,973611,0.0,#E3B5FA
2024-05-07,King County,XBB.1.16.6,0.0,973611,0.0,#5AA350
2024-05-07,King County,XBB.1.42.1,0.0,973611,0.0,#75D1A3
2024-05-07,King County,XBB.1.5,0.0,973611,0.0,#3F51B5
2024-05-07,King County,XBB.1.5.70,0.0,973611,0.0,#46783C
2024-05-07,King County,XBB.1.5.72,0.0,973611,0.0,#254220
2024-05-07,King County,XBB.1.9.1,0.0,973611,0.0,#304FFE
2024-05-07,King County,XBB.1.9.2,0.0,973611,0.0,#536DFE
2024-05-07,King County,XBB.2.3,0.0,973611,0.0,#F7BCDF
2024-05-07,King County,XDP,0.0,973611,0.0,#B60052
2024-05-07,King County,XDV.1,0.0,973611,0.0,#D367B6
2024-05-07,King County,unreportable,12762.73557126,973611,0.01310866,#eeeeee
2024-05-07,Kittitas County,BA.2,0.0,862782,0.0,#9CCD67
2024-05-07,Kittitas County,BA.2.12.1,0.0,862782,0.0,#7CB342
2024-05-07,Kittitas County,BA.2.86,0.0,862782,0.0,#D770EE
2024-05-07,Kittitas County,EG.5,0.0,862782,0.0,#FFBE7D
2024-05-07,Kittitas County,EG.5.1.8,0.0,862782,0.0,#E14D6F
2024-05-07,Kittitas County,EG.6.1,0.0,862782,0.0,#B9ABA8
2024-05-07,Kittitas County,FE.1.1,0.0,862782,0.0,#499894
2024-05-07,Kittitas County,FL.1.5.1,0.0,862782,0.0,#8CD17D
2024-05-07,Kittitas County,GE.1,0.0,862782,0.0,#FABFD2
2024-05-07,Kittitas County,GK.1.1,0.0,862782,0.0,#90FAE5
2024-05-07,Kittitas County,HF.1,0.0,862782,0.0,#D399AD
2024-05-07,Kittitas County,HK.3,0.0,862782,0.0,#859DBC
2024-05-07,Kittitas County,HV.1,0.0,862782,0.0,#797765
2024-05-07,Kittitas County,JD.1.1,0.0,862782,0.0,#80F192
2024-05-07,Kittitas County,JF.1,0.0,862782,0.0,#FFF1A9
2024-05-07,Kittitas County,JG.3,0.0,862782,0.0,#66A172
2024-05-07,Kittitas County,JN.1,140459.32505346002,862782,0.1627981634450649,#61018F
2024-05-07,Kittitas County,JN.1.11.1,494.024544,862782,0.0005725948663741,#5C9CF1
2024-05-07,Kittitas County,JN.1.13,0.0,862782,0.0,#E83C78
2024-05-07,Kittitas County,JN.1.13.1,73199.35379766,862782,0.0848410766539635,#F2591C
2024-05-07,Kittitas County,JN.1.16,195721.72019568,862782,0.2268495636159308,#BC3A88
2024-05-07,Kittitas County,JN.1.16.1,186659.40211992,862782,0.2163459623866979,#366298
2024-05-07,Kittitas County,JN.1.18,0.0,862782,0.0,#4AF32F
2024-05-07,Kittitas County,JN.1.32,0.0,862782,0.0,#2E7919
2024-05-07,Kittitas County,JN.1.4.3,0.0,862782,0.0,#9D1010
2024-05-07,Kittitas County,JN.1.7,59065.1565504,862782,0.0684589578252675,#CF15E8
2024-05-07,Kittitas County,JN.1.8.1,0.0,862782,0.0,#FFB027
2024-05-07,Kittitas County,KP.1.1,578.6884272,862782,0.0006707238064771,#CBFF86
2024-05-07,Kittitas County,KP.1.1.3,0.0,862782,0.0,#1EB3B6
2024-05-07,Kittitas County,KP.1.2,73206.38566332,862782,0.0848492268769167,#D7B5A6
2024-05-07,Kittitas County,KP.2,33569.47029132,862782,0.0389084036191297,#5875A1
2024-05-07,Kittitas County,KP.2.15,0.0,862782,0.0,#175DFF
2024-05-07,Kittitas County,KP.2.3,0.0,862782,0.0,#628DE8
2024-05-07,Kittitas County,KP.3,90946.78869258,862782,0.1054110872648942,#B06589
2024-05-07,Kittitas County,KP.3.1.1,0.0,862782,0.0,#2F92A1
2024-05-07,Kittitas County,KP.4.1,916.43329206,862782,0.0010621840651056,#FF473A
2024-05-07,Kittitas County,KQ.1,0.0,862782,0.0,#E86CDE
2024-05-07,Kittitas County,KV.2,0.0,862782,0.0,#E14365
2024-05-07,Kittitas County,KW.1.1,1478.32795908,862782,0.0017134432093854,#34A0FF
2024-05-07,Kittitas County,LB.1,0.0,862782,0.0,#795653
2024-05-07,Kittitas County,Recombinant,0.0,862782,0.0,#FF0000
2024-05-07,Kittitas County,XBB,0.0,862782,0.0,#9FA8DA
2024-05-07,Kittitas County,XBB.1.16,0.0,862782,0.0,#4527A0
2024-05-07,Kittitas County,XBB.1.16.1,0.0,862782,0.0,#F89B9B
2024-05-07,Kittitas County,XBB.1.16.15,0.0,862782,0.0,#E3B5FA
2024-05-07,Kittitas County,XBB.1.16.6,0.0,862782,0.0,#5AA350
2024-05-07,Kittitas County,XBB.1.42.1,0.0,862782,0.0,#75D1A3
2024-05-07,Kittitas County,XBB.1.5,0.0,862782,0.0,#3F51B5
2024-05-07,Kittitas County,XBB.1.5.70,0.0,862782,0.0,#46783C
2024-05-07,Kittitas County,XBB.1.5.72,0.0,862782,0.0,#254220
2024-05-07,Kittitas County,XBB.1.9.1,0.0,862782,0.0,#304FFE
2024-05-07,Kittitas County,XBB.1.9.2,0.0,862782,0.0,#536DFE
2024-05-07,Kittitas County,XBB.2.3,0.0,862782,0.0,#F7BCDF
2024-05-07,Kittitas County,XDP,0.0,862782,0.0,#B60052
2024-05-07,Kittitas County,XDV.1,0.0,862782,0.0,#D367B6
2024-05-07,Kittitas County,unreportable,6486.93779856,862782,0.0075186290378797,#eeeeee
2024-05-07,Okanogan County,BA.2,0.0,951940,0.0,#9CCD67
2024-05-07,Okanogan County,BA.2.12.1,0.0,951940,0.0,#7CB342
2024-05-07,Okanogan County,BA.2.86,1025.4854268,951940,0.001077258468811,#D770EE
2024-05-07,Okanogan County,EG.5,0.0,951940,0.0,#FFBE7D
2024-05-07,Okanogan County,EG.5.1.8,0.0,951940,0.0,#E14D6F
2024-05-07,Okanogan County,EG.6.1,0.0,951940,0.0,#B9ABA8
2024-05-07,Okanogan County,FE.1.1,0.0,951940,0.0,#499894
2024-05-07,Okanogan County,FL.1.5.1,0.0,951940,0.0,#8CD17D
2024-05-07,Okanogan County,GE.1,0.0,951940,0.0,#FABFD2
2024-05-07,Okanogan County,GK.1.1,0.0,951940,0.0,#90FAE5
2024-05-07,Okanogan County,HF.1,0.0,951940,0.0,#D399AD
2024-05-07,Okanogan County,HK.3,0.0,951940,0.0,#859DBC
2024-05-07,Okanogan County,HV.1,0.0,951940,0.0,#797765
2024-05-07,Okanogan County,JD.1.1,0.0,951940,0.0,#80F192
2024-05-07,Okanogan County,JF.1,0.0,951940,0.0,#FFF1A9
2024-05-07,Okanogan County,JG.3,0.0,951940,0.0,#66A172
2024-05-07,Okanogan County,JN.1,5942.5661595,951940,0.00624258478423,#61018F
2024-05-07,Okanogan County,JN.1.11.1,1627.8488906,951940,0.0017100330804462,#5C9CF1
2024-05-07,Okanogan County,JN.1.13,0.0,951940,0.0,#E83C78
2024-05-07,Okanogan County,JN.1.13.1,0.0,951940,0.0,#F2591C
2024-05-07,Okanogan County,JN.1.16,1413.0175702,951940,0.0014843557054016,#BC3A88
2024-05-07,Okanogan County,JN.1.16.1,1389.8484268,951940,0.001460016835935,#366298
2024-05-07,Okanogan County,JN.1.18,0.0,951940,0.0,#4AF32F
2024-05-07,Okanogan County,JN.1.32,0.0,951940,0.0,#2E7919
2024-05-07,Okanogan County,JN.1.4.3,0.0,951940,0.0,#9D1010
2024-05-07,Okanogan County,JN.1.7,138416.3183286,951940,0.1454044565083934,#CF15E8
2024-05-07,Okanogan County,JN.1.8.1,0.0,951940,0.0,#FFB027
2024-05-07,Okanogan County,KP.1.1,5470.4893862,951940,0.0057466745658339,#CBFF86
2024-05-07,Okanogan County,KP.1.1.3,0.0,951940,0.0,#1EB3B6
2024-05-07,Okanogan County,KP.1.2,0.0,951940,0.0,#D7B5A6
2024-05-07,Okanogan County,KP.2,1563.5245844,951940,0.0016424612731894,#5875A1
2024-05-07,Okanogan County,KP.2.15,0.0,951940,0.0,#175DFF
2024-05-07,Okanogan County,KP.2.3,0.0,951940,0.0,#628DE8
2024-05-07,Okanogan County,KP.3,0.0,951940,0.0,#B06589
2024-05-07,Okanogan County,KP.3.1.1,0.0,951940,0.0,#2F92A1
2024-05-07,Okanogan County,KP.4.1,0.0,951940,0.0,#FF473A
2024-05-07,Okanogan County,KQ.1,0.0,951940,0.0,#E86CDE
2024-05-07,Okanogan County,KV.2,0.0,951940,0.0,#E14365
2024-05-07,Okanogan County,KW.1.1,0.0,951940,0.0,#34A0FF
2024-05-07,Okanogan County,LB.1,776382.3061839,951940,0.8155790345861084,#795653
2024-05-07,Okanogan County,Recombinant,0.0,951940,0.0,#FF0000
2024-05-07,Okanogan County,XBB,0.0,951940,0.0,#9FA8DA
2024-05-07,Okanogan County,XBB.1.16,0.0,951940,0.0,#4527A0
2024-05-07,Okanogan County,XBB.1.16.1,0.0,951940,0.0,#F89B9B
2024-05-07,Okanogan County,XBB.1.16.15,0.0,951940,0.0,#E3B5FA
2024-05-07,Okanogan County,XBB.1.16.6,0.0,951940,0.0,#5AA350
2024-05-07,Okanogan County,XBB.1.42.1,0.0,951940,0.0,#75D1A3
2024-05-07,Okanogan County,XBB.1.5,0.0,951940,0.0,#3F51B5
2024-05-07,Okanogan County,XBB.1.5.70,0.0,951940,0.0,#46783C
2024-05-07,Okanogan County,XBB.1.5.72,0.0,951940,0.0,#254220
2024-05-07,Okanogan County,XBB.1.9.1,0.0,951940,0.0,#304FFE
2024-05-07,Okanogan County,XBB.1.9.2,0.0,951940,0.0,#536DFE
2024-05-07,Okanogan County,XBB.2.3,0.0,951940,0.0,#F7BCDF
2024-05-07,Okanogan County,XDP,0.0,951940,0.0,#B60052
2024-05-07,Okanogan County,XDV.1,8336.2738659,951940,0.0087571421159947,#D367B6
2024-05-07,Okanogan County,unreportable,10372.311899,951940,0.0108959723291383,#eeeeee
2024-05-07,Pierce County,BA.2,0.0,69239,0.0,#9CCD67
2024-05-07,Pierce County,BA.2.12.1,0.0,69239,0.0,#7CB342
2024-05-07,Pierce County,BA.2.86,0.0,69239,0.0,#D770EE
2024-05-07,Pierce County,EG.5,0.0,69239,0.0,#FFBE7D
2024-05-07,Pierce County,EG.5.1.8,0.0,69239,0.0,#E14D6F
2024-05-07,Pierce County,EG.6.1,0.0,69239,0.0,#B9ABA8
2024-05-07,Pierce County,FE.1.1,0.0,69239,0.0,#499894
2024-05-07,Pierce County,FL.1.5.1,0.0,69239,0.0,#8CD17D
2024-05-07,Pierce County,GE.1,0.0,69239,0.0,#FABFD2
2024-05-07,Pierce County,GK.1.1,0.0,69239,0.0,#90FAE5
2024-05-07,Pierce County,HF.1,0.0,69239,0.0,#D399AD
2024-05-07,Pierce County,HK.3,0.0,69239,0.0,#859DBC
2024-05-07,Pierce County,HV.1,0.0,69239,0.0,#797765
2024-05-07,Pierce County,JD.1.1,0.0,69239,0.0,#80F192
2024-05-07,Pierce County,JF.1,0.0,69239,0.0,#FFF1A9
2024-05-07,Pierce County,JG.3,0.0,69239,0.0,#66A172
2024-05-07,Pierce County,JN.1,34121.36555362,69239,0.49280558,#61018F
2024-05-07,Pierce County,JN.1.11.1,0.0,69239,0.0,#5C9CF1
2024-05-07,Pierce County,JN.1.13,0.0,69239,0.0,#E83C78
2024-05-07,Pierce County,JN.1.13.1,0.0,69239,0.0,#F2591C
2024-05-07,Pierce County,JN.1.16,3195.52802146,69239,0.04615214,#BC3A88
2024-05-07,Pierce County,JN.1.16.1,0.0,69239,0.0,#366298
2024-05-07,Pierce County,JN.1.18,0.0,69239,0.0,#4AF32F
2024-05-07,Pierce County,JN.1.32,0.0,69239,0.0,#2E7919
2024-05-07,Pierce County,JN.1.4.3,0.0,69239,0.0,#9D1010
2024-05-07,Pierce County,JN.1.7,28707.014231620004,69239,0.41460758,#CF15E8
2024-05-07,Pierce County,JN.1.8.1,0.0,69239,0.0,#FFB027
2024-05-07,Pierce County,KP.1.1,150.09491942,69239,0.00216778,#CBFF86
2024-05-07,Pierce County,KP.1.1.3,0.0,69239,0.0,#1EB3B6
2024-05-07,Pierce County,KP.1.2,0.0,69239,0.0,#D7B5A6
2024-05-07,Pierce County,KP.2,0.0,69239,0.0,#5875A1
2024-05-07,Pierce County,KP.2.15,0.0,69239,0.0,#175DFF
2024-05-07,Pierce County,KP.2.3,0.0,69239,0.0,#628DE8
2024-05-07,Pierce County,KP.3,2143.85061895,69239,0.03096305,#B06589
2024-05-07,Pierce County,KP.3.1.1,0.0,69239,0.0,#2F92A1
2024-05-07,Pierce County,KP.4.1,0.0,69239,0.0,#FF473A
2024-05-07,Pierce County,KQ.1,0.0,69239,0.0,#E86CDE
2024-05-07,Pierce County,KV.2,0.0,69239,0.0,#E14365
2024-05-07,Pierce County,KW.1.1,0.0,69239,0.0,#34A0FF
2024-05-07,Pierce County,LB.1,0.0,69239,0.0,#795653
2024-05-07,Pierce County,Recombinant,0.0,69239,0.0,#FF0000
2024-05-07,Pierce County,XBB,0.0,69239,0.0,#9FA8DA
2024-05-07,Pierce County,XBB.1.16,0.0,69239,0.0,#4527A0
2024-05-07,Pierce County,XBB.1.16.1,0.0,69239,0.0,#F89B9B
2024-05-07,Pierce County,XBB.1.16.15,0.0,69239,0.0,#E3B5FA
2024-05-07,Pierce County,XBB.1.16.6,0.0,69239,0.0,#5AA350
2024-05-07,Pierce County,XBB.1.42.1,0.0,69239,0.0,#75D1A3
2024-05-07,Pierce County,XBB.1.5,0.0,69239,0.0,#3F51B5
2024-05-07,Pierce County,XBB.1.5.70,0.0,69239,0.0,#46783C
2024-05-07,Pierce County,XBB.1.5.72,0.0,69239,0.0,#254220
2024-05-07,Pierce County,XBB.1.9.1,0.0,69239,0.0,#304FFE
2024-05-07,Pierce County,XBB.1.9.2,0.0,69239,0.0,#536DFE
2024-05-07,Pierce County,XBB.2.3,0.0,69239,0.0,#F7BCDF
2024-05-07,Pierce County,XDP,0.0,69239,0.0,#B60052
2024-05-07,Pierce County,XDV.1,0.0,69239,0.0,#D367B6
2024-05-07,Pierce County,unreportable,921.14665493,69239,0.01330387,#eeeeee
2024-05-07,Spokane County,BA.2,0.0,713850,0.0,#9CCD67
2024-05-07,Spokane County,BA.2.12.1,0.0,713850,0.0,#7CB342
2024-05-07,Spokane County,BA.2.86,0.0,713850,0.0,#D770EE
2024-05-07,Spokane County,EG.5,0.0,713850,0.0,#FFBE7D
2024-05-07,Spokane County,EG.5.1.8,0.0,713850,0.0,#E14D6F
2024-05-07,Spokane County,EG.6.1,0.0,713850,0.0,#B9ABA8
2024-05-07,Spokane County,FE.1.1,0.0,713850,0.0,#499894
2024-05-07,Spokane County,FL.1.5.1,0.0,713850,0.0,#8CD17D
2024-05-07,Spokane County,GE.1,0.0,713850,0.0,#FABFD2
2024-05-07,Spokane County,GK.1.1,0.0,713850,0.0,#90FAE5
2024-05-07,Spokane County,HF.1,0.0,713850,0.0,#D399AD
2024-05-07,Spokane County,HK.3,0.0,713850,0.0,#859DBC
2024-05-07,Spokane County,HV.1,0.0,713850,0.0,#797765
2024-05-07,Spokane County,JD.1.1,0.0,713850,0.0,#80F192
2024-05-07,Spokane County,JF.1,0.0,713850,0.0,#FFF1A9
2024-05-07,Spokane County,JG.3,0.0,713850,0.0,#66A172
2024-05-07,Spokane County,JN.1,108253.64639850002,713850,0.15164761,#61018F
2024-05-07,Spokane County,JN.1.11.1,44812.190736,713850,0.06277536,#5C9CF1
2024-05-07,Spokane County,JN.1.13,0.0,713850,0.0,#E83C78
2024-05-07,Spokane County,JN.1.13.1,0.0,713850,0.0,#F2591C
2024-05-07,Spokane County,JN.1.16,0.0,713850,0.0,#BC3A88
2024-05-07,Spokane County,JN.1.16.1,0.0,713850,0.0,#366298
2024-05-07,Spokane County,JN.1.18,2066.4315645,713850,0.00289477,#4AF32F
2024-05-07,Spokane County,JN.1.32,0.0,713850,0.0,#2E7919
2024-05-07,Spokane County,JN.1.4.3,0.0,713850,0.0,#9D1010
2024-05-07,Spokane County,JN.1.7,0.0,713850,0.0,#CF15E8
2024-05-07,Spokane County,JN.1.8.1,0.0,713850,0.0,#FFB027
2024-05-07,Spokane County,KP.1.1,1039.4584005,713850,0.00145613,#CBFF86
2024-05-07,Spokane County,KP.1.1.3,0.0,713850,0.0,#1EB3B6
2024-05-07,Spokane County,KP.1.2,0.0,713850,0.0,#D7B5A6
2024-05-07,Spokane County,KP.2,540942.3451905,713850,0.75778153,#5875A1
2024-05-07,Spokane County,KP.2.15,0.0,713850,0.0,#175DFF
2024-05-07,Spokane County,KP.2.3,0.0,713850,0.0,#628DE8
2024-05-07,Spokane County,KP.3,0.0,713850,0.0,#B06589
2024-05-07,Spokane County,KP.3.1.1,0.0,713850,0.0,#2F92A1
2024-05-07,Spokane County,KP.4.1,0.0,713850,0.0,#FF473A
2024-05-07,Spokane County,KQ.1,0.0,713850,0.0,#E86CDE
2024-05-07,Spokane County,KV.2,0.0,713850,0.0,#E14365
2024-05-07,Spokane County,KW.1.1,681.169947,713850,0.00095422,#34A0FF
2024-05-07,Spokane County,LB.1,7679.0058045,713850,0.01075717,#795653
2024-05-07,Spokane County,Recombinant,0.0,713850,0.0,#FF0000
2024-05-07,Spokane County,XBB,0.0,713850,0.0,#9FA8DA
2024-05-07,Spokane County,XBB.1.16,0.0,713850,0.0,#4527A0
2024-05-07,Spokane County,XBB.1.16.1,0.0,713850,0.0,#F89B9B
2024-05-07,Spokane County,XBB.1.16.15,0.0,713850,0.0,#E3B5FA
2024-05-07,Spokane County,XBB.1.16.6,0.0,713850,0.0,#5AA350
2024-05-07,Spokane County,XBB.1.42.1,0.0,713850,0.0,#75D1A3
2024-05-07,Spokane County,XBB.1.5,0.0,713850,0.0,#3F51B5
2024-05-07,Spokane County,XBB.1.5.70,0.0,713850,0.0,#46783C
2024-05-07,Spokane County,XBB.1.5.72,0.0,713850,0.0,#254220
2024-05-07,Spokane County,XBB.1.9.1,0.0,713850,0.0,#304FFE
2024-05-07,Spokane County,XBB.1.9.2,0.0,713850,0.0,#536DFE
2024-05-07,Spokane County,XBB.2.3,0.0,713850,0.0,#F7BCDF
2024-05-07,Spokane County,XDP,0.0,713850,0.0,#B60052
2024-05-07,Spokane County,XDV.1,0.0,713850,0.0,#D367B6
2024-05-07,Spokane County,unreportable,8375.751958500001,713850,0.01173321,#eeeeee
2024-05-07,Thurston County,BA.2,0.0,166384,0.0,#9CCD67
2024-05-07,Thurston County,BA.2.12.1,0.0,166384,0.0,#7CB342
2024-05-07,Thurston County,BA.2.86,0.0,166384,0.0,#D770EE
2024-05-07,Thurston County,EG.5,0.0,166384,0.0,#FFBE7D
2024-05-07,Thurston County,EG.5.1.8,0.0,166384,0.0,#E14D6F
2024-05-07,Thurston County,EG.6.1,0.0,166384,0.0,#B9ABA8
2024-05-07,Thurston County,FE.1.1,0.0,166384,0.0,#499894
2024-05-07,Thurston County,FL.1.5.1,0.0,166384,0.0,#8CD17D
2024-05-07,Thurston County,GE.1,0.0,166384,0.0,#FABFD2
2024-05-07,Thurston County,GK.1.1,0.0,166384,0.0,#90FAE5
2024-05-07,Thurston County,HF.1,0.0,166384,0.0,#D399AD
2024-05-07,Thurston County,HK.3,0.0,166384,0.0,#859DBC
2024-05-07,Thurston County,HV.1,0.0,166384,0.0,#797765
2024-05-07,Thurston County,JD.1.1,0.0,166384,0.0,#80F192
2024-05-07,Thurston County,JF.1,0.0,166384,0.0,#FFF1A9
2024-05-07,Thurston County,JG.3,0.0,166384,0.0,#66A172
2024-05-07,Thurston County,JN.1,55679.35374704,166384,0.3346436781604,#61018F
2024-05-07,Thurston County,JN.1.11.1,40219.083288,166384,0.2417244644196557,#5C9CF1
2024-05-07,Thurston County,JN.1.13,0.0,166384,0.0,#E83C78
2024-05-07,Thurston County,JN.1.13.1,0.0,166384,0.0,#F2591C
2024-05-07,Thurston County,JN.1.16,0.0,166384,0.0,#BC3A88
2024-05-07,Thurston County,JN.1.16.1,0.0,166384,0.0,#366298
2024-05-07,Thurston County,JN.1.18,0.0,166384,0.0,#4AF32F
2024-05-07,Thurston County,JN.1.32,0.0,166384,0.0,#2E7919
2024-05-07,Thurston County,JN.1.4.3,0.0,166384,0.0,#9D1010
2024-05-07,Thurston County,JN.1.7,0.0,166384,0.0,#CF15E8
2024-05-07,Thurston County,JN.1.8.1,0.0,166384,0.0,#FFB027
2024-05-07,Thurston County,KP.1.1,239.6448792,166384,0.0014403120444273,#CBFF86
2024-05-07,Thurston County,KP.1.1.3,0.0,166384,0.0,#1EB3B6
2024-05-07,Thurston County,KP.1.2,0.0,166384,0.0,#D7B5A6
2024-05-07,Thurston County,KP.2,44735.598189280005,166384,0.2688695919636504,#5875A1
2024-05-07,Thurston County,KP.2.15,0.0,166384,0.0,#175DFF
2024-05-07,Thurston County,KP.2.3,3329.852232,166384,0.0200130555341859,#628DE8
2024-05-07,Thurston County,KP.3,0.0,166384,0.0,#B06589
2024-05-07,Thurston County,KP.3.1.1,0.0,166384,0.0,#2F92A1
2024-05-07,Thurston County,KP.4.1,0.0,166384,0.0,#FF473A
2024-05-07,Thurston County,KQ.1,0.0,166384,0.0,#E86CDE
2024-05-07,Thurston County,KV.2,0.0,166384,0.0,#E14365
2024-05-07,Thurston County,KW.1.1,0.0,166384,0.0,#34A0FF
2024-05-07,Thurston County,LB.1,20753.713584,166384,0.1247338300798153,#795653
2024-05-07,Thurston County,Recombinant,0.0,166384,0.0,#FF0000
2024-05-07,Thurston County,XBB,0.0,166384,0.0,#9FA8DA
2024-05-07,Thurston County,XBB.1.16,0.0,166384,0.0,#4527A0
2024-05-07,Thurston County,XBB.1.16.1,0.0,166384,0.0,#F89B9B
2024-05-07,Thurston County,XBB.1.16.15,0.0,166384,0.0,#E3B5FA
2024-05-07,Thurston County,XBB.1.16.6,0.0,166384,0.0,#5AA350
2024-05-07,Thurston County,XBB.1.42.1,0.0,166384,0.0,#75D1A3
2024-05-07,Thurston County,XBB.1.5,0.0,166384,0.0,#3F51B5
2024-05-07,Thurston County,XBB.1.5.70,0.0,166384,0.0,#46783C
2024-05-07,Thurston County,XBB.1.5.72,0.0,166384,0.0,#254220
2024-05-07,Thurston County,XBB.1.9.1,0.0,166384,0.0,#304FFE
2024-05-07,Thurston County,XBB.1.9.2,0.0,166384,0.0,#536DFE
2024-05-07,Thurston County,XBB.2.3,0.0,166384,0.0,#F7BCDF
2024-05-07,Thurston County,XDP,0.0,166384,0.0,#B60052
2024-05-07,Thurston County,XDV.1,0.0,166384,0.0,#D367B6
2024-05-07,Thurston County,unreportable,1426.75408048,166384,0.0085750677978651,#eeeeee
2024-05-07,Whitman County,BA.2,0.0,245487,0.0,#9CCD67
2024-05-07,Whitman County,BA.2.12.1,0.0,245487,0.0,#7CB342
2024-05-07,Whitman County,BA.2.86,0.0,245487,0.0,#D770EE
2024-05-07,Whitman County,EG.5,0.0,245487,0.0,#FFBE7D
2024-05-07,Whitman County,EG.5.1.8,0.0,245487,0.0,#E14D6F
2024-05-07,Whitman County,EG.6.1,0.0,245487,0.0,#B9ABA8
2024-05-07,Whitman County,FE.1.1,0.0,245487,0.0,#499894
2024-05-07,Whitman County,FL.1.5.1,0.0,245487,0.0,#8CD17D
2024-05-07,Whitman County,GE.1,0.0,245487,0.0,#FABFD2
2024-05-07,Whitman County,GK.1.1,0.0,245487,0.0,#90FAE5
2024-05-07,Whitman County,HF.1,0.0,245487,0.0,#D399AD
2024-05-07,Whitman County,HK.3,0.0,245487,0.0,#859DBC
2024-05-07,Whitman County,HV.1,0.0,245487,0.0,#797765
2024-05-07,Whitman County,JD.1.1,0.0,245487,0.0,#80F192
2024-05-07,Whitman County,JF.1,0.0,245487,0.0,#FFF1A9
2024-05-07,Whitman County,JG.3,0.0,245487,0.0,#66A172
2024-05-07,Whitman County,JN.1,1413.17291907,245487,0.00575661,#61018F
2024-05-07,Whitman County,JN.1.11.1,10161.66923904,245487,0.04139392,#5C9CF1
2024-05-07,Whitman County,JN.1.13,0.0,245487,0.0,#E83C78
2024-05-07,Whitman County,JN.1.13.1,0.0,245487,0.0,#F2591C
2024-05-07,Whitman County,JN.1.16,44006.772904050005,245487,0.17926315,#BC3A88
2024-05-07,Whitman County,JN.1.16.1,22569.95940111,245487,0.09193953,#366298
2024-05-07,Whitman County,JN.1.18,0.0,245487,0.0,#4AF32F
2024-05-07,Whitman County,JN.1.32,0.0,245487,0.0,#2E7919
2024-05-07,Whitman County,JN.1.4.3,0.0,245487,0.0,#9D1010
2024-05-07,Whitman County,JN.1.7,0.0,245487,0.0,#CF15E8
2024-05-07,Whitman County,JN.1.8.1,0.0,245487,0.0,#FFB027
2024-05-07,Whitman County,KP.1.1,308.21138337,245487,0.00125551,#CBFF86
2024-05-07,Whitman County,KP.1.1.3,0.0,245487,0.0,#1EB3B6
2024-05-07,Whitman County,KP.1.2,0.0,245487,0.0,#D7B5A6
2024-05-07,Whitman County,KP.2,7799.50249485,245487,0.03177155,#5875A1
2024-05-07,Whitman County,KP.2.15,0.0,245487,0.0,#175DFF
2024-05-07,Whitman County,KP.2.3,0.0,245487,0.0,#628DE8
2024-05-07,Whitman County,KP.3,0.0,245487,0.0,#B06589
2024-05-07,Whitman County,KP.3.1.1,0.0,245487,0.0,#2F92A1
2024-05-07,Whitman County,KP.4.1,0.0,245487,0.0,#FF473A
2024-05-07,Whitman County,KQ.1,0.0,245487,0.0,#E86CDE
2024-05-07,Whitman County,KV.2,0.0,245487,0.0,#E14365
2024-05-07,Whitman County,KW.1.1,0.0,245487,0.0,#34A0FF
2024-05-07,Whitman County,LB.1,0.0,245487,0.0,#795653
2024-05-07,Whitman County,Recombinant,154074.78241683,245487,0.6276290900000001,#FF0000
2024-05-07,Whitman County,XBB,0.0,245487,0.0,#9FA8DA
2024-05-07,Whitman County,XBB.1.16,0.0,245487,0.0,#4527A0
2024-05-07,Whitman County,XBB.1.16.1,0.0,245487,0.0,#F89B9B
2024-05-07,Whitman County,XBB.1.16.15,0.0,245487,0.0,#E3B5FA
2024-05-07,Whitman County,XBB.1.16.6,0.0,245487,0.0,#5AA350
2024-05-07,Whitman County,XBB.1.42.1,0.0,245487,0.0,#75D1A3
2024-05-07,Whitman County,XBB.1.5,0.0,245487,0.0,#3F51B5
2024-05-07,Whitman County,XBB.1.5.70,0.0,245487,0.0,#46783C
2024-05-07,Whitman County,XBB.1.5.72,0.0,245487,0.0,#254220
2024-05-07,Whitman County,XBB.1.9.1,0.0,245487,0.0,#304FFE
2024-05-07,Whitman County,XBB.1.9.2,0.0,245487,0.0,#536DFE
2024-05-07,Whitman County,XBB.2.3,0.0,245487,0.0,#F7BCDF
2024-05-07,Whitman County,XDP,240.94058076,245487,0.00098148,#B60052
2024-05-07,Whitman County,XDV.1,0.0,245487,0.0,#D367B6
2024-05-07,Whitman County,unreportable,4911.983751180001,245487,0.02000914,#eeeeee
2024-05-07,Yakima County,BA.2,0.0,1933008,0.0,#9CCD67
2024-05-07,Yakima County,BA.2.12.1,0.0,1933008,0.0,#7CB342
2024-05-07,Yakima County,BA.2.86,0.0,1933008,0.0,#D770EE
2024-05-07,Yakima County,EG.5,0.0,1933008,0.0,#FFBE7D
2024-05-07,Yakima County,EG.5.1.8,0.0,1933008,0.0,#E14D6F
2024-05-07,Yakima County,EG.6.1,0.0,1933008,0.0,#B9ABA8
2024-05-07,Yakima County,FE.1.1,0.0,1933008,0.0,#499894
2024-05-07,Yakima County,FL.1.5.1,0.0,1933008,0.0,#8CD17D
2024-05-07,Yakima County,GE.1,0.0,1933008,0.0,#FABFD2
2024-05-07,Yakima County,GK.1.1,0.0,1933008,0.0,#90FAE5
2024-05-07,Yakima County,HF.1,0.0,1933008,0.0,#D399AD
2024-05-07,Yakima County,HK.3,0.0,1933008,0.0,#859DBC
2024-05-07,Yakima County,HV.1,0.0,1933008,0.0,#797765
2024-05-07,Yakima County,JD.1.1,0.0,1933008,0.0,#80F192
2024-05-07,Yakima County,JF.1,0.0,1933008,0.0,#FFF1A9
2024-05-07,Yakima County,JG.3,0.0,1933008,0.0,#66A172
2024-05-07,Yakima County,JN.1,227267.82042612,1933008,0.1175721054574631,#61018F
2024-05-07,Yakima County,JN.1.11.1,302093.6231766,1933008,0.1562816207571826,#5C9CF1
2024-05-07,Yakima County,JN.1.13,0.0,1933008,0.0,#E83C78
2024-05-07,Yakima County,JN.1.13.1,0.0,1933008,0.0,#F2591C
2024-05-07,Yakima County,JN.1.16,306195.9897398,1933008,0.1584038916237284,#BC3A88
2024-05-07,Yakima County,JN.1.16.1,268957.43791976,1933008,0.1391393299560891,#366298
2024-05-07,Yakima County,JN.1.18,0.0,1933008,0.0,#4AF32F
2024-05-07,Yakima County,JN.1.32,32985.22313088,1933008,0.0170641938009982,#2E7919
2024-05-07,Yakima County,JN.1.4.3,0.0,1933008,0.0,#9D1010
2024-05-07,Yakima County,JN.1.7,149879.01673168,1933008,0.0775366768951189,#CF15E8
2024-05-07,Yakima County,JN.1.8.1,0.0,1933008,0.0,#FFB027
2024-05-07,Yakima County,KP.1.1,1498.1922348,1933008,0.0007750574414591,#CBFF86
2024-05-07,Yakima County,KP.1.1.3,0.0,1933008,0.0,#1EB3B6
2024-05-07,Yakima County,KP.1.2,2819.46093676,1933008,0.0014585873088781,#D7B5A6
2024-05-07,Yakima County,KP.2,510028.9855492,1933008,0.2638524959799442,#5875A1
2024-05-07,Yakima County,KP.2.15,0.0,1933008,0.0,#175DFF
2024-05-07,Yakima County,KP.2.3,30215.94529372,1933008,0.0156315676364091,#628DE8
2024-05-07,Yakima County,KP.3,0.0,1933008,0.0,#B06589
2024-05-07,Yakima County,KP.3.1.1,0.0,1933008,0.0,#2F92A1
2024-05-07,Yakima County,KP.4.1,0.0,1933008,0.0,#FF473A
2024-05-07,Yakima County,KQ.1,0.0,1933008,0.0,#E86CDE
2024-05-07,Yakima County,KV.2,0.0,1933008,0.0,#E14365
2024-05-07,Yakima County,KW.1.1,0.0,1933008,0.0,#34A0FF
2024-05-07,Yakima County,LB.1,76497.70643204001,1933008,0.0395744386117595,#795653
2024-05-07,Yakima County,Recombinant,0.0,1933008,0.0,#FF0000
2024-05-07,Yakima County,XBB,0.0,1933008,0.0,#9FA8DA
2024-05-07,Yakima County,XBB.1.16,0.0,1933008,0.0,#4527A0
2024-05-07,Yakima County,XBB.1.16.1,0.0,1933008,0.0,#F89B9B
2024-05-07,Yakima County,XBB.1.16.15,0.0,1933008,0.0,#E3B5FA
2024-05-07,Yakima County,XBB.1.16.6,0.0,1933008,0.0,#5AA350
2024-05-07,Yakima County,XBB.1.42.1,0.0,1933008,0.0,#75D1A3
2024-05-07,Yakima County,XBB.1.5,0.0,1933008,0.0,#3F51B5
2024-05-07,Yakima County,XBB.1.5.70,0.0,1933008,0.0,#46783C
2024-05-07,Yakima County,XBB.1.5.72,0.0,1933008,0.0,#254220
2024-05-07,Yakima County,XBB.1.9.1,0.0,1933008,0.0,#304FFE
2024-05-07,Yakima County,XBB.1.9.2,0.0,1933008,0.0,#536DFE
2024-05-07,Yakima County,XBB.2.3,0.0,1933008,0.0,#F7BCDF
2024-05-07,Yakima County,XDP,0.0,1933008,0.0,#B60052
2024-05-07,Yakima County,XDV.1,0.0,1933008,0.0,#D367B6
2024-05-07,Yakima County,unreportable,24568.59842864,1933008,0.0127100345309693,#eeeeee
2024-05-14,Benton County,BA.2,0.0,1209268,0.0,#9CCD67
2024-05-14,Benton County,BA.2.12.1,0.0,1209268,0.0,#7CB342
2024-05-14,Benton County,BA.2.86,0.0,1209268,0.0,#D770EE
2024-05-14,Benton County,EG.5,0.0,1209268,0.0,#FFBE7D
2024-05-14,Benton County,EG.5.1.8,0.0,1209268,0.0,#E14D6F
2024-05-14,Benton County,EG.6.1,0.0,1209268,0.0,#B9ABA8
2024-05-14,Benton County,FE.1.1,0.0,1209268,0.0,#499894
2024-05-14,Benton County,FL.1.5.1,0.0,1209268,0.0,#8CD17D
2024-05-14,Benton County,GE.1,0.0,1209268,0.0,#FABFD2
2024-05-14,Benton County,GK.1.1,0.0,1209268,0.0,#90FAE5
2024-05-14,Benton County,HF.1,0.0,1209268,0.0,#D399AD
2024-05-14,Benton County,HK.3,0.0,1209268,0.0,#859DBC
2024-05-14,Benton County,HV.1,0.0,1209268,0.0,#797765
2024-05-14,Benton County,JD.1.1,0.0,1209268,0.0,#80F192
2024-05-14,Benton County,JF.1,0.0,1209268,0.0,#FFF1A9
2024-05-14,Benton County,JG.3,0.0,1209268,0.0,#66A172
2024-05-14,Benton County,JN.1,705601.1144927001,1209268,0.583494406940976,#61018F
2024-05-14,Benton County,JN.1.11.1,0.0,1209268,0.0,#5C9CF1
2024-05-14,Benton County,JN.1.13,0.0,1209268,0.0,#E83C78
2024-05-14,Benton County,JN.1.13.1,0.0,1209268,0.0,#F2591C
2024-05-14,Benton County,JN.1.16,0.0,1209268,0.0,#BC3A88
2024-05-14,Benton County,JN.1.16.1,0.0,1209268,0.0,#366298
2024-05-14,Benton County,JN.1.18,0.0,1209268,0.0,#4AF32F
2024-05-14,Benton County,JN.1.32,181437.19261968,1209268,0.1500388603846955,#2E7919
2024-05-14,Benton County,JN.1.4.3,164727.47578046,1209268,0.1362208177016674,#9D1010
2024-05-14,Benton County,JN.1.7,134783.66123604,1209268,0.1114588835858056,#CF15E8
2024-05-14,Benton County,JN.1.8.1,12126.14740558,1209268,0.0100276757555645,#FFB027
2024-05-14,Benton County,KP.1.1,0.0,1209268,0.0,#CBFF86
2024-05-14,Benton County,KP.1.1.3,0.0,1209268,0.0,#1EB3B6
2024-05-14,Benton County,KP.1.2,0.0,1209268,0.0,#D7B5A6
2024-05-14,Benton County,KP.2,0.0,1209268,0.0,#5875A1
2024-05-14,Benton County,KP.2.15,0.0,1209268,0.0,#175DFF
2024-05-14,Benton County,KP.2.3,0.0,1209268,0.0,#628DE8
2024-05-14,Benton County,KP.3,0.0,1209268,0.0,#B06589
2024-05-14,Benton County,KP.3.1.1,0.0,1209268,0.0,#2F92A1
2024-05-14,Benton County,KP.4.1,0.0,1209268,0.0,#FF473A
2024-05-14,Benton County,KQ.1,0.0,1209268,0.0,#E86CDE
2024-05-14,Benton County,KV.2,0.0,1209268,0.0,#E14365
2024-05-14,Benton County,KW.1.1,0.0,1209268,0.0,#34A0FF
2024-05-14,Benton County,LB.1,0.0,1209268,0.0,#795653
2024-05-14,Benton County,Recombinant,0.0,1209268,0.0,#FF0000
2024-05-14,Benton County,XBB,0.0,1209268,0.0,#9FA8DA
2024-05-14,Benton County,XBB.1.16,0.0,1209268,0.0,#4527A0
2024-05-14,Benton County,XBB.1.16.1,0.0,1209268,0.0,#F89B9B
2024-05-14,Benton County,XBB.1.16.15,0.0,1209268,0.0,#E3B5FA
2024-05-14,Benton County,XBB.1.16.6,0.0,1209268,0.0,#5AA350
2024-05-14,Benton County,XBB.1.42.1,0.0,1209268,0.0,#75D1A3
2024-05-14,Benton County,XBB.1.5,0.0,1209268,0.0,#3F51B5
2024-05-14,Benton County,XBB.1.5.70,0.0,1209268,0.0,#46783C
2024-05-14,Benton County,XBB.1.5.72,0.0,1209268,0.0,#254220
2024-05-14,Benton County,XBB.1.9.1,0.0,1209268,0.0,#304FFE
2024-05-14,Benton County,XBB.1.9.2,0.0,1209268,0.0,#536DFE
2024-05-14,Benton County,XBB.2.3,0.0,1209268,0.0,#F7BCDF
2024-05-14,Benton County,XDP,0.0,1209268,0.0,#B60052
2024-05-14,Benton County,XDV.1,0.0,1209268,0.0,#D367B6
2024-05-14,Benton County,unreportable,10592.41758556,1209268,0.00875936317306,#eeeeee
2024-05-14,Franklin County,BA.2,0.0,1215063,0.0,#9CCD67
2024-05-14,Franklin County,BA.2.12.1,0.0,1215063,0.0,#7CB342
2024-05-14,Franklin County,BA.2.86,0.0,1215063,0.0,#D770EE
2024-05-14,Franklin County,EG.5,0.0,1215063,0.0,#FFBE7D
2024-05-14,Franklin County,EG.5.1.8,0.0,1215063,0.0,#E14D6F
2024-05-14,Franklin County,EG.6.1,0.0,1215063,0.0,#B9ABA8
2024-05-14,Franklin County,FE.1.1,0.0,1215063,0.0,#499894
2024-05-14,Franklin County,FL.1.5.1,0.0,1215063,0.0,#8CD17D
2024-05-14,Franklin County,GE.1,0.0,1215063,0.0,#FABFD2
2024-05-14,Franklin County,GK.1.1,0.0,1215063,0.0,#90FAE5
2024-05-14,Franklin County,HF.1,0.0,1215063,0.0,#D399AD
2024-05-14,Franklin County,HK.3,0.0,1215063,0.0,#859DBC
2024-05-14,Franklin County,HV.1,0.0,1215063,0.0,#797765
2024-05-14,Franklin County,JD.1.1,0.0,1215063,0.0,#80F192
2024-05-14,Franklin County,JF.1,0.0,1215063,0.0,#FFF1A9
2024-05-14,Franklin County,JG.3,0.0,1215063,0.0,#66A172
2024-05-14,Franklin County,JN.1,338412.03931674,1215063,0.2785139859552468,#61018F
2024-05-14,Franklin County,JN.1.11.1,469.0488528,1215063,0.0003860284222299,#5C9CF1
2024-05-14,Franklin County,JN.1.13,0.0,1215063,0.0,#E83C78
2024-05-14,Franklin County,JN.1.13.1,0.0,1215063,0.0,#F2591C
2024-05-14,Franklin County,JN.1.16,1443.0565446,1215063,0.0011876392784571,#BC3A88
2024-05-14,Franklin County,JN.1.16.1,133130.22494639998,1215063,0.1095665203749928,#366298
2024-05-14,Franklin County,JN.1.18,0.0,1215063,0.0,#4AF32F
2024-05-14,Franklin County,JN.1.32,139366.61901167998,1215063,0.1146990888634416,#2E7919
2024-05-14,Franklin County,JN.1.4.3,0.0,1215063,0.0,#9D1010
2024-05-14,Franklin County,JN.1.7,191702.9068614,1215063,0.157771989486471,#CF15E8
2024-05-14,Franklin County,JN.1.8.1,77443.47982584,1215063,0.0637361847293844,#FFB027
2024-05-14,Franklin County,KP.1.1,827.1682122000001,1215063,0.0006807615837203,#CBFF86
2024-05-14,Franklin County,KP.1.1.3,0.0,1215063,0.0,#1EB3B6
2024-05-14,Franklin County,KP.1.2,0.0,1215063,0.0,#D7B5A6
2024-05-14,Franklin County,KP.2,949.1633778,1215063,0.0007811639213769,#5875A1
2024-05-14,Franklin County,KP.2.15,0.0,1215063,0.0,#175DFF
2024-05-14,Franklin County,KP.2.3,0.0,1215063,0.0,#628DE8
2024-05-14,Franklin County,KP.3,0.0,1215063,0.0,#B06589
2024-05-14,Franklin County,KP.3.1.1,0.0,1215063,0.0,#2F92A1
2024-05-14,Franklin County,KP.4.1,3466.1209242,1215063,0.0028526265092427,#FF473A
2024-05-14,Franklin County,KQ.1,0.0,1215063,0.0,#E86CDE
2024-05-14,Franklin County,KV.2,1016.3904696,1215063,0.000836491992267,#E14365
2024-05-14,Franklin County,KW.1.1,0.0,1215063,0.0,#34A0FF
2024-05-14,Franklin County,LB.1,315232.6032636,1215063,0.2594372499727174,#795653
2024-05-14,Franklin County,Recombinant,0.0,1215063,0.0,#FF0000
2024-05-14,Franklin County,XBB,0.0,1215063,0.0,#9FA8DA
2024-05-14,Franklin County,XBB.1.16,0.0,1215063,0.0,#4527A0
2024-05-14,Franklin County,XBB.1.16.1,0.0,1215063,0.0,#F89B9B
2024-05-14,Franklin County,XBB.1.16.15,0.0,1215063,0.0,#E3B5FA
2024-05-14,Franklin County,XBB.1.16.6,0.0,1215063,0.0,#5AA350
2024-05-14,Franklin County,XBB.1.42.1,0.0,1215063,0.0,#75D1A3
2024-05-14,Franklin County,XBB.1.5,0.0,1215063,0.0,#3F51B5
2024-05-14,Franklin County,XBB.1.5.70,0.0,1215063,0.0,#46783C
2024-05-14,Franklin County,XBB.1.5.72,0.0,1215063,0.0,#254220
2024-05-14,Franklin County,XBB.1.9.1,0.0,1215063,0.0,#304FFE
2024-05-14,Franklin County,XBB.1.9.2,0.0,1215063,0.0,#536DFE
2024-05-14,Franklin County,XBB.2.3,0.0,1215063,0.0,#F7BCDF
2024-05-14,Franklin County,XDP,0.0,1215063,0.0,#B60052
2024-05-14,Franklin County,XDV.1,0.0,1215063,0.0,#D367B6
2024-05-14,Franklin County,unreportable,11604.18317157,1215063,0.0095502728431118,#eeeeee
2024-05-14,Island County,BA.2,0.0,1778632,0.0,#9CCD67
2024-05-14,Island County,BA.2.12.1,0.0,1778632,0.0,#7CB342
2024-05-14,Island County,BA.2.86,259.5765892,1778632,0.000145941706435,#D770EE
2024-05-14,Island County,EG.5,0.0,1778632,0.0,#FFBE7D
2024-05-14,Island County,EG.5.1.8,0.0,1778632,0.0,#E14D6F
2024-05-14,Island County,EG.6.1,0.0,1778632,0.0,#B9ABA8
2024-05-14,Island County,FE.1.1,0.0,1778632,0.0,#499894
2024-05-14,Island County,FL.1.5.1,0.0,1778632,0.0,#8CD17D
2024-05-14,Island County,GE.1,0.0,1778632,0.0,#FABFD2
2024-05-14,Island County,GK.1.1,0.0,1778632,0.0,#90FAE5
2024-05-14,Island County,HF.1,0.0,1778632,0.0,#D399AD
2024-05-14,Island County,HK.3,0.0,1778632,0.0,#859DBC
2024-05-14,Island County,HV.1,0.0,1778632,0.0,#797765
2024-05-14,Island County,JD.1.1,0.0,1778632,0.0,#80F192
2024-05-14,Island County,JF.1,0.0,1778632,0.0,#FFF1A9
2024-05-14,Island County,JG.3,0.0,1778632,0.0,#66A172
2024-05-14,Island County,JN.1,57727.8835284,1778632,0.0324563392137328,#61018F
2024-05-14,Island County,JN.1.11.1,230.90318627,1778632,0.000129820663448,#5C9CF1
2024-05-14,Island County,JN.1.13,0.0,1778632,0.0,#E83C78
2024-05-14,Island County,JN.1.13.1,0.0,1778632,0.0,#F2591C
2024-05-14,Island County,JN.1.16,0.0,1778632,0.0,#BC3A88
2024-05-14,Island County,JN.1.16.1,54633.57250321,1778632,0.0307166251946495,#366298
2024-05-14,Island County,JN.1.18,41114.30314886,1778632,0.0231156884329417,#4AF32F
2024-05-14,Island County,JN.1.32,0.0,1778632,0.0,#2E7919
2024-05-14,Island County,JN.1.4.3,0.0,1778632,0.0,#9D1010
2024-05-14,Island County,JN.1.7,510.24711041000006,1778632,0.0002868761556128,#CF15E8
2024-05-14,Island County,JN.1.8.1,521083.9318788,1778632,0.292968940106104,#FFB027
2024-05-14,Island County,KP.1.1,1846.15228292,1778632,0.0010379619184406,#CBFF86
2024-05-14,Island County,KP.1.1.3,0.0,1778632,0.0,#1EB3B6
2024-05-14,Island County,KP.1.2,487.37606803,1778632,0.0002740173729191,#D7B5A6
2024-05-14,Island County,KP.2,145587.1860025,1778632,0.0818534615381371,#5875A1
2024-05-14,Island County,KP.2.15,0.0,1778632,0.0,#175DFF
2024-05-14,Island County,KP.2.3,0.0,1778632,0.0,#628DE8
2024-05-14,Island County,KP.3,346921.09534541,1778632,0.1950493948975448,#B06589
2024-05-14,Island County,KP.3.1.1,0.0,1778632,0.0,#2F92A1
2024-05-14,Island County,KP.4.1,0.0,1778632,0.0,#FF473A
2024-05-14,Island County,KQ.1,22868.0514725,1778632,0.0128571011161949,#E86CDE
2024-05-14,Island County,KV.2,0.0,1778632,0.0,#E14365
2024-05-14,Island County,KW.1.1,0.0,1778632,0.0,#34A0FF
2024-05-14,Island County,LB.1,572451.35973417,1778632,0.3218492412900308,#795653
2024-05-14,Island County,Recombinant,622.28992354,1778632,0.0003498699694709,#FF0000
2024-05-14,Island County,XBB,0.0,1778632,0.0,#9FA8DA
2024-05-14,Island County,XBB.1.16,0.0,1778632,0.0,#4527A0
2024-05-14,Island County,XBB.1.16.1,0.0,1778632,0.0,#F89B9B
2024-05-14,Island County,XBB.1.16.15,0.0,1778632,0.0,#E3B5FA
2024-05-14,Island County,XBB.1.16.6,0.0,1778632,0.0,#5AA350
2024-05-14,Island County,XBB.1.42.1,0.0,1778632,0.0,#75D1A3
2024-05-14,Island County,XBB.1.5,0.0,1778632,0.0,#3F51B5
2024-05-14,Island County,XBB.1.5.70,0.0,1778632,0.0,#46783C
2024-05-14,Island County,XBB.1.5.72,0.0,1778632,0.0,#254220
2024-05-14,Island County,XBB.1.9.1,0.0,1778632,0.0,#304FFE
2024-05-14,Island County,XBB.1.9.2,0.0,1778632,0.0,#536DFE
2024-05-14,Island County,XBB.2.3,0.0,1778632,0.0,#F7BCDF
2024-05-14,Island County,XDP,0.0,1778632,0.0,#B60052
2024-05-14,Island County,XDV.1,0.0,1778632,0.0,#D367B6
2024-05-14,Island County,unreportable,12288.06951669,1778632,0.0069087194634359,#eeeeee
2024-05-14,Jefferson County,BA.2,0.0,162770,0.0,#9CCD67
2024-05-14,Jefferson County,BA.2.12.1,0.0,162770,0.0,#7CB342
2024-05-14,Jefferson County,BA.2.86,0.0,162770,0.0,#D770EE
2024-05-14,Jefferson County,EG.5,0.0,162770,0.0,#FFBE7D
2024-05-14,Jefferson County,EG.5.1.8,0.0,162770,0.0,#E14D6F
2024-05-14,Jefferson County,EG.6.1,0.0,162770,0.0,#B9ABA8
2024-05-14,Jefferson County,FE.1.1,0.0,162770,0.0,#499894
2024-05-14,Jefferson County,FL.1.5.1,0.0,162770,0.0,#8CD17D
2024-05-14,Jefferson County,GE.1,0.0,162770,0.0,#FABFD2
2024-05-14,Jefferson County,GK.1.1,0.0,162770,0.0,#90FAE5
2024-05-14,Jefferson County,HF.1,0.0,162770,0.0,#D399AD
2024-05-14,Jefferson County,HK.3,0.0,162770,0.0,#859DBC
2024-05-14,Jefferson County,HV.1,0.0,162770,0.0,#797765
2024-05-14,Jefferson County,JD.1.1,0.0,162770,0.0,#80F192
2024-05-14,Jefferson County,JF.1,0.0,162770,0.0,#FFF1A9
2024-05-14,Jefferson County,JG.3,0.0,162770,0.0,#66A172
2024-05-14,Jefferson County,JN.1,91643.47996029998,162770,0.5630243899999999,#61018F
2024-05-14,Jefferson County,JN.1.11.1,353.5803879,162770,0.00217227,#5C9CF1
2024-05-14,Jefferson County,JN.1.13,0.0,162770,0.0,#E83C78
2024-05-14,Jefferson County,JN.1.13.1,0.0,162770,0.0,#F2591C
2024-05-14,Jefferson County,JN.1.16,67601.4036389,162770,0.41531857,#BC3A88
2024-05-14,Jefferson County,JN.1.16.1,0.0,162770,0.0,#366298
2024-05-14,Jefferson County,JN.1.18,877.7421081000001,162770,0.00539253,#4AF32F
2024-05-14,Jefferson County,JN.1.32,0.0,162770,0.0,#2E7919
2024-05-14,Jefferson County,JN.1.4.3,0.0,162770,0.0,#9D1010
2024-05-14,Jefferson County,JN.1.7,320.40623420000003,162770,0.00196846,#CF15E8
2024-05-14,Jefferson County,JN.1.8.1,0.0,162770,0.0,#FFB027
2024-05-14,Jefferson County,KP.1.1,0.0,162770,0.0,#CBFF86
2024-05-14,Jefferson County,KP.1.1.3,0.0,162770,0.0,#1EB3B6
2024-05-14,Jefferson County,KP.1.2,0.0,162770,0.0,#D7B5A6
2024-05-14,Jefferson County,KP.2,274.4204538,162770,0.0016859399999999,#5875A1
2024-05-14,Jefferson County,KP.2.15,0.0,162770,0.0,#175DFF
2024-05-14,Jefferson County,KP.2.3,0.0,162770,0.0,#628DE8
2024-05-14,Jefferson County,KP.3,0.0,162770,0.0,#B06589
2024-05-14,Jefferson County,KP.3.1.1,0.0,162770,0.0,#2F92A1
2024-05-14,Jefferson County,KP.4.1,0.0,162770,0.0,#FF473A
2024-05-14,Jefferson County,KQ.1,0.0,162770,0.0,#E86CDE
2024-05-14,Jefferson County,KV.2,0.0,162770,0.0,#E14365
2024-05-14,Jefferson County,KW.1.1,0.0,162770,0.0,#34A0FF
2024-05-14,Jefferson County,LB.1,0.0,162770,0.0,#795653
2024-05-14,Jefferson County,Recombinant,0.0,162770,0.0,#FF0000
2024-05-14,Jefferson County,XBB,0.0,162770,0.0,#9FA8DA
2024-05-14,Jefferson County,XBB.1.16,0.0,162770,0.0,#4527A0
2024-05-14,Jefferson County,XBB.1.16.1,0.0,162770,0.0,#F89B9B
2024-05-14,Jefferson County,XBB.1.16.15,0.0,162770,0.0,#E3B5FA
2024-05-14,Jefferson County,XBB.1.16.6,0.0,162770,0.0,#5AA350
2024-05-14,Jefferson County,XBB.1.42.1,0.0,162770,0.0,#75D1A3
2024-05-14,Jefferson County,XBB.1.5,0.0,162770,0.0,#3F51B5
2024-05-14,Jefferson County,XBB.1.5.70,0.0,162770,0.0,#46783C
2024-05-14,Jefferson County,XBB.1.5.72,0.0,162770,0.0,#254220
2024-05-14,Jefferson County,XBB.1.9.1,0.0,162770,0.0,#304FFE
2024-05-14,Jefferson County,XBB.1.9.2,0.0,162770,0.0,#536DFE
2024-05-14,Jefferson County,XBB.2.3,0.0,162770,0.0,#F7BCDF
2024-05-14,Jefferson County,XDP,0.0,162770,0.0,#B60052
2024-05-14,Jefferson County,XDV.1,0.0,162770,0.0,#D367B6
2024-05-14,Jefferson County,unreportable,1698.9688445,162770,0.01043785,#eeeeee
2024-05-14,King County,BA.2,0.0,973611,0.0,#9CCD67
2024-05-14,King County,BA.2.12.1,0.0,973611,0.0,#7CB342
2024-05-14,King County,BA.2.86,0.0,973611,0.0,#D770EE
2024-05-14,King County,EG.5,0.0,973611,0.0,#FFBE7D
2024-05-14,King County,EG.5.1.8,0.0,973611,0.0,#E14D6F
2024-05-14,King County,EG.6.1,0.0,973611,0.0,#B9ABA8
2024-05-14,King County,FE.1.1,0.0,973611,0.0,#499894
2024-05-14,King County,FL.1.5.1,0.0,973611,0.0,#8CD17D
2024-05-14,King County,GE.1,0.0,973611,0.0,#FABFD2
2024-05-14,King County,GK.1.1,0.0,973611,0.0,#90FAE5
2024-05-14,King County,HF.1,0.0,973611,0.0,#D399AD
2024-05-14,King County,HK.3,0.0,973611,0.0,#859DBC
2024-05-14,King County,HV.1,0.0,973611,0.0,#797765
2024-05-14,King County,JD.1.1,0.0,973611,0.0,#80F192
2024-05-14,King County,JF.1,0.0,973611,0.0,#FFF1A9
2024-05-14,King County,JG.3,0.0,973611,0.0,#66A172
2024-05-14,King County,JN.1,105648.78838752,973611,0.10851232,#61018F
2024-05-14,King County,JN.1.11.1,0.0,973611,0.0,#5C9CF1
2024-05-14,King County,JN.1.13,0.0,973611,0.0,#E83C78
2024-05-14,King County,JN.1.13.1,0.0,973611,0.0,#F2591C
2024-05-14,King County,JN.1.16,0.0,973611,0.0,#BC3A88
2024-05-14,King County,JN.1.16.1,334275.92049042,973611,0.34333622,#366298
2024-05-14,King County,JN.1.18,90174.32225073,973611,0.09261843,#4AF32F
2024-05-14,King County,JN.1.32,0.0,973611,0.0,#2E7919
2024-05-14,King County,JN.1.4.3,0.0,973611,0.0,#9D1010
2024-05-14,King County,JN.1.7,0.0,973611,0.0,#CF15E8
2024-05-14,King County,JN.1.8.1,0.0,973611,0.0,#FFB027
2024-05-14,King County,KP.1.1,0.0,973611,0.0,#CBFF86
2024-05-14,King County,KP.1.1.3,0.0,973611,0.0,#1EB3B6
2024-05-14,King County,KP.1.2,0.0,973611,0.0,#D7B5A6
2024-05-14,King County,KP.2,0.0,973611,0.0,#5875A1
2024-05-14,King County,KP.2.15,0.0,973611,0.0,#175DFF
2024-05-14,King County,KP.2.3,0.0,973611,0.0,#628DE8
2024-05-14,King County,KP.3,0.0,973611,0.0,#B06589
2024-05-14,King County,KP.3.1.1,0.0,973611,0.0,#2F92A1
2024-05-14,King County,KP.4.1,0.0,973611,0.0,#FF473A
2024-05-14,King County,KQ.1,6504.74377155,973611,0.00668105,#E86CDE
2024-05-14,King County,KV.2,0.0,973611,0.0,#E14365
2024-05-14,King County,KW.1.1,427209.4076346,973611,0.4387886,#34A0FF
2024-05-14,King County,LB.1,0.0,973611,0.0,#795653
2024-05-14,King County,Recombinant,0.0,973611,0.0,#FF0000
2024-05-14,King County,XBB,0.0,973611,0.0,#9FA8DA
2024-05-14,King County,XBB.1.16,0.0,973611,0.0,#4527A0
2024-05-14,King County,XBB.1.16.1,0.0,973611,0.0,#F89B9B
2024-05-14,King County,XBB.1.16.15,0.0,973611,0.0,#E3B5FA
2024-05-14,King County,XBB.1.16.6,0.0,973611,0.0,#5AA350
2024-05-14,King County,XBB.1.42.1,0.0,973611,0.0,#75D1A3
2024-05-14,King County,XBB.1.5,0.0,973611,0.0,#3F51B5
2024-05-14,King County,XBB.1.5.70,0.0,973611,0.0,#46783C
2024-05-14,King County,XBB.1.5.72,0.0,973611,0.0,#254220
2024-05-14,King County,XBB.1.9.1,0.0,973611,0.0,#304FFE
2024-05-14,King County,XBB.1.9.2,0.0,973611,0.0,#536DFE
2024-05-14,King County,XBB.2.3,0.0,973611,0.0,#F7BCDF
2024-05-14,King County,XDP,0.0,973611,0.0,#B60052
2024-05-14,King County,XDV.1,0.0,973611,0.0,#D367B6
2024-05-14,King County,unreportable,9797.81746518,973611,0.01006338,#eeeeee
2024-05-14,Kittitas County,BA.2,0.0,862782,0.0,#9CCD67
2024-05-14,Kittitas County,BA.2.12.1,0.0,862782,0.0,#7CB342
2024-05-14,Kittitas County,BA.2.86,0.0,862782,0.0,#D770EE
2024-05-14,Kittitas County,EG.5,0.0,862782,0.0,#FFBE7D
2024-05-14,Kittitas County,EG.5.1.8,0.0,862782,0.0,#E14D6F
2024-05-14,Kittitas County,EG.6.1,0.0,862782,0.0,#B9ABA8
2024-05-14,Kittitas County,FE.1.1,0.0,862782,0.0,#499894
2024-05-14,Kittitas County,FL.1.5.1,0.0,862782,0.0,#8CD17D
2024-05-14,Kittitas County,GE.1,0.0,862782,0.0,#FABFD2
2024-05-14,Kittitas County,GK.1.1,0.0,862782,0.0,#90FAE5
2024-05-14,Kittitas County,HF.1,0.0,862782,0.0,#D399AD
2024-05-14,Kittitas County,HK.3,0.0,862782,0.0,#859DBC
2024-05-14,Kittitas County,HV.1,0.0,862782,0.0,#797765
2024-05-14,Kittitas County,JD.1.1,0.0,862782,0.0,#80F192
2024-05-14,Kittitas County,JF.1,0.0,862782,0.0,#FFF1A9
2024-05-14,Kittitas County,JG.3,0.0,862782,0.0,#66A172
2024-05-14,Kittitas County,JN.1,189578.54172576,862782,0.2197293658488007,#61018F
2024-05-14,Kittitas County,JN.1.11.1,2573.43312456,862782,0.0029827153609602,#5C9CF1
2024-05-14,Kittitas County,JN.1.13,0.0,862782,0.0,#E83C78
2024-05-14,Kittitas County,JN.1.13.1,0.0,862782,0.0,#F2591C
2024-05-14,Kittitas County,JN.1.16,0.0,862782,0.0,#BC3A88
2024-05-14,Kittitas County,JN.1.16.1,0.0,862782,0.0,#366298
2024-05-14,Kittitas County,JN.1.18,151.4322576,862782,0.0001755162458187,#4AF32F
2024-05-14,Kittitas County,JN.1.32,270309.9879765,862782,0.3133004489853752,#2E7919
2024-05-14,Kittitas County,JN.1.4.3,0.0,862782,0.0,#9D1010
2024-05-14,Kittitas County,JN.1.7,90360.93540833998,862782,0.1047320590929574,#CF15E8
2024-05-14,Kittitas County,JN.1.8.1,0.0,862782,0.0,#FFB027
2024-05-14,Kittitas County,KP.1.1,0.0,862782,0.0,#CBFF86
2024-05-14,Kittitas County,KP.1.1.3,0.0,862782,0.0,#1EB3B6
2024-05-14,Kittitas County,KP.1.2,1937.54078298,862782,0.0022456898532653,#D7B5A6
2024-05-14,Kittitas County,KP.2,125133.45540498,862782,0.1450348470470872,#5875A1
2024-05-14,Kittitas County,KP.2.15,0.0,862782,0.0,#175DFF
2024-05-14,Kittitas County,KP.2.3,0.0,862782,0.0,#628DE8
2024-05-14,Kittitas County,KP.3,2081.35721988,862782,0.0024123790481025,#B06589
2024-05-14,Kittitas County,KP.3.1.1,0.0,862782,0.0,#2F92A1
2024-05-14,Kittitas County,KP.4.1,0.0,862782,0.0,#FF473A
2024-05-14,Kittitas County,KQ.1,45520.32259548,862782,0.052759935412978,#E86CDE
2024-05-14,Kittitas County,KV.2,941.03924508,862782,0.0010907033817117,#E14365
2024-05-14,Kittitas County,KW.1.1,0.0,862782,0.0,#34A0FF
2024-05-14,Kittitas County,LB.1,126188.12366082,862782,0.1462572511489808,#795653
2024-05-14,Kittitas County,Recombinant,0.0,862782,0.0,#FF0000
2024-05-14,Kittitas County,XBB,0.0,862782,0.0,#9FA8DA
2024-05-14,Kittitas County,XBB.1.16,0.0,862782,0.0,#4527A0
2024-05-14,Kittitas County,XBB.1.16.1,0.0,862782,0.0,#F89B9B
2024-05-14,Kittitas County,XBB.1.16.15,0.0,862782,0.0,#E3B5FA
2024-05-14,Kittitas County,XBB.1.16.6,0.0,862782,0.0,#5AA350
2024-05-14,Kittitas County,XBB.1.42.1,0.0,862782,0.0,#75D1A3
2024-05-14,Kittitas County,XBB.1.5,0.0,862782,0.0,#3F51B5
2024-05-14,Kittitas County,XBB.1.5.70,0.0,862782,0.0,#46783C
2024-05-14,Kittitas County,XBB.1.5.72,0.0,862782,0.0,#254220
2024-05-14,Kittitas County,XBB.1.9.1,0.0,862782,0.0,#304FFE
2024-05-14,Kittitas County,XBB.1.9.2,0.0,862782,0.0,#536DFE
2024-05-14,Kittitas County,XBB.2.3,0.0,862782,0.0,#F7BCDF
2024-05-14,Kittitas County,XDP,0.0,862782,0.0,#B60052
2024-05-14,Kittitas County,XDV.1,0.0,862782,0.0,#D367B6
2024-05-14,Kittitas County,unreportable,8005.83779064,862782,0.0092790969105057,#eeeeee
2024-05-14,Okanogan County,BA.2,0.0,24130,0.0,#9CCD67
2024-05-14,Okanogan County,BA.2.12.1,0.0,24130,0.0,#7CB342
2024-05-14,Okanogan County,BA.2.86,0.0,24130,0.0,#D770EE
2024-05-14,Okanogan County,EG.5,0.0,24130,0.0,#FFBE7D
2024-05-14,Okanogan County,EG.5.1.8,0.0,24130,0.0,#E14D6F
2024-05-14,Okanogan County,EG.6.1,0.0,24130,0.0,#B9ABA8
2024-05-14,Okanogan County,FE.1.1,0.0,24130,0.0,#499894
2024-05-14,Okanogan County,FL.1.5.1,0.0,24130,0.0,#8CD17D
2024-05-14,Okanogan County,GE.1,0.0,24130,0.0,#FABFD2
2024-05-14,Okanogan County,GK.1.1,0.0,24130,0.0,#90FAE5
2024-05-14,Okanogan County,HF.1,0.0,24130,0.0,#D399AD
2024-05-14,Okanogan County,HK.3,0.0,24130,0.0,#859DBC
2024-05-14,Okanogan County,HV.1,0.0,24130,0.0,#797765
2024-05-14,Okanogan County,JD.1.1,0.0,24130,0.0,#80F192
2024-05-14,Okanogan County,JF.1,0.0,24130,0.0,#FFF1A9
2024-05-14,Okanogan County,JG.3,0.0,24130,0.0,#66A172
2024-05-14,Okanogan County,JN.1,29.9916596,24130,0.00124292,#61018F
2024-05-14,Okanogan County,JN.1.11.1,0.0,24130,0.0,#5C9CF1
2024-05-14,Okanogan County,JN.1.13,0.0,24130,0.0,#E83C78
2024-05-14,Okanogan County,JN.1.13.1,0.0,24130,0.0,#F2591C
2024-05-14,Okanogan County,JN.1.16,0.0,24130,0.0,#BC3A88
2024-05-14,Okanogan County,JN.1.16.1,1164.2179662,24130,0.04824774,#366298
2024-05-14,Okanogan County,JN.1.18,0.0,24130,0.0,#4AF32F
2024-05-14,Okanogan County,JN.1.32,0.0,24130,0.0,#2E7919
2024-05-14,Okanogan County,JN.1.4.3,0.0,24130,0.0,#9D1010
2024-05-14,Okanogan County,JN.1.7,0.0,24130,0.0,#CF15E8
2024-05-14,Okanogan County,JN.1.8.1,0.0,24130,0.0,#FFB027
2024-05-14,Okanogan County,KP.1.1,22711.9221275,24130,0.94123175,#CBFF86
2024-05-14,Okanogan County,KP.1.1.3,0.0,24130,0.0,#1EB3B6
2024-05-14,Okanogan County,KP.1.2,0.0,24130,0.0,#D7B5A6
2024-05-14,Okanogan County,KP.2,32.4271005,24130,0.00134385,#5875A1
2024-05-14,Okanogan County,KP.2.15,0.0,24130,0.0,#175DFF
2024-05-14,Okanogan County,KP.2.3,0.0,24130,0.0,#628DE8
2024-05-14,Okanogan County,KP.3,0.0,24130,0.0,#B06589
2024-05-14,Okanogan County,KP.3.1.1,0.0,24130,0.0,#2F92A1
2024-05-14,Okanogan County,KP.4.1,0.0,24130,0.0,#FF473A
2024-05-14,Okanogan County,KQ.1,0.0,24130,0.0,#E86CDE
2024-05-14,Okanogan County,KV.2,0.0,24130,0.0,#E14365
2024-05-14,Okanogan County,KW.1.1,0.0,24130,0.0,#34A0FF
2024-05-14,Okanogan County,LB.1,0.0,24130,0.0,#795653
2024-05-14,Okanogan County,Recombinant,0.0,24130,0.0,#FF0000
2024-05-14,Okanogan County,XBB,0.0,24130,0.0,#9FA8DA
2024-05-14,Okanogan County,XBB.1.16,0.0,24130,0.0,#4527A0
2024-05-14,Okanogan County,XBB.1.16.1,0.0,24130,0.0,#F89B9B
2024-05-14,Okanogan County,XBB.1.16.15,0.0,24130,0.0,#E3B5FA
2024-05-14,Okanogan County,XBB.1.16.6,0.0,24130,0.0,#5AA350
2024-05-14,Okanogan County,XBB.1.42.1,0.0,24130,0.0,#75D1A3
2024-05-14,Okanogan County,XBB.1.5,0.0,24130,0.0,#3F51B5
2024-05-14,Okanogan County,XBB.1.5.70,0.0,24130,0.0,#46783C
2024-05-14,Okanogan County,XBB.1.5.72,0.0,24130,0.0,#254220
2024-05-14,Okanogan County,XBB.1.9.1,0.0,24130,0.0,#304FFE
2024-05-14,Okanogan County,XBB.1.9.2,0.0,24130,0.0,#536DFE
2024-05-14,Okanogan County,XBB.2.3,0.0,24130,0.0,#F7BCDF
2024-05-14,Okanogan County,XDP,0.0,24130,0.0,#B60052
2024-05-14,Okanogan County,XDV.1,0.0,24130,0.0,#D367B6
2024-05-14,Okanogan County,unreportable,191.4411462,24130,0.00793374,#eeeeee
2024-05-14,Pierce County,BA.2,0.0,69239,0.0,#9CCD67
2024-05-14,Pierce County,BA.2.12.1,0.0,69239,0.0,#7CB342
2024-05-14,Pierce County,BA.2.86,0.0,69239,0.0,#D770EE
2024-05-14,Pierce County,EG.5,0.0,69239,0.0,#FFBE7D
2024-05-14,Pierce County,EG.5.1.8,0.0,69239,0.0,#E14D6F
2024-05-14,Pierce County,EG.6.1,0.0,69239,0.0,#B9ABA8
2024-05-14,Pierce County,FE.1.1,0.0,69239,0.0,#499894
2024-05-14,Pierce County,FL.1.5.1,0.0,69239,0.0,#8CD17D
2024-05-14,Pierce County,GE.1,0.0,69239,0.0,#FABFD2
2024-05-14,Pierce County,GK.1.1,0.0,69239,0.0,#90FAE5
2024-05-14,Pierce County,HF.1,0.0,69239,0.0,#D399AD
2024-05-14,Pierce County,HK.3,0.0,69239,0.0,#859DBC
2024-05-14,Pierce County,HV.1,0.0,69239,0.0,#797765
2024-05-14,Pierce County,JD.1.1,0.0,69239,0.0,#80F192
2024-05-14,Pierce County,JF.1,0.0,69239,0.0,#FFF1A9
2024-05-14,Pierce County,JG.3,0.0,69239,0.0,#66A172
2024-05-14,Pierce County,JN.1,0.0,69239,0.0,#61018F
2024-05-14,Pierce County,JN.1.11.1,0.0,69239,0.0,#5C9CF1
2024-05-14,Pierce County,JN.1.13,0.0,69239,0.0,#E83C78
2024-05-14,Pierce County,JN.1.13.1,0.0,69239,0.0,#F2591C
2024-05-14,Pierce County,JN.1.16,0.0,69239,0.0,#BC3A88
2024-05-14,Pierce County,JN.1.16.1,0.0,69239,0.0,#366298
2024-05-14,Pierce County,JN.1.18,0.0,69239,0.0,#4AF32F
2024-05-14,Pierce County,JN.1.32,0.0,69239,0.0,#2E7919
2024-05-14,Pierce County,JN.1.4.3,0.0,69239,0.0,#9D1010
2024-05-14,Pierce County,JN.1.7,1236.22703311,69239,0.01785449,#CF15E8
2024-05-14,Pierce County,JN.1.8.1,0.0,69239,0.0,#FFB027
2024-05-14,Pierce County,KP.1.1,74.44161846,69239,0.00107514,#CBFF86
2024-05-14,Pierce County,KP.1.1.3,0.0,69239,0.0,#1EB3B6
2024-05-14,Pierce County,KP.1.2,0.0,69239,0.0,#D7B5A6
2024-05-14,Pierce County,KP.2,80.6772828,69239,0.0011652,#5875A1
2024-05-14,Pierce County,KP.2.15,0.0,69239,0.0,#175DFF
2024-05-14,Pierce County,KP.2.3,0.0,69239,0.0,#628DE8
2024-05-14,Pierce County,KP.3,0.0,69239,0.0,#B06589
2024-05-14,Pierce County,KP.3.1.1,0.0,69239,0.0,#2F92A1
2024-05-14,Pierce County,KP.4.1,79.53830125,69239,0.00114875,#FF473A
2024-05-14,Pierce County,KQ.1,66872.73709569,69239,0.96582471,#E86CDE
2024-05-14,Pierce County,KV.2,0.0,69239,0.0,#E14365
2024-05-14,Pierce County,KW.1.1,0.0,69239,0.0,#34A0FF
2024-05-14,Pierce County,LB.1,0.0,69239,0.0,#795653
2024-05-14,Pierce County,Recombinant,0.0,69239,0.0,#FF0000
2024-05-14,Pierce County,XBB,0.0,69239,0.0,#9FA8DA
2024-05-14,Pierce County,XBB.1.16,0.0,69239,0.0,#4527A0
2024-05-14,Pierce County,XBB.1.16.1,0.0,69239,0.0,#F89B9B
2024-05-14,Pierce County,XBB.1.16.15,0.0,69239,0.0,#E3B5FA
2024-05-14,Pierce County,XBB.1.16.6,0.0,69239,0.0,#5AA350
2024-05-14,Pierce County,XBB.1.42.1,0.0,69239,0.0,#75D1A3
2024-05-14,Pierce County,XBB.1.5,0.0,69239,0.0,#3F51B5
2024-05-14,Pierce County,XBB.1.5.70,0.0,69239,0.0,#46783C
2024-05-14,Pierce County,XBB.1.5.72,0.0,69239,0.0,#254220
2024-05-14,Pierce County,XBB.1.9.1,0.0,69239,0.0,#304FFE
2024-05-14,Pierce County,XBB.1.9.2,0.0,69239,0.0,#536DFE
2024-05-14,Pierce County,XBB.2.3,0.0,69239,0.0,#F7BCDF
2024-05-14,Pierce County,XDP,0.0,69239,0.0,#B60052
2024-05-14,Pierce County,XDV.1,0.0,69239,0.0,#D367B6
2024-05-14,Pierce County,unreportable,895.37866869,69239,0.01293171,#eeeeee
2024-05-14,Spokane County,BA.2,0.0,713850,0.0,#9CCD67
2024-05-14,Spokane County,BA.2.12.1,0.0,713850,0.0,#7CB342
2024-05-14,Spokane County,BA.2.86,0.0,713850,0.0,#D770EE
2024-05-14,Spokane County,EG.5,0.0,713850,0.0,#FFBE7D
2024-05-14,Spokane County,EG.5.1.8,0.0,713850,0.0,#E14D6F
2024-05-14,Spokane County,EG.6.1,0.0,713850,0.0,#B9ABA8
2024-05-14,Spokane County,FE.1.1,0.0,713850,0.0,#499894
2024-05-14,Spokane County,FL.1.5.1,0.0,713850,0.0,#8CD17D
2024-05-14,Spokane County,GE.1,0.0,713850,0.0,#FABFD2
2024-05-14,Spokane County,GK.1.1,0.0,713850,0.0,#90FAE5
2024-05-14,Spokane County,HF.1,0.0,713850,0.0,#D399AD
2024-05-14,Spokane County,HK.3,0.0,713850,0.0,#859DBC
2024-05-14,Spokane County,HV.1,0.0,713850,0.0,#797765
2024-05-14,Spokane County,JD.1.1,0.0,713850,0.0,#80F192
2024-05-14,Spokane County,JF.1,0.0,713850,0.0,#FFF1A9
2024-05-14,Spokane County,JG.3,0.0,713850,0.0,#66A172
2024-05-14,Spokane County,JN.1,11223.19610025,713850,0.015722065,#61018F
2024-05-14,Spokane County,JN.1.11.1,55724.958456,713850,0.07806256,#5C9CF1
2024-05-14,Spokane County,JN.1.13,0.0,713850,0.0,#E83C78
2024-05-14,Spokane County,JN.1.13.1,0.0,713850,0.0,#F2591C
2024-05-14,Spokane County,JN.1.16,0.0,713850,0.0,#BC3A88
2024-05-14,Spokane County,JN.1.16.1,0.0,713850,0.0,#366298
2024-05-14,Spokane County,JN.1.18,0.0,713850,0.0,#4AF32F
2024-05-14,Spokane County,JN.1.32,205625.13853425,713850,0.2880509049999999,#2E7919
2024-05-14,Spokane County,JN.1.4.3,138468.52193175,713850,0.193974255,#9D1010
2024-05-14,Spokane County,JN.1.7,0.0,713850,0.0,#CF15E8
2024-05-14,Spokane County,JN.1.8.1,942.72815625,713850,0.001320625,#FFB027
2024-05-14,Spokane County,KP.1.1,851.66231175,713850,0.001193055,#CBFF86
2024-05-14,Spokane County,KP.1.1.3,0.0,713850,0.0,#1EB3B6
2024-05-14,Spokane County,KP.1.2,0.0,713850,0.0,#D7B5A6
2024-05-14,Spokane County,KP.2,0.0,713850,0.0,#5875A1
2024-05-14,Spokane County,KP.2.15,0.0,713850,0.0,#175DFF
2024-05-14,Spokane County,KP.2.3,0.0,713850,0.0,#628DE8
2024-05-14,Spokane County,KP.3,219317.820186,713850,0.30723236,#B06589
2024-05-14,Spokane County,KP.3.1.1,0.0,713850,0.0,#2F92A1
2024-05-14,Spokane County,KP.4.1,77938.5356175,713850,0.10918055,#FF473A
2024-05-14,Spokane County,KQ.1,0.0,713850,0.0,#E86CDE
2024-05-14,Spokane County,KV.2,256.4648895,713850,0.00035927,#E14365
2024-05-14,Spokane County,KW.1.1,0.0,713850,0.0,#34A0FF
2024-05-14,Spokane County,LB.1,0.0,713850,0.0,#795653
2024-05-14,Spokane County,Recombinant,0.0,713850,0.0,#FF0000
2024-05-14,Spokane County,XBB,0.0,713850,0.0,#9FA8DA
2024-05-14,Spokane County,XBB.1.16,0.0,713850,0.0,#4527A0
2024-05-14,Spokane County,XBB.1.16.1,0.0,713850,0.0,#F89B9B
2024-05-14,Spokane County,XBB.1.16.15,0.0,713850,0.0,#E3B5FA
2024-05-14,Spokane County,XBB.1.16.6,0.0,713850,0.0,#5AA350
2024-05-14,Spokane County,XBB.1.42.1,0.0,713850,0.0,#75D1A3
2024-05-14,Spokane County,XBB.1.5,0.0,713850,0.0,#3F51B5
2024-05-14,Spokane County,XBB.1.5.70,0.0,713850,0.0,#46783C
2024-05-14,Spokane County,XBB.1.5.72,0.0,713850,0.0,#254220
2024-05-14,Spokane County,XBB.1.9.1,0.0,713850,0.0,#304FFE
2024-05-14,Spokane County,XBB.1.9.2,0.0,713850,0.0,#536DFE
2024-05-14,Spokane County,XBB.2.3,0.0,713850,0.0,#F7BCDF
2024-05-14,Spokane County,XDP,0.0,713850,0.0,#B60052
2024-05-14,Spokane County,XDV.1,0.0,713850,0.0,#D367B6
2024-05-14,Spokane County,unreportable,3500.977386,713850,0.00490436,#eeeeee
2024-05-14,Thurston County,BA.2,0.0,68224,0.0,#9CCD67
2024-05-14,Thurston County,BA.2.12.1,0.0,68224,0.0,#7CB342
2024-05-14,Thurston County,BA.2.86,0.0,68224,0.0,#D770EE
2024-05-14,Thurston County,EG.5,0.0,68224,0.0,#FFBE7D
2024-05-14,Thurston County,EG.5.1.8,0.0,68224,0.0,#E14D6F
2024-05-14,Thurston County,EG.6.1,0.0,68224,0.0,#B9ABA8
2024-05-14,Thurston County,FE.1.1,0.0,68224,0.0,#499894
2024-05-14,Thurston County,FL.1.5.1,0.0,68224,0.0,#8CD17D
2024-05-14,Thurston County,GE.1,0.0,68224,0.0,#FABFD2
2024-05-14,Thurston County,GK.1.1,0.0,68224,0.0,#90FAE5
2024-05-14,Thurston County,HF.1,0.0,68224,0.0,#D399AD
2024-05-14,Thurston County,HK.3,0.0,68224,0.0,#859DBC
2024-05-14,Thurston County,HV.1,0.0,68224,0.0,#797765
2024-05-14,Thurston County,JD.1.1,0.0,68224,0.0,#80F192
2024-05-14,Thurston County,JF.1,0.0,68224,0.0,#FFF1A9
2024-05-14,Thurston County,JG.3,0.0,68224,0.0,#66A172
2024-05-14,Thurston County,JN.1,0.0,68224,0.0,#61018F
2024-05-14,Thurston County,JN.1.11.1,7542.41153536,68224,0.11055364,#5C9CF1
2024-05-14,Thurston County,JN.1.13,0.0,68224,0.0,#E83C78
2024-05-14,Thurston County,JN.1.13.1,0.0,68224,0.0,#F2591C
2024-05-14,Thurston County,JN.1.16,0.0,68224,0.0,#BC3A88
2024-05-14,Thurston County,JN.1.16.1,0.0,68224,0.0,#366298
2024-05-14,Thurston County,JN.1.18,0.0,68224,0.0,#4AF32F
2024-05-14,Thurston County,JN.1.32,0.0,68224,0.0,#2E7919
2024-05-14,Thurston County,JN.1.4.3,0.0,68224,0.0,#9D1010
2024-05-14,Thurston County,JN.1.7,29048.82542848,68224,0.42578602,#CF15E8
2024-05-14,Thurston County,JN.1.8.1,0.0,68224,0.0,#FFB027
2024-05-14,Thurston County,KP.1.1,0.0,68224,0.0,#CBFF86
2024-05-14,Thurston County,KP.1.1.3,0.0,68224,0.0,#1EB3B6
2024-05-14,Thurston County,KP.1.2,5161.94313856,68224,0.07566169,#D7B5A6
2024-05-14,Thurston County,KP.2,26184.87469312,68224,0.38380738,#5875A1
2024-05-14,Thurston County,KP.2.15,0.0,68224,0.0,#175DFF
2024-05-14,Thurston County,KP.2.3,0.0,68224,0.0,#628DE8
2024-05-14,Thurston County,KP.3,0.0,68224,0.0,#B06589
2024-05-14,Thurston County,KP.3.1.1,0.0,68224,0.0,#2F92A1
2024-05-14,Thurston County,KP.4.1,0.0,68224,0.0,#FF473A
2024-05-14,Thurston County,KQ.1,0.0,68224,0.0,#E86CDE
2024-05-14,Thurston County,KV.2,0.0,68224,0.0,#E14365
2024-05-14,Thurston County,KW.1.1,0.0,68224,0.0,#34A0FF
2024-05-14,Thurston County,LB.1,0.0,68224,0.0,#795653
2024-05-14,Thurston County,Recombinant,0.0,68224,0.0,#FF0000
2024-05-14,Thurston County,XBB,0.0,68224,0.0,#9FA8DA
2024-05-14,Thurston County,XBB.1.16,0.0,68224,0.0,#4527A0
2024-05-14,Thurston County,XBB.1.16.1,0.0,68224,0.0,#F89B9B
2024-05-14,Thurston County,XBB.1.16.15,0.0,68224,0.0,#E3B5FA
2024-05-14,Thurston County,XBB.1.16.6,0.0,68224,0.0,#5AA350
2024-05-14,Thurston County,XBB.1.42.1,0.0,68224,0.0,#75D1A3
2024-05-14,Thurston County,XBB.1.5,0.0,68224,0.0,#3F51B5
2024-05-14,Thurston County,XBB.1.5.70,0.0,68224,0.0,#46783C
2024-05-14,Thurston County,XBB.1.5.72,0.0,68224,0.0,#254220
2024-05-14,Thurston County,XBB.1.9.1,0.0,68224,0.0,#304FFE
2024-05-14,Thurston County,XBB.1.9.2,0.0,68224,0.0,#536DFE
2024-05-14,Thurston County,XBB.2.3,0.0,68224,0.0,#F7BCDF
2024-05-14,Thurston County,XDP,0.0,68224,0.0,#B60052
2024-05-14,Thurston County,XDV.1,0.0,68224,0.0,#D367B6
2024-05-14,Thurston County,unreportable,285.94452224,68224,0.00419126,#eeeeee
2024-05-14,Walla Walla County,BA.2,0.0,1387879,0.0,#9CCD67
2024-05-14,Walla Walla County,BA.2.12.1,0.0,1387879,0.0,#7CB342
2024-05-14,Walla Walla County,BA.2.86,0.0,1387879,0.0,#D770EE
2024-05-14,Walla Walla County,EG.5,0.0,1387879,0.0,#FFBE7D
2024-05-14,Walla Walla County,EG.5.1.8,0.0,1387879,0.0,#E14D6F
2024-05-14,Walla Walla County,EG.6.1,0.0,1387879,0.0,#B9ABA8
2024-05-14,Walla Walla County,FE.1.1,0.0,1387879,0.0,#499894
2024-05-14,Walla Walla County,FL.1.5.1,0.0,1387879,0.0,#8CD17D
2024-05-14,Walla Walla County,GE.1,0.0,1387879,0.0,#FABFD2
2024-05-14,Walla Walla County,GK.1.1,0.0,1387879,0.0,#90FAE5
2024-05-14,Walla Walla County,HF.1,0.0,1387879,0.0,#D399AD
2024-05-14,Walla Walla County,HK.3,0.0,1387879,0.0,#859DBC
2024-05-14,Walla Walla County,HV.1,0.0,1387879,0.0,#797765
2024-05-14,Walla Walla County,JD.1.1,0.0,1387879,0.0,#80F192
2024-05-14,Walla Walla County,JF.1,0.0,1387879,0.0,#FFF1A9
2024-05-14,Walla Walla County,JG.3,0.0,1387879,0.0,#66A172
2024-05-14,Walla Walla County,JN.1,4977.7237068800005,1387879,0.0035865689349575,#61018F
2024-05-14,Walla Walla County,JN.1.11.1,0.0,1387879,0.0,#5C9CF1
2024-05-14,Walla Walla County,JN.1.13,0.0,1387879,0.0,#E83C78
2024-05-14,Walla Walla County,JN.1.13.1,0.0,1387879,0.0,#F2591C
2024-05-14,Walla Walla County,JN.1.16,0.0,1387879,0.0,#BC3A88
2024-05-14,Walla Walla County,JN.1.16.1,0.0,1387879,0.0,#366298
2024-05-14,Walla Walla County,JN.1.18,0.0,1387879,0.0,#4AF32F
2024-05-14,Walla Walla County,JN.1.32,260627.93870464,1387879,0.1877886607583514,#2E7919
2024-05-14,Walla Walla County,JN.1.4.3,0.0,1387879,0.0,#9D1010
2024-05-14,Walla Walla County,JN.1.7,1112131.43719701,1387879,0.8013172886087404,#CF15E8
2024-05-14,Walla Walla County,JN.1.8.1,0.0,1387879,0.0,#FFB027
2024-05-14,Walla Walla County,KP.1.1,0.0,1387879,0.0,#CBFF86
2024-05-14,Walla Walla County,KP.1.1.3,0.0,1387879,0.0,#1EB3B6
2024-05-14,Walla Walla County,KP.1.2,0.0,1387879,0.0,#D7B5A6
2024-05-14,Walla Walla County,KP.2,0.0,1387879,0.0,#5875A1
2024-05-14,Walla Walla County,KP.2.15,0.0,1387879,0.0,#175DFF
2024-05-14,Walla Walla County,KP.2.3,0.0,1387879,0.0,#628DE8
2024-05-14,Walla Walla County,KP.3,0.0,1387879,0.0,#B06589
2024-05-14,Walla Walla County,KP.3.1.1,0.0,1387879,0.0,#2F92A1
2024-05-14,Walla Walla County,KP.4.1,0.0,1387879,0.0,#FF473A
2024-05-14,Walla Walla County,KQ.1,0.0,1387879,0.0,#E86CDE
2024-05-14,Walla Walla County,KV.2,1412.89972736,1387879,0.001018028032242,#E14365
2024-05-14,Walla Walla County,KW.1.1,0.0,1387879,0.0,#34A0FF
2024-05-14,Walla Walla County,LB.1,0.0,1387879,0.0,#795653
2024-05-14,Walla Walla County,Recombinant,0.0,1387879,0.0,#FF0000
2024-05-14,Walla Walla County,XBB,0.0,1387879,0.0,#9FA8DA
2024-05-14,Walla Walla County,XBB.1.16,0.0,1387879,0.0,#4527A0
2024-05-14,Walla Walla County,XBB.1.16.1,0.0,1387879,0.0,#F89B9B
2024-05-14,Walla Walla County,XBB.1.16.15,0.0,1387879,0.0,#E3B5FA
2024-05-14,Walla Walla County,XBB.1.16.6,0.0,1387879,0.0,#5AA350
2024-05-14,Walla Walla County,XBB.1.42.1,0.0,1387879,0.0,#75D1A3
2024-05-14,Walla Walla County,XBB.1.5,0.0,1387879,0.0,#3F51B5
2024-05-14,Walla Walla County,XBB.1.5.70,0.0,1387879,0.0,#46783C
2024-05-14,Walla Walla County,XBB.1.5.72,0.0,1387879,0.0,#254220
2024-05-14,Walla Walla County,XBB.1.9.1,0.0,1387879,0.0,#304FFE
2024-05-14,Walla Walla County,XBB.1.9.2,0.0,1387879,0.0,#536DFE
2024-05-14,Walla Walla County,XBB.2.3,0.0,1387879,0.0,#F7BCDF
2024-05-14,Walla Walla County,XDP,0.0,1387879,0.0,#B60052
2024-05-14,Walla Walla County,XDV.1,0.0,1387879,0.0,#D367B6
2024-05-14,Walla Walla County,unreportable,8729.00617963,1387879,0.0062894576397726,#eeeeee
2024-05-14,Whitman County,BA.2,0.0,245487,0.0,#9CCD67
2024-05-14,Whitman County,BA.2.12.1,0.0,245487,0.0,#7CB342
2024-05-14,Whitman County,BA.2.86,0.0,245487,0.0,#D770EE
2024-05-14,Whitman County,EG.5,0.0,245487,0.0,#FFBE7D
2024-05-14,Whitman County,EG.5.1.8,0.0,245487,0.0,#E14D6F
2024-05-14,Whitman County,EG.6.1,0.0,245487,0.0,#B9ABA8
2024-05-14,Whitman County,FE.1.1,0.0,245487,0.0,#499894
2024-05-14,Whitman County,FL.1.5.1,0.0,245487,0.0,#8CD17D
2024-05-14,Whitman County,GE.1,0.0,245487,0.0,#FABFD2
2024-05-14,Whitman County,GK.1.1,0.0,245487,0.0,#90FAE5
2024-05-14,Whitman County,HF.1,0.0,245487,0.0,#D399AD
2024-05-14,Whitman County,HK.3,0.0,245487,0.0,#859DBC
2024-05-14,Whitman County,HV.1,0.0,245487,0.0,#797765
2024-05-14,Whitman County,JD.1.1,0.0,245487,0.0,#80F192
2024-05-14,Whitman County,JF.1,0.0,245487,0.0,#FFF1A9
2024-05-14,Whitman County,JG.3,0.0,245487,0.0,#66A172
2024-05-14,Whitman County,JN.1,34848.760080420005,245487,0.14195766,#61018F
2024-05-14,Whitman County,JN.1.11.1,0.0,245487,0.0,#5C9CF1
2024-05-14,Whitman County,JN.1.13,0.0,245487,0.0,#E83C78
2024-05-14,Whitman County,JN.1.13.1,0.0,245487,0.0,#F2591C
2024-05-14,Whitman County,JN.1.16,0.0,245487,0.0,#BC3A88
2024-05-14,Whitman County,JN.1.16.1,22923.38703501,245487,0.09337923,#366298
2024-05-14,Whitman County,JN.1.18,18034.45451313,245487,0.07346399,#4AF32F
2024-05-14,Whitman County,JN.1.32,0.0,245487,0.0,#2E7919
2024-05-14,Whitman County,JN.1.4.3,0.0,245487,0.0,#9D1010
2024-05-14,Whitman County,JN.1.7,243.51082965,245487,0.00099195,#CF15E8
2024-05-14,Whitman County,JN.1.8.1,0.0,245487,0.0,#FFB027
2024-05-14,Whitman County,KP.1.1,1960.59419985,245487,0.00798655,#CBFF86
2024-05-14,Whitman County,KP.1.1.3,0.0,245487,0.0,#1EB3B6
2024-05-14,Whitman County,KP.1.2,0.0,245487,0.0,#D7B5A6
2024-05-14,Whitman County,KP.2,432.68065698,245487,0.00176254,#5875A1
2024-05-14,Whitman County,KP.2.15,0.0,245487,0.0,#175DFF
2024-05-14,Whitman County,KP.2.3,0.0,245487,0.0,#628DE8
2024-05-14,Whitman County,KP.3,0.0,245487,0.0,#B06589
2024-05-14,Whitman County,KP.3.1.1,0.0,245487,0.0,#2F92A1
2024-05-14,Whitman County,KP.4.1,0.0,245487,0.0,#FF473A
2024-05-14,Whitman County,KQ.1,73722.49064466,245487,0.30031118,#E86CDE
2024-05-14,Whitman County,KV.2,0.0,245487,0.0,#E14365
2024-05-14,Whitman County,KW.1.1,0.0,245487,0.0,#34A0FF
2024-05-14,Whitman County,LB.1,88030.94592666,245487,0.35859718,#795653
2024-05-14,Whitman County,Recombinant,278.50991124,245487,0.00113452,#FF0000
2024-05-14,Whitman County,XBB,0.0,245487,0.0,#9FA8DA
2024-05-14,Whitman County,XBB.1.16,0.0,245487,0.0,#4527A0
2024-05-14,Whitman County,XBB.1.16.1,0.0,245487,0.0,#F89B9B
2024-05-14,Whitman County,XBB.1.16.15,0.0,245487,0.0,#E3B5FA
2024-05-14,Whitman County,XBB.1.16.6,0.0,245487,0.0,#5AA350
2024-05-14,Whitman County,XBB.1.42.1,0.0,245487,0.0,#75D1A3
2024-05-14,Whitman County,XBB.1.5,0.0,245487,0.0,#3F51B5
2024-05-14,Whitman County,XBB.1.5.70,0.0,245487,0.0,#46783C
2024-05-14,Whitman County,XBB.1.5.72,0.0,245487,0.0,#254220
2024-05-14,Whitman County,XBB.1.9.1,0.0,245487,0.0,#304FFE
2024-05-14,Whitman County,XBB.1.9.2,0.0,245487,0.0,#536DFE
2024-05-14,Whitman County,XBB.2.3,0.0,245487,0.0,#F7BCDF
2024-05-14,Whitman County,XDP,0.0,245487,0.0,#B60052
2024-05-14,Whitman County,XDV.1,0.0,245487,0.0,#D367B6
2024-05-14,Whitman County,unreportable,5011.666202400001,245487,0.0204152,#eeeeee
2024-05-14,Yakima County,BA.2,0.0,1933008,0.0,#9CCD67
2024-05-14,Yakima County,BA.2.12.1,0.0,1933008,0.0,#7CB342
2024-05-14,Yakima County,BA.2.86,0.0,1933008,0.0,#D770EE
2024-05-14,Yakima County,EG.5,0.0,1933008,0.0,#FFBE7D
2024-05-14,Yakima County,EG.5.1.8,0.0,1933008,0.0,#E14D6F
2024-05-14,Yakima County,EG.6.1,0.0,1933008,0.0,#B9ABA8
2024-05-14,Yakima County,FE.1.1,0.0,1933008,0.0,#499894
2024-05-14,Yakima County,FL.1.5.1,0.0,1933008,0.0,#8CD17D
2024-05-14,Yakima County,GE.1,0.0,1933008,0.0,#FABFD2
2024-05-14,Yakima County,GK.1.1,0.0,1933008,0.0,#90FAE5
2024-05-14,Yakima County,HF.1,0.0,1933008,0.0,#D399AD
2024-05-14,Yakima County,HK.3,0.0,1933008,0.0,#859DBC
2024-05-14,Yakima County,HV.1,0.0,1933008,0.0,#797765
2024-05-14,Yakima County,JD.1.1,0.0,1933008,0.0,#80F192
2024-05-14,Yakima County,JF.1,0.0,1933008,0.0,#FFF1A9
2024-05-14,Yakima County,JG.3,0.0,1933008,0.0,#66A172
2024-05-14,Yakima County,JN.1,181313.68346276,1933008,0.0937987237832228,#61018F
2024-05-14,Yakima County,JN.1.11.1,0.0,1933008,0.0,#5C9CF1
2024-05-14,Yakima County,JN.1.13,3820.1886096,1933008,0.0019762921879267,#E83C78
2024-05-14,Yakima County,JN.1.13.1,481841.7475982,1933008,0.2492704363345625,#F2591C
2024-05-14,Yakima County,JN.1.16,228963.43266348,1933008,0.1184492938795287,#BC3A88
2024-05-14,Yakima County,JN.1.16.1,50304.30845624,1933008,0.0260238490767963,#366298
2024-05-14,Yakima County,JN.1.18,104019.221084,1933008,0.0538121006659051,#4AF32F
2024-05-14,Yakima County,JN.1.32,0.0,1933008,0.0,#2E7919
2024-05-14,Yakima County,JN.1.4.3,0.0,1933008,0.0,#9D1010
2024-05-14,Yakima County,JN.1.7,0.0,1933008,0.0,#CF15E8
2024-05-14,Yakima County,JN.1.8.1,0.0,1933008,0.0,#FFB027
2024-05-14,Yakima County,KP.1.1,217978.5429748,1933008,0.1127664981080264,#CBFF86
2024-05-14,Yakima County,KP.1.1.3,0.0,1933008,0.0,#1EB3B6
2024-05-14,Yakima County,KP.1.2,224978.07657756,1933008,0.1163875558598619,#D7B5A6
2024-05-14,Yakima County,KP.2,1676.50023524,1933008,0.0008673012399534,#5875A1
2024-05-14,Yakima County,KP.2.15,0.0,1933008,0.0,#175DFF
2024-05-14,Yakima County,KP.2.3,31607.5303398,1933008,0.01635147414796,#628DE8
2024-05-14,Yakima County,KP.3,388956.97780604,1933008,0.2012185039099889,#B06589
2024-05-14,Yakima County,KP.3.1.1,0.0,1933008,0.0,#2F92A1
2024-05-14,Yakima County,KP.4.1,0.0,1933008,0.0,#FF473A
2024-05-14,Yakima County,KQ.1,0.0,1933008,0.0,#E86CDE
2024-05-14,Yakima County,KV.2,0.0,1933008,0.0,#E14365
2024-05-14,Yakima County,KW.1.1,0.0,1933008,0.0,#34A0FF
2024-05-14,Yakima County,LB.1,0.0,1933008,0.0,#795653
2024-05-14,Yakima County,Recombinant,0.0,1933008,0.0,#FF0000
2024-05-14,Yakima County,XBB,0.0,1933008,0.0,#9FA8DA
2024-05-14,Yakima County,XBB.1.16,0.0,1933008,0.0,#4527A0
2024-05-14,Yakima County,XBB.1.16.1,0.0,1933008,0.0,#F89B9B
2024-05-14,Yakima County,XBB.1.16.15,0.0,1933008,0.0,#E3B5FA
2024-05-14,Yakima County,XBB.1.16.6,0.0,1933008,0.0,#5AA350
2024-05-14,Yakima County,XBB.1.42.1,0.0,1933008,0.0,#75D1A3
2024-05-14,Yakima County,XBB.1.5,0.0,1933008,0.0,#3F51B5
2024-05-14,Yakima County,XBB.1.5.70,0.0,1933008,0.0,#46783C
2024-05-14,Yakima County,XBB.1.5.72,0.0,1933008,0.0,#254220
2024-05-14,Yakima County,XBB.1.9.1,0.0,1933008,0.0,#304FFE
2024-05-14,Yakima County,XBB.1.9.2,0.0,1933008,0.0,#536DFE
2024-05-14,Yakima County,XBB.2.3,0.0,1933008,0.0,#F7BCDF
2024-05-14,Yakima County,XDP,0.0,1933008,0.0,#B60052
2024-05-14,Yakima County,XDV.1,0.0,1933008,0.0,#D367B6
2024-05-14,Yakima County,unreportable,17547.77646852,1933008,0.0090779637065754,#eeeeee
2024-05-21,Benton County,BA.2,0.0,502178,0.0,#9CCD67
2024-05-21,Benton County,BA.2.12.1,0.0,502178,0.0,#7CB342
2024-05-21,Benton County,BA.2.86,0.0,502178,0.0,#D770EE
2024-05-21,Benton County,EG.5,0.0,502178,0.0,#FFBE7D
2024-05-21,Benton County,EG.5.1.8,0.0,502178,0.0,#E14D6F
2024-05-21,Benton County,EG.6.1,0.0,502178,0.0,#B9ABA8
2024-05-21,Benton County,FE.1.1,0.0,502178,0.0,#499894
2024-05-21,Benton County,FL.1.5.1,0.0,502178,0.0,#8CD17D
2024-05-21,Benton County,GE.1,0.0,502178,0.0,#FABFD2
2024-05-21,Benton County,GK.1.1,0.0,502178,0.0,#90FAE5
2024-05-21,Benton County,HF.1,0.0,502178,0.0,#D399AD
2024-05-21,Benton County,HK.3,0.0,502178,0.0,#859DBC
2024-05-21,Benton County,HV.1,0.0,502178,0.0,#797765
2024-05-21,Benton County,JD.1.1,0.0,502178,0.0,#80F192
2024-05-21,Benton County,JF.1,0.0,502178,0.0,#FFF1A9
2024-05-21,Benton County,JG.3,0.0,502178,0.0,#66A172
2024-05-21,Benton County,JN.1,304309.73906974,502178,0.60597983,#61018F
2024-05-21,Benton County,JN.1.11.1,0.0,502178,0.0,#5C9CF1
2024-05-21,Benton County,JN.1.13,0.0,502178,0.0,#E83C78
2024-05-21,Benton County,JN.1.13.1,0.0,502178,0.0,#F2591C
2024-05-21,Benton County,JN.1.16,979.07635948,502178,0.00194966,#BC3A88
2024-05-21,Benton County,JN.1.16.1,0.0,502178,0.0,#366298
2024-05-21,Benton County,JN.1.18,0.0,502178,0.0,#4AF32F
2024-05-21,Benton County,JN.1.32,84316.10300774,502178,0.16790083,#2E7919
2024-05-21,Benton County,JN.1.4.3,0.0,502178,0.0,#9D1010
2024-05-21,Benton County,JN.1.7,81081.87581653999,502178,0.16146043,#CF15E8
2024-05-21,Benton County,JN.1.8.1,0.0,502178,0.0,#FFB027
2024-05-21,Benton County,KP.1.1,0.0,502178,0.0,#CBFF86
2024-05-21,Benton County,KP.1.1.3,0.0,502178,0.0,#1EB3B6
2024-05-21,Benton County,KP.1.2,0.0,502178,0.0,#D7B5A6
2024-05-21,Benton County,KP.2,0.0,502178,0.0,#5875A1
2024-05-21,Benton County,KP.2.15,0.0,502178,0.0,#175DFF
2024-05-21,Benton County,KP.2.3,0.0,502178,0.0,#628DE8
2024-05-21,Benton County,KP.3,26150.45734624,502178,0.05207408,#B06589
2024-05-21,Benton County,KP.3.1.1,0.0,502178,0.0,#2F92A1
2024-05-21,Benton County,KP.4.1,0.0,502178,0.0,#FF473A
2024-05-21,Benton County,KQ.1,0.0,502178,0.0,#E86CDE
2024-05-21,Benton County,KV.2,0.0,502178,0.0,#E14365
2024-05-21,Benton County,KW.1.1,0.0,502178,0.0,#34A0FF
2024-05-21,Benton County,LB.1,0.0,502178,0.0,#795653
2024-05-21,Benton County,Recombinant,0.0,502178,0.0,#FF0000
2024-05-21,Benton County,XBB,0.0,502178,0.0,#9FA8DA
2024-05-21,Benton County,XBB.1.16,0.0,502178,0.0,#4527A0
2024-05-21,Benton County,XBB.1.16.1,0.0,502178,0.0,#F89B9B
2024-05-21,Benton County,XBB.1.16.15,0.0,502178,0.0,#E3B5FA
2024-05-21,Benton County,XBB.1.16.6,0.0,502178,0.0,#5AA350
2024-05-21,Benton County,XBB.1.42.1,0.0,502178,0.0,#75D1A3
2024-05-21,Benton County,XBB.1.5,0.0,502178,0.0,#3F51B5
2024-05-21,Benton County,XBB.1.5.70,0.0,502178,0.0,#46783C
2024-05-21,Benton County,XBB.1.5.72,0.0,502178,0.0,#254220
2024-05-21,Benton County,XBB.1.9.1,0.0,502178,0.0,#304FFE
2024-05-21,Benton County,XBB.1.9.2,0.0,502178,0.0,#536DFE
2024-05-21,Benton County,XBB.2.3,0.0,502178,0.0,#F7BCDF
2024-05-21,Benton County,XDP,0.0,502178,0.0,#B60052
2024-05-21,Benton County,XDV.1,0.0,502178,0.0,#D367B6
2024-05-21,Benton County,unreportable,5340.7383567,502178,0.01063515,#eeeeee
2024-05-21,Chelan County,BA.2,0.0,923896,0.0,#9CCD67
2024-05-21,Chelan County,BA.2.12.1,0.0,923896,0.0,#7CB342
2024-05-21,Chelan County,BA.2.86,66948.02113608,923896,0.0724627243067185,#D770EE
2024-05-21,Chelan County,EG.5,0.0,923896,0.0,#FFBE7D
2024-05-21,Chelan County,EG.5.1.8,0.0,923896,0.0,#E14D6F
2024-05-21,Chelan County,EG.6.1,0.0,923896,0.0,#B9ABA8
2024-05-21,Chelan County,FE.1.1,0.0,923896,0.0,#499894
2024-05-21,Chelan County,FL.1.5.1,0.0,923896,0.0,#8CD17D
2024-05-21,Chelan County,GE.1,0.0,923896,0.0,#FABFD2
2024-05-21,Chelan County,GK.1.1,0.0,923896,0.0,#90FAE5
2024-05-21,Chelan County,HF.1,0.0,923896,0.0,#D399AD
2024-05-21,Chelan County,HK.3,0.0,923896,0.0,#859DBC
2024-05-21,Chelan County,HV.1,0.0,923896,0.0,#797765
2024-05-21,Chelan County,JD.1.1,0.0,923896,0.0,#80F192
2024-05-21,Chelan County,JF.1,0.0,923896,0.0,#FFF1A9
2024-05-21,Chelan County,JG.3,0.0,923896,0.0,#66A172
2024-05-21,Chelan County,JN.1,2048.81853668,923896,0.0022175856770459,#61018F
2024-05-21,Chelan County,JN.1.11.1,0.0,923896,0.0,#5C9CF1
2024-05-21,Chelan County,JN.1.13,0.0,923896,0.0,#E83C78
2024-05-21,Chelan County,JN.1.13.1,0.0,923896,0.0,#F2591C
2024-05-21,Chelan County,JN.1.16,13833.67675492,923896,0.0149731969344168,#BC3A88
2024-05-21,Chelan County,JN.1.16.1,12757.15741936,923896,0.0138080015709127,#366298
2024-05-21,Chelan County,JN.1.18,31296.252175,923896,0.0338742154690571,#4AF32F
2024-05-21,Chelan County,JN.1.32,0.0,923896,0.0,#2E7919
2024-05-21,Chelan County,JN.1.4.3,0.0,923896,0.0,#9D1010
2024-05-21,Chelan County,JN.1.7,0.0,923896,0.0,#CF15E8
2024-05-21,Chelan County,JN.1.8.1,0.0,923896,0.0,#FFB027
2024-05-21,Chelan County,KP.1.1,0.0,923896,0.0,#CBFF86
2024-05-21,Chelan County,KP.1.1.3,0.0,923896,0.0,#1EB3B6
2024-05-21,Chelan County,KP.1.2,0.0,923896,0.0,#D7B5A6
2024-05-21,Chelan County,KP.2,0.0,923896,0.0,#5875A1
2024-05-21,Chelan County,KP.2.15,0.0,923896,0.0,#175DFF
2024-05-21,Chelan County,KP.2.3,0.0,923896,0.0,#628DE8
2024-05-21,Chelan County,KP.3,773633.9719062,923896,0.8373604517242201,#B06589
2024-05-21,Chelan County,KP.3.1.1,0.0,923896,0.0,#2F92A1
2024-05-21,Chelan County,KP.4.1,0.0,923896,0.0,#FF473A
2024-05-21,Chelan County,KQ.1,0.0,923896,0.0,#E86CDE
2024-05-21,Chelan County,KV.2,0.0,923896,0.0,#E14365
2024-05-21,Chelan County,KW.1.1,0.0,923896,0.0,#34A0FF
2024-05-21,Chelan County,LB.1,0.0,923896,0.0,#795653
2024-05-21,Chelan County,Recombinant,18569.62313888,923896,0.0200992569930814,#FF0000
2024-05-21,Chelan County,XBB,0.0,923896,0.0,#9FA8DA
2024-05-21,Chelan County,XBB.1.16,0.0,923896,0.0,#4527A0
2024-05-21,Chelan County,XBB.1.16.1,0.0,923896,0.0,#F89B9B
2024-05-21,Chelan County,XBB.1.16.15,0.0,923896,0.0,#E3B5FA
2024-05-21,Chelan County,XBB.1.16.6,0.0,923896,0.0,#5AA350
2024-05-21,Chelan County,XBB.1.42.1,0.0,923896,0.0,#75D1A3
2024-05-21,Chelan County,XBB.1.5,0.0,923896,0.0,#3F51B5
2024-05-21,Chelan County,XBB.1.5.70,0.0,923896,0.0,#46783C
2024-05-21,Chelan County,XBB.1.5.72,0.0,923896,0.0,#254220
2024-05-21,Chelan County,XBB.1.9.1,0.0,923896,0.0,#304FFE
2024-05-21,Chelan County,XBB.1.9.2,0.0,923896,0.0,#536DFE
2024-05-21,Chelan County,XBB.2.3,0.0,923896,0.0,#F7BCDF
2024-05-21,Chelan County,XDP,0.0,923896,0.0,#B60052
2024-05-21,Chelan County,XDV.1,0.0,923896,0.0,#D367B6
2024-05-21,Chelan County,unreportable,4808.477453719999,923896,0.0052045657235446,#eeeeee
2024-05-21,Franklin County,BA.2,0.0,737220,0.0,#9CCD67
2024-05-21,Franklin County,BA.2.12.1,0.0,737220,0.0,#7CB342
2024-05-21,Franklin County,BA.2.86,0.0,737220,0.0,#D770EE
2024-05-21,Franklin County,EG.5,0.0,737220,0.0,#FFBE7D
2024-05-21,Franklin County,EG.5.1.8,0.0,737220,0.0,#E14D6F
2024-05-21,Franklin County,EG.6.1,0.0,737220,0.0,#B9ABA8
2024-05-21,Franklin County,FE.1.1,0.0,737220,0.0,#499894
2024-05-21,Franklin County,FL.1.5.1,0.0,737220,0.0,#8CD17D
2024-05-21,Franklin County,GE.1,0.0,737220,0.0,#FABFD2
2024-05-21,Franklin County,GK.1.1,0.0,737220,0.0,#90FAE5
2024-05-21,Franklin County,HF.1,0.0,737220,0.0,#D399AD
2024-05-21,Franklin County,HK.3,0.0,737220,0.0,#859DBC
2024-05-21,Franklin County,HV.1,0.0,737220,0.0,#797765
2024-05-21,Franklin County,JD.1.1,0.0,737220,0.0,#80F192
2024-05-21,Franklin County,JF.1,0.0,737220,0.0,#FFF1A9
2024-05-21,Franklin County,JG.3,0.0,737220,0.0,#66A172
2024-05-21,Franklin County,JN.1,0.0,737220,0.0,#61018F
2024-05-21,Franklin County,JN.1.11.1,516.275166,737220,0.0007003,#5C9CF1
2024-05-21,Franklin County,JN.1.13,0.0,737220,0.0,#E83C78
2024-05-21,Franklin County,JN.1.13.1,1117.8909192,737220,0.00151636,#F2591C
2024-05-21,Franklin County,JN.1.16,822.3173045999999,737220,0.00111543,#BC3A88
2024-05-21,Franklin County,JN.1.16.1,830.4340968,737220,0.00112644,#366298
2024-05-21,Franklin County,JN.1.18,0.0,737220,0.0,#4AF32F
2024-05-21,Franklin County,JN.1.32,0.0,737220,0.0,#2E7919
2024-05-21,Franklin County,JN.1.4.3,0.0,737220,0.0,#9D1010
2024-05-21,Franklin County,JN.1.7,57923.485983000006,737220,0.07857015,#CF15E8
2024-05-21,Franklin County,JN.1.8.1,0.0,737220,0.0,#FFB027
2024-05-21,Franklin County,KP.1.1,1692.4949316,737220,0.00229578,#CBFF86
2024-05-21,Franklin County,KP.1.1.3,0.0,737220,0.0,#1EB3B6
2024-05-21,Franklin County,KP.1.2,0.0,737220,0.0,#D7B5A6
2024-05-21,Franklin County,KP.2,124524.2061822,737220,0.16891051,#5875A1
2024-05-21,Franklin County,KP.2.15,0.0,737220,0.0,#175DFF
2024-05-21,Franklin County,KP.2.3,0.0,737220,0.0,#628DE8
2024-05-21,Franklin County,KP.3,135477.186933,737220,0.1837676499999999,#B06589
2024-05-21,Franklin County,KP.3.1.1,0.0,737220,0.0,#2F92A1
2024-05-21,Franklin County,KP.4.1,0.0,737220,0.0,#FF473A
2024-05-21,Franklin County,KQ.1,0.0,737220,0.0,#E86CDE
2024-05-21,Franklin County,KV.2,869.1971244,737220,0.00117902,#E14365
2024-05-21,Franklin County,KW.1.1,0.0,737220,0.0,#34A0FF
2024-05-21,Franklin County,LB.1,408885.102681,737220,0.55463105,#795653
2024-05-21,Franklin County,Recombinant,0.0,737220,0.0,#FF0000
2024-05-21,Franklin County,XBB,0.0,737220,0.0,#9FA8DA
2024-05-21,Franklin County,XBB.1.16,0.0,737220,0.0,#4527A0
2024-05-21,Franklin County,XBB.1.16.1,0.0,737220,0.0,#F89B9B
2024-05-21,Franklin County,XBB.1.16.15,0.0,737220,0.0,#E3B5FA
2024-05-21,Franklin County,XBB.1.16.6,0.0,737220,0.0,#5AA350
2024-05-21,Franklin County,XBB.1.42.1,0.0,737220,0.0,#75D1A3
2024-05-21,Franklin County,XBB.1.5,0.0,737220,0.0,#3F51B5
2024-05-21,Franklin County,XBB.1.5.70,0.0,737220,0.0,#46783C
2024-05-21,Franklin County,XBB.1.5.72,0.0,737220,0.0,#254220
2024-05-21,Franklin County,XBB.1.9.1,0.0,737220,0.0,#304FFE
2024-05-21,Franklin County,XBB.1.9.2,0.0,737220,0.0,#536DFE
2024-05-21,Franklin County,XBB.2.3,0.0,737220,0.0,#F7BCDF
2024-05-21,Franklin County,XDP,0.0,737220,0.0,#B60052
2024-05-21,Franklin County,XDV.1,0.0,737220,0.0,#D367B6
2024-05-21,Franklin County,unreportable,4561.3939338,737220,0.00618729,#eeeeee
2024-05-21,Island County,BA.2,0.0,1436814,0.0,#9CCD67
2024-05-21,Island County,BA.2.12.1,0.0,1436814,0.0,#7CB342
2024-05-21,Island County,BA.2.86,0.0,1436814,0.0,#D770EE
2024-05-21,Island County,EG.5,0.0,1436814,0.0,#FFBE7D
2024-05-21,Island County,EG.5.1.8,0.0,1436814,0.0,#E14D6F
2024-05-21,Island County,EG.6.1,0.0,1436814,0.0,#B9ABA8
2024-05-21,Island County,FE.1.1,0.0,1436814,0.0,#499894
2024-05-21,Island County,FL.1.5.1,0.0,1436814,0.0,#8CD17D
2024-05-21,Island County,GE.1,0.0,1436814,0.0,#FABFD2
2024-05-21,Island County,GK.1.1,0.0,1436814,0.0,#90FAE5
2024-05-21,Island County,HF.1,0.0,1436814,0.0,#D399AD
2024-05-21,Island County,HK.3,0.0,1436814,0.0,#859DBC
2024-05-21,Island County,HV.1,0.0,1436814,0.0,#797765
2024-05-21,Island County,JD.1.1,0.0,1436814,0.0,#80F192
2024-05-21,Island County,JF.1,0.0,1436814,0.0,#FFF1A9
2024-05-21,Island County,JG.3,0.0,1436814,0.0,#66A172
2024-05-21,Island County,JN.1,1336.513137,1436814,0.0009301921730996,#61018F
2024-05-21,Island County,JN.1.11.1,512394.55007817,1436814,0.3566185672454263,#5C9CF1
2024-05-21,Island County,JN.1.13,0.0,1436814,0.0,#E83C78
2024-05-21,Island County,JN.1.13.1,0.0,1436814,0.0,#F2591C
2024-05-21,Island County,JN.1.16,0.0,1436814,0.0,#BC3A88
2024-05-21,Island County,JN.1.16.1,1236.18333531,1436814,0.0008603642053251,#366298
2024-05-21,Island County,JN.1.18,0.0,1436814,0.0,#4AF32F
2024-05-21,Island County,JN.1.32,0.0,1436814,0.0,#2E7919
2024-05-21,Island County,JN.1.4.3,0.0,1436814,0.0,#9D1010
2024-05-21,Island County,JN.1.7,0.0,1436814,0.0,#CF15E8
2024-05-21,Island County,JN.1.8.1,0.0,1436814,0.0,#FFB027
2024-05-21,Island County,KP.1.1,0.0,1436814,0.0,#CBFF86
2024-05-21,Island County,KP.1.1.3,0.0,1436814,0.0,#1EB3B6
2024-05-21,Island County,KP.1.2,0.0,1436814,0.0,#D7B5A6
2024-05-21,Island County,KP.2,469483.08743994,1436814,0.3267528625416651,#5875A1
2024-05-21,Island County,KP.2.15,0.0,1436814,0.0,#175DFF
2024-05-21,Island County,KP.2.3,138979.72548621,1436814,0.096727708308946,#628DE8
2024-05-21,Island County,KP.3,307567.87654335,1436814,0.2140624162510596,#B06589
2024-05-21,Island County,KP.3.1.1,0.0,1436814,0.0,#2F92A1
2024-05-21,Island County,KP.4.1,0.0,1436814,0.0,#FF473A
2024-05-21,Island County,KQ.1,0.0,1436814,0.0,#E86CDE
2024-05-21,Island County,KV.2,0.0,1436814,0.0,#E14365
2024-05-21,Island County,KW.1.1,0.0,1436814,0.0,#34A0FF
2024-05-21,Island County,LB.1,0.0,1436814,0.0,#795653
2024-05-21,Island County,Recombinant,0.0,1436814,0.0,#FF0000
2024-05-21,Island County,XBB,0.0,1436814,0.0,#9FA8DA
2024-05-21,Island County,XBB.1.16,0.0,1436814,0.0,#4527A0
2024-05-21,Island County,XBB.1.16.1,0.0,1436814,0.0,#F89B9B
2024-05-21,Island County,XBB.1.16.15,0.0,1436814,0.0,#E3B5FA
2024-05-21,Island County,XBB.1.16.6,0.0,1436814,0.0,#5AA350
2024-05-21,Island County,XBB.1.42.1,0.0,1436814,0.0,#75D1A3
2024-05-21,Island County,XBB.1.5,0.0,1436814,0.0,#3F51B5
2024-05-21,Island County,XBB.1.5.70,0.0,1436814,0.0,#46783C
2024-05-21,Island County,XBB.1.5.72,0.0,1436814,0.0,#254220
2024-05-21,Island County,XBB.1.9.1,0.0,1436814,0.0,#304FFE
2024-05-21,Island County,XBB.1.9.2,0.0,1436814,0.0,#536DFE
2024-05-21,Island County,XBB.2.3,0.0,1436814,0.0,#F7BCDF
2024-05-21,Island County,XDP,0.0,1436814,0.0,#B60052
2024-05-21,Island County,XDV.1,0.0,1436814,0.0,#D367B6
2024-05-21,Island County,unreportable,5816.07217647,1436814,0.0040478949790787,#eeeeee
2024-05-21,Jefferson County,BA.2,0.0,162770,0.0,#9CCD67
2024-05-21,Jefferson County,BA.2.12.1,0.0,162770,0.0,#7CB342
2024-05-21,Jefferson County,BA.2.86,0.0,162770,0.0,#D770EE
2024-05-21,Jefferson County,EG.5,0.0,162770,0.0,#FFBE7D
2024-05-21,Jefferson County,EG.5.1.8,0.0,162770,0.0,#E14D6F
2024-05-21,Jefferson County,EG.6.1,0.0,162770,0.0,#B9ABA8
2024-05-21,Jefferson County,FE.1.1,0.0,162770,0.0,#499894
2024-05-21,Jefferson County,FL.1.5.1,0.0,162770,0.0,#8CD17D
2024-05-21,Jefferson County,GE.1,0.0,162770,0.0,#FABFD2
2024-05-21,Jefferson County,GK.1.1,0.0,162770,0.0,#90FAE5
2024-05-21,Jefferson County,HF.1,0.0,162770,0.0,#D399AD
2024-05-21,Jefferson County,HK.3,0.0,162770,0.0,#859DBC
2024-05-21,Jefferson County,HV.1,0.0,162770,0.0,#797765
2024-05-21,Jefferson County,JD.1.1,0.0,162770,0.0,#80F192
2024-05-21,Jefferson County,JF.1,0.0,162770,0.0,#FFF1A9
2024-05-21,Jefferson County,JG.3,0.0,162770,0.0,#66A172
2024-05-21,Jefferson County,JN.1,131627.5365569,162770,0.8086719700000001,#61018F
2024-05-21,Jefferson County,JN.1.11.1,0.0,162770,0.0,#5C9CF1
2024-05-21,Jefferson County,JN.1.13,0.0,162770,0.0,#E83C78
2024-05-21,Jefferson County,JN.1.13.1,0.0,162770,0.0,#F2591C
2024-05-21,Jefferson County,JN.1.16,14592.3809587,162770,0.08965031,#BC3A88
2024-05-21,Jefferson County,JN.1.16.1,13971.4915383,162770,0.08583579,#366298
2024-05-21,Jefferson County,JN.1.18,0.0,162770,0.0,#4AF32F
2024-05-21,Jefferson County,JN.1.32,0.0,162770,0.0,#2E7919
2024-05-21,Jefferson County,JN.1.4.3,0.0,162770,0.0,#9D1010
2024-05-21,Jefferson County,JN.1.7,0.0,162770,0.0,#CF15E8
2024-05-21,Jefferson County,JN.1.8.1,0.0,162770,0.0,#FFB027
2024-05-21,Jefferson County,KP.1.1,0.0,162770,0.0,#CBFF86
2024-05-21,Jefferson County,KP.1.1.3,0.0,162770,0.0,#1EB3B6
2024-05-21,Jefferson County,KP.1.2,0.0,162770,0.0,#D7B5A6
2024-05-21,Jefferson County,KP.2,517.4669901,162770,0.00317913,#5875A1
2024-05-21,Jefferson County,KP.2.15,0.0,162770,0.0,#175DFF
2024-05-21,Jefferson County,KP.2.3,0.0,162770,0.0,#628DE8
2024-05-21,Jefferson County,KP.3,0.0,162770,0.0,#B06589
2024-05-21,Jefferson County,KP.3.1.1,0.0,162770,0.0,#2F92A1
2024-05-21,Jefferson County,KP.4.1,0.0,162770,0.0,#FF473A
2024-05-21,Jefferson County,KQ.1,0.0,162770,0.0,#E86CDE
2024-05-21,Jefferson County,KV.2,0.0,162770,0.0,#E14365
2024-05-21,Jefferson County,KW.1.1,0.0,162770,0.0,#34A0FF
2024-05-21,Jefferson County,LB.1,0.0,162770,0.0,#795653
2024-05-21,Jefferson County,Recombinant,0.0,162770,0.0,#FF0000
2024-05-21,Jefferson County,XBB,0.0,162770,0.0,#9FA8DA
2024-05-21,Jefferson County,XBB.1.16,0.0,162770,0.0,#4527A0
2024-05-21,Jefferson County,XBB.1.16.1,0.0,162770,0.0,#F89B9B
2024-05-21,Jefferson County,XBB.1.16.15,0.0,162770,0.0,#E3B5FA
2024-05-21,Jefferson County,XBB.1.16.6,0.0,162770,0.0,#5AA350
2024-05-21,Jefferson County,XBB.1.42.1,0.0,162770,0.0,#75D1A3
2024-05-21,Jefferson County,XBB.1.5,0.0,162770,0.0,#3F51B5
2024-05-21,Jefferson County,XBB.1.5.70,0.0,162770,0.0,#46783C
2024-05-21,Jefferson County,XBB.1.5.72,0.0,162770,0.0,#254220
2024-05-21,Jefferson County,XBB.1.9.1,0.0,162770,0.0,#304FFE
2024-05-21,Jefferson County,XBB.1.9.2,0.0,162770,0.0,#536DFE
2024-05-21,Jefferson County,XBB.2.3,0.0,162770,0.0,#F7BCDF
2024-05-21,Jefferson County,XDP,0.0,162770,0.0,#B60052
2024-05-21,Jefferson County,XDV.1,0.0,162770,0.0,#D367B6
2024-05-21,Jefferson County,unreportable,2061.1255837,162770,0.01266281,#eeeeee
2024-05-21,Kittitas County,BA.2,0.0,862782,0.0,#9CCD67
2024-05-21,Kittitas County,BA.2.12.1,0.0,862782,0.0,#7CB342
2024-05-21,Kittitas County,BA.2.86,0.0,862782,0.0,#D770EE
2024-05-21,Kittitas County,EG.5,0.0,862782,0.0,#FFBE7D
2024-05-21,Kittitas County,EG.5.1.8,0.0,862782,0.0,#E14D6F
2024-05-21,Kittitas County,EG.6.1,0.0,862782,0.0,#B9ABA8
2024-05-21,Kittitas County,FE.1.1,0.0,862782,0.0,#499894
2024-05-21,Kittitas County,FL.1.5.1,0.0,862782,0.0,#8CD17D
2024-05-21,Kittitas County,GE.1,0.0,862782,0.0,#FABFD2
2024-05-21,Kittitas County,GK.1.1,0.0,862782,0.0,#90FAE5
2024-05-21,Kittitas County,HF.1,0.0,862782,0.0,#D399AD
2024-05-21,Kittitas County,HK.3,0.0,862782,0.0,#859DBC
2024-05-21,Kittitas County,HV.1,0.0,862782,0.0,#797765
2024-05-21,Kittitas County,JD.1.1,0.0,862782,0.0,#80F192
2024-05-21,Kittitas County,JF.1,0.0,862782,0.0,#FFF1A9
2024-05-21,Kittitas County,JG.3,0.0,862782,0.0,#66A172
2024-05-21,Kittitas County,JN.1,100349.74429386,862782,0.116309501466025,#61018F
2024-05-21,Kittitas County,JN.1.11.1,90482.11656042,862782,0.1048725130570874,#5C9CF1
2024-05-21,Kittitas County,JN.1.13,0.0,862782,0.0,#E83C78
2024-05-21,Kittitas County,JN.1.13.1,0.0,862782,0.0,#F2591C
2024-05-21,Kittitas County,JN.1.16,259089.84602226003,862782,0.30029584069007,#BC3A88
2024-05-21,Kittitas County,JN.1.16.1,0.0,862782,0.0,#366298
2024-05-21,Kittitas County,JN.1.18,0.0,862782,0.0,#4AF32F
2024-05-21,Kittitas County,JN.1.32,0.0,862782,0.0,#2E7919
2024-05-21,Kittitas County,JN.1.4.3,0.0,862782,0.0,#9D1010
2024-05-21,Kittitas County,JN.1.7,0.0,862782,0.0,#CF15E8
2024-05-21,Kittitas County,JN.1.8.1,0.0,862782,0.0,#FFB027
2024-05-21,Kittitas County,KP.1.1,11132.477553600002,862782,0.0129030016314665,#CBFF86
2024-05-21,Kittitas County,KP.1.1.3,0.0,862782,0.0,#1EB3B6
2024-05-21,Kittitas County,KP.1.2,8858.4246816,862782,0.0102672803577265,#D7B5A6
2024-05-21,Kittitas County,KP.2,54798.2911632,862782,0.0635134844760321,#5875A1
2024-05-21,Kittitas County,KP.2.15,0.0,862782,0.0,#175DFF
2024-05-21,Kittitas County,KP.2.3,0.0,862782,0.0,#628DE8
2024-05-21,Kittitas County,KP.3,327934.20974562,862782,0.380089303839927,#B06589
2024-05-21,Kittitas County,KP.3.1.1,0.0,862782,0.0,#2F92A1
2024-05-21,Kittitas County,KP.4.1,0.0,862782,0.0,#FF473A
2024-05-21,Kittitas County,KQ.1,0.0,862782,0.0,#E86CDE
2024-05-21,Kittitas County,KV.2,0.0,862782,0.0,#E14365
2024-05-21,Kittitas County,KW.1.1,0.0,862782,0.0,#34A0FF
2024-05-21,Kittitas County,LB.1,0.0,862782,0.0,#795653
2024-05-21,Kittitas County,Recombinant,0.0,862782,0.0,#FF0000
2024-05-21,Kittitas County,XBB,0.0,862782,0.0,#9FA8DA
2024-05-21,Kittitas County,XBB.1.16,0.0,862782,0.0,#4527A0
2024-05-21,Kittitas County,XBB.1.16.1,0.0,862782,0.0,#F89B9B
2024-05-21,Kittitas County,XBB.1.16.15,0.0,862782,0.0,#E3B5FA
2024-05-21,Kittitas County,XBB.1.16.6,0.0,862782,0.0,#5AA350
2024-05-21,Kittitas County,XBB.1.42.1,0.0,862782,0.0,#75D1A3
2024-05-21,Kittitas County,XBB.1.5,0.0,862782,0.0,#3F51B5
2024-05-21,Kittitas County,XBB.1.5.70,0.0,862782,0.0,#46783C
2024-05-21,Kittitas County,XBB.1.5.72,0.0,862782,0.0,#254220
2024-05-21,Kittitas County,XBB.1.9.1,0.0,862782,0.0,#304FFE
2024-05-21,Kittitas County,XBB.1.9.2,0.0,862782,0.0,#536DFE
2024-05-21,Kittitas County,XBB.2.3,0.0,862782,0.0,#F7BCDF
2024-05-21,Kittitas County,XDP,0.0,862782,0.0,#B60052
2024-05-21,Kittitas County,XDV.1,0.0,862782,0.0,#D367B6
2024-05-21,Kittitas County,unreportable,10136.88710904,862782,0.0117490711547528,#eeeeee
2024-05-21,Okanogan County,BA.2,0.0,951940,0.0,#9CCD67
2024-05-21,Okanogan County,BA.2.12.1,0.0,951940,0.0,#7CB342
2024-05-21,Okanogan County,BA.2.86,0.0,951940,0.0,#D770EE
2024-05-21,Okanogan County,EG.5,0.0,951940,0.0,#FFBE7D
2024-05-21,Okanogan County,EG.5.1.8,0.0,951940,0.0,#E14D6F
2024-05-21,Okanogan County,EG.6.1,0.0,951940,0.0,#B9ABA8
2024-05-21,Okanogan County,FE.1.1,0.0,951940,0.0,#499894
2024-05-21,Okanogan County,FL.1.5.1,0.0,951940,0.0,#8CD17D
2024-05-21,Okanogan County,GE.1,0.0,951940,0.0,#FABFD2
2024-05-21,Okanogan County,GK.1.1,0.0,951940,0.0,#90FAE5
2024-05-21,Okanogan County,HF.1,0.0,951940,0.0,#D399AD
2024-05-21,Okanogan County,HK.3,0.0,951940,0.0,#859DBC
2024-05-21,Okanogan County,HV.1,0.0,951940,0.0,#797765
2024-05-21,Okanogan County,JD.1.1,0.0,951940,0.0,#80F192
2024-05-21,Okanogan County,JF.1,0.0,951940,0.0,#FFF1A9
2024-05-21,Okanogan County,JG.3,0.0,951940,0.0,#66A172
2024-05-21,Okanogan County,JN.1,558228.8225447,951940,0.5864117723225203,#61018F
2024-05-21,Okanogan County,JN.1.11.1,1985.7981366,951940,0.0020860538863793,#5C9CF1
2024-05-21,Okanogan County,JN.1.13,0.0,951940,0.0,#E83C78
2024-05-21,Okanogan County,JN.1.13.1,0.0,951940,0.0,#F2591C
2024-05-21,Okanogan County,JN.1.16,46921.39996,951940,0.049290291362901,#BC3A88
2024-05-21,Okanogan County,JN.1.16.1,34574.6355318,951940,0.0363201835533752,#366298
2024-05-21,Okanogan County,JN.1.18,58243.191913300005,951940,0.0611836795525978,#4AF32F
2024-05-21,Okanogan County,JN.1.32,86235.4401974,951940,0.0905891549860285,#2E7919
2024-05-21,Okanogan County,JN.1.4.3,52626.98448390001,951940,0.0552839301677626,#9D1010
2024-05-21,Okanogan County,JN.1.7,8063.0667669,951940,0.0084701417808895,#CF15E8
2024-05-21,Okanogan County,JN.1.8.1,1408.9444317,951940,0.001480076928903,#FFB027
2024-05-21,Okanogan County,KP.1.1,2247.5519311000003,951940,0.0023610226811563,#CBFF86
2024-05-21,Okanogan County,KP.1.1.3,0.0,951940,0.0,#1EB3B6
2024-05-21,Okanogan County,KP.1.2,4355.5984389,951940,0.0045754968158707,#D7B5A6
2024-05-21,Okanogan County,KP.2,1738.5129313999998,951940,0.0018262841475303,#5875A1
2024-05-21,Okanogan County,KP.2.15,0.0,951940,0.0,#175DFF
2024-05-21,Okanogan County,KP.2.3,0.0,951940,0.0,#628DE8
2024-05-21,Okanogan County,KP.3,0.0,951940,0.0,#B06589
2024-05-21,Okanogan County,KP.3.1.1,0.0,951940,0.0,#2F92A1
2024-05-21,Okanogan County,KP.4.1,0.0,951940,0.0,#FF473A
2024-05-21,Okanogan County,KQ.1,36695.5178741,951940,0.038548141557346,#E86CDE
2024-05-21,Okanogan County,KV.2,0.0,951940,0.0,#E14365
2024-05-21,Okanogan County,KW.1.1,0.0,951940,0.0,#34A0FF
2024-05-21,Okanogan County,LB.1,39041.7437826,951940,0.0410128199073471,#795653
2024-05-21,Okanogan County,Recombinant,0.0,951940,0.0,#FF0000
2024-05-21,Okanogan County,XBB,0.0,951940,0.0,#9FA8DA
2024-05-21,Okanogan County,XBB.1.16,0.0,951940,0.0,#4527A0
2024-05-21,Okanogan County,XBB.1.16.1,0.0,951940,0.0,#F89B9B
2024-05-21,Okanogan County,XBB.1.16.15,0.0,951940,0.0,#E3B5FA
2024-05-21,Okanogan County,XBB.1.16.6,0.0,951940,0.0,#5AA350
2024-05-21,Okanogan County,XBB.1.42.1,0.0,951940,0.0,#75D1A3
2024-05-21,Okanogan County,XBB.1.5,0.0,951940,0.0,#3F51B5
2024-05-21,Okanogan County,XBB.1.5.70,0.0,951940,0.0,#46783C
2024-05-21,Okanogan County,XBB.1.5.72,0.0,951940,0.0,#254220
2024-05-21,Okanogan County,XBB.1.9.1,0.0,951940,0.0,#304FFE
2024-05-21,Okanogan County,XBB.1.9.2,0.0,951940,0.0,#536DFE
2024-05-21,Okanogan County,XBB.2.3,0.0,951940,0.0,#F7BCDF
2024-05-21,Okanogan County,XDP,0.0,951940,0.0,#B60052
2024-05-21,Okanogan County,XDV.1,0.0,951940,0.0,#D367B6
2024-05-21,Okanogan County,unreportable,19572.7910756,951940,0.0205609503493917,#eeeeee
2024-05-21,Pierce County,BA.2,0.0,1013026,0.0,#9CCD67
2024-05-21,Pierce County,BA.2.12.1,0.0,1013026,0.0,#7CB342
2024-05-21,Pierce County,BA.2.86,0.0,1013026,0.0,#D770EE
2024-05-21,Pierce County,EG.5,0.0,1013026,0.0,#FFBE7D
2024-05-21,Pierce County,EG.5.1.8,0.0,1013026,0.0,#E14D6F
2024-05-21,Pierce County,EG.6.1,0.0,1013026,0.0,#B9ABA8
2024-05-21,Pierce County,FE.1.1,0.0,1013026,0.0,#499894
2024-05-21,Pierce County,FL.1.5.1,0.0,1013026,0.0,#8CD17D
2024-05-21,Pierce County,GE.1,0.0,1013026,0.0,#FABFD2
2024-05-21,Pierce County,GK.1.1,0.0,1013026,0.0,#90FAE5
2024-05-21,Pierce County,HF.1,0.0,1013026,0.0,#D399AD
2024-05-21,Pierce County,HK.3,0.0,1013026,0.0,#859DBC
2024-05-21,Pierce County,HV.1,0.0,1013026,0.0,#797765
2024-05-21,Pierce County,JD.1.1,0.0,1013026,0.0,#80F192
2024-05-21,Pierce County,JF.1,0.0,1013026,0.0,#FFF1A9
2024-05-21,Pierce County,JG.3,0.0,1013026,0.0,#66A172
2024-05-21,Pierce County,JN.1,8526.1527751,1013026,0.0084165191960522,#61018F
2024-05-21,Pierce County,JN.1.11.1,0.0,1013026,0.0,#5C9CF1
2024-05-21,Pierce County,JN.1.13,0.0,1013026,0.0,#E83C78
2024-05-21,Pierce County,JN.1.13.1,0.0,1013026,0.0,#F2591C
2024-05-21,Pierce County,JN.1.16,0.0,1013026,0.0,#BC3A88
2024-05-21,Pierce County,JN.1.16.1,0.0,1013026,0.0,#366298
2024-05-21,Pierce County,JN.1.18,0.0,1013026,0.0,#4AF32F
2024-05-21,Pierce County,JN.1.32,0.0,1013026,0.0,#2E7919
2024-05-21,Pierce County,JN.1.4.3,0.0,1013026,0.0,#9D1010
2024-05-21,Pierce County,JN.1.7,0.0,1013026,0.0,#CF15E8
2024-05-21,Pierce County,JN.1.8.1,0.0,1013026,0.0,#FFB027
2024-05-21,Pierce County,KP.1.1,0.0,1013026,0.0,#CBFF86
2024-05-21,Pierce County,KP.1.1.3,0.0,1013026,0.0,#1EB3B6
2024-05-21,Pierce County,KP.1.2,0.0,1013026,0.0,#D7B5A6
2024-05-21,Pierce County,KP.2,108.93648826,1013026,0.0001075357278687,#5875A1
2024-05-21,Pierce County,KP.2.15,0.0,1013026,0.0,#175DFF
2024-05-21,Pierce County,KP.2.3,0.0,1013026,0.0,#628DE8
2024-05-21,Pierce County,KP.3,1000525.1625616,1013026,0.987659904643711,#B06589
2024-05-21,Pierce County,KP.3.1.1,0.0,1013026,0.0,#2F92A1
2024-05-21,Pierce County,KP.4.1,0.0,1013026,0.0,#FF473A
2024-05-21,Pierce County,KQ.1,0.0,1013026,0.0,#E86CDE
2024-05-21,Pierce County,KV.2,0.0,1013026,0.0,#E14365
2024-05-21,Pierce County,KW.1.1,0.0,1013026,0.0,#34A0FF
2024-05-21,Pierce County,LB.1,0.0,1013026,0.0,#795653
2024-05-21,Pierce County,Recombinant,0.0,1013026,0.0,#FF0000
2024-05-21,Pierce County,XBB,0.0,1013026,0.0,#9FA8DA
2024-05-21,Pierce County,XBB.1.16,0.0,1013026,0.0,#4527A0
2024-05-21,Pierce County,XBB.1.16.1,0.0,1013026,0.0,#F89B9B
2024-05-21,Pierce County,XBB.1.16.15,0.0,1013026,0.0,#E3B5FA
2024-05-21,Pierce County,XBB.1.16.6,0.0,1013026,0.0,#5AA350
2024-05-21,Pierce County,XBB.1.42.1,0.0,1013026,0.0,#75D1A3
2024-05-21,Pierce County,XBB.1.5,0.0,1013026,0.0,#3F51B5
2024-05-21,Pierce County,XBB.1.5.70,0.0,1013026,0.0,#46783C
2024-05-21,Pierce County,XBB.1.5.72,0.0,1013026,0.0,#254220
2024-05-21,Pierce County,XBB.1.9.1,0.0,1013026,0.0,#304FFE
2024-05-21,Pierce County,XBB.1.9.2,0.0,1013026,0.0,#536DFE
2024-05-21,Pierce County,XBB.2.3,0.0,1013026,0.0,#F7BCDF
2024-05-21,Pierce County,XDP,0.0,1013026,0.0,#B60052
2024-05-21,Pierce County,XDV.1,0.0,1013026,0.0,#D367B6
2024-05-21,Pierce County,unreportable,3865.74817504,1013026,0.0038160404323679,#eeeeee
2024-05-21,Thurston County,BA.2,0.0,166384,0.0,#9CCD67
2024-05-21,Thurston County,BA.2.12.1,0.0,166384,0.0,#7CB342
2024-05-21,Thurston County,BA.2.86,0.0,166384,0.0,#D770EE
2024-05-21,Thurston County,EG.5,0.0,166384,0.0,#FFBE7D
2024-05-21,Thurston County,EG.5.1.8,0.0,166384,0.0,#E14D6F
2024-05-21,Thurston County,EG.6.1,0.0,166384,0.0,#B9ABA8
2024-05-21,Thurston County,FE.1.1,0.0,166384,0.0,#499894
2024-05-21,Thurston County,FL.1.5.1,0.0,166384,0.0,#8CD17D
2024-05-21,Thurston County,GE.1,0.0,166384,0.0,#FABFD2
2024-05-21,Thurston County,GK.1.1,0.0,166384,0.0,#90FAE5
2024-05-21,Thurston County,HF.1,0.0,166384,0.0,#D399AD
2024-05-21,Thurston County,HK.3,0.0,166384,0.0,#859DBC
2024-05-21,Thurston County,HV.1,0.0,166384,0.0,#797765
2024-05-21,Thurston County,JD.1.1,0.0,166384,0.0,#80F192
2024-05-21,Thurston County,JF.1,0.0,166384,0.0,#FFF1A9
2024-05-21,Thurston County,JG.3,0.0,166384,0.0,#66A172
2024-05-21,Thurston County,JN.1,18349.48913152,166384,0.1102839764131166,#61018F
2024-05-21,Thurston County,JN.1.11.1,0.0,166384,0.0,#5C9CF1
2024-05-21,Thurston County,JN.1.13,0.0,166384,0.0,#E83C78
2024-05-21,Thurston County,JN.1.13.1,0.0,166384,0.0,#F2591C
2024-05-21,Thurston County,JN.1.16,35104.93277824,166384,0.2109874313530147,#BC3A88
2024-05-21,Thurston County,JN.1.16.1,32021.62619136,166384,0.1924561628002692,#366298
2024-05-21,Thurston County,JN.1.18,68.28676607999999,166384,0.0004104166631406,#4AF32F
2024-05-21,Thurston County,JN.1.32,16852.9392336,166384,0.1012894222617559,#2E7919
2024-05-21,Thurston County,JN.1.4.3,20721.1912128,166384,0.1245383643427252,#9D1010
2024-05-21,Thurston County,JN.1.7,92.0829144,166384,0.0005534361140494,#CF15E8
2024-05-21,Thurston County,JN.1.8.1,100.5874968,166384,0.0006045502981055,#FFB027
2024-05-21,Thurston County,KP.1.1,0.0,166384,0.0,#CBFF86
2024-05-21,Thurston County,KP.1.1.3,0.0,166384,0.0,#1EB3B6
2024-05-21,Thurston County,KP.1.2,0.0,166384,0.0,#D7B5A6
2024-05-21,Thurston County,KP.2,77.9186304,166384,0.0004683060294259,#5875A1
2024-05-21,Thurston County,KP.2.15,0.0,166384,0.0,#175DFF
2024-05-21,Thurston County,KP.2.3,0.0,166384,0.0,#628DE8
2024-05-21,Thurston County,KP.3,41136.8231064,166384,0.247240258116165,#B06589
2024-05-21,Thurston County,KP.3.1.1,0.0,166384,0.0,#2F92A1
2024-05-21,Thurston County,KP.4.1,0.0,166384,0.0,#FF473A
2024-05-21,Thurston County,KQ.1,0.0,166384,0.0,#E86CDE
2024-05-21,Thurston County,KV.2,221.1652776,166384,0.0013292460669295,#E14365
2024-05-21,Thurston County,KW.1.1,0.0,166384,0.0,#34A0FF
2024-05-21,Thurston County,LB.1,0.0,166384,0.0,#795653
2024-05-21,Thurston County,Recombinant,97.9990176,166384,0.000588993037792,#FF0000
2024-05-21,Thurston County,XBB,0.0,166384,0.0,#9FA8DA
2024-05-21,Thurston County,XBB.1.16,0.0,166384,0.0,#4527A0
2024-05-21,Thurston County,XBB.1.16.1,0.0,166384,0.0,#F89B9B
2024-05-21,Thurston County,XBB.1.16.15,0.0,166384,0.0,#E3B5FA
2024-05-21,Thurston County,XBB.1.16.6,0.0,166384,0.0,#5AA350
2024-05-21,Thurston County,XBB.1.42.1,0.0,166384,0.0,#75D1A3
2024-05-21,Thurston County,XBB.1.5,0.0,166384,0.0,#3F51B5
2024-05-21,Thurston County,XBB.1.5.70,0.0,166384,0.0,#46783C
2024-05-21,Thurston County,XBB.1.5.72,0.0,166384,0.0,#254220
2024-05-21,Thurston County,XBB.1.9.1,0.0,166384,0.0,#304FFE
2024-05-21,Thurston County,XBB.1.9.2,0.0,166384,0.0,#536DFE
2024-05-21,Thurston County,XBB.2.3,0.0,166384,0.0,#F7BCDF
2024-05-21,Thurston County,XDP,0.0,166384,0.0,#B60052
2024-05-21,Thurston County,XDV.1,0.0,166384,0.0,#D367B6
2024-05-21,Thurston County,unreportable,1538.95990704,166384,0.0092494465035099,#eeeeee
2024-05-21,Walla Walla County,BA.2,0.0,551552,0.0,#9CCD67
2024-05-21,Walla Walla County,BA.2.12.1,0.0,551552,0.0,#7CB342
2024-05-21,Walla Walla County,BA.2.86,0.0,551552,0.0,#D770EE
2024-05-21,Walla Walla County,EG.5,0.0,551552,0.0,#FFBE7D
2024-05-21,Walla Walla County,EG.5.1.8,0.0,551552,0.0,#E14D6F
2024-05-21,Walla Walla County,EG.6.1,0.0,551552,0.0,#B9ABA8
2024-05-21,Walla Walla County,FE.1.1,0.0,551552,0.0,#499894
2024-05-21,Walla Walla County,FL.1.5.1,0.0,551552,0.0,#8CD17D
2024-05-21,Walla Walla County,GE.1,0.0,551552,0.0,#FABFD2
2024-05-21,Walla Walla County,GK.1.1,0.0,551552,0.0,#90FAE5
2024-05-21,Walla Walla County,HF.1,0.0,551552,0.0,#D399AD
2024-05-21,Walla Walla County,HK.3,0.0,551552,0.0,#859DBC
2024-05-21,Walla Walla County,HV.1,0.0,551552,0.0,#797765
2024-05-21,Walla Walla County,JD.1.1,0.0,551552,0.0,#80F192
2024-05-21,Walla Walla County,JF.1,0.0,551552,0.0,#FFF1A9
2024-05-21,Walla Walla County,JG.3,0.0,551552,0.0,#66A172
2024-05-21,Walla Walla County,JN.1,587.1657126399999,551552,0.00106457,#61018F
2024-05-21,Walla Walla County,JN.1.11.1,0.0,551552,0.0,#5C9CF1
2024-05-21,Walla Walla County,JN.1.13,0.0,551552,0.0,#E83C78
2024-05-21,Walla Walla County,JN.1.13.1,0.0,551552,0.0,#F2591C
2024-05-21,Walla Walla County,JN.1.16,0.0,551552,0.0,#BC3A88
2024-05-21,Walla Walla County,JN.1.16.1,0.0,551552,0.0,#366298
2024-05-21,Walla Walla County,JN.1.18,0.0,551552,0.0,#4AF32F
2024-05-21,Walla Walla County,JN.1.32,0.0,551552,0.0,#2E7919
2024-05-21,Walla Walla County,JN.1.4.3,0.0,551552,0.0,#9D1010
2024-05-21,Walla Walla County,JN.1.7,10799.01862016,551552,0.01957933,#CF15E8
2024-05-21,Walla Walla County,JN.1.8.1,0.0,551552,0.0,#FFB027
2024-05-21,Walla Walla County,KP.1.1,0.0,551552,0.0,#CBFF86
2024-05-21,Walla Walla County,KP.1.1.3,0.0,551552,0.0,#1EB3B6
2024-05-21,Walla Walla County,KP.1.2,0.0,551552,0.0,#D7B5A6
2024-05-21,Walla Walla County,KP.2,0.0,551552,0.0,#5875A1
2024-05-21,Walla Walla County,KP.2.15,0.0,551552,0.0,#175DFF
2024-05-21,Walla Walla County,KP.2.3,0.0,551552,0.0,#628DE8
2024-05-21,Walla Walla County,KP.3,0.0,551552,0.0,#B06589
2024-05-21,Walla Walla County,KP.3.1.1,0.0,551552,0.0,#2F92A1
2024-05-21,Walla Walla County,KP.4.1,150049.71608448002,551552,0.27204999,#FF473A
2024-05-21,Walla Walla County,KQ.1,0.0,551552,0.0,#E86CDE
2024-05-21,Walla Walla County,KV.2,0.0,551552,0.0,#E14365
2024-05-21,Walla Walla County,KW.1.1,0.0,551552,0.0,#34A0FF
2024-05-21,Walla Walla County,LB.1,387819.50875648,551552,0.70314224,#795653
2024-05-21,Walla Walla County,Recombinant,0.0,551552,0.0,#FF0000
2024-05-21,Walla Walla County,XBB,0.0,551552,0.0,#9FA8DA
2024-05-21,Walla Walla County,XBB.1.16,0.0,551552,0.0,#4527A0
2024-05-21,Walla Walla County,XBB.1.16.1,0.0,551552,0.0,#F89B9B
2024-05-21,Walla Walla County,XBB.1.16.15,0.0,551552,0.0,#E3B5FA
2024-05-21,Walla Walla County,XBB.1.16.6,0.0,551552,0.0,#5AA350
2024-05-21,Walla Walla County,XBB.1.42.1,0.0,551552,0.0,#75D1A3
2024-05-21,Walla Walla County,XBB.1.5,0.0,551552,0.0,#3F51B5
2024-05-21,Walla Walla County,XBB.1.5.70,0.0,551552,0.0,#46783C
2024-05-21,Walla Walla County,XBB.1.5.72,0.0,551552,0.0,#254220
2024-05-21,Walla Walla County,XBB.1.9.1,0.0,551552,0.0,#304FFE
2024-05-21,Walla Walla County,XBB.1.9.2,0.0,551552,0.0,#536DFE
2024-05-21,Walla Walla County,XBB.2.3,0.0,551552,0.0,#F7BCDF
2024-05-21,Walla Walla County,XDP,0.0,551552,0.0,#B60052
2024-05-21,Walla Walla County,XDV.1,0.0,551552,0.0,#D367B6
2024-05-21,Walla Walla County,unreportable,2296.58531072,551552,0.00416386,#eeeeee
2024-05-21,Whitman County,BA.2,0.0,245487,0.0,#9CCD67
2024-05-21,Whitman County,BA.2.12.1,0.0,245487,0.0,#7CB342
2024-05-21,Whitman County,BA.2.86,0.0,245487,0.0,#D770EE
2024-05-21,Whitman County,EG.5,0.0,245487,0.0,#FFBE7D
2024-05-21,Whitman County,EG.5.1.8,0.0,245487,0.0,#E14D6F
2024-05-21,Whitman County,EG.6.1,0.0,245487,0.0,#B9ABA8
2024-05-21,Whitman County,FE.1.1,0.0,245487,0.0,#499894
2024-05-21,Whitman County,FL.1.5.1,0.0,245487,0.0,#8CD17D
2024-05-21,Whitman County,GE.1,0.0,245487,0.0,#FABFD2
2024-05-21,Whitman County,GK.1.1,0.0,245487,0.0,#90FAE5
2024-05-21,Whitman County,HF.1,0.0,245487,0.0,#D399AD
2024-05-21,Whitman County,HK.3,0.0,245487,0.0,#859DBC
2024-05-21,Whitman County,HV.1,0.0,245487,0.0,#797765
2024-05-21,Whitman County,JD.1.1,0.0,245487,0.0,#80F192
2024-05-21,Whitman County,JF.1,0.0,245487,0.0,#FFF1A9
2024-05-21,Whitman County,JG.3,0.0,245487,0.0,#66A172
2024-05-21,Whitman County,JN.1,63871.75033008,245487,0.26018384,#61018F
2024-05-21,Whitman County,JN.1.11.1,22235.27224479,245487,0.09057617,#5C9CF1
2024-05-21,Whitman County,JN.1.13,0.0,245487,0.0,#E83C78
2024-05-21,Whitman County,JN.1.13.1,0.0,245487,0.0,#F2591C
2024-05-21,Whitman County,JN.1.16,0.0,245487,0.0,#BC3A88
2024-05-21,Whitman County,JN.1.16.1,0.0,245487,0.0,#366298
2024-05-21,Whitman County,JN.1.18,0.0,245487,0.0,#4AF32F
2024-05-21,Whitman County,JN.1.32,0.0,245487,0.0,#2E7919
2024-05-21,Whitman County,JN.1.4.3,0.0,245487,0.0,#9D1010
2024-05-21,Whitman County,JN.1.7,0.0,245487,0.0,#CF15E8
2024-05-21,Whitman County,JN.1.8.1,0.0,245487,0.0,#FFB027
2024-05-21,Whitman County,KP.1.1,535.93494405,245487,0.00218315,#CBFF86
2024-05-21,Whitman County,KP.1.1.3,0.0,245487,0.0,#1EB3B6
2024-05-21,Whitman County,KP.1.2,0.0,245487,0.0,#D7B5A6
2024-05-21,Whitman County,KP.2,2629.34988525,245487,0.01071075,#5875A1
2024-05-21,Whitman County,KP.2.15,0.0,245487,0.0,#175DFF
2024-05-21,Whitman County,KP.2.3,0.0,245487,0.0,#628DE8
2024-05-21,Whitman County,KP.3,32446.45621173,245487,0.13217179,#B06589
2024-05-21,Whitman County,KP.3.1.1,0.0,245487,0.0,#2F92A1
2024-05-21,Whitman County,KP.4.1,0.0,245487,0.0,#FF473A
2024-05-21,Whitman County,KQ.1,0.0,245487,0.0,#E86CDE
2024-05-21,Whitman County,KV.2,0.0,245487,0.0,#E14365
2024-05-21,Whitman County,KW.1.1,0.0,245487,0.0,#34A0FF
2024-05-21,Whitman County,LB.1,113770.83722598,245487,0.46344954,#795653
2024-05-21,Whitman County,Recombinant,0.0,245487,0.0,#FF0000
2024-05-21,Whitman County,XBB,0.0,245487,0.0,#9FA8DA
2024-05-21,Whitman County,XBB.1.16,0.0,245487,0.0,#4527A0
2024-05-21,Whitman County,XBB.1.16.1,0.0,245487,0.0,#F89B9B
2024-05-21,Whitman County,XBB.1.16.15,0.0,245487,0.0,#E3B5FA
2024-05-21,Whitman County,XBB.1.16.6,0.0,245487,0.0,#5AA350
2024-05-21,Whitman County,XBB.1.42.1,0.0,245487,0.0,#75D1A3
2024-05-21,Whitman County,XBB.1.5,0.0,245487,0.0,#3F51B5
2024-05-21,Whitman County,XBB.1.5.70,0.0,245487,0.0,#46783C
2024-05-21,Whitman County,XBB.1.5.72,0.0,245487,0.0,#254220
2024-05-21,Whitman County,XBB.1.9.1,0.0,245487,0.0,#304FFE
2024-05-21,Whitman County,XBB.1.9.2,0.0,245487,0.0,#536DFE
2024-05-21,Whitman County,XBB.2.3,0.0,245487,0.0,#F7BCDF
2024-05-21,Whitman County,XDP,0.0,245487,0.0,#B60052
2024-05-21,Whitman County,XDV.1,6986.07150087,245487,0.02845801,#D367B6
2024-05-21,Whitman County,unreportable,3011.33011212,245487,0.0122667599999999,#eeeeee
2024-05-21,Yakima County,BA.2,0.0,740660,0.0,#9CCD67
2024-05-21,Yakima County,BA.2.12.1,0.0,740660,0.0,#7CB342
2024-05-21,Yakima County,BA.2.86,0.0,740660,0.0,#D770EE
2024-05-21,Yakima County,EG.5,0.0,740660,0.0,#FFBE7D
2024-05-21,Yakima County,EG.5.1.8,0.0,740660,0.0,#E14D6F
2024-05-21,Yakima County,EG.6.1,0.0,740660,0.0,#B9ABA8
2024-05-21,Yakima County,FE.1.1,0.0,740660,0.0,#499894
2024-05-21,Yakima County,FL.1.5.1,0.0,740660,0.0,#8CD17D
2024-05-21,Yakima County,GE.1,0.0,740660,0.0,#FABFD2
2024-05-21,Yakima County,GK.1.1,0.0,740660,0.0,#90FAE5
2024-05-21,Yakima County,HF.1,0.0,740660,0.0,#D399AD
2024-05-21,Yakima County,HK.3,0.0,740660,0.0,#859DBC
2024-05-21,Yakima County,HV.1,0.0,740660,0.0,#797765
2024-05-21,Yakima County,JD.1.1,0.0,740660,0.0,#80F192
2024-05-21,Yakima County,JF.1,0.0,740660,0.0,#FFF1A9
2024-05-21,Yakima County,JG.3,0.0,740660,0.0,#66A172
2024-05-21,Yakima County,JN.1,246343.0123512,740660,0.33259932,#61018F
2024-05-21,Yakima County,JN.1.11.1,256684.4035352,740660,0.34656172,#5C9CF1
2024-05-21,Yakima County,JN.1.13,0.0,740660,0.0,#E83C78
2024-05-21,Yakima County,JN.1.13.1,0.0,740660,0.0,#F2591C
2024-05-21,Yakima County,JN.1.16,0.0,740660,0.0,#BC3A88
2024-05-21,Yakima County,JN.1.16.1,0.0,740660,0.0,#366298
2024-05-21,Yakima County,JN.1.18,0.0,740660,0.0,#4AF32F
2024-05-21,Yakima County,JN.1.32,0.0,740660,0.0,#2E7919
2024-05-21,Yakima County,JN.1.4.3,0.0,740660,0.0,#9D1010
2024-05-21,Yakima County,JN.1.7,0.0,740660,0.0,#CF15E8
2024-05-21,Yakima County,JN.1.8.1,0.0,740660,0.0,#FFB027
2024-05-21,Yakima County,KP.1.1,0.0,740660,0.0,#CBFF86
2024-05-21,Yakima County,KP.1.1.3,0.0,740660,0.0,#1EB3B6
2024-05-21,Yakima County,KP.1.2,0.0,740660,0.0,#D7B5A6
2024-05-21,Yakima County,KP.2,1554.5786806,740660,0.00209891,#5875A1
2024-05-21,Yakima County,KP.2.15,0.0,740660,0.0,#175DFF
2024-05-21,Yakima County,KP.2.3,0.0,740660,0.0,#628DE8
2024-05-21,Yakima County,KP.3,231356.6460432,740660,0.31236552,#B06589
2024-05-21,Yakima County,KP.3.1.1,0.0,740660,0.0,#2F92A1
2024-05-21,Yakima County,KP.4.1,0.0,740660,0.0,#FF473A
2024-05-21,Yakima County,KQ.1,0.0,740660,0.0,#E86CDE
2024-05-21,Yakima County,KV.2,0.0,740660,0.0,#E14365
2024-05-21,Yakima County,KW.1.1,0.0,740660,0.0,#34A0FF
2024-05-21,Yakima County,LB.1,0.0,740660,0.0,#795653
2024-05-21,Yakima County,Recombinant,0.0,740660,0.0,#FF0000
2024-05-21,Yakima County,XBB,0.0,740660,0.0,#9FA8DA
2024-05-21,Yakima County,XBB.1.16,0.0,740660,0.0,#4527A0
2024-05-21,Yakima County,XBB.1.16.1,0.0,740660,0.0,#F89B9B
2024-05-21,Yakima County,XBB.1.16.15,0.0,740660,0.0,#E3B5FA
2024-05-21,Yakima County,XBB.1.16.6,0.0,740660,0.0,#5AA350
2024-05-21,Yakima County,XBB.1.42.1,0.0,740660,0.0,#75D1A3
2024-05-21,Yakima County,XBB.1.5,0.0,740660,0.0,#3F51B5
2024-05-21,Yakima County,XBB.1.5.70,0.0,740660,0.0,#46783C
2024-05-21,Yakima County,XBB.1.5.72,0.0,740660,0.0,#254220
2024-05-21,Yakima County,XBB.1.9.1,0.0,740660,0.0,#304FFE
2024-05-21,Yakima County,XBB.1.9.2,0.0,740660,0.0,#536DFE
2024-05-21,Yakima County,XBB.2.3,0.0,740660,0.0,#F7BCDF
2024-05-21,Yakima County,XDP,0.0,740660,0.0,#B60052
2024-05-21,Yakima County,XDV.1,0.0,740660,0.0,#D367B6
2024-05-21,Yakima County,unreportable,4721.3593898,740660,0.00637453,#eeeeee
2024-05-28,Benton County,BA.2,0.0,502178,0.0,#9CCD67
2024-05-28,Benton County,BA.2.12.1,0.0,502178,0.0,#7CB342
2024-05-28,Benton County,BA.2.86,0.0,502178,0.0,#D770EE
2024-05-28,Benton County,EG.5,0.0,502178,0.0,#FFBE7D
2024-05-28,Benton County,EG.5.1.8,0.0,502178,0.0,#E14D6F
2024-05-28,Benton County,EG.6.1,0.0,502178,0.0,#B9ABA8
2024-05-28,Benton County,FE.1.1,0.0,502178,0.0,#499894
2024-05-28,Benton County,FL.1.5.1,0.0,502178,0.0,#8CD17D
2024-05-28,Benton County,GE.1,0.0,502178,0.0,#FABFD2
2024-05-28,Benton County,GK.1.1,0.0,502178,0.0,#90FAE5
2024-05-28,Benton County,HF.1,0.0,502178,0.0,#D399AD
2024-05-28,Benton County,HK.3,0.0,502178,0.0,#859DBC
2024-05-28,Benton County,HV.1,0.0,502178,0.0,#797765
2024-05-28,Benton County,JD.1.1,0.0,502178,0.0,#80F192
2024-05-28,Benton County,JF.1,0.0,502178,0.0,#FFF1A9
2024-05-28,Benton County,JG.3,0.0,502178,0.0,#66A172
2024-05-28,Benton County,JN.1,48557.81044676,502178,0.09669442,#61018F
2024-05-28,Benton County,JN.1.11.1,0.0,502178,0.0,#5C9CF1
2024-05-28,Benton County,JN.1.13,0.0,502178,0.0,#E83C78
2024-05-28,Benton County,JN.1.13.1,0.0,502178,0.0,#F2591C
2024-05-28,Benton County,JN.1.16,0.0,502178,0.0,#BC3A88
2024-05-28,Benton County,JN.1.16.1,66692.88923406,502178,0.13280727,#366298
2024-05-28,Benton County,JN.1.18,420.86533824,502178,0.00083808,#4AF32F
2024-05-28,Benton County,JN.1.32,0.0,502178,0.0,#2E7919
2024-05-28,Benton County,JN.1.4.3,0.0,502178,0.0,#9D1010
2024-05-28,Benton County,JN.1.7,2949.79859378,502178,0.00587401,#CF15E8
2024-05-28,Benton County,JN.1.8.1,0.0,502178,0.0,#FFB027
2024-05-28,Benton County,KP.1.1,426.2235775,502178,0.00084875,#CBFF86
2024-05-28,Benton County,KP.1.1.3,0.0,502178,0.0,#1EB3B6
2024-05-28,Benton County,KP.1.2,0.0,502178,0.0,#D7B5A6
2024-05-28,Benton County,KP.2,275383.74893928,502178,0.54837876,#5875A1
2024-05-28,Benton County,KP.2.15,0.0,502178,0.0,#175DFF
2024-05-28,Benton County,KP.2.3,0.0,502178,0.0,#628DE8
2024-05-28,Benton County,KP.3,100786.10015688,502178,0.20069796,#B06589
2024-05-28,Benton County,KP.3.1.1,0.0,502178,0.0,#2F92A1
2024-05-28,Benton County,KP.4.1,0.0,502178,0.0,#FF473A
2024-05-28,Benton County,KQ.1,0.0,502178,0.0,#E86CDE
2024-05-28,Benton County,KV.2,0.0,502178,0.0,#E14365
2024-05-28,Benton County,KW.1.1,0.0,502178,0.0,#34A0FF
2024-05-28,Benton County,LB.1,0.0,502178,0.0,#795653
2024-05-28,Benton County,Recombinant,0.0,502178,0.0,#FF0000
2024-05-28,Benton County,XBB,0.0,502178,0.0,#9FA8DA
2024-05-28,Benton County,XBB.1.16,0.0,502178,0.0,#4527A0
2024-05-28,Benton County,XBB.1.16.1,0.0,502178,0.0,#F89B9B
2024-05-28,Benton County,XBB.1.16.15,0.0,502178,0.0,#E3B5FA
2024-05-28,Benton County,XBB.1.16.6,0.0,502178,0.0,#5AA350
2024-05-28,Benton County,XBB.1.42.1,0.0,502178,0.0,#75D1A3
2024-05-28,Benton County,XBB.1.5,0.0,502178,0.0,#3F51B5
2024-05-28,Benton County,XBB.1.5.70,0.0,502178,0.0,#46783C
2024-05-28,Benton County,XBB.1.5.72,0.0,502178,0.0,#254220
2024-05-28,Benton County,XBB.1.9.1,0.0,502178,0.0,#304FFE
2024-05-28,Benton County,XBB.1.9.2,0.0,502178,0.0,#536DFE
2024-05-28,Benton County,XBB.2.3,0.0,502178,0.0,#F7BCDF
2024-05-28,Benton County,XDP,0.0,502178,0.0,#B60052
2024-05-28,Benton County,XDV.1,0.0,502178,0.0,#D367B6
2024-05-28,Benton County,unreportable,6960.56873528,502178,0.01386076,#eeeeee
2024-05-28,Chelan County,BA.2,0.0,923896,0.0,#9CCD67
2024-05-28,Chelan County,BA.2.12.1,0.0,923896,0.0,#7CB342
2024-05-28,Chelan County,BA.2.86,5669.790987599999,923896,0.0061368281577147,#D770EE
2024-05-28,Chelan County,EG.5,0.0,923896,0.0,#FFBE7D
2024-05-28,Chelan County,EG.5.1.8,0.0,923896,0.0,#E14D6F
2024-05-28,Chelan County,EG.6.1,0.0,923896,0.0,#B9ABA8
2024-05-28,Chelan County,FE.1.1,0.0,923896,0.0,#499894
2024-05-28,Chelan County,FL.1.5.1,0.0,923896,0.0,#8CD17D
2024-05-28,Chelan County,GE.1,0.0,923896,0.0,#FABFD2
2024-05-28,Chelan County,GK.1.1,0.0,923896,0.0,#90FAE5
2024-05-28,Chelan County,HF.1,0.0,923896,0.0,#D399AD
2024-05-28,Chelan County,HK.3,0.0,923896,0.0,#859DBC
2024-05-28,Chelan County,HV.1,0.0,923896,0.0,#797765
2024-05-28,Chelan County,JD.1.1,0.0,923896,0.0,#80F192
2024-05-28,Chelan County,JF.1,0.0,923896,0.0,#FFF1A9
2024-05-28,Chelan County,JG.3,0.0,923896,0.0,#66A172
2024-05-28,Chelan County,JN.1,68151.5924206,923896,0.0737654372576567,#61018F
2024-05-28,Chelan County,JN.1.11.1,262.91625252,923896,0.0002845734287408,#5C9CF1
2024-05-28,Chelan County,JN.1.13,0.0,923896,0.0,#E83C78
2024-05-28,Chelan County,JN.1.13.1,1091.9280168,923896,0.0011818733026228,#F2591C
2024-05-28,Chelan County,JN.1.16,173404.8906066,923896,0.1876887556679539,#BC3A88
2024-05-28,Chelan County,JN.1.16.1,1341.10689644,923896,0.0014515777711344,#366298
2024-05-28,Chelan County,JN.1.18,19790.04995084,923896,0.0214202139102669,#4AF32F
2024-05-28,Chelan County,JN.1.32,0.0,923896,0.0,#2E7919
2024-05-28,Chelan County,JN.1.4.3,0.0,923896,0.0,#9D1010
2024-05-28,Chelan County,JN.1.7,0.0,923896,0.0,#CF15E8
2024-05-28,Chelan County,JN.1.8.1,0.0,923896,0.0,#FFB027
2024-05-28,Chelan County,KP.1.1,0.0,923896,0.0,#CBFF86
2024-05-28,Chelan County,KP.1.1.3,371.0990566,923896,0.000401667564964,#1EB3B6
2024-05-28,Chelan County,KP.1.2,0.0,923896,0.0,#D7B5A6
2024-05-28,Chelan County,KP.2,192.40025784,923896,0.0002082488265345,#5875A1
2024-05-28,Chelan County,KP.2.15,0.0,923896,0.0,#175DFF
2024-05-28,Chelan County,KP.2.3,55434.8782692,923896,0.0600012103842856,#628DE8
2024-05-28,Chelan County,KP.3,446580.46458576,923896,0.4833665960083819,#B06589
2024-05-28,Chelan County,KP.3.1.1,0.0,923896,0.0,#2F92A1
2024-05-28,Chelan County,KP.4.1,0.0,923896,0.0,#FF473A
2024-05-28,Chelan County,KQ.1,3069.8516223200004,923896,0.0033227242268826,#E86CDE
2024-05-28,Chelan County,KV.2,0.0,923896,0.0,#E14365
2024-05-28,Chelan County,KW.1.1,0.0,923896,0.0,#34A0FF
2024-05-28,Chelan County,LB.1,0.0,923896,0.0,#795653
2024-05-28,Chelan County,Recombinant,0.0,923896,0.0,#FF0000
2024-05-28,Chelan County,XBB,0.0,923896,0.0,#9FA8DA
2024-05-28,Chelan County,XBB.1.16,0.0,923896,0.0,#4527A0
2024-05-28,Chelan County,XBB.1.16.1,0.0,923896,0.0,#F89B9B
2024-05-28,Chelan County,XBB.1.16.15,0.0,923896,0.0,#E3B5FA
2024-05-28,Chelan County,XBB.1.16.6,0.0,923896,0.0,#5AA350
2024-05-28,Chelan County,XBB.1.42.1,0.0,923896,0.0,#75D1A3
2024-05-28,Chelan County,XBB.1.5,0.0,923896,0.0,#3F51B5
2024-05-28,Chelan County,XBB.1.5.70,0.0,923896,0.0,#46783C
2024-05-28,Chelan County,XBB.1.5.72,0.0,923896,0.0,#254220
2024-05-28,Chelan County,XBB.1.9.1,0.0,923896,0.0,#304FFE
2024-05-28,Chelan County,XBB.1.9.2,0.0,923896,0.0,#536DFE
2024-05-28,Chelan County,XBB.2.3,0.0,923896,0.0,#F7BCDF
2024-05-28,Chelan County,XDP,133724.3152482,923896,0.1447395759351702,#B60052
2024-05-28,Chelan County,XDV.1,0.0,923896,0.0,#D367B6
2024-05-28,Chelan County,unreportable,14810.70658972,923896,0.0160307075576904,#eeeeee
2024-05-28,Franklin County,BA.2,0.0,1215063,0.0,#9CCD67
2024-05-28,Franklin County,BA.2.12.1,0.0,1215063,0.0,#7CB342
2024-05-28,Franklin County,BA.2.86,0.0,1215063,0.0,#D770EE
2024-05-28,Franklin County,EG.5,0.0,1215063,0.0,#FFBE7D
2024-05-28,Franklin County,EG.5.1.8,0.0,1215063,0.0,#E14D6F
2024-05-28,Franklin County,EG.6.1,0.0,1215063,0.0,#B9ABA8
2024-05-28,Franklin County,FE.1.1,0.0,1215063,0.0,#499894
2024-05-28,Franklin County,FL.1.5.1,0.0,1215063,0.0,#8CD17D
2024-05-28,Franklin County,GE.1,0.0,1215063,0.0,#FABFD2
2024-05-28,Franklin County,GK.1.1,0.0,1215063,0.0,#90FAE5
2024-05-28,Franklin County,HF.1,0.0,1215063,0.0,#D399AD
2024-05-28,Franklin County,HK.3,0.0,1215063,0.0,#859DBC
2024-05-28,Franklin County,HV.1,0.0,1215063,0.0,#797765
2024-05-28,Franklin County,JD.1.1,0.0,1215063,0.0,#80F192
2024-05-28,Franklin County,JF.1,0.0,1215063,0.0,#FFF1A9
2024-05-28,Franklin County,JG.3,0.0,1215063,0.0,#66A172
2024-05-28,Franklin County,JN.1,110719.74060435,1215063,0.0911226336447986,#61018F
2024-05-28,Franklin County,JN.1.11.1,111287.12103951,1215063,0.0915895892143123,#5C9CF1
2024-05-28,Franklin County,JN.1.13,0.0,1215063,0.0,#E83C78
2024-05-28,Franklin County,JN.1.13.1,0.0,1215063,0.0,#F2591C
2024-05-28,Franklin County,JN.1.16,9526.76544786,1215063,0.0078405526691702,#BC3A88
2024-05-28,Franklin County,JN.1.16.1,2222.6867145,1215063,0.0018292769300851,#366298
2024-05-28,Franklin County,JN.1.18,516.44315754,1215063,0.0004250340579377,#4AF32F
2024-05-28,Franklin County,JN.1.32,0.0,1215063,0.0,#2E7919
2024-05-28,Franklin County,JN.1.4.3,0.0,1215063,0.0,#9D1010
2024-05-28,Franklin County,JN.1.7,235519.12404396,1215063,0.193832849855489,#CF15E8
2024-05-28,Franklin County,JN.1.8.1,0.0,1215063,0.0,#FFB027
2024-05-28,Franklin County,KP.1.1,0.0,1215063,0.0,#CBFF86
2024-05-28,Franklin County,KP.1.1.3,0.0,1215063,0.0,#1EB3B6
2024-05-28,Franklin County,KP.1.2,0.0,1215063,0.0,#D7B5A6
2024-05-28,Franklin County,KP.2,93972.26713311,1215063,0.0773394195470605,#5875A1
2024-05-28,Franklin County,KP.2.15,783.73897488,1215063,0.0006450192087817,#175DFF
2024-05-28,Franklin County,KP.2.3,835.2112824,1215063,0.0006873810513528,#628DE8
2024-05-28,Franklin County,KP.3,636025.2829062,1215063,0.5234504572241934,#B06589
2024-05-28,Franklin County,KP.3.1.1,0.0,1215063,0.0,#2F92A1
2024-05-28,Franklin County,KP.4.1,0.0,1215063,0.0,#FF473A
2024-05-28,Franklin County,KQ.1,0.0,1215063,0.0,#E86CDE
2024-05-28,Franklin County,KV.2,0.0,1215063,0.0,#E14365
2024-05-28,Franklin County,KW.1.1,0.0,1215063,0.0,#34A0FF
2024-05-28,Franklin County,LB.1,0.0,1215063,0.0,#795653
2024-05-28,Franklin County,Recombinant,0.0,1215063,0.0,#FF0000
2024-05-28,Franklin County,XBB,0.0,1215063,0.0,#9FA8DA
2024-05-28,Franklin County,XBB.1.16,0.0,1215063,0.0,#4527A0
2024-05-28,Franklin County,XBB.1.16.1,0.0,1215063,0.0,#F89B9B
2024-05-28,Franklin County,XBB.1.16.15,0.0,1215063,0.0,#E3B5FA
2024-05-28,Franklin County,XBB.1.16.6,0.0,1215063,0.0,#5AA350
2024-05-28,Franklin County,XBB.1.42.1,0.0,1215063,0.0,#75D1A3
2024-05-28,Franklin County,XBB.1.5,0.0,1215063,0.0,#3F51B5
2024-05-28,Franklin County,XBB.1.5.70,0.0,1215063,0.0,#46783C
2024-05-28,Franklin County,XBB.1.5.72,0.0,1215063,0.0,#254220
2024-05-28,Franklin County,XBB.1.9.1,0.0,1215063,0.0,#304FFE
2024-05-28,Franklin County,XBB.1.9.2,0.0,1215063,0.0,#536DFE
2024-05-28,Franklin County,XBB.2.3,0.0,1215063,0.0,#F7BCDF
2024-05-28,Franklin County,XDP,602.44056225,1215063,0.0004958101450295,#B60052
2024-05-28,Franklin County,XDV.1,0.0,1215063,0.0,#D367B6
2024-05-28,Franklin County,unreportable,13052.19246873,1215063,0.0107419882497697,#eeeeee
2024-05-28,Island County,BA.2,0.0,1161463,0.0,#9CCD67
2024-05-28,Island County,BA.2.12.1,0.0,1161463,0.0,#7CB342
2024-05-28,Island County,BA.2.86,0.0,1161463,0.0,#D770EE
2024-05-28,Island County,EG.5,0.0,1161463,0.0,#FFBE7D
2024-05-28,Island County,EG.5.1.8,0.0,1161463,0.0,#E14D6F
2024-05-28,Island County,EG.6.1,0.0,1161463,0.0,#B9ABA8
2024-05-28,Island County,FE.1.1,0.0,1161463,0.0,#499894
2024-05-28,Island County,FL.1.5.1,0.0,1161463,0.0,#8CD17D
2024-05-28,Island County,GE.1,0.0,1161463,0.0,#FABFD2
2024-05-28,Island County,GK.1.1,0.0,1161463,0.0,#90FAE5
2024-05-28,Island County,HF.1,0.0,1161463,0.0,#D399AD
2024-05-28,Island County,HK.3,0.0,1161463,0.0,#859DBC
2024-05-28,Island County,HV.1,0.0,1161463,0.0,#797765
2024-05-28,Island County,JD.1.1,0.0,1161463,0.0,#80F192
2024-05-28,Island County,JF.1,0.0,1161463,0.0,#FFF1A9
2024-05-28,Island County,JG.3,0.0,1161463,0.0,#66A172
2024-05-28,Island County,JN.1,118050.39609973,1161463,0.1016393945392405,#61018F
2024-05-28,Island County,JN.1.11.1,0.0,1161463,0.0,#5C9CF1
2024-05-28,Island County,JN.1.13,0.0,1161463,0.0,#E83C78
2024-05-28,Island County,JN.1.13.1,0.0,1161463,0.0,#F2591C
2024-05-28,Island County,JN.1.16,1909.3794204,1161463,0.0016439433889844,#BC3A88
2024-05-28,Island County,JN.1.16.1,117410.42227906,1161463,0.101088387903067,#366298
2024-05-28,Island County,JN.1.18,0.0,1161463,0.0,#4AF32F
2024-05-28,Island County,JN.1.32,0.0,1161463,0.0,#2E7919
2024-05-28,Island County,JN.1.4.3,0.0,1161463,0.0,#9D1010
2024-05-28,Island County,JN.1.7,173772.63318135,1161463,0.1496152982758383,#CF15E8
2024-05-28,Island County,JN.1.8.1,0.0,1161463,0.0,#FFB027
2024-05-28,Island County,KP.1.1,3968.762072250001,1161463,0.003417037023349,#CBFF86
2024-05-28,Island County,KP.1.1.3,0.0,1161463,0.0,#1EB3B6
2024-05-28,Island County,KP.1.2,0.0,1161463,0.0,#D7B5A6
2024-05-28,Island County,KP.2,556331.1749925,1161463,0.4789917328339344,#5875A1
2024-05-28,Island County,KP.2.15,583.25430794,1161463,0.0005021720949698,#175DFF
2024-05-28,Island County,KP.2.3,532.37469864,1161463,0.0004583656118533,#628DE8
2024-05-28,Island County,KP.3,74945.84908062,1161463,0.0645271085524205,#B06589
2024-05-28,Island County,KP.3.1.1,0.0,1161463,0.0,#2F92A1
2024-05-28,Island County,KP.4.1,0.0,1161463,0.0,#FF473A
2024-05-28,Island County,KQ.1,0.0,1161463,0.0,#E86CDE
2024-05-28,Island County,KV.2,1643.62159846,1161463,0.0014151303988676,#E14365
2024-05-28,Island County,KW.1.1,0.0,1161463,0.0,#34A0FF
2024-05-28,Island County,LB.1,99171.1094312,1161463,0.0853846480096223,#795653
2024-05-28,Island County,Recombinant,0.0,1161463,0.0,#FF0000
2024-05-28,Island County,XBB,0.0,1161463,0.0,#9FA8DA
2024-05-28,Island County,XBB.1.16,0.0,1161463,0.0,#4527A0
2024-05-28,Island County,XBB.1.16.1,0.0,1161463,0.0,#F89B9B
2024-05-28,Island County,XBB.1.16.15,0.0,1161463,0.0,#E3B5FA
2024-05-28,Island County,XBB.1.16.6,0.0,1161463,0.0,#5AA350
2024-05-28,Island County,XBB.1.42.1,0.0,1161463,0.0,#75D1A3
2024-05-28,Island County,XBB.1.5,0.0,1161463,0.0,#3F51B5
2024-05-28,Island County,XBB.1.5.70,0.0,1161463,0.0,#46783C
2024-05-28,Island County,XBB.1.5.72,0.0,1161463,0.0,#254220
2024-05-28,Island County,XBB.1.9.1,0.0,1161463,0.0,#304FFE
2024-05-28,Island County,XBB.1.9.2,0.0,1161463,0.0,#536DFE
2024-05-28,Island County,XBB.2.3,0.0,1161463,0.0,#F7BCDF
2024-05-28,Island County,XDP,0.0,1161463,0.0,#B60052
2024-05-28,Island County,XDV.1,0.0,1161463,0.0,#D367B6
2024-05-28,Island County,unreportable,13144.031034300002,1161463,0.0113167884248572,#eeeeee
2024-05-28,Jefferson County,BA.2,0.0,162770,0.0,#9CCD67
2024-05-28,Jefferson County,BA.2.12.1,0.0,162770,0.0,#7CB342
2024-05-28,Jefferson County,BA.2.86,0.0,162770,0.0,#D770EE
2024-05-28,Jefferson County,EG.5,0.0,162770,0.0,#FFBE7D
2024-05-28,Jefferson County,EG.5.1.8,0.0,162770,0.0,#E14D6F
2024-05-28,Jefferson County,EG.6.1,0.0,162770,0.0,#B9ABA8
2024-05-28,Jefferson County,FE.1.1,0.0,162770,0.0,#499894
2024-05-28,Jefferson County,FL.1.5.1,0.0,162770,0.0,#8CD17D
2024-05-28,Jefferson County,GE.1,0.0,162770,0.0,#FABFD2
2024-05-28,Jefferson County,GK.1.1,0.0,162770,0.0,#90FAE5
2024-05-28,Jefferson County,HF.1,0.0,162770,0.0,#D399AD
2024-05-28,Jefferson County,HK.3,0.0,162770,0.0,#859DBC
2024-05-28,Jefferson County,HV.1,0.0,162770,0.0,#797765
2024-05-28,Jefferson County,JD.1.1,0.0,162770,0.0,#80F192
2024-05-28,Jefferson County,JF.1,0.0,162770,0.0,#FFF1A9
2024-05-28,Jefferson County,JG.3,0.0,162770,0.0,#66A172
2024-05-28,Jefferson County,JN.1,21983.4199586,162770,0.13505818,#61018F
2024-05-28,Jefferson County,JN.1.11.1,189.0947921,162770,0.00116173,#5C9CF1
2024-05-28,Jefferson County,JN.1.13,0.0,162770,0.0,#E83C78
2024-05-28,Jefferson County,JN.1.13.1,0.0,162770,0.0,#F2591C
2024-05-28,Jefferson County,JN.1.16,0.0,162770,0.0,#BC3A88
2024-05-28,Jefferson County,JN.1.16.1,142.7606839,162770,0.00087707,#366298
2024-05-28,Jefferson County,JN.1.18,128.2497384,162770,0.00078792,#4AF32F
2024-05-28,Jefferson County,JN.1.32,0.0,162770,0.0,#2E7919
2024-05-28,Jefferson County,JN.1.4.3,0.0,162770,0.0,#9D1010
2024-05-28,Jefferson County,JN.1.7,0.0,162770,0.0,#CF15E8
2024-05-28,Jefferson County,JN.1.8.1,0.0,162770,0.0,#FFB027
2024-05-28,Jefferson County,KP.1.1,0.0,162770,0.0,#CBFF86
2024-05-28,Jefferson County,KP.1.1.3,0.0,162770,0.0,#1EB3B6
2024-05-28,Jefferson County,KP.1.2,0.0,162770,0.0,#D7B5A6
2024-05-28,Jefferson County,KP.2,4651.4017881,162770,0.02857653,#5875A1
2024-05-28,Jefferson County,KP.2.15,0.0,162770,0.0,#175DFF
2024-05-28,Jefferson County,KP.2.3,17211.5195395,162770,0.10574135,#628DE8
2024-05-28,Jefferson County,KP.3,44115.6361127,162770,0.27103051,#B06589
2024-05-28,Jefferson County,KP.3.1.1,0.0,162770,0.0,#2F92A1
2024-05-28,Jefferson County,KP.4.1,0.0,162770,0.0,#FF473A
2024-05-28,Jefferson County,KQ.1,0.0,162770,0.0,#E86CDE
2024-05-28,Jefferson County,KV.2,0.0,162770,0.0,#E14365
2024-05-28,Jefferson County,KW.1.1,0.0,162770,0.0,#34A0FF
2024-05-28,Jefferson County,LB.1,72659.4683673,162770,0.44639349,#795653
2024-05-28,Jefferson County,Recombinant,0.0,162770,0.0,#FF0000
2024-05-28,Jefferson County,XBB,0.0,162770,0.0,#9FA8DA
2024-05-28,Jefferson County,XBB.1.16,0.0,162770,0.0,#4527A0
2024-05-28,Jefferson County,XBB.1.16.1,0.0,162770,0.0,#F89B9B
2024-05-28,Jefferson County,XBB.1.16.15,0.0,162770,0.0,#E3B5FA
2024-05-28,Jefferson County,XBB.1.16.6,0.0,162770,0.0,#5AA350
2024-05-28,Jefferson County,XBB.1.42.1,0.0,162770,0.0,#75D1A3
2024-05-28,Jefferson County,XBB.1.5,0.0,162770,0.0,#3F51B5
2024-05-28,Jefferson County,XBB.1.5.70,0.0,162770,0.0,#46783C
2024-05-28,Jefferson County,XBB.1.5.72,0.0,162770,0.0,#254220
2024-05-28,Jefferson County,XBB.1.9.1,0.0,162770,0.0,#304FFE
2024-05-28,Jefferson County,XBB.1.9.2,0.0,162770,0.0,#536DFE
2024-05-28,Jefferson County,XBB.2.3,0.0,162770,0.0,#F7BCDF
2024-05-28,Jefferson County,XDP,0.0,162770,0.0,#B60052
2024-05-28,Jefferson County,XDV.1,0.0,162770,0.0,#D367B6
2024-05-28,Jefferson County,unreportable,1688.4571579,162770,0.01037327,#eeeeee
2024-05-28,Kittitas County,BA.2,0.0,143520,0.0,#9CCD67
2024-05-28,Kittitas County,BA.2.12.1,0.0,143520,0.0,#7CB342
2024-05-28,Kittitas County,BA.2.86,0.0,143520,0.0,#D770EE
2024-05-28,Kittitas County,EG.5,0.0,143520,0.0,#FFBE7D
2024-05-28,Kittitas County,EG.5.1.8,0.0,143520,0.0,#E14D6F
2024-05-28,Kittitas County,EG.6.1,0.0,143520,0.0,#B9ABA8
2024-05-28,Kittitas County,FE.1.1,0.0,143520,0.0,#499894
2024-05-28,Kittitas County,FL.1.5.1,0.0,143520,0.0,#8CD17D
2024-05-28,Kittitas County,GE.1,0.0,143520,0.0,#FABFD2
2024-05-28,Kittitas County,GK.1.1,0.0,143520,0.0,#90FAE5
2024-05-28,Kittitas County,HF.1,0.0,143520,0.0,#D399AD
2024-05-28,Kittitas County,HK.3,0.0,143520,0.0,#859DBC
2024-05-28,Kittitas County,HV.1,0.0,143520,0.0,#797765
2024-05-28,Kittitas County,JD.1.1,0.0,143520,0.0,#80F192
2024-05-28,Kittitas County,JF.1,0.0,143520,0.0,#FFF1A9
2024-05-28,Kittitas County,JG.3,0.0,143520,0.0,#66A172
2024-05-28,Kittitas County,JN.1,369.5826576,143520,0.00257513,#61018F
2024-05-28,Kittitas County,JN.1.11.1,0.0,143520,0.0,#5C9CF1
2024-05-28,Kittitas County,JN.1.13,0.0,143520,0.0,#E83C78
2024-05-28,Kittitas County,JN.1.13.1,0.0,143520,0.0,#F2591C
2024-05-28,Kittitas County,JN.1.16,0.0,143520,0.0,#BC3A88
2024-05-28,Kittitas County,JN.1.16.1,0.0,143520,0.0,#366298
2024-05-28,Kittitas County,JN.1.18,0.0,143520,0.0,#4AF32F
2024-05-28,Kittitas County,JN.1.32,0.0,143520,0.0,#2E7919
2024-05-28,Kittitas County,JN.1.4.3,0.0,143520,0.0,#9D1010
2024-05-28,Kittitas County,JN.1.7,0.0,143520,0.0,#CF15E8
2024-05-28,Kittitas County,JN.1.8.1,0.0,143520,0.0,#FFB027
2024-05-28,Kittitas County,KP.1.1,155.58142080000002,143520,0.00108404,#CBFF86
2024-05-28,Kittitas County,KP.1.1.3,0.0,143520,0.0,#1EB3B6
2024-05-28,Kittitas County,KP.1.2,0.0,143520,0.0,#D7B5A6
2024-05-28,Kittitas County,KP.2,107461.5099168,143520,0.74875634,#5875A1
2024-05-28,Kittitas County,KP.2.15,377.6025552,143520,0.00263101,#175DFF
2024-05-28,Kittitas County,KP.2.3,0.0,143520,0.0,#628DE8
2024-05-28,Kittitas County,KP.3,6437.560896,143520,0.0448548,#B06589
2024-05-28,Kittitas County,KP.3.1.1,0.0,143520,0.0,#2F92A1
2024-05-28,Kittitas County,KP.4.1,0.0,143520,0.0,#FF473A
2024-05-28,Kittitas County,KQ.1,0.0,143520,0.0,#E86CDE
2024-05-28,Kittitas County,KV.2,0.0,143520,0.0,#E14365
2024-05-28,Kittitas County,KW.1.1,0.0,143520,0.0,#34A0FF
2024-05-28,Kittitas County,LB.1,27385.2062016,143520,0.19081108,#795653
2024-05-28,Kittitas County,Recombinant,0.0,143520,0.0,#FF0000
2024-05-28,Kittitas County,XBB,0.0,143520,0.0,#9FA8DA
2024-05-28,Kittitas County,XBB.1.16,0.0,143520,0.0,#4527A0
2024-05-28,Kittitas County,XBB.1.16.1,0.0,143520,0.0,#F89B9B
2024-05-28,Kittitas County,XBB.1.16.15,0.0,143520,0.0,#E3B5FA
2024-05-28,Kittitas County,XBB.1.16.6,0.0,143520,0.0,#5AA350
2024-05-28,Kittitas County,XBB.1.42.1,0.0,143520,0.0,#75D1A3
2024-05-28,Kittitas County,XBB.1.5,0.0,143520,0.0,#3F51B5
2024-05-28,Kittitas County,XBB.1.5.70,0.0,143520,0.0,#46783C
2024-05-28,Kittitas County,XBB.1.5.72,0.0,143520,0.0,#254220
2024-05-28,Kittitas County,XBB.1.9.1,0.0,143520,0.0,#304FFE
2024-05-28,Kittitas County,XBB.1.9.2,0.0,143520,0.0,#536DFE
2024-05-28,Kittitas County,XBB.2.3,0.0,143520,0.0,#F7BCDF
2024-05-28,Kittitas County,XDP,0.0,143520,0.0,#B60052
2024-05-28,Kittitas County,XDV.1,0.0,143520,0.0,#D367B6
2024-05-28,Kittitas County,unreportable,1332.9549168,143520,0.00928759,#eeeeee
2024-05-28,Okanogan County,BA.2,0.0,927810,0.0,#9CCD67
2024-05-28,Okanogan County,BA.2.12.1,0.0,927810,0.0,#7CB342
2024-05-28,Okanogan County,BA.2.86,0.0,927810,0.0,#D770EE
2024-05-28,Okanogan County,EG.5,0.0,927810,0.0,#FFBE7D
2024-05-28,Okanogan County,EG.5.1.8,0.0,927810,0.0,#E14D6F
2024-05-28,Okanogan County,EG.6.1,0.0,927810,0.0,#B9ABA8
2024-05-28,Okanogan County,FE.1.1,0.0,927810,0.0,#499894
2024-05-28,Okanogan County,FL.1.5.1,0.0,927810,0.0,#8CD17D
2024-05-28,Okanogan County,GE.1,0.0,927810,0.0,#FABFD2
2024-05-28,Okanogan County,GK.1.1,0.0,927810,0.0,#90FAE5
2024-05-28,Okanogan County,HF.1,0.0,927810,0.0,#D399AD
2024-05-28,Okanogan County,HK.3,0.0,927810,0.0,#859DBC
2024-05-28,Okanogan County,HV.1,0.0,927810,0.0,#797765
2024-05-28,Okanogan County,JD.1.1,0.0,927810,0.0,#80F192
2024-05-28,Okanogan County,JF.1,0.0,927810,0.0,#FFF1A9
2024-05-28,Okanogan County,JG.3,0.0,927810,0.0,#66A172
2024-05-28,Okanogan County,JN.1,236713.1673348,927810,0.25513108,#61018F
2024-05-28,Okanogan County,JN.1.11.1,258577.89140430003,927810,0.27869703,#5C9CF1
2024-05-28,Okanogan County,JN.1.13,1718.1835047,927810,0.00185187,#E83C78
2024-05-28,Okanogan County,JN.1.13.1,0.0,927810,0.0,#F2591C
2024-05-28,Okanogan County,JN.1.16,0.0,927810,0.0,#BC3A88
2024-05-28,Okanogan County,JN.1.16.1,1451.3917391999998,927810,0.00156432,#366298
2024-05-28,Okanogan County,JN.1.18,0.0,927810,0.0,#4AF32F
2024-05-28,Okanogan County,JN.1.32,197055.0515349,927810,0.21238729,#2E7919
2024-05-28,Okanogan County,JN.1.4.3,0.0,927810,0.0,#9D1010
2024-05-28,Okanogan County,JN.1.7,42699.207915,927810,0.0460215,#CF15E8
2024-05-28,Okanogan County,JN.1.8.1,0.0,927810,0.0,#FFB027
2024-05-28,Okanogan County,KP.1.1,0.0,927810,0.0,#CBFF86
2024-05-28,Okanogan County,KP.1.1.3,0.0,927810,0.0,#1EB3B6
2024-05-28,Okanogan County,KP.1.2,1615.0667013,927810,0.00174073,#D7B5A6
2024-05-28,Okanogan County,KP.2,179197.130619,927810,0.1931399,#5875A1
2024-05-28,Okanogan County,KP.2.15,0.0,927810,0.0,#175DFF
2024-05-28,Okanogan County,KP.2.3,0.0,927810,0.0,#628DE8
2024-05-28,Okanogan County,KP.3,0.0,927810,0.0,#B06589
2024-05-28,Okanogan County,KP.3.1.1,0.0,927810,0.0,#2F92A1
2024-05-28,Okanogan County,KP.4.1,0.0,927810,0.0,#FF473A
2024-05-28,Okanogan County,KQ.1,0.0,927810,0.0,#E86CDE
2024-05-28,Okanogan County,KV.2,0.0,927810,0.0,#E14365
2024-05-28,Okanogan County,KW.1.1,0.0,927810,0.0,#34A0FF
2024-05-28,Okanogan County,LB.1,0.0,927810,0.0,#795653
2024-05-28,Okanogan County,Recombinant,0.0,927810,0.0,#FF0000
2024-05-28,Okanogan County,XBB,0.0,927810,0.0,#9FA8DA
2024-05-28,Okanogan County,XBB.1.16,0.0,927810,0.0,#4527A0
2024-05-28,Okanogan County,XBB.1.16.1,0.0,927810,0.0,#F89B9B
2024-05-28,Okanogan County,XBB.1.16.15,0.0,927810,0.0,#E3B5FA
2024-05-28,Okanogan County,XBB.1.16.6,0.0,927810,0.0,#5AA350
2024-05-28,Okanogan County,XBB.1.42.1,0.0,927810,0.0,#75D1A3
2024-05-28,Okanogan County,XBB.1.5,0.0,927810,0.0,#3F51B5
2024-05-28,Okanogan County,XBB.1.5.70,0.0,927810,0.0,#46783C
2024-05-28,Okanogan County,XBB.1.5.72,0.0,927810,0.0,#254220
2024-05-28,Okanogan County,XBB.1.9.1,0.0,927810,0.0,#304FFE
2024-05-28,Okanogan County,XBB.1.9.2,0.0,927810,0.0,#536DFE
2024-05-28,Okanogan County,XBB.2.3,0.0,927810,0.0,#F7BCDF
2024-05-28,Okanogan County,XDP,0.0,927810,0.0,#B60052
2024-05-28,Okanogan County,XDV.1,0.0,927810,0.0,#D367B6
2024-05-28,Okanogan County,unreportable,8782.9185249,927810,0.00946629,#eeeeee
2024-05-28,Pierce County,BA.2,0.0,69239,0.0,#9CCD67
2024-05-28,Pierce County,BA.2.12.1,0.0,69239,0.0,#7CB342
2024-05-28,Pierce County,BA.2.86,0.0,69239,0.0,#D770EE
2024-05-28,Pierce County,EG.5,0.0,69239,0.0,#FFBE7D
2024-05-28,Pierce County,EG.5.1.8,0.0,69239,0.0,#E14D6F
2024-05-28,Pierce County,EG.6.1,0.0,69239,0.0,#B9ABA8
2024-05-28,Pierce County,FE.1.1,0.0,69239,0.0,#499894
2024-05-28,Pierce County,FL.1.5.1,0.0,69239,0.0,#8CD17D
2024-05-28,Pierce County,GE.1,0.0,69239,0.0,#FABFD2
2024-05-28,Pierce County,GK.1.1,0.0,69239,0.0,#90FAE5
2024-05-28,Pierce County,HF.1,0.0,69239,0.0,#D399AD
2024-05-28,Pierce County,HK.3,0.0,69239,0.0,#859DBC
2024-05-28,Pierce County,HV.1,0.0,69239,0.0,#797765
2024-05-28,Pierce County,JD.1.1,0.0,69239,0.0,#80F192
2024-05-28,Pierce County,JF.1,0.0,69239,0.0,#FFF1A9
2024-05-28,Pierce County,JG.3,0.0,69239,0.0,#66A172
2024-05-28,Pierce County,JN.1,129.57317221,69239,0.00187139,#61018F
2024-05-28,Pierce County,JN.1.11.1,0.0,69239,0.0,#5C9CF1
2024-05-28,Pierce County,JN.1.13,0.0,69239,0.0,#E83C78
2024-05-28,Pierce County,JN.1.13.1,0.0,69239,0.0,#F2591C
2024-05-28,Pierce County,JN.1.16,0.0,69239,0.0,#BC3A88
2024-05-28,Pierce County,JN.1.16.1,0.0,69239,0.0,#366298
2024-05-28,Pierce County,JN.1.18,0.0,69239,0.0,#4AF32F
2024-05-28,Pierce County,JN.1.32,0.0,69239,0.0,#2E7919
2024-05-28,Pierce County,JN.1.4.3,0.0,69239,0.0,#9D1010
2024-05-28,Pierce County,JN.1.7,0.0,69239,0.0,#CF15E8
2024-05-28,Pierce County,JN.1.8.1,0.0,69239,0.0,#FFB027
2024-05-28,Pierce County,KP.1.1,0.0,69239,0.0,#CBFF86
2024-05-28,Pierce County,KP.1.1.3,0.0,69239,0.0,#1EB3B6
2024-05-28,Pierce County,KP.1.2,544.34247781,69239,0.00786179,#D7B5A6
2024-05-28,Pierce County,KP.2,0.0,69239,0.0,#5875A1
2024-05-28,Pierce County,KP.2.15,0.0,69239,0.0,#175DFF
2024-05-28,Pierce County,KP.2.3,0.0,69239,0.0,#628DE8
2024-05-28,Pierce County,KP.3,67886.25757769,69239,0.98046271,#B06589
2024-05-28,Pierce County,KP.3.1.1,0.0,69239,0.0,#2F92A1
2024-05-28,Pierce County,KP.4.1,0.0,69239,0.0,#FF473A
2024-05-28,Pierce County,KQ.1,0.0,69239,0.0,#E86CDE
2024-05-28,Pierce County,KV.2,0.0,69239,0.0,#E14365
2024-05-28,Pierce County,KW.1.1,0.0,69239,0.0,#34A0FF
2024-05-28,Pierce County,LB.1,0.0,69239,0.0,#795653
2024-05-28,Pierce County,Recombinant,0.0,69239,0.0,#FF0000
2024-05-28,Pierce County,XBB,0.0,69239,0.0,#9FA8DA
2024-05-28,Pierce County,XBB.1.16,0.0,69239,0.0,#4527A0
2024-05-28,Pierce County,XBB.1.16.1,0.0,69239,0.0,#F89B9B
2024-05-28,Pierce County,XBB.1.16.15,0.0,69239,0.0,#E3B5FA
2024-05-28,Pierce County,XBB.1.16.6,0.0,69239,0.0,#5AA350
2024-05-28,Pierce County,XBB.1.42.1,0.0,69239,0.0,#75D1A3
2024-05-28,Pierce County,XBB.1.5,0.0,69239,0.0,#3F51B5
2024-05-28,Pierce County,XBB.1.5.70,0.0,69239,0.0,#46783C
2024-05-28,Pierce County,XBB.1.5.72,0.0,69239,0.0,#254220
2024-05-28,Pierce County,XBB.1.9.1,0.0,69239,0.0,#304FFE
2024-05-28,Pierce County,XBB.1.9.2,0.0,69239,0.0,#536DFE
2024-05-28,Pierce County,XBB.2.3,0.0,69239,0.0,#F7BCDF
2024-05-28,Pierce County,XDP,0.0,69239,0.0,#B60052
2024-05-28,Pierce County,XDV.1,0.0,69239,0.0,#D367B6
2024-05-28,Pierce County,unreportable,678.82677229,69239,0.00980411,#eeeeee
2024-05-28,Spokane County,BA.2,0.0,713850,0.0,#9CCD67
2024-05-28,Spokane County,BA.2.12.1,0.0,713850,0.0,#7CB342
2024-05-28,Spokane County,BA.2.86,0.0,713850,0.0,#D770EE
2024-05-28,Spokane County,EG.5,0.0,713850,0.0,#FFBE7D
2024-05-28,Spokane County,EG.5.1.8,0.0,713850,0.0,#E14D6F
2024-05-28,Spokane County,EG.6.1,0.0,713850,0.0,#B9ABA8
2024-05-28,Spokane County,FE.1.1,0.0,713850,0.0,#499894
2024-05-28,Spokane County,FL.1.5.1,0.0,713850,0.0,#8CD17D
2024-05-28,Spokane County,GE.1,0.0,713850,0.0,#FABFD2
2024-05-28,Spokane County,GK.1.1,0.0,713850,0.0,#90FAE5
2024-05-28,Spokane County,HF.1,0.0,713850,0.0,#D399AD
2024-05-28,Spokane County,HK.3,0.0,713850,0.0,#859DBC
2024-05-28,Spokane County,HV.1,0.0,713850,0.0,#797765
2024-05-28,Spokane County,JD.1.1,0.0,713850,0.0,#80F192
2024-05-28,Spokane County,JF.1,0.0,713850,0.0,#FFF1A9
2024-05-28,Spokane County,JG.3,0.0,713850,0.0,#66A172
2024-05-28,Spokane County,JN.1,49389.482598,713850,0.06918748,#61018F
2024-05-28,Spokane County,JN.1.11.1,0.0,713850,0.0,#5C9CF1
2024-05-28,Spokane County,JN.1.13,0.0,713850,0.0,#E83C78
2024-05-28,Spokane County,JN.1.13.1,0.0,713850,0.0,#F2591C
2024-05-28,Spokane County,JN.1.16,0.0,713850,0.0,#BC3A88
2024-05-28,Spokane County,JN.1.16.1,840.8224994999999,713850,0.00117787,#366298
2024-05-28,Spokane County,JN.1.18,76069.397916,713850,0.10656216,#4AF32F
2024-05-28,Spokane County,JN.1.32,0.0,713850,0.0,#2E7919
2024-05-28,Spokane County,JN.1.4.3,0.0,713850,0.0,#9D1010
2024-05-28,Spokane County,JN.1.7,0.0,713850,0.0,#CF15E8
2024-05-28,Spokane County,JN.1.8.1,0.0,713850,0.0,#FFB027
2024-05-28,Spokane County,KP.1.1,307572.6590175,713850,0.43086455,#CBFF86
2024-05-28,Spokane County,KP.1.1.3,0.0,713850,0.0,#1EB3B6
2024-05-28,Spokane County,KP.1.2,0.0,713850,0.0,#D7B5A6
2024-05-28,Spokane County,KP.2,3448.266702,713850,0.00483052,#5875A1
2024-05-28,Spokane County,KP.2.15,1307.05935,713850,0.001831,#175DFF
2024-05-28,Spokane County,KP.2.3,0.0,713850,0.0,#628DE8
2024-05-28,Spokane County,KP.3,87333.53688300001,713850,0.12234158,#B06589
2024-05-28,Spokane County,KP.3.1.1,0.0,713850,0.0,#2F92A1
2024-05-28,Spokane County,KP.4.1,177575.28438899998,713850,0.2487571399999999,#FF473A
2024-05-28,Spokane County,KQ.1,0.0,713850,0.0,#E86CDE
2024-05-28,Spokane County,KV.2,0.0,713850,0.0,#E14365
2024-05-28,Spokane County,KW.1.1,0.0,713850,0.0,#34A0FF
2024-05-28,Spokane County,LB.1,0.0,713850,0.0,#795653
2024-05-28,Spokane County,Recombinant,0.0,713850,0.0,#FF0000
2024-05-28,Spokane County,XBB,0.0,713850,0.0,#9FA8DA
2024-05-28,Spokane County,XBB.1.16,0.0,713850,0.0,#4527A0
2024-05-28,Spokane County,XBB.1.16.1,0.0,713850,0.0,#F89B9B
2024-05-28,Spokane County,XBB.1.16.15,0.0,713850,0.0,#E3B5FA
2024-05-28,Spokane County,XBB.1.16.6,0.0,713850,0.0,#5AA350
2024-05-28,Spokane County,XBB.1.42.1,0.0,713850,0.0,#75D1A3
2024-05-28,Spokane County,XBB.1.5,0.0,713850,0.0,#3F51B5
2024-05-28,Spokane County,XBB.1.5.70,0.0,713850,0.0,#46783C
2024-05-28,Spokane County,XBB.1.5.72,0.0,713850,0.0,#254220
2024-05-28,Spokane County,XBB.1.9.1,0.0,713850,0.0,#304FFE
2024-05-28,Spokane County,XBB.1.9.2,0.0,713850,0.0,#536DFE
2024-05-28,Spokane County,XBB.2.3,0.0,713850,0.0,#F7BCDF
2024-05-28,Spokane County,XDP,0.0,713850,0.0,#B60052
2024-05-28,Spokane County,XDV.1,0.0,713850,0.0,#D367B6
2024-05-28,Spokane County,unreportable,10313.490645,713850,0.0144476999999999,#eeeeee
2024-05-28,Thurston County,BA.2,0.0,166384,0.0,#9CCD67
2024-05-28,Thurston County,BA.2.12.1,0.0,166384,0.0,#7CB342
2024-05-28,Thurston County,BA.2.86,0.0,166384,0.0,#D770EE
2024-05-28,Thurston County,EG.5,0.0,166384,0.0,#FFBE7D
2024-05-28,Thurston County,EG.5.1.8,0.0,166384,0.0,#E14D6F
2024-05-28,Thurston County,EG.6.1,0.0,166384,0.0,#B9ABA8
2024-05-28,Thurston County,FE.1.1,0.0,166384,0.0,#499894
2024-05-28,Thurston County,FL.1.5.1,0.0,166384,0.0,#8CD17D
2024-05-28,Thurston County,GE.1,0.0,166384,0.0,#FABFD2
2024-05-28,Thurston County,GK.1.1,0.0,166384,0.0,#90FAE5
2024-05-28,Thurston County,HF.1,0.0,166384,0.0,#D399AD
2024-05-28,Thurston County,HK.3,0.0,166384,0.0,#859DBC
2024-05-28,Thurston County,HV.1,0.0,166384,0.0,#797765
2024-05-28,Thurston County,JD.1.1,0.0,166384,0.0,#80F192
2024-05-28,Thurston County,JF.1,0.0,166384,0.0,#FFF1A9
2024-05-28,Thurston County,JG.3,0.0,166384,0.0,#66A172
2024-05-28,Thurston County,JN.1,8618.81435616,166384,0.0518007401923261,#61018F
2024-05-28,Thurston County,JN.1.11.1,232.3470656,166384,0.0013964507741128,#5C9CF1
2024-05-28,Thurston County,JN.1.13,0.0,166384,0.0,#E83C78
2024-05-28,Thurston County,JN.1.13.1,0.0,166384,0.0,#F2591C
2024-05-28,Thurston County,JN.1.16,133.28308864000002,166384,0.0008010571247235,#BC3A88
2024-05-28,Thurston County,JN.1.16.1,17528.304310080002,166384,0.1053484969112414,#366298
2024-05-28,Thurston County,JN.1.18,1589.37564032,166384,0.0095524548052697,#4AF32F
2024-05-28,Thurston County,JN.1.32,0.0,166384,0.0,#2E7919
2024-05-28,Thurston County,JN.1.4.3,0.0,166384,0.0,#9D1010
2024-05-28,Thurston County,JN.1.7,0.0,166384,0.0,#CF15E8
2024-05-28,Thurston County,JN.1.8.1,0.0,166384,0.0,#FFB027
2024-05-28,Thurston County,KP.1.1,5041.978584,166384,0.0303032658428695,#CBFF86
2024-05-28,Thurston County,KP.1.1.3,0.0,166384,0.0,#1EB3B6
2024-05-28,Thurston County,KP.1.2,0.0,166384,0.0,#D7B5A6
2024-05-28,Thurston County,KP.2,81201.80119120001,166384,0.4880385204779306,#5875A1
2024-05-28,Thurston County,KP.2.15,672.50807936,166384,0.0040419035445715,#175DFF
2024-05-28,Thurston County,KP.2.3,7942.050998399999,166384,0.0477332616020771,#628DE8
2024-05-28,Thurston County,KP.3,15484.9775472,166384,0.093067708116165,#B06589
2024-05-28,Thurston County,KP.3.1.1,0.0,166384,0.0,#2F92A1
2024-05-28,Thurston County,KP.4.1,0.0,166384,0.0,#FF473A
2024-05-28,Thurston County,KQ.1,0.0,166384,0.0,#E86CDE
2024-05-28,Thurston County,KV.2,0.0,166384,0.0,#E14365
2024-05-28,Thurston County,KW.1.1,0.0,166384,0.0,#34A0FF
2024-05-28,Thurston County,LB.1,26134.2548424,166384,0.1570719230358688,#795653
2024-05-28,Thurston County,Recombinant,0.0,166384,0.0,#FF0000
2024-05-28,Thurston County,XBB,0.0,166384,0.0,#9FA8DA
2024-05-28,Thurston County,XBB.1.16,0.0,166384,0.0,#4527A0
2024-05-28,Thurston County,XBB.1.16.1,0.0,166384,0.0,#F89B9B
2024-05-28,Thurston County,XBB.1.16.15,0.0,166384,0.0,#E3B5FA
2024-05-28,Thurston County,XBB.1.16.6,0.0,166384,0.0,#5AA350
2024-05-28,Thurston County,XBB.1.42.1,0.0,166384,0.0,#75D1A3
2024-05-28,Thurston County,XBB.1.5,0.0,166384,0.0,#3F51B5
2024-05-28,Thurston County,XBB.1.5.70,0.0,166384,0.0,#46783C
2024-05-28,Thurston County,XBB.1.5.72,0.0,166384,0.0,#254220
2024-05-28,Thurston County,XBB.1.9.1,0.0,166384,0.0,#304FFE
2024-05-28,Thurston County,XBB.1.9.2,0.0,166384,0.0,#536DFE
2024-05-28,Thurston County,XBB.2.3,0.0,166384,0.0,#F7BCDF
2024-05-28,Thurston County,XDP,0.0,166384,0.0,#B60052
2024-05-28,Thurston County,XDV.1,0.0,166384,0.0,#D367B6
2024-05-28,Thurston County,unreportable,1804.30527824,166384,0.0108442234724492,#eeeeee
2024-05-28,Walla Walla County,BA.2,0.0,551552,0.0,#9CCD67
2024-05-28,Walla Walla County,BA.2.12.1,0.0,551552,0.0,#7CB342
2024-05-28,Walla Walla County,BA.2.86,0.0,551552,0.0,#D770EE
2024-05-28,Walla Walla County,EG.5,0.0,551552,0.0,#FFBE7D
2024-05-28,Walla Walla County,EG.5.1.8,0.0,551552,0.0,#E14D6F
2024-05-28,Walla Walla County,EG.6.1,0.0,551552,0.0,#B9ABA8
2024-05-28,Walla Walla County,FE.1.1,0.0,551552,0.0,#499894
2024-05-28,Walla Walla County,FL.1.5.1,0.0,551552,0.0,#8CD17D
2024-05-28,Walla Walla County,GE.1,0.0,551552,0.0,#FABFD2
2024-05-28,Walla Walla County,GK.1.1,0.0,551552,0.0,#90FAE5
2024-05-28,Walla Walla County,HF.1,0.0,551552,0.0,#D399AD
2024-05-28,Walla Walla County,HK.3,0.0,551552,0.0,#859DBC
2024-05-28,Walla Walla County,HV.1,0.0,551552,0.0,#797765
2024-05-28,Walla Walla County,JD.1.1,0.0,551552,0.0,#80F192
2024-05-28,Walla Walla County,JF.1,0.0,551552,0.0,#FFF1A9
2024-05-28,Walla Walla County,JG.3,0.0,551552,0.0,#66A172
2024-05-28,Walla Walla County,JN.1,0.0,551552,0.0,#61018F
2024-05-28,Walla Walla County,JN.1.11.1,0.0,551552,0.0,#5C9CF1
2024-05-28,Walla Walla County,JN.1.13,0.0,551552,0.0,#E83C78
2024-05-28,Walla Walla County,JN.1.13.1,0.0,551552,0.0,#F2591C
2024-05-28,Walla Walla County,JN.1.16,0.0,551552,0.0,#BC3A88
2024-05-28,Walla Walla County,JN.1.16.1,0.0,551552,0.0,#366298
2024-05-28,Walla Walla County,JN.1.18,0.0,551552,0.0,#4AF32F
2024-05-28,Walla Walla County,JN.1.32,0.0,551552,0.0,#2E7919
2024-05-28,Walla Walla County,JN.1.4.3,0.0,551552,0.0,#9D1010
2024-05-28,Walla Walla County,JN.1.7,0.0,551552,0.0,#CF15E8
2024-05-28,Walla Walla County,JN.1.8.1,0.0,551552,0.0,#FFB027
2024-05-28,Walla Walla County,KP.1.1,443165.0824448,551552,0.8034874,#CBFF86
2024-05-28,Walla Walla County,KP.1.1.3,0.0,551552,0.0,#1EB3B6
2024-05-28,Walla Walla County,KP.1.2,0.0,551552,0.0,#D7B5A6
2024-05-28,Walla Walla County,KP.2,0.0,551552,0.0,#5875A1
2024-05-28,Walla Walla County,KP.2.15,0.0,551552,0.0,#175DFF
2024-05-28,Walla Walla County,KP.2.3,0.0,551552,0.0,#628DE8
2024-05-28,Walla Walla County,KP.3,107483.420224,551552,0.1948745,#B06589
2024-05-28,Walla Walla County,KP.3.1.1,0.0,551552,0.0,#2F92A1
2024-05-28,Walla Walla County,KP.4.1,0.0,551552,0.0,#FF473A
2024-05-28,Walla Walla County,KQ.1,0.0,551552,0.0,#E86CDE
2024-05-28,Walla Walla County,KV.2,0.0,551552,0.0,#E14365
2024-05-28,Walla Walla County,KW.1.1,0.0,551552,0.0,#34A0FF
2024-05-28,Walla Walla County,LB.1,0.0,551552,0.0,#795653
2024-05-28,Walla Walla County,Recombinant,0.0,551552,0.0,#FF0000
2024-05-28,Walla Walla County,XBB,0.0,551552,0.0,#9FA8DA
2024-05-28,Walla Walla County,XBB.1.16,0.0,551552,0.0,#4527A0
2024-05-28,Walla Walla County,XBB.1.16.1,0.0,551552,0.0,#F89B9B
2024-05-28,Walla Walla County,XBB.1.16.15,0.0,551552,0.0,#E3B5FA
2024-05-28,Walla Walla County,XBB.1.16.6,0.0,551552,0.0,#5AA350
2024-05-28,Walla Walla County,XBB.1.42.1,0.0,551552,0.0,#75D1A3
2024-05-28,Walla Walla County,XBB.1.5,0.0,551552,0.0,#3F51B5
2024-05-28,Walla Walla County,XBB.1.5.70,0.0,551552,0.0,#46783C
2024-05-28,Walla Walla County,XBB.1.5.72,0.0,551552,0.0,#254220
2024-05-28,Walla Walla County,XBB.1.9.1,0.0,551552,0.0,#304FFE
2024-05-28,Walla Walla County,XBB.1.9.2,0.0,551552,0.0,#536DFE
2024-05-28,Walla Walla County,XBB.2.3,0.0,551552,0.0,#F7BCDF
2024-05-28,Walla Walla County,XDP,0.0,551552,0.0,#B60052
2024-05-28,Walla Walla County,XDV.1,0.0,551552,0.0,#D367B6
2024-05-28,Walla Walla County,unreportable,903.50284672,551552,0.00163811,#eeeeee
2024-05-28,Whitman County,BA.2,0.0,245487,0.0,#9CCD67
2024-05-28,Whitman County,BA.2.12.1,0.0,245487,0.0,#7CB342
2024-05-28,Whitman County,BA.2.86,0.0,245487,0.0,#D770EE
2024-05-28,Whitman County,EG.5,0.0,245487,0.0,#FFBE7D
2024-05-28,Whitman County,EG.5.1.8,0.0,245487,0.0,#E14D6F
2024-05-28,Whitman County,EG.6.1,0.0,245487,0.0,#B9ABA8
2024-05-28,Whitman County,FE.1.1,0.0,245487,0.0,#499894
2024-05-28,Whitman County,FL.1.5.1,0.0,245487,0.0,#8CD17D
2024-05-28,Whitman County,GE.1,0.0,245487,0.0,#FABFD2
2024-05-28,Whitman County,GK.1.1,0.0,245487,0.0,#90FAE5
2024-05-28,Whitman County,HF.1,0.0,245487,0.0,#D399AD
2024-05-28,Whitman County,HK.3,0.0,245487,0.0,#859DBC
2024-05-28,Whitman County,HV.1,0.0,245487,0.0,#797765
2024-05-28,Whitman County,JD.1.1,0.0,245487,0.0,#80F192
2024-05-28,Whitman County,JF.1,0.0,245487,0.0,#FFF1A9
2024-05-28,Whitman County,JG.3,0.0,245487,0.0,#66A172
2024-05-28,Whitman County,JN.1,0.0,245487,0.0,#61018F
2024-05-28,Whitman County,JN.1.11.1,0.0,245487,0.0,#5C9CF1
2024-05-28,Whitman County,JN.1.13,0.0,245487,0.0,#E83C78
2024-05-28,Whitman County,JN.1.13.1,0.0,245487,0.0,#F2591C
2024-05-28,Whitman County,JN.1.16,0.0,245487,0.0,#BC3A88
2024-05-28,Whitman County,JN.1.16.1,872.0925675,245487,0.0035525,#366298
2024-05-28,Whitman County,JN.1.18,0.0,245487,0.0,#4AF32F
2024-05-28,Whitman County,JN.1.32,0.0,245487,0.0,#2E7919
2024-05-28,Whitman County,JN.1.4.3,0.0,245487,0.0,#9D1010
2024-05-28,Whitman County,JN.1.7,0.0,245487,0.0,#CF15E8
2024-05-28,Whitman County,JN.1.8.1,0.0,245487,0.0,#FFB027
2024-05-28,Whitman County,KP.1.1,9308.05202316,245487,0.03791668,#CBFF86
2024-05-28,Whitman County,KP.1.1.3,0.0,245487,0.0,#1EB3B6
2024-05-28,Whitman County,KP.1.2,0.0,245487,0.0,#D7B5A6
2024-05-28,Whitman County,KP.2,3790.56722187,245487,0.01544101,#5875A1
2024-05-28,Whitman County,KP.2.15,2647.0298589900003,245487,0.01078277,#175DFF
2024-05-28,Whitman County,KP.2.3,0.0,245487,0.0,#628DE8
2024-05-28,Whitman County,KP.3,13142.900190090002,245487,0.05353807,#B06589
2024-05-28,Whitman County,KP.3.1.1,0.0,245487,0.0,#2F92A1
2024-05-28,Whitman County,KP.4.1,0.0,245487,0.0,#FF473A
2024-05-28,Whitman County,KQ.1,0.0,245487,0.0,#E86CDE
2024-05-28,Whitman County,KV.2,0.0,245487,0.0,#E14365
2024-05-28,Whitman County,KW.1.1,0.0,245487,0.0,#34A0FF
2024-05-28,Whitman County,LB.1,0.0,245487,0.0,#795653
2024-05-28,Whitman County,Recombinant,1441.8556201499998,245487,0.00587345,#FF0000
2024-05-28,Whitman County,XBB,0.0,245487,0.0,#9FA8DA
2024-05-28,Whitman County,XBB.1.16,0.0,245487,0.0,#4527A0
2024-05-28,Whitman County,XBB.1.16.1,0.0,245487,0.0,#F89B9B
2024-05-28,Whitman County,XBB.1.16.15,0.0,245487,0.0,#E3B5FA
2024-05-28,Whitman County,XBB.1.16.6,0.0,245487,0.0,#5AA350
2024-05-28,Whitman County,XBB.1.42.1,0.0,245487,0.0,#75D1A3
2024-05-28,Whitman County,XBB.1.5,0.0,245487,0.0,#3F51B5
2024-05-28,Whitman County,XBB.1.5.70,0.0,245487,0.0,#46783C
2024-05-28,Whitman County,XBB.1.5.72,0.0,245487,0.0,#254220
2024-05-28,Whitman County,XBB.1.9.1,0.0,245487,0.0,#304FFE
2024-05-28,Whitman County,XBB.1.9.2,0.0,245487,0.0,#536DFE
2024-05-28,Whitman County,XBB.2.3,0.0,245487,0.0,#F7BCDF
2024-05-28,Whitman County,XDP,0.0,245487,0.0,#B60052
2024-05-28,Whitman County,XDV.1,207940.10948667,245487,0.84705141,#D367B6
2024-05-28,Whitman County,unreportable,6344.39303157,245487,0.02584411,#eeeeee
2024-05-28,Yakima County,BA.2,0.0,1078100,0.0,#9CCD67
2024-05-28,Yakima County,BA.2.12.1,0.0,1078100,0.0,#7CB342
2024-05-28,Yakima County,BA.2.86,103866.4995396,1078100,0.0963421756234115,#D770EE
2024-05-28,Yakima County,EG.5,0.0,1078100,0.0,#FFBE7D
2024-05-28,Yakima County,EG.5.1.8,0.0,1078100,0.0,#E14D6F
2024-05-28,Yakima County,EG.6.1,0.0,1078100,0.0,#B9ABA8
2024-05-28,Yakima County,FE.1.1,0.0,1078100,0.0,#499894
2024-05-28,Yakima County,FL.1.5.1,0.0,1078100,0.0,#8CD17D
2024-05-28,Yakima County,GE.1,0.0,1078100,0.0,#FABFD2
2024-05-28,Yakima County,GK.1.1,0.0,1078100,0.0,#90FAE5
2024-05-28,Yakima County,HF.1,0.0,1078100,0.0,#D399AD
2024-05-28,Yakima County,HK.3,0.0,1078100,0.0,#859DBC
2024-05-28,Yakima County,HV.1,0.0,1078100,0.0,#797765
2024-05-28,Yakima County,JD.1.1,0.0,1078100,0.0,#80F192
2024-05-28,Yakima County,JF.1,0.0,1078100,0.0,#FFF1A9
2024-05-28,Yakima County,JG.3,0.0,1078100,0.0,#66A172
2024-05-28,Yakima County,JN.1,334629.0139362,1078100,0.3103877320621463,#61018F
2024-05-28,Yakima County,JN.1.11.1,803.6369808,1078100,0.0007454197020684,#5C9CF1
2024-05-28,Yakima County,JN.1.13,0.0,1078100,0.0,#E83C78
2024-05-28,Yakima County,JN.1.13.1,0.0,1078100,0.0,#F2591C
2024-05-28,Yakima County,JN.1.16,0.0,1078100,0.0,#BC3A88
2024-05-28,Yakima County,JN.1.16.1,1729.4542368,1078100,0.0016041686641313,#366298
2024-05-28,Yakima County,JN.1.18,1303.1671663999998,1078100,0.0012087627923198,#4AF32F
2024-05-28,Yakima County,JN.1.32,0.0,1078100,0.0,#2E7919
2024-05-28,Yakima County,JN.1.4.3,0.0,1078100,0.0,#9D1010
2024-05-28,Yakima County,JN.1.7,0.0,1078100,0.0,#CF15E8
2024-05-28,Yakima County,JN.1.8.1,0.0,1078100,0.0,#FFB027
2024-05-28,Yakima County,KP.1.1,687.5981136,1078100,0.0006377869526017,#CBFF86
2024-05-28,Yakima County,KP.1.1.3,465.9911424,1078100,0.0004322336911232,#1EB3B6
2024-05-28,Yakima County,KP.1.2,0.0,1078100,0.0,#D7B5A6
2024-05-28,Yakima County,KP.2,36302.13264,1078100,0.0336723241257768,#5875A1
2024-05-28,Yakima County,KP.2.15,31741.5837984,1078100,0.0294421517469622,#175DFF
2024-05-28,Yakima County,KP.2.3,0.0,1078100,0.0,#628DE8
2024-05-28,Yakima County,KP.3,409809.9008536,1078100,0.3801223456577312,#B06589
2024-05-28,Yakima County,KP.3.1.1,0.0,1078100,0.0,#2F92A1
2024-05-28,Yakima County,KP.4.1,0.0,1078100,0.0,#FF473A
2024-05-28,Yakima County,KQ.1,0.0,1078100,0.0,#E86CDE
2024-05-28,Yakima County,KV.2,0.0,1078100,0.0,#E14365
2024-05-28,Yakima County,KW.1.1,0.0,1078100,0.0,#34A0FF
2024-05-28,Yakima County,LB.1,0.0,1078100,0.0,#795653
2024-05-28,Yakima County,Recombinant,0.0,1078100,0.0,#FF0000
2024-05-28,Yakima County,XBB,0.0,1078100,0.0,#9FA8DA
2024-05-28,Yakima County,XBB.1.16,0.0,1078100,0.0,#4527A0
2024-05-28,Yakima County,XBB.1.16.1,0.0,1078100,0.0,#F89B9B
2024-05-28,Yakima County,XBB.1.16.15,0.0,1078100,0.0,#E3B5FA
2024-05-28,Yakima County,XBB.1.16.6,0.0,1078100,0.0,#5AA350
2024-05-28,Yakima County,XBB.1.42.1,0.0,1078100,0.0,#75D1A3
2024-05-28,Yakima County,XBB.1.5,0.0,1078100,0.0,#3F51B5
2024-05-28,Yakima County,XBB.1.5.70,0.0,1078100,0.0,#46783C
2024-05-28,Yakima County,XBB.1.5.72,0.0,1078100,0.0,#254220
2024-05-28,Yakima County,XBB.1.9.1,0.0,1078100,0.0,#304FFE
2024-05-28,Yakima County,XBB.1.9.2,0.0,1078100,0.0,#536DFE
2024-05-28,Yakima County,XBB.2.3,0.0,1078100,0.0,#F7BCDF
2024-05-28,Yakima County,XDP,0.0,1078100,0.0,#B60052
2024-05-28,Yakima County,XDV.1,139984.5326152,1078100,0.1298437367732121,#D367B6
2024-05-28,Yakima County,unreportable,16776.5037902,1078100,0.0155611759486133,#eeeeee
2024-06-04,Benton County,BA.2,0.0,1209268,0.0,#9CCD67
2024-06-04,Benton County,BA.2.12.1,0.0,1209268,0.0,#7CB342
2024-06-04,Benton County,BA.2.86,0.0,1209268,0.0,#D770EE
2024-06-04,Benton County,EG.5,0.0,1209268,0.0,#FFBE7D
2024-06-04,Benton County,EG.5.1.8,0.0,1209268,0.0,#E14D6F
2024-06-04,Benton County,EG.6.1,0.0,1209268,0.0,#B9ABA8
2024-06-04,Benton County,FE.1.1,0.0,1209268,0.0,#499894
2024-06-04,Benton County,FL.1.5.1,0.0,1209268,0.0,#8CD17D
2024-06-04,Benton County,GE.1,0.0,1209268,0.0,#FABFD2
2024-06-04,Benton County,GK.1.1,0.0,1209268,0.0,#90FAE5
2024-06-04,Benton County,HF.1,0.0,1209268,0.0,#D399AD
2024-06-04,Benton County,HK.3,0.0,1209268,0.0,#859DBC
2024-06-04,Benton County,HV.1,0.0,1209268,0.0,#797765
2024-06-04,Benton County,JD.1.1,0.0,1209268,0.0,#80F192
2024-06-04,Benton County,JF.1,0.0,1209268,0.0,#FFF1A9
2024-06-04,Benton County,JG.3,0.0,1209268,0.0,#66A172
2024-06-04,Benton County,JN.1,18893.52556616,1209268,0.0156239357745015,#61018F
2024-06-04,Benton County,JN.1.11.1,321282.82639028004,1209268,0.2656837246915324,#5C9CF1
2024-06-04,Benton County,JN.1.13,0.0,1209268,0.0,#E83C78
2024-06-04,Benton County,JN.1.13.1,0.0,1209268,0.0,#F2591C
2024-06-04,Benton County,JN.1.16,410238.0903036,1209268,0.3392449732429866,#BC3A88
2024-06-04,Benton County,JN.1.16.1,269265.5499327,1209268,0.2226682174114423,#366298
2024-06-04,Benton County,JN.1.18,0.0,1209268,0.0,#4AF32F
2024-06-04,Benton County,JN.1.32,0.0,1209268,0.0,#2E7919
2024-06-04,Benton County,JN.1.4.3,0.0,1209268,0.0,#9D1010
2024-06-04,Benton County,JN.1.7,1639.34501566,1209268,0.0013556507041119,#CF15E8
2024-06-04,Benton County,JN.1.8.1,0.0,1209268,0.0,#FFB027
2024-06-04,Benton County,KP.1.1,0.0,1209268,0.0,#CBFF86
2024-06-04,Benton County,KP.1.1.3,1370.91078754,1209268,0.0011336699454049,#1EB3B6
2024-06-04,Benton County,KP.1.2,0.0,1209268,0.0,#D7B5A6
2024-06-04,Benton County,KP.2,2426.06209224,1209268,0.0020062236760089,#5875A1
2024-06-04,Benton County,KP.2.15,658.38548868,1209268,0.0005444496080934,#175DFF
2024-06-04,Benton County,KP.2.3,30830.30936782,1209268,0.0254950179512068,#628DE8
2024-06-04,Benton County,KP.3,136904.3187558,1209268,0.1132125540044059,#B06589
2024-06-04,Benton County,KP.3.1.1,0.0,1209268,0.0,#2F92A1
2024-06-04,Benton County,KP.4.1,0.0,1209268,0.0,#FF473A
2024-06-04,Benton County,KQ.1,0.0,1209268,0.0,#E86CDE
2024-06-04,Benton County,KV.2,0.0,1209268,0.0,#E14365
2024-06-04,Benton County,KW.1.1,0.0,1209268,0.0,#34A0FF
2024-06-04,Benton County,LB.1,0.0,1209268,0.0,#795653
2024-06-04,Benton County,Recombinant,0.0,1209268,0.0,#FF0000
2024-06-04,Benton County,XBB,0.0,1209268,0.0,#9FA8DA
2024-06-04,Benton County,XBB.1.16,0.0,1209268,0.0,#4527A0
2024-06-04,Benton County,XBB.1.16.1,0.0,1209268,0.0,#F89B9B
2024-06-04,Benton County,XBB.1.16.15,0.0,1209268,0.0,#E3B5FA
2024-06-04,Benton County,XBB.1.16.6,0.0,1209268,0.0,#5AA350
2024-06-04,Benton County,XBB.1.42.1,0.0,1209268,0.0,#75D1A3
2024-06-04,Benton County,XBB.1.5,0.0,1209268,0.0,#3F51B5
2024-06-04,Benton County,XBB.1.5.70,0.0,1209268,0.0,#46783C
2024-06-04,Benton County,XBB.1.5.72,0.0,1209268,0.0,#254220
2024-06-04,Benton County,XBB.1.9.1,0.0,1209268,0.0,#304FFE
2024-06-04,Benton County,XBB.1.9.2,0.0,1209268,0.0,#536DFE
2024-06-04,Benton County,XBB.2.3,0.0,1209268,0.0,#F7BCDF
2024-06-04,Benton County,XDP,0.0,1209268,0.0,#B60052
2024-06-04,Benton County,XDV.1,0.0,1209268,0.0,#D367B6
2024-06-04,Benton County,unreportable,15758.66420684,1209268,0.0130315729903048,#eeeeee
2024-06-04,Chelan County,BA.2,0.0,923896,0.0,#9CCD67
2024-06-04,Chelan County,BA.2.12.1,0.0,923896,0.0,#7CB342
2024-06-04,Chelan County,BA.2.86,0.0,923896,0.0,#D770EE
2024-06-04,Chelan County,EG.5,0.0,923896,0.0,#FFBE7D
2024-06-04,Chelan County,EG.5.1.8,0.0,923896,0.0,#E14D6F
2024-06-04,Chelan County,EG.6.1,0.0,923896,0.0,#B9ABA8
2024-06-04,Chelan County,FE.1.1,0.0,923896,0.0,#499894
2024-06-04,Chelan County,FL.1.5.1,0.0,923896,0.0,#8CD17D
2024-06-04,Chelan County,GE.1,0.0,923896,0.0,#FABFD2
2024-06-04,Chelan County,GK.1.1,0.0,923896,0.0,#90FAE5
2024-06-04,Chelan County,HF.1,0.0,923896,0.0,#D399AD
2024-06-04,Chelan County,HK.3,0.0,923896,0.0,#859DBC
2024-06-04,Chelan County,HV.1,0.0,923896,0.0,#797765
2024-06-04,Chelan County,JD.1.1,0.0,923896,0.0,#80F192
2024-06-04,Chelan County,JF.1,0.0,923896,0.0,#FFF1A9
2024-06-04,Chelan County,JG.3,0.0,923896,0.0,#66A172
2024-06-04,Chelan County,JN.1,10299.37291128,923896,0.0111477622062223,#61018F
2024-06-04,Chelan County,JN.1.11.1,0.0,923896,0.0,#5C9CF1
2024-06-04,Chelan County,JN.1.13,0.0,923896,0.0,#E83C78
2024-06-04,Chelan County,JN.1.13.1,0.0,923896,0.0,#F2591C
2024-06-04,Chelan County,JN.1.16,0.0,923896,0.0,#BC3A88
2024-06-04,Chelan County,JN.1.16.1,9670.39263848,923896,0.0104669709994198,#366298
2024-06-04,Chelan County,JN.1.18,0.0,923896,0.0,#4AF32F
2024-06-04,Chelan County,JN.1.32,0.0,923896,0.0,#2E7919
2024-06-04,Chelan County,JN.1.4.3,0.0,923896,0.0,#9D1010
2024-06-04,Chelan County,JN.1.7,0.0,923896,0.0,#CF15E8
2024-06-04,Chelan County,JN.1.8.1,0.0,923896,0.0,#FFB027
2024-06-04,Chelan County,KP.1.1,256.116554,923896,0.0002772136192818,#CBFF86
2024-06-04,Chelan County,KP.1.1.3,53851.50922324,923896,0.0582874146259319,#1EB3B6
2024-06-04,Chelan County,KP.1.2,0.0,923896,0.0,#D7B5A6
2024-06-04,Chelan County,KP.2,1606.0613256,923896,0.0017383572670517,#5875A1
2024-06-04,Chelan County,KP.2.15,0.0,923896,0.0,#175DFF
2024-06-04,Chelan County,KP.2.3,750866.6643875999,923896,0.8127177348831469,#628DE8
2024-06-04,Chelan County,KP.3,86061.19120015998,923896,0.0931503017657398,#B06589
2024-06-04,Chelan County,KP.3.1.1,0.0,923896,0.0,#2F92A1
2024-06-04,Chelan County,KP.4.1,0.0,923896,0.0,#FF473A
2024-06-04,Chelan County,KQ.1,0.0,923896,0.0,#E86CDE
2024-06-04,Chelan County,KV.2,0.0,923896,0.0,#E14365
2024-06-04,Chelan County,KW.1.1,0.0,923896,0.0,#34A0FF
2024-06-04,Chelan County,LB.1,0.0,923896,0.0,#795653
2024-06-04,Chelan County,Recombinant,0.0,923896,0.0,#FF0000
2024-06-04,Chelan County,XBB,0.0,923896,0.0,#9FA8DA
2024-06-04,Chelan County,XBB.1.16,0.0,923896,0.0,#4527A0
2024-06-04,Chelan County,XBB.1.16.1,0.0,923896,0.0,#F89B9B
2024-06-04,Chelan County,XBB.1.16.15,0.0,923896,0.0,#E3B5FA
2024-06-04,Chelan County,XBB.1.16.6,0.0,923896,0.0,#5AA350
2024-06-04,Chelan County,XBB.1.42.1,0.0,923896,0.0,#75D1A3
2024-06-04,Chelan County,XBB.1.5,0.0,923896,0.0,#3F51B5
2024-06-04,Chelan County,XBB.1.5.70,0.0,923896,0.0,#46783C
2024-06-04,Chelan County,XBB.1.5.72,0.0,923896,0.0,#254220
2024-06-04,Chelan County,XBB.1.9.1,0.0,923896,0.0,#304FFE
2024-06-04,Chelan County,XBB.1.9.2,0.0,923896,0.0,#536DFE
2024-06-04,Chelan County,XBB.2.3,0.0,923896,0.0,#F7BCDF
2024-06-04,Chelan County,XDP,0.0,923896,0.0,#B60052
2024-06-04,Chelan County,XDV.1,0.0,923896,0.0,#D367B6
2024-06-04,Chelan County,unreportable,11284.69175964,923896,0.0122142446332054,#eeeeee
2024-06-04,Franklin County,BA.2,0.0,737220,0.0,#9CCD67
2024-06-04,Franklin County,BA.2.12.1,0.0,737220,0.0,#7CB342
2024-06-04,Franklin County,BA.2.86,0.0,737220,0.0,#D770EE
2024-06-04,Franklin County,EG.5,0.0,737220,0.0,#FFBE7D
2024-06-04,Franklin County,EG.5.1.8,0.0,737220,0.0,#E14D6F
2024-06-04,Franklin County,EG.6.1,0.0,737220,0.0,#B9ABA8
2024-06-04,Franklin County,FE.1.1,0.0,737220,0.0,#499894
2024-06-04,Franklin County,FL.1.5.1,0.0,737220,0.0,#8CD17D
2024-06-04,Franklin County,GE.1,0.0,737220,0.0,#FABFD2
2024-06-04,Franklin County,GK.1.1,0.0,737220,0.0,#90FAE5
2024-06-04,Franklin County,HF.1,0.0,737220,0.0,#D399AD
2024-06-04,Franklin County,HK.3,0.0,737220,0.0,#859DBC
2024-06-04,Franklin County,HV.1,0.0,737220,0.0,#797765
2024-06-04,Franklin County,JD.1.1,0.0,737220,0.0,#80F192
2024-06-04,Franklin County,JF.1,0.0,737220,0.0,#FFF1A9
2024-06-04,Franklin County,JG.3,0.0,737220,0.0,#66A172
2024-06-04,Franklin County,JN.1,2516.905941,737220,0.00341405,#61018F
2024-06-04,Franklin County,JN.1.11.1,0.0,737220,0.0,#5C9CF1
2024-06-04,Franklin County,JN.1.13,0.0,737220,0.0,#E83C78
2024-06-04,Franklin County,JN.1.13.1,0.0,737220,0.0,#F2591C
2024-06-04,Franklin County,JN.1.16,0.0,737220,0.0,#BC3A88
2024-06-04,Franklin County,JN.1.16.1,74342.5696794,737220,0.10084177,#366298
2024-06-04,Franklin County,JN.1.18,0.0,737220,0.0,#4AF32F
2024-06-04,Franklin County,JN.1.32,0.0,737220,0.0,#2E7919
2024-06-04,Franklin County,JN.1.4.3,0.0,737220,0.0,#9D1010
2024-06-04,Franklin County,JN.1.7,0.0,737220,0.0,#CF15E8
2024-06-04,Franklin County,JN.1.8.1,0.0,737220,0.0,#FFB027
2024-06-04,Franklin County,KP.1.1,891.2326302000001,737220,0.00120891,#CBFF86
2024-06-04,Franklin County,KP.1.1.3,0.0,737220,0.0,#1EB3B6
2024-06-04,Franklin County,KP.1.2,0.0,737220,0.0,#D7B5A6
2024-06-04,Franklin County,KP.2,967.785555,737220,0.00131275,#5875A1
2024-06-04,Franklin County,KP.2.15,4153.644924,737220,0.0056342,#175DFF
2024-06-04,Franklin County,KP.2.3,132142.0331418,737220,0.17924369,#628DE8
2024-06-04,Franklin County,KP.3,291756.9603102,737220,0.39575291,#B06589
2024-06-04,Franklin County,KP.3.1.1,0.0,737220,0.0,#2F92A1
2024-06-04,Franklin County,KP.4.1,0.0,737220,0.0,#FF473A
2024-06-04,Franklin County,KQ.1,0.0,737220,0.0,#E86CDE
2024-06-04,Franklin County,KV.2,0.0,737220,0.0,#E14365
2024-06-04,Franklin County,KW.1.1,0.0,737220,0.0,#34A0FF
2024-06-04,Franklin County,LB.1,221368.41112320003,737220,0.30027456,#795653
2024-06-04,Franklin County,Recombinant,0.0,737220,0.0,#FF0000
2024-06-04,Franklin County,XBB,0.0,737220,0.0,#9FA8DA
2024-06-04,Franklin County,XBB.1.16,0.0,737220,0.0,#4527A0
2024-06-04,Franklin County,XBB.1.16.1,0.0,737220,0.0,#F89B9B
2024-06-04,Franklin County,XBB.1.16.15,0.0,737220,0.0,#E3B5FA
2024-06-04,Franklin County,XBB.1.16.6,0.0,737220,0.0,#5AA350
2024-06-04,Franklin County,XBB.1.42.1,0.0,737220,0.0,#75D1A3
2024-06-04,Franklin County,XBB.1.5,0.0,737220,0.0,#3F51B5
2024-06-04,Franklin County,XBB.1.5.70,0.0,737220,0.0,#46783C
2024-06-04,Franklin County,XBB.1.5.72,0.0,737220,0.0,#254220
2024-06-04,Franklin County,XBB.1.9.1,0.0,737220,0.0,#304FFE
2024-06-04,Franklin County,XBB.1.9.2,0.0,737220,0.0,#536DFE
2024-06-04,Franklin County,XBB.2.3,0.0,737220,0.0,#F7BCDF
2024-06-04,Franklin County,XDP,0.0,737220,0.0,#B60052
2024-06-04,Franklin County,XDV.1,0.0,737220,0.0,#D367B6
2024-06-04,Franklin County,unreportable,9080.449323,737220,0.01231715,#eeeeee
2024-06-04,Island County,BA.2,0.0,958987,0.0,#9CCD67
2024-06-04,Island County,BA.2.12.1,0.0,958987,0.0,#7CB342
2024-06-04,Island County,BA.2.86,0.0,958987,0.0,#D770EE
2024-06-04,Island County,EG.5,0.0,958987,0.0,#FFBE7D
2024-06-04,Island County,EG.5.1.8,0.0,958987,0.0,#E14D6F
2024-06-04,Island County,EG.6.1,0.0,958987,0.0,#B9ABA8
2024-06-04,Island County,FE.1.1,0.0,958987,0.0,#499894
2024-06-04,Island County,FL.1.5.1,0.0,958987,0.0,#8CD17D
2024-06-04,Island County,GE.1,0.0,958987,0.0,#FABFD2
2024-06-04,Island County,GK.1.1,0.0,958987,0.0,#90FAE5
2024-06-04,Island County,HF.1,0.0,958987,0.0,#D399AD
2024-06-04,Island County,HK.3,0.0,958987,0.0,#859DBC
2024-06-04,Island County,HV.1,0.0,958987,0.0,#797765
2024-06-04,Island County,JD.1.1,0.0,958987,0.0,#80F192
2024-06-04,Island County,JF.1,0.0,958987,0.0,#FFF1A9
2024-06-04,Island County,JG.3,0.0,958987,0.0,#66A172
2024-06-04,Island County,JN.1,170266.83067752002,958987,0.1775486327526025,#61018F
2024-06-04,Island County,JN.1.11.1,925.984962,958987,0.0009655865637386,#5C9CF1
2024-06-04,Island County,JN.1.13,0.0,958987,0.0,#E83C78
2024-06-04,Island County,JN.1.13.1,0.0,958987,0.0,#F2591C
2024-06-04,Island County,JN.1.16,1194.11709627,958987,0.0012451859058256,#BC3A88
2024-06-04,Island County,JN.1.16.1,184458.80512658,958987,0.192347555416893,#366298
2024-06-04,Island County,JN.1.18,80791.17273504,958987,0.0842463690696954,#4AF32F
2024-06-04,Island County,JN.1.32,0.0,958987,0.0,#2E7919
2024-06-04,Island County,JN.1.4.3,0.0,958987,0.0,#9D1010
2024-06-04,Island County,JN.1.7,0.0,958987,0.0,#CF15E8
2024-06-04,Island County,JN.1.8.1,0.0,958987,0.0,#FFB027
2024-06-04,Island County,KP.1.1,0.0,958987,0.0,#CBFF86
2024-06-04,Island County,KP.1.1.3,0.0,958987,0.0,#1EB3B6
2024-06-04,Island County,KP.1.2,742.60242756,958987,0.00077436130788,#D7B5A6
2024-06-04,Island County,KP.2,221755.52308965,958987,0.2312393422326371,#5875A1
2024-06-04,Island County,KP.2.15,0.0,958987,0.0,#175DFF
2024-06-04,Island County,KP.2.3,92668.65434449998,958987,0.0966318149719443,#628DE8
2024-06-04,Island County,KP.3,197188.83438429,958987,0.2056220098753059,#B06589
2024-06-04,Island County,KP.3.1.1,444.20274554,958987,0.0004631999657346,#2F92A1
2024-06-04,Island County,KP.4.1,377.6234355,958987,0.0003937732581359,#FF473A
2024-06-04,Island County,KQ.1,0.0,958987,0.0,#E86CDE
2024-06-04,Island County,KV.2,0.0,958987,0.0,#E14365
2024-06-04,Island County,KW.1.1,0.0,958987,0.0,#34A0FF
2024-06-04,Island County,LB.1,0.0,958987,0.0,#795653
2024-06-04,Island County,Recombinant,0.0,958987,0.0,#FF0000
2024-06-04,Island County,XBB,0.0,958987,0.0,#9FA8DA
2024-06-04,Island County,XBB.1.16,0.0,958987,0.0,#4527A0
2024-06-04,Island County,XBB.1.16.1,0.0,958987,0.0,#F89B9B
2024-06-04,Island County,XBB.1.16.15,0.0,958987,0.0,#E3B5FA
2024-06-04,Island County,XBB.1.16.6,0.0,958987,0.0,#5AA350
2024-06-04,Island County,XBB.1.42.1,0.0,958987,0.0,#75D1A3
2024-06-04,Island County,XBB.1.5,0.0,958987,0.0,#3F51B5
2024-06-04,Island County,XBB.1.5.70,0.0,958987,0.0,#46783C
2024-06-04,Island County,XBB.1.5.72,0.0,958987,0.0,#254220
2024-06-04,Island County,XBB.1.9.1,0.0,958987,0.0,#304FFE
2024-06-04,Island County,XBB.1.9.2,0.0,958987,0.0,#536DFE
2024-06-04,Island County,XBB.2.3,0.0,958987,0.0,#F7BCDF
2024-06-04,Island County,XDP,0.0,958987,0.0,#B60052
2024-06-04,Island County,XDV.1,0.0,958987,0.0,#D367B6
2024-06-04,Island County,unreportable,8172.651729059999,958987,0.008522171550876,#eeeeee
2024-06-04,Jefferson County,BA.2,0.0,162770,0.0,#9CCD67
2024-06-04,Jefferson County,BA.2.12.1,0.0,162770,0.0,#7CB342
2024-06-04,Jefferson County,BA.2.86,0.0,162770,0.0,#D770EE
2024-06-04,Jefferson County,EG.5,0.0,162770,0.0,#FFBE7D
2024-06-04,Jefferson County,EG.5.1.8,0.0,162770,0.0,#E14D6F
2024-06-04,Jefferson County,EG.6.1,0.0,162770,0.0,#B9ABA8
2024-06-04,Jefferson County,FE.1.1,0.0,162770,0.0,#499894
2024-06-04,Jefferson County,FL.1.5.1,0.0,162770,0.0,#8CD17D
2024-06-04,Jefferson County,GE.1,0.0,162770,0.0,#FABFD2
2024-06-04,Jefferson County,GK.1.1,0.0,162770,0.0,#90FAE5
2024-06-04,Jefferson County,HF.1,0.0,162770,0.0,#D399AD
2024-06-04,Jefferson County,HK.3,0.0,162770,0.0,#859DBC
2024-06-04,Jefferson County,HV.1,0.0,162770,0.0,#797765
2024-06-04,Jefferson County,JD.1.1,0.0,162770,0.0,#80F192
2024-06-04,Jefferson County,JF.1,0.0,162770,0.0,#FFF1A9
2024-06-04,Jefferson County,JG.3,0.0,162770,0.0,#66A172
2024-06-04,Jefferson County,JN.1,5010.5082175,162770,0.0307827499999999,#61018F
2024-06-04,Jefferson County,JN.1.11.1,66042.3535141,162770,0.40574033,#5C9CF1
2024-06-04,Jefferson County,JN.1.13,0.0,162770,0.0,#E83C78
2024-06-04,Jefferson County,JN.1.13.1,0.0,162770,0.0,#F2591C
2024-06-04,Jefferson County,JN.1.16,0.0,162770,0.0,#BC3A88
2024-06-04,Jefferson County,JN.1.16.1,155.7513576,162770,0.00095688,#366298
2024-06-04,Jefferson County,JN.1.18,213.4500672,162770,0.00131136,#4AF32F
2024-06-04,Jefferson County,JN.1.32,0.0,162770,0.0,#2E7919
2024-06-04,Jefferson County,JN.1.4.3,0.0,162770,0.0,#9D1010
2024-06-04,Jefferson County,JN.1.7,353.634102,162770,0.0021726,#CF15E8
2024-06-04,Jefferson County,JN.1.8.1,0.0,162770,0.0,#FFB027
2024-06-04,Jefferson County,KP.1.1,2498.1435013,162770,0.01534769,#CBFF86
2024-06-04,Jefferson County,KP.1.1.3,5279.1828903,162770,0.03243339,#1EB3B6
2024-06-04,Jefferson County,KP.1.2,54756.3016607,162770,0.33640291,#D7B5A6
2024-06-04,Jefferson County,KP.2,21057.0372914,162770,0.12936682,#5875A1
2024-06-04,Jefferson County,KP.2.15,3830.7154481,162770,0.02353453,#175DFF
2024-06-04,Jefferson County,KP.2.3,0.0,162770,0.0,#628DE8
2024-06-04,Jefferson County,KP.3,0.0,162770,0.0,#B06589
2024-06-04,Jefferson County,KP.3.1.1,0.0,162770,0.0,#2F92A1
2024-06-04,Jefferson County,KP.4.1,0.0,162770,0.0,#FF473A
2024-06-04,Jefferson County,KQ.1,0.0,162770,0.0,#E86CDE
2024-06-04,Jefferson County,KV.2,0.0,162770,0.0,#E14365
2024-06-04,Jefferson County,KW.1.1,0.0,162770,0.0,#34A0FF
2024-06-04,Jefferson County,LB.1,0.0,162770,0.0,#795653
2024-06-04,Jefferson County,Recombinant,0.0,162770,0.0,#FF0000
2024-06-04,Jefferson County,XBB,0.0,162770,0.0,#9FA8DA
2024-06-04,Jefferson County,XBB.1.16,0.0,162770,0.0,#4527A0
2024-06-04,Jefferson County,XBB.1.16.1,0.0,162770,0.0,#F89B9B
2024-06-04,Jefferson County,XBB.1.16.15,0.0,162770,0.0,#E3B5FA
2024-06-04,Jefferson County,XBB.1.16.6,0.0,162770,0.0,#5AA350
2024-06-04,Jefferson County,XBB.1.42.1,0.0,162770,0.0,#75D1A3
2024-06-04,Jefferson County,XBB.1.5,0.0,162770,0.0,#3F51B5
2024-06-04,Jefferson County,XBB.1.5.70,0.0,162770,0.0,#46783C
2024-06-04,Jefferson County,XBB.1.5.72,0.0,162770,0.0,#254220
2024-06-04,Jefferson County,XBB.1.9.1,0.0,162770,0.0,#304FFE
2024-06-04,Jefferson County,XBB.1.9.2,0.0,162770,0.0,#536DFE
2024-06-04,Jefferson County,XBB.2.3,0.0,162770,0.0,#F7BCDF
2024-06-04,Jefferson County,XDP,0.0,162770,0.0,#B60052
2024-06-04,Jefferson County,XDV.1,0.0,162770,0.0,#D367B6
2024-06-04,Jefferson County,unreportable,3572.9219498,162770,0.02195074,#eeeeee
2024-06-04,Kittitas County,BA.2,0.0,719262,0.0,#9CCD67
2024-06-04,Kittitas County,BA.2.12.1,0.0,719262,0.0,#7CB342
2024-06-04,Kittitas County,BA.2.86,0.0,719262,0.0,#D770EE
2024-06-04,Kittitas County,EG.5,0.0,719262,0.0,#FFBE7D
2024-06-04,Kittitas County,EG.5.1.8,0.0,719262,0.0,#E14D6F
2024-06-04,Kittitas County,EG.6.1,0.0,719262,0.0,#B9ABA8
2024-06-04,Kittitas County,FE.1.1,0.0,719262,0.0,#499894
2024-06-04,Kittitas County,FL.1.5.1,0.0,719262,0.0,#8CD17D
2024-06-04,Kittitas County,GE.1,0.0,719262,0.0,#FABFD2
2024-06-04,Kittitas County,GK.1.1,0.0,719262,0.0,#90FAE5
2024-06-04,Kittitas County,HF.1,0.0,719262,0.0,#D399AD
2024-06-04,Kittitas County,HK.3,0.0,719262,0.0,#859DBC
2024-06-04,Kittitas County,HV.1,0.0,719262,0.0,#797765
2024-06-04,Kittitas County,JD.1.1,0.0,719262,0.0,#80F192
2024-06-04,Kittitas County,JF.1,0.0,719262,0.0,#FFF1A9
2024-06-04,Kittitas County,JG.3,0.0,719262,0.0,#66A172
2024-06-04,Kittitas County,JN.1,112076.41899942,719262,0.15582141,#61018F
2024-06-04,Kittitas County,JN.1.11.1,152918.79820668,719262,0.21260514,#5C9CF1
2024-06-04,Kittitas County,JN.1.13,0.0,719262,0.0,#E83C78
2024-06-04,Kittitas County,JN.1.13.1,0.0,719262,0.0,#F2591C
2024-06-04,Kittitas County,JN.1.16,0.0,719262,0.0,#BC3A88
2024-06-04,Kittitas County,JN.1.16.1,0.0,719262,0.0,#366298
2024-06-04,Kittitas County,JN.1.18,0.0,719262,0.0,#4AF32F
2024-06-04,Kittitas County,JN.1.32,0.0,719262,0.0,#2E7919
2024-06-04,Kittitas County,JN.1.4.3,0.0,719262,0.0,#9D1010
2024-06-04,Kittitas County,JN.1.7,0.0,719262,0.0,#CF15E8
2024-06-04,Kittitas County,JN.1.8.1,0.0,719262,0.0,#FFB027
2024-06-04,Kittitas County,KP.1.1,2142.33625224,719262,0.00297852,#CBFF86
2024-06-04,Kittitas County,KP.1.1.3,0.0,719262,0.0,#1EB3B6
2024-06-04,Kittitas County,KP.1.2,0.0,719262,0.0,#D7B5A6
2024-06-04,Kittitas County,KP.2,8934.95307618,719262,0.01242239,#5875A1
2024-06-04,Kittitas County,KP.2.15,4914.88267626,719262,0.00683323,#175DFF
2024-06-04,Kittitas County,KP.2.3,0.0,719262,0.0,#628DE8
2024-06-04,Kittitas County,KP.3,147044.32651836,719262,0.20443778,#B06589
2024-06-04,Kittitas County,KP.3.1.1,0.0,719262,0.0,#2F92A1
2024-06-04,Kittitas County,KP.4.1,0.0,719262,0.0,#FF473A
2024-06-04,Kittitas County,KQ.1,0.0,719262,0.0,#E86CDE
2024-06-04,Kittitas County,KV.2,0.0,719262,0.0,#E14365
2024-06-04,Kittitas County,KW.1.1,0.0,719262,0.0,#34A0FF
2024-06-04,Kittitas County,LB.1,284717.345283,719262,0.3958465,#795653
2024-06-04,Kittitas County,Recombinant,0.0,719262,0.0,#FF0000
2024-06-04,Kittitas County,XBB,0.0,719262,0.0,#9FA8DA
2024-06-04,Kittitas County,XBB.1.16,0.0,719262,0.0,#4527A0
2024-06-04,Kittitas County,XBB.1.16.1,0.0,719262,0.0,#F89B9B
2024-06-04,Kittitas County,XBB.1.16.15,0.0,719262,0.0,#E3B5FA
2024-06-04,Kittitas County,XBB.1.16.6,0.0,719262,0.0,#5AA350
2024-06-04,Kittitas County,XBB.1.42.1,0.0,719262,0.0,#75D1A3
2024-06-04,Kittitas County,XBB.1.5,0.0,719262,0.0,#3F51B5
2024-06-04,Kittitas County,XBB.1.5.70,0.0,719262,0.0,#46783C
2024-06-04,Kittitas County,XBB.1.5.72,0.0,719262,0.0,#254220
2024-06-04,Kittitas County,XBB.1.9.1,0.0,719262,0.0,#304FFE
2024-06-04,Kittitas County,XBB.1.9.2,0.0,719262,0.0,#536DFE
2024-06-04,Kittitas County,XBB.2.3,0.0,719262,0.0,#F7BCDF
2024-06-04,Kittitas County,XDP,0.0,719262,0.0,#B60052
2024-06-04,Kittitas County,XDV.1,0.0,719262,0.0,#D367B6
2024-06-04,Kittitas County,unreportable,6512.931795240001,719262,0.00905502,#eeeeee
2024-06-04,Okanogan County,BA.2,0.0,951940,0.0,#9CCD67
2024-06-04,Okanogan County,BA.2.12.1,0.0,951940,0.0,#7CB342
2024-06-04,Okanogan County,BA.2.86,0.0,951940,0.0,#D770EE
2024-06-04,Okanogan County,EG.5,0.0,951940,0.0,#FFBE7D
2024-06-04,Okanogan County,EG.5.1.8,0.0,951940,0.0,#E14D6F
2024-06-04,Okanogan County,EG.6.1,0.0,951940,0.0,#B9ABA8
2024-06-04,Okanogan County,FE.1.1,0.0,951940,0.0,#499894
2024-06-04,Okanogan County,FL.1.5.1,0.0,951940,0.0,#8CD17D
2024-06-04,Okanogan County,GE.1,0.0,951940,0.0,#FABFD2
2024-06-04,Okanogan County,GK.1.1,0.0,951940,0.0,#90FAE5
2024-06-04,Okanogan County,HF.1,0.0,951940,0.0,#D399AD
2024-06-04,Okanogan County,HK.3,0.0,951940,0.0,#859DBC
2024-06-04,Okanogan County,HV.1,0.0,951940,0.0,#797765
2024-06-04,Okanogan County,JD.1.1,0.0,951940,0.0,#80F192
2024-06-04,Okanogan County,JF.1,0.0,951940,0.0,#FFF1A9
2024-06-04,Okanogan County,JG.3,0.0,951940,0.0,#66A172
2024-06-04,Okanogan County,JN.1,15303.3166962,951940,0.0160759256846019,#61018F
2024-06-04,Okanogan County,JN.1.11.1,0.0,951940,0.0,#5C9CF1
2024-06-04,Okanogan County,JN.1.13,0.0,951940,0.0,#E83C78
2024-06-04,Okanogan County,JN.1.13.1,0.0,951940,0.0,#F2591C
2024-06-04,Okanogan County,JN.1.16,0.0,951940,0.0,#BC3A88
2024-06-04,Okanogan County,JN.1.16.1,102841.8561846,951940,0.1080339687213479,#366298
2024-06-04,Okanogan County,JN.1.18,1911.6968364,951940,0.0020082114801353,#4AF32F
2024-06-04,Okanogan County,JN.1.32,0.0,951940,0.0,#2E7919
2024-06-04,Okanogan County,JN.1.4.3,0.0,951940,0.0,#9D1010
2024-06-04,Okanogan County,JN.1.7,0.0,951940,0.0,#CF15E8
2024-06-04,Okanogan County,JN.1.8.1,0.0,951940,0.0,#FFB027
2024-06-04,Okanogan County,KP.1.1,156946.9849974,951940,0.164870669367187,#CBFF86
2024-06-04,Okanogan County,KP.1.1.3,7389.782337500001,951940,0.0077628656611761,#1EB3B6
2024-06-04,Okanogan County,KP.1.2,0.0,951940,0.0,#D7B5A6
2024-06-04,Okanogan County,KP.2,207015.8712453,951940,0.2174673521916297,#5875A1
2024-06-04,Okanogan County,KP.2.15,2230.5665772,951940,0.0023431797983066,#175DFF
2024-06-04,Okanogan County,KP.2.3,0.0,951940,0.0,#628DE8
2024-06-04,Okanogan County,KP.3,95464.2773333,951940,0.1002839226561548,#B06589
2024-06-04,Okanogan County,KP.3.1.1,0.0,951940,0.0,#2F92A1
2024-06-04,Okanogan County,KP.4.1,0.0,951940,0.0,#FF473A
2024-06-04,Okanogan County,KQ.1,0.0,951940,0.0,#E86CDE
2024-06-04,Okanogan County,KV.2,0.0,951940,0.0,#E14365
2024-06-04,Okanogan County,KW.1.1,0.0,951940,0.0,#34A0FF
2024-06-04,Okanogan County,LB.1,347528.3907069,951940,0.365073839429901,#795653
2024-06-04,Okanogan County,Recombinant,0.0,951940,0.0,#FF0000
2024-06-04,Okanogan County,XBB,0.0,951940,0.0,#9FA8DA
2024-06-04,Okanogan County,XBB.1.16,0.0,951940,0.0,#4527A0
2024-06-04,Okanogan County,XBB.1.16.1,0.0,951940,0.0,#F89B9B
2024-06-04,Okanogan County,XBB.1.16.15,0.0,951940,0.0,#E3B5FA
2024-06-04,Okanogan County,XBB.1.16.6,0.0,951940,0.0,#5AA350
2024-06-04,Okanogan County,XBB.1.42.1,0.0,951940,0.0,#75D1A3
2024-06-04,Okanogan County,XBB.1.5,0.0,951940,0.0,#3F51B5
2024-06-04,Okanogan County,XBB.1.5.70,0.0,951940,0.0,#46783C
2024-06-04,Okanogan County,XBB.1.5.72,0.0,951940,0.0,#254220
2024-06-04,Okanogan County,XBB.1.9.1,0.0,951940,0.0,#304FFE
2024-06-04,Okanogan County,XBB.1.9.2,0.0,951940,0.0,#536DFE
2024-06-04,Okanogan County,XBB.2.3,0.0,951940,0.0,#F7BCDF
2024-06-04,Okanogan County,XDP,0.0,951940,0.0,#B60052
2024-06-04,Okanogan County,XDV.1,0.0,951940,0.0,#D367B6
2024-06-04,Okanogan County,unreportable,15307.257085200004,951940,0.0160800650095594,#eeeeee
2024-06-04,Pierce County,BA.2,0.0,69239,0.0,#9CCD67
2024-06-04,Pierce County,BA.2.12.1,0.0,69239,0.0,#7CB342
2024-06-04,Pierce County,BA.2.86,0.0,69239,0.0,#D770EE
2024-06-04,Pierce County,EG.5,0.0,69239,0.0,#FFBE7D
2024-06-04,Pierce County,EG.5.1.8,0.0,69239,0.0,#E14D6F
2024-06-04,Pierce County,EG.6.1,0.0,69239,0.0,#B9ABA8
2024-06-04,Pierce County,FE.1.1,0.0,69239,0.0,#499894
2024-06-04,Pierce County,FL.1.5.1,0.0,69239,0.0,#8CD17D
2024-06-04,Pierce County,GE.1,0.0,69239,0.0,#FABFD2
2024-06-04,Pierce County,GK.1.1,0.0,69239,0.0,#90FAE5
2024-06-04,Pierce County,HF.1,0.0,69239,0.0,#D399AD
2024-06-04,Pierce County,HK.3,0.0,69239,0.0,#859DBC
2024-06-04,Pierce County,HV.1,0.0,69239,0.0,#797765
2024-06-04,Pierce County,JD.1.1,0.0,69239,0.0,#80F192
2024-06-04,Pierce County,JF.1,0.0,69239,0.0,#FFF1A9
2024-06-04,Pierce County,JG.3,0.0,69239,0.0,#66A172
2024-06-04,Pierce County,JN.1,0.0,69239,0.0,#61018F
2024-06-04,Pierce County,JN.1.11.1,0.0,69239,0.0,#5C9CF1
2024-06-04,Pierce County,JN.1.13,0.0,69239,0.0,#E83C78
2024-06-04,Pierce County,JN.1.13.1,0.0,69239,0.0,#F2591C
2024-06-04,Pierce County,JN.1.16,0.0,69239,0.0,#BC3A88
2024-06-04,Pierce County,JN.1.16.1,0.0,69239,0.0,#366298
2024-06-04,Pierce County,JN.1.18,0.0,69239,0.0,#4AF32F
2024-06-04,Pierce County,JN.1.32,0.0,69239,0.0,#2E7919
2024-06-04,Pierce County,JN.1.4.3,0.0,69239,0.0,#9D1010
2024-06-04,Pierce County,JN.1.7,0.0,69239,0.0,#CF15E8
2024-06-04,Pierce County,JN.1.8.1,0.0,69239,0.0,#FFB027
2024-06-04,Pierce County,KP.1.1,171.01409849,69239,0.00246991,#CBFF86
2024-06-04,Pierce County,KP.1.1.3,82.03713676,69239,0.00118484,#1EB3B6
2024-06-04,Pierce County,KP.1.2,2092.59298725,69239,0.03022275,#D7B5A6
2024-06-04,Pierce County,KP.2,4140.79823638,69239,0.05980442,#5875A1
2024-06-04,Pierce County,KP.2.15,0.0,69239,0.0,#175DFF
2024-06-04,Pierce County,KP.2.3,0.0,69239,0.0,#628DE8
2024-06-04,Pierce County,KP.3,43321.86741488,69239,0.62568592,#B06589
2024-06-04,Pierce County,KP.3.1.1,0.0,69239,0.0,#2F92A1
2024-06-04,Pierce County,KP.4.1,71.08629652,69239,0.00102668,#FF473A
2024-06-04,Pierce County,KQ.1,0.0,69239,0.0,#E86CDE
2024-06-04,Pierce County,KV.2,0.0,69239,0.0,#E14365
2024-06-04,Pierce County,KW.1.1,0.0,69239,0.0,#34A0FF
2024-06-04,Pierce County,LB.1,0.0,69239,0.0,#795653
2024-06-04,Pierce County,Recombinant,19043.83590827,69239,0.27504493,#FF0000
2024-06-04,Pierce County,XBB,0.0,69239,0.0,#9FA8DA
2024-06-04,Pierce County,XBB.1.16,0.0,69239,0.0,#4527A0
2024-06-04,Pierce County,XBB.1.16.1,0.0,69239,0.0,#F89B9B
2024-06-04,Pierce County,XBB.1.16.15,0.0,69239,0.0,#E3B5FA
2024-06-04,Pierce County,XBB.1.16.6,0.0,69239,0.0,#5AA350
2024-06-04,Pierce County,XBB.1.42.1,0.0,69239,0.0,#75D1A3
2024-06-04,Pierce County,XBB.1.5,0.0,69239,0.0,#3F51B5
2024-06-04,Pierce County,XBB.1.5.70,0.0,69239,0.0,#46783C
2024-06-04,Pierce County,XBB.1.5.72,0.0,69239,0.0,#254220
2024-06-04,Pierce County,XBB.1.9.1,0.0,69239,0.0,#304FFE
2024-06-04,Pierce County,XBB.1.9.2,0.0,69239,0.0,#536DFE
2024-06-04,Pierce County,XBB.2.3,0.0,69239,0.0,#F7BCDF
2024-06-04,Pierce County,XDP,0.0,69239,0.0,#B60052
2024-06-04,Pierce County,XDV.1,0.0,69239,0.0,#D367B6
2024-06-04,Pierce County,unreportable,315.76722906000003,69239,0.00456054,#eeeeee
2024-06-04,Thurston County,BA.2,0.0,98160,0.0,#9CCD67
2024-06-04,Thurston County,BA.2.12.1,0.0,98160,0.0,#7CB342
2024-06-04,Thurston County,BA.2.86,0.0,98160,0.0,#D770EE
2024-06-04,Thurston County,EG.5,0.0,98160,0.0,#FFBE7D
2024-06-04,Thurston County,EG.5.1.8,0.0,98160,0.0,#E14D6F
2024-06-04,Thurston County,EG.6.1,0.0,98160,0.0,#B9ABA8
2024-06-04,Thurston County,FE.1.1,0.0,98160,0.0,#499894
2024-06-04,Thurston County,FL.1.5.1,0.0,98160,0.0,#8CD17D
2024-06-04,Thurston County,GE.1,0.0,98160,0.0,#FABFD2
2024-06-04,Thurston County,GK.1.1,0.0,98160,0.0,#90FAE5
2024-06-04,Thurston County,HF.1,0.0,98160,0.0,#D399AD
2024-06-04,Thurston County,HK.3,0.0,98160,0.0,#859DBC
2024-06-04,Thurston County,HV.1,0.0,98160,0.0,#797765
2024-06-04,Thurston County,JD.1.1,0.0,98160,0.0,#80F192
2024-06-04,Thurston County,JF.1,0.0,98160,0.0,#FFF1A9
2024-06-04,Thurston County,JG.3,0.0,98160,0.0,#66A172
2024-06-04,Thurston County,JN.1,374.6855544,98160,0.00381709,#61018F
2024-06-04,Thurston County,JN.1.11.1,0.0,98160,0.0,#5C9CF1
2024-06-04,Thurston County,JN.1.13,0.0,98160,0.0,#E83C78
2024-06-04,Thurston County,JN.1.13.1,0.0,98160,0.0,#F2591C
2024-06-04,Thurston County,JN.1.16,0.0,98160,0.0,#BC3A88
2024-06-04,Thurston County,JN.1.16.1,185.4723384,98160,0.0018894899999999,#366298
2024-06-04,Thurston County,JN.1.18,127.0347456,98160,0.00129416,#4AF32F
2024-06-04,Thurston County,JN.1.32,0.0,98160,0.0,#2E7919
2024-06-04,Thurston County,JN.1.4.3,0.0,98160,0.0,#9D1010
2024-06-04,Thurston County,JN.1.7,0.0,98160,0.0,#CF15E8
2024-06-04,Thurston County,JN.1.8.1,0.0,98160,0.0,#FFB027
2024-06-04,Thurston County,KP.1.1,0.0,98160,0.0,#CBFF86
2024-06-04,Thurston County,KP.1.1.3,0.0,98160,0.0,#1EB3B6
2024-06-04,Thurston County,KP.1.2,202.6179456,98160,0.00206416,#D7B5A6
2024-06-04,Thurston County,KP.2,0.0,98160,0.0,#5875A1
2024-06-04,Thurston County,KP.2.15,0.0,98160,0.0,#175DFF
2024-06-04,Thurston County,KP.2.3,0.0,98160,0.0,#628DE8
2024-06-04,Thurston County,KP.3,53631.4720824,98160,0.54636789,#B06589
2024-06-04,Thurston County,KP.3.1.1,0.0,98160,0.0,#2F92A1
2024-06-04,Thurston County,KP.4.1,0.0,98160,0.0,#FF473A
2024-06-04,Thurston County,KQ.1,0.0,98160,0.0,#E86CDE
2024-06-04,Thurston County,KV.2,0.0,98160,0.0,#E14365
2024-06-04,Thurston County,KW.1.1,0.0,98160,0.0,#34A0FF
2024-06-04,Thurston County,LB.1,42235.9137552,98160,0.4302762199999999,#795653
2024-06-04,Thurston County,Recombinant,0.0,98160,0.0,#FF0000
2024-06-04,Thurston County,XBB,0.0,98160,0.0,#9FA8DA
2024-06-04,Thurston County,XBB.1.16,0.0,98160,0.0,#4527A0
2024-06-04,Thurston County,XBB.1.16.1,0.0,98160,0.0,#F89B9B
2024-06-04,Thurston County,XBB.1.16.15,0.0,98160,0.0,#E3B5FA
2024-06-04,Thurston County,XBB.1.16.6,0.0,98160,0.0,#5AA350
2024-06-04,Thurston County,XBB.1.42.1,0.0,98160,0.0,#75D1A3
2024-06-04,Thurston County,XBB.1.5,0.0,98160,0.0,#3F51B5
2024-06-04,Thurston County,XBB.1.5.70,0.0,98160,0.0,#46783C
2024-06-04,Thurston County,XBB.1.5.72,0.0,98160,0.0,#254220
2024-06-04,Thurston County,XBB.1.9.1,0.0,98160,0.0,#304FFE
2024-06-04,Thurston County,XBB.1.9.2,0.0,98160,0.0,#536DFE
2024-06-04,Thurston County,XBB.2.3,0.0,98160,0.0,#F7BCDF
2024-06-04,Thurston County,XDP,0.0,98160,0.0,#B60052
2024-06-04,Thurston County,XDV.1,0.0,98160,0.0,#D367B6
2024-06-04,Thurston County,unreportable,1402.8035784,98160,0.01429099,#eeeeee
2024-06-04,Walla Walla County,BA.2,0.0,551552,0.0,#9CCD67
2024-06-04,Walla Walla County,BA.2.12.1,0.0,551552,0.0,#7CB342
2024-06-04,Walla Walla County,BA.2.86,0.0,551552,0.0,#D770EE
2024-06-04,Walla Walla County,EG.5,0.0,551552,0.0,#FFBE7D
2024-06-04,Walla Walla County,EG.5.1.8,0.0,551552,0.0,#E14D6F
2024-06-04,Walla Walla County,EG.6.1,0.0,551552,0.0,#B9ABA8
2024-06-04,Walla Walla County,FE.1.1,0.0,551552,0.0,#499894
2024-06-04,Walla Walla County,FL.1.5.1,0.0,551552,0.0,#8CD17D
2024-06-04,Walla Walla County,GE.1,0.0,551552,0.0,#FABFD2
2024-06-04,Walla Walla County,GK.1.1,0.0,551552,0.0,#90FAE5
2024-06-04,Walla Walla County,HF.1,0.0,551552,0.0,#D399AD
2024-06-04,Walla Walla County,HK.3,0.0,551552,0.0,#859DBC
2024-06-04,Walla Walla County,HV.1,0.0,551552,0.0,#797765
2024-06-04,Walla Walla County,JD.1.1,0.0,551552,0.0,#80F192
2024-06-04,Walla Walla County,JF.1,0.0,551552,0.0,#FFF1A9
2024-06-04,Walla Walla County,JG.3,0.0,551552,0.0,#66A172
2024-06-04,Walla Walla County,JN.1,18734.82601344,551552,0.03396747,#61018F
2024-06-04,Walla Walla County,JN.1.11.1,332634.57458816,551552,0.60308833,#5C9CF1
2024-06-04,Walla Walla County,JN.1.13,0.0,551552,0.0,#E83C78
2024-06-04,Walla Walla County,JN.1.13.1,0.0,551552,0.0,#F2591C
2024-06-04,Walla Walla County,JN.1.16,0.0,551552,0.0,#BC3A88
2024-06-04,Walla Walla County,JN.1.16.1,75229.11153663999,551552,0.13639532,#366298
2024-06-04,Walla Walla County,JN.1.18,458.8416243200001,551552,0.00083191,#4AF32F
2024-06-04,Walla Walla County,JN.1.32,0.0,551552,0.0,#2E7919
2024-06-04,Walla Walla County,JN.1.4.3,0.0,551552,0.0,#9D1010
2024-06-04,Walla Walla County,JN.1.7,0.0,551552,0.0,#CF15E8
2024-06-04,Walla Walla County,JN.1.8.1,0.0,551552,0.0,#FFB027
2024-06-04,Walla Walla County,KP.1.1,1002.86493952,551552,0.00181826,#CBFF86
2024-06-04,Walla Walla County,KP.1.1.3,2386.36694528,551552,0.00432664,#1EB3B6
2024-06-04,Walla Walla County,KP.1.2,0.0,551552,0.0,#D7B5A6
2024-06-04,Walla Walla County,KP.2,2524.33216256,551552,0.00457678,#5875A1
2024-06-04,Walla Walla County,KP.2.15,0.0,551552,0.0,#175DFF
2024-06-04,Walla Walla County,KP.2.3,0.0,551552,0.0,#628DE8
2024-06-04,Walla Walla County,KP.3,1507.38610048,551552,0.00273299,#B06589
2024-06-04,Walla Walla County,KP.3.1.1,0.0,551552,0.0,#2F92A1
2024-06-04,Walla Walla County,KP.4.1,0.0,551552,0.0,#FF473A
2024-06-04,Walla Walla County,KQ.1,0.0,551552,0.0,#E86CDE
2024-06-04,Walla Walla County,KV.2,0.0,551552,0.0,#E14365
2024-06-04,Walla Walla County,KW.1.1,0.0,551552,0.0,#34A0FF
2024-06-04,Walla Walla County,LB.1,112273.35702144,551552,0.20355897,#795653
2024-06-04,Walla Walla County,Recombinant,0.0,551552,0.0,#FF0000
2024-06-04,Walla Walla County,XBB,0.0,551552,0.0,#9FA8DA
2024-06-04,Walla Walla County,XBB.1.16,0.0,551552,0.0,#4527A0
2024-06-04,Walla Walla County,XBB.1.16.1,0.0,551552,0.0,#F89B9B
2024-06-04,Walla Walla County,XBB.1.16.15,0.0,551552,0.0,#E3B5FA
2024-06-04,Walla Walla County,XBB.1.16.6,0.0,551552,0.0,#5AA350
2024-06-04,Walla Walla County,XBB.1.42.1,0.0,551552,0.0,#75D1A3
2024-06-04,Walla Walla County,XBB.1.5,0.0,551552,0.0,#3F51B5
2024-06-04,Walla Walla County,XBB.1.5.70,0.0,551552,0.0,#46783C
2024-06-04,Walla Walla County,XBB.1.5.72,0.0,551552,0.0,#254220
2024-06-04,Walla Walla County,XBB.1.9.1,0.0,551552,0.0,#304FFE
2024-06-04,Walla Walla County,XBB.1.9.2,0.0,551552,0.0,#536DFE
2024-06-04,Walla Walla County,XBB.2.3,0.0,551552,0.0,#F7BCDF
2024-06-04,Walla Walla County,XDP,0.0,551552,0.0,#B60052
2024-06-04,Walla Walla County,XDV.1,0.0,551552,0.0,#D367B6
2024-06-04,Walla Walla County,unreportable,4800.333552640001,551552,0.00870332,#eeeeee
2024-06-04,Whitman County,BA.2,0.0,245487,0.0,#9CCD67
2024-06-04,Whitman County,BA.2.12.1,0.0,245487,0.0,#7CB342
2024-06-04,Whitman County,BA.2.86,0.0,245487,0.0,#D770EE
2024-06-04,Whitman County,EG.5,0.0,245487,0.0,#FFBE7D
2024-06-04,Whitman County,EG.5.1.8,0.0,245487,0.0,#E14D6F
2024-06-04,Whitman County,EG.6.1,0.0,245487,0.0,#B9ABA8
2024-06-04,Whitman County,FE.1.1,0.0,245487,0.0,#499894
2024-06-04,Whitman County,FL.1.5.1,0.0,245487,0.0,#8CD17D
2024-06-04,Whitman County,GE.1,0.0,245487,0.0,#FABFD2
2024-06-04,Whitman County,GK.1.1,0.0,245487,0.0,#90FAE5
2024-06-04,Whitman County,HF.1,0.0,245487,0.0,#D399AD
2024-06-04,Whitman County,HK.3,0.0,245487,0.0,#859DBC
2024-06-04,Whitman County,HV.1,0.0,245487,0.0,#797765
2024-06-04,Whitman County,JD.1.1,0.0,245487,0.0,#80F192
2024-06-04,Whitman County,JF.1,0.0,245487,0.0,#FFF1A9
2024-06-04,Whitman County,JG.3,0.0,245487,0.0,#66A172
2024-06-04,Whitman County,JN.1,43888.64701452,245487,0.17878196,#61018F
2024-06-04,Whitman County,JN.1.11.1,19055.34166107,245487,0.0776226099999999,#5C9CF1
2024-06-04,Whitman County,JN.1.13,0.0,245487,0.0,#E83C78
2024-06-04,Whitman County,JN.1.13.1,3553.0315458,245487,0.0144734,#F2591C
2024-06-04,Whitman County,JN.1.16,443.73739146,245487,0.00180758,#BC3A88
2024-06-04,Whitman County,JN.1.16.1,853.60494153,245487,0.00347719,#366298
2024-06-04,Whitman County,JN.1.18,0.0,245487,0.0,#4AF32F
2024-06-04,Whitman County,JN.1.32,9731.69139393,245487,0.03964239,#2E7919
2024-06-04,Whitman County,JN.1.4.3,0.0,245487,0.0,#9D1010
2024-06-04,Whitman County,JN.1.7,57877.73598387,245487,0.23576701,#CF15E8
2024-06-04,Whitman County,JN.1.8.1,402.60358974,245487,0.00164002,#FFB027
2024-06-04,Whitman County,KP.1.1,343.12454451,245487,0.00139773,#CBFF86
2024-06-04,Whitman County,KP.1.1.3,0.0,245487,0.0,#1EB3B6
2024-06-04,Whitman County,KP.1.2,0.0,245487,0.0,#D7B5A6
2024-06-04,Whitman County,KP.2,0.0,245487,0.0,#5875A1
2024-06-04,Whitman County,KP.2.15,0.0,245487,0.0,#175DFF
2024-06-04,Whitman County,KP.2.3,75476.90767782001,245487,0.30745786,#628DE8
2024-06-04,Whitman County,KP.3,0.0,245487,0.0,#B06589
2024-06-04,Whitman County,KP.3.1.1,0.0,245487,0.0,#2F92A1
2024-06-04,Whitman County,KP.4.1,0.0,245487,0.0,#FF473A
2024-06-04,Whitman County,KQ.1,0.0,245487,0.0,#E86CDE
2024-06-04,Whitman County,KV.2,282.02528508,245487,0.00114884,#E14365
2024-06-04,Whitman County,KW.1.1,0.0,245487,0.0,#34A0FF
2024-06-04,Whitman County,LB.1,28659.16133157,245487,0.11674411,#795653
2024-06-04,Whitman County,Recombinant,0.0,245487,0.0,#FF0000
2024-06-04,Whitman County,XBB,0.0,245487,0.0,#9FA8DA
2024-06-04,Whitman County,XBB.1.16,0.0,245487,0.0,#4527A0
2024-06-04,Whitman County,XBB.1.16.1,0.0,245487,0.0,#F89B9B
2024-06-04,Whitman County,XBB.1.16.15,0.0,245487,0.0,#E3B5FA
2024-06-04,Whitman County,XBB.1.16.6,0.0,245487,0.0,#5AA350
2024-06-04,Whitman County,XBB.1.42.1,0.0,245487,0.0,#75D1A3
2024-06-04,Whitman County,XBB.1.5,0.0,245487,0.0,#3F51B5
2024-06-04,Whitman County,XBB.1.5.70,0.0,245487,0.0,#46783C
2024-06-04,Whitman County,XBB.1.5.72,0.0,245487,0.0,#254220
2024-06-04,Whitman County,XBB.1.9.1,0.0,245487,0.0,#304FFE
2024-06-04,Whitman County,XBB.1.9.2,0.0,245487,0.0,#536DFE
2024-06-04,Whitman County,XBB.2.3,0.0,245487,0.0,#F7BCDF
2024-06-04,Whitman County,XDP,0.0,245487,0.0,#B60052
2024-06-04,Whitman County,XDV.1,0.0,245487,0.0,#D367B6
2024-06-04,Whitman County,unreportable,4919.38518423,245487,0.02003929,#eeeeee
2024-06-04,Yakima County,BA.2,0.0,1933008,0.0,#9CCD67
2024-06-04,Yakima County,BA.2.12.1,0.0,1933008,0.0,#7CB342
2024-06-04,Yakima County,BA.2.86,0.0,1933008,0.0,#D770EE
2024-06-04,Yakima County,EG.5,0.0,1933008,0.0,#FFBE7D
2024-06-04,Yakima County,EG.5.1.8,0.0,1933008,0.0,#E14D6F
2024-06-04,Yakima County,EG.6.1,0.0,1933008,0.0,#B9ABA8
2024-06-04,Yakima County,FE.1.1,0.0,1933008,0.0,#499894
2024-06-04,Yakima County,FL.1.5.1,0.0,1933008,0.0,#8CD17D
2024-06-04,Yakima County,GE.1,0.0,1933008,0.0,#FABFD2
2024-06-04,Yakima County,GK.1.1,0.0,1933008,0.0,#90FAE5
2024-06-04,Yakima County,HF.1,0.0,1933008,0.0,#D399AD
2024-06-04,Yakima County,HK.3,0.0,1933008,0.0,#859DBC
2024-06-04,Yakima County,HV.1,0.0,1933008,0.0,#797765
2024-06-04,Yakima County,JD.1.1,0.0,1933008,0.0,#80F192
2024-06-04,Yakima County,JF.1,0.0,1933008,0.0,#FFF1A9
2024-06-04,Yakima County,JG.3,0.0,1933008,0.0,#66A172
2024-06-04,Yakima County,JN.1,152516.85243664,1933008,0.0789013043074007,#61018F
2024-06-04,Yakima County,JN.1.11.1,304051.7586506,1933008,0.1572946199139372,#5C9CF1
2024-06-04,Yakima County,JN.1.13,0.0,1933008,0.0,#E83C78
2024-06-04,Yakima County,JN.1.13.1,1052.67386764,1933008,0.0005445781226151,#F2591C
2024-06-04,Yakima County,JN.1.16,0.0,1933008,0.0,#BC3A88
2024-06-04,Yakima County,JN.1.16.1,1611.715307,1933008,0.0008337861545322,#366298
2024-06-04,Yakima County,JN.1.18,738.7787235999999,1933008,0.0003821912395603,#4AF32F
2024-06-04,Yakima County,JN.1.32,0.0,1933008,0.0,#2E7919
2024-06-04,Yakima County,JN.1.4.3,0.0,1933008,0.0,#9D1010
2024-06-04,Yakima County,JN.1.7,0.0,1933008,0.0,#CF15E8
2024-06-04,Yakima County,JN.1.8.1,0.0,1933008,0.0,#FFB027
2024-06-04,Yakima County,KP.1.1,74159.84153228,1933008,0.038364994626137,#CBFF86
2024-06-04,Yakima County,KP.1.1.3,0.0,1933008,0.0,#1EB3B6
2024-06-04,Yakima County,KP.1.2,0.0,1933008,0.0,#D7B5A6
2024-06-04,Yakima County,KP.2,398205.19064856006,1933008,0.2060028673696953,#5875A1
2024-06-04,Yakima County,KP.2.15,129540.73081536,1933008,0.0670151033080877,#175DFF
2024-06-04,Yakima County,KP.2.3,212540.40479416,1933008,0.1099531946035194,#628DE8
2024-06-04,Yakima County,KP.3,255281.27414916,1933008,0.1320642615804797,#B06589
2024-06-04,Yakima County,KP.3.1.1,232064.2907904,1933008,0.1200534559558987,#2F92A1
2024-06-04,Yakima County,KP.4.1,0.0,1933008,0.0,#FF473A
2024-06-04,Yakima County,KQ.1,0.0,1933008,0.0,#E86CDE
2024-06-04,Yakima County,KV.2,0.0,1933008,0.0,#E14365
2024-06-04,Yakima County,KW.1.1,0.0,1933008,0.0,#34A0FF
2024-06-04,Yakima County,LB.1,140364.7948658,1933008,0.0726146994041411,#795653
2024-06-04,Yakima County,Recombinant,0.0,1933008,0.0,#FF0000
2024-06-04,Yakima County,XBB,0.0,1933008,0.0,#9FA8DA
2024-06-04,Yakima County,XBB.1.16,0.0,1933008,0.0,#4527A0
2024-06-04,Yakima County,XBB.1.16.1,0.0,1933008,0.0,#F89B9B
2024-06-04,Yakima County,XBB.1.16.15,0.0,1933008,0.0,#E3B5FA
2024-06-04,Yakima County,XBB.1.16.6,0.0,1933008,0.0,#5AA350
2024-06-04,Yakima County,XBB.1.42.1,0.0,1933008,0.0,#75D1A3
2024-06-04,Yakima County,XBB.1.5,0.0,1933008,0.0,#3F51B5
2024-06-04,Yakima County,XBB.1.5.70,0.0,1933008,0.0,#46783C
2024-06-04,Yakima County,XBB.1.5.72,0.0,1933008,0.0,#254220
2024-06-04,Yakima County,XBB.1.9.1,0.0,1933008,0.0,#304FFE
2024-06-04,Yakima County,XBB.1.9.2,0.0,1933008,0.0,#536DFE
2024-06-04,Yakima County,XBB.2.3,0.0,1933008,0.0,#F7BCDF
2024-06-04,Yakima County,XDP,0.0,1933008,0.0,#B60052
2024-06-04,Yakima County,XDV.1,0.0,1933008,0.0,#D367B6
2024-06-04,Yakima County,unreportable,30879.69456128,1933008,0.0159749440050325,#eeeeee
2024-06-11,Benton County,BA.2,0.0,502178,0.0,#9CCD67
2024-06-11,Benton County,BA.2.12.1,0.0,502178,0.0,#7CB342
2024-06-11,Benton County,BA.2.86,0.0,502178,0.0,#D770EE
2024-06-11,Benton County,EG.5,0.0,502178,0.0,#FFBE7D
2024-06-11,Benton County,EG.5.1.8,0.0,502178,0.0,#E14D6F
2024-06-11,Benton County,EG.6.1,0.0,502178,0.0,#B9ABA8
2024-06-11,Benton County,FE.1.1,0.0,502178,0.0,#499894
2024-06-11,Benton County,FL.1.5.1,0.0,502178,0.0,#8CD17D
2024-06-11,Benton County,GE.1,0.0,502178,0.0,#FABFD2
2024-06-11,Benton County,GK.1.1,0.0,502178,0.0,#90FAE5
2024-06-11,Benton County,HF.1,0.0,502178,0.0,#D399AD
2024-06-11,Benton County,HK.3,0.0,502178,0.0,#859DBC
2024-06-11,Benton County,HV.1,0.0,502178,0.0,#797765
2024-06-11,Benton County,JD.1.1,0.0,502178,0.0,#80F192
2024-06-11,Benton County,JF.1,0.0,502178,0.0,#FFF1A9
2024-06-11,Benton County,JG.3,0.0,502178,0.0,#66A172
2024-06-11,Benton County,JN.1,74567.80358462,502178,0.1484887899999999,#61018F
2024-06-11,Benton County,JN.1.11.1,1114.9858134,502178,0.0022203,#5C9CF1
2024-06-11,Benton County,JN.1.13,0.0,502178,0.0,#E83C78
2024-06-11,Benton County,JN.1.13.1,0.0,502178,0.0,#F2591C
2024-06-11,Benton County,JN.1.16,0.0,502178,0.0,#BC3A88
2024-06-11,Benton County,JN.1.16.1,0.0,502178,0.0,#366298
2024-06-11,Benton County,JN.1.18,2874.26097902,502178,0.00572359,#4AF32F
2024-06-11,Benton County,JN.1.32,0.0,502178,0.0,#2E7919
2024-06-11,Benton County,JN.1.4.3,0.0,502178,0.0,#9D1010
2024-06-11,Benton County,JN.1.7,0.0,502178,0.0,#CF15E8
2024-06-11,Benton County,JN.1.8.1,0.0,502178,0.0,#FFB027
2024-06-11,Benton County,KP.1.1,623.3284424999999,502178,0.00124125,#CBFF86
2024-06-11,Benton County,KP.1.1.3,135324.29602727998,502178,0.26947476,#1EB3B6
2024-06-11,Benton County,KP.1.2,0.0,502178,0.0,#D7B5A6
2024-06-11,Benton County,KP.2,1612.89027862,502178,0.00321179,#5875A1
2024-06-11,Benton County,KP.2.15,11643.44386842,502178,0.02318589,#175DFF
2024-06-11,Benton County,KP.2.3,0.0,502178,0.0,#628DE8
2024-06-11,Benton County,KP.3,197726.01398998,502178,0.3937369099999999,#B06589
2024-06-11,Benton County,KP.3.1.1,490.95934348,502178,0.00097766,#2F92A1
2024-06-11,Benton County,KP.4.1,0.0,502178,0.0,#FF473A
2024-06-11,Benton County,KQ.1,0.0,502178,0.0,#E86CDE
2024-06-11,Benton County,KV.2,0.0,502178,0.0,#E14365
2024-06-11,Benton County,KW.1.1,0.0,502178,0.0,#34A0FF
2024-06-11,Benton County,LB.1,69229.43550808,502178,0.13785836,#795653
2024-06-11,Benton County,Recombinant,0.0,502178,0.0,#FF0000
2024-06-11,Benton County,XBB,0.0,502178,0.0,#9FA8DA
2024-06-11,Benton County,XBB.1.16,0.0,502178,0.0,#4527A0
2024-06-11,Benton County,XBB.1.16.1,0.0,502178,0.0,#F89B9B
2024-06-11,Benton County,XBB.1.16.15,0.0,502178,0.0,#E3B5FA
2024-06-11,Benton County,XBB.1.16.6,0.0,502178,0.0,#5AA350
2024-06-11,Benton County,XBB.1.42.1,0.0,502178,0.0,#75D1A3
2024-06-11,Benton County,XBB.1.5,0.0,502178,0.0,#3F51B5
2024-06-11,Benton County,XBB.1.5.70,0.0,502178,0.0,#46783C
2024-06-11,Benton County,XBB.1.5.72,0.0,502178,0.0,#254220
2024-06-11,Benton County,XBB.1.9.1,0.0,502178,0.0,#304FFE
2024-06-11,Benton County,XBB.1.9.2,0.0,502178,0.0,#536DFE
2024-06-11,Benton County,XBB.2.3,0.0,502178,0.0,#F7BCDF
2024-06-11,Benton County,XDP,0.0,502178,0.0,#B60052
2024-06-11,Benton County,XDV.1,0.0,502178,0.0,#D367B6
2024-06-11,Benton County,unreportable,6970.5821646,502178,0.0138807,#eeeeee
2024-06-11,Chelan County,BA.2,0.0,775980,0.0,#9CCD67
2024-06-11,Chelan County,BA.2.12.1,0.0,775980,0.0,#7CB342
2024-06-11,Chelan County,BA.2.86,0.0,775980,0.0,#D770EE
2024-06-11,Chelan County,EG.5,0.0,775980,0.0,#FFBE7D
2024-06-11,Chelan County,EG.5.1.8,0.0,775980,0.0,#E14D6F
2024-06-11,Chelan County,EG.6.1,0.0,775980,0.0,#B9ABA8
2024-06-11,Chelan County,FE.1.1,0.0,775980,0.0,#499894
2024-06-11,Chelan County,FL.1.5.1,0.0,775980,0.0,#8CD17D
2024-06-11,Chelan County,GE.1,0.0,775980,0.0,#FABFD2
2024-06-11,Chelan County,GK.1.1,0.0,775980,0.0,#90FAE5
2024-06-11,Chelan County,HF.1,0.0,775980,0.0,#D399AD
2024-06-11,Chelan County,HK.3,0.0,775980,0.0,#859DBC
2024-06-11,Chelan County,HV.1,0.0,775980,0.0,#797765
2024-06-11,Chelan County,JD.1.1,0.0,775980,0.0,#80F192
2024-06-11,Chelan County,JF.1,0.0,775980,0.0,#FFF1A9
2024-06-11,Chelan County,JG.3,0.0,775980,0.0,#66A172
2024-06-11,Chelan County,JN.1,0.0,775980,0.0,#61018F
2024-06-11,Chelan County,JN.1.11.1,0.0,775980,0.0,#5C9CF1
2024-06-11,Chelan County,JN.1.13,0.0,775980,0.0,#E83C78
2024-06-11,Chelan County,JN.1.13.1,0.0,775980,0.0,#F2591C
2024-06-11,Chelan County,JN.1.16,0.0,775980,0.0,#BC3A88
2024-06-11,Chelan County,JN.1.16.1,5400.844079400001,775980,0.00696003,#366298
2024-06-11,Chelan County,JN.1.18,0.0,775980,0.0,#4AF32F
2024-06-11,Chelan County,JN.1.32,0.0,775980,0.0,#2E7919
2024-06-11,Chelan County,JN.1.4.3,0.0,775980,0.0,#9D1010
2024-06-11,Chelan County,JN.1.7,0.0,775980,0.0,#CF15E8
2024-06-11,Chelan County,JN.1.8.1,0.0,775980,0.0,#FFB027
2024-06-11,Chelan County,KP.1.1,124529.7592674,775980,0.16048063,#CBFF86
2024-06-11,Chelan County,KP.1.1.3,0.0,775980,0.0,#1EB3B6
2024-06-11,Chelan County,KP.1.2,0.0,775980,0.0,#D7B5A6
2024-06-11,Chelan County,KP.2,4809.0118932,775980,0.0061973399999999,#5875A1
2024-06-11,Chelan County,KP.2.15,2902.8868614,775980,0.00374093,#175DFF
2024-06-11,Chelan County,KP.2.3,37055.5746948,775980,0.04775326,#628DE8
2024-06-11,Chelan County,KP.3,596672.8968762,775980,0.76892819,#B06589
2024-06-11,Chelan County,KP.3.1.1,0.0,775980,0.0,#2F92A1
2024-06-11,Chelan County,KP.4.1,0.0,775980,0.0,#FF473A
2024-06-11,Chelan County,KQ.1,0.0,775980,0.0,#E86CDE
2024-06-11,Chelan County,KV.2,0.0,775980,0.0,#E14365
2024-06-11,Chelan County,KW.1.1,0.0,775980,0.0,#34A0FF
2024-06-11,Chelan County,LB.1,0.0,775980,0.0,#795653
2024-06-11,Chelan County,Recombinant,0.0,775980,0.0,#FF0000
2024-06-11,Chelan County,XBB,0.0,775980,0.0,#9FA8DA
2024-06-11,Chelan County,XBB.1.16,0.0,775980,0.0,#4527A0
2024-06-11,Chelan County,XBB.1.16.1,0.0,775980,0.0,#F89B9B
2024-06-11,Chelan County,XBB.1.16.15,0.0,775980,0.0,#E3B5FA
2024-06-11,Chelan County,XBB.1.16.6,0.0,775980,0.0,#5AA350
2024-06-11,Chelan County,XBB.1.42.1,0.0,775980,0.0,#75D1A3
2024-06-11,Chelan County,XBB.1.5,0.0,775980,0.0,#3F51B5
2024-06-11,Chelan County,XBB.1.5.70,0.0,775980,0.0,#46783C
2024-06-11,Chelan County,XBB.1.5.72,0.0,775980,0.0,#254220
2024-06-11,Chelan County,XBB.1.9.1,0.0,775980,0.0,#304FFE
2024-06-11,Chelan County,XBB.1.9.2,0.0,775980,0.0,#536DFE
2024-06-11,Chelan County,XBB.2.3,0.0,775980,0.0,#F7BCDF
2024-06-11,Chelan County,XDP,0.0,775980,0.0,#B60052
2024-06-11,Chelan County,XDV.1,0.0,775980,0.0,#D367B6
2024-06-11,Chelan County,unreportable,4609.0340874,775980,0.00593963,#eeeeee
2024-06-11,Franklin County,BA.2,0.0,737220,0.0,#9CCD67
2024-06-11,Franklin County,BA.2.12.1,0.0,737220,0.0,#7CB342
2024-06-11,Franklin County,BA.2.86,0.0,737220,0.0,#D770EE
2024-06-11,Franklin County,EG.5,0.0,737220,0.0,#FFBE7D
2024-06-11,Franklin County,EG.5.1.8,0.0,737220,0.0,#E14D6F
2024-06-11,Franklin County,EG.6.1,0.0,737220,0.0,#B9ABA8
2024-06-11,Franklin County,FE.1.1,0.0,737220,0.0,#499894
2024-06-11,Franklin County,FL.1.5.1,0.0,737220,0.0,#8CD17D
2024-06-11,Franklin County,GE.1,0.0,737220,0.0,#FABFD2
2024-06-11,Franklin County,GK.1.1,0.0,737220,0.0,#90FAE5
2024-06-11,Franklin County,HF.1,0.0,737220,0.0,#D399AD
2024-06-11,Franklin County,HK.3,0.0,737220,0.0,#859DBC
2024-06-11,Franklin County,HV.1,0.0,737220,0.0,#797765
2024-06-11,Franklin County,JD.1.1,0.0,737220,0.0,#80F192
2024-06-11,Franklin County,JF.1,0.0,737220,0.0,#FFF1A9
2024-06-11,Franklin County,JG.3,0.0,737220,0.0,#66A172
2024-06-11,Franklin County,JN.1,56940.624279,737220,0.07723695,#61018F
2024-06-11,Franklin County,JN.1.11.1,202315.3435776,737220,0.2744300799999999,#5C9CF1
2024-06-11,Franklin County,JN.1.13,0.0,737220,0.0,#E83C78
2024-06-11,Franklin County,JN.1.13.1,0.0,737220,0.0,#F2591C
2024-06-11,Franklin County,JN.1.16,74830.66829700001,737220,0.10150385,#BC3A88
2024-06-11,Franklin County,JN.1.16.1,0.0,737220,0.0,#366298
2024-06-11,Franklin County,JN.1.18,0.0,737220,0.0,#4AF32F
2024-06-11,Franklin County,JN.1.32,8487.1567836,737220,0.01151238,#2E7919
2024-06-11,Franklin County,JN.1.4.3,0.0,737220,0.0,#9D1010
2024-06-11,Franklin County,JN.1.7,7752.413842800001,737220,0.01051574,#CF15E8
2024-06-11,Franklin County,JN.1.8.1,0.0,737220,0.0,#FFB027
2024-06-11,Franklin County,KP.1.1,96153.9163662,737220,0.13042771,#CBFF86
2024-06-11,Franklin County,KP.1.1.3,1026.2323566,737220,0.00139203,#1EB3B6
2024-06-11,Franklin County,KP.1.2,0.0,737220,0.0,#D7B5A6
2024-06-11,Franklin County,KP.2,5172.593547,737220,0.00701635,#5875A1
2024-06-11,Franklin County,KP.2.15,1233.0889164,737220,0.00167262,#175DFF
2024-06-11,Franklin County,KP.2.3,73043.167824,737220,0.0990792,#628DE8
2024-06-11,Franklin County,KP.3,43112.2127568,737220,0.05847944,#B06589
2024-06-11,Franklin County,KP.3.1.1,0.0,737220,0.0,#2F92A1
2024-06-11,Franklin County,KP.4.1,0.0,737220,0.0,#FF473A
2024-06-11,Franklin County,KQ.1,0.0,737220,0.0,#E86CDE
2024-06-11,Franklin County,KV.2,0.0,737220,0.0,#E14365
2024-06-11,Franklin County,KW.1.1,0.0,737220,0.0,#34A0FF
2024-06-11,Franklin County,LB.1,144324.4388256,737220,0.19576848,#795653
2024-06-11,Franklin County,Recombinant,0.0,737220,0.0,#FF0000
2024-06-11,Franklin County,XBB,0.0,737220,0.0,#9FA8DA
2024-06-11,Franklin County,XBB.1.16,0.0,737220,0.0,#4527A0
2024-06-11,Franklin County,XBB.1.16.1,0.0,737220,0.0,#F89B9B
2024-06-11,Franklin County,XBB.1.16.15,0.0,737220,0.0,#E3B5FA
2024-06-11,Franklin County,XBB.1.16.6,0.0,737220,0.0,#5AA350
2024-06-11,Franklin County,XBB.1.42.1,0.0,737220,0.0,#75D1A3
2024-06-11,Franklin County,XBB.1.5,0.0,737220,0.0,#3F51B5
2024-06-11,Franklin County,XBB.1.5.70,0.0,737220,0.0,#46783C
2024-06-11,Franklin County,XBB.1.5.72,0.0,737220,0.0,#254220
2024-06-11,Franklin County,XBB.1.9.1,0.0,737220,0.0,#304FFE
2024-06-11,Franklin County,XBB.1.9.2,0.0,737220,0.0,#536DFE
2024-06-11,Franklin County,XBB.2.3,0.0,737220,0.0,#F7BCDF
2024-06-11,Franklin County,XDP,0.0,737220,0.0,#B60052
2024-06-11,Franklin County,XDV.1,0.0,737220,0.0,#D367B6
2024-06-11,Franklin County,unreportable,22828.1573718,737220,0.03096519,#eeeeee
2024-06-11,Island County,BA.2,0.0,1778632,0.0,#9CCD67
2024-06-11,Island County,BA.2.12.1,0.0,1778632,0.0,#7CB342
2024-06-11,Island County,BA.2.86,0.0,1778632,0.0,#D770EE
2024-06-11,Island County,EG.5,0.0,1778632,0.0,#FFBE7D
2024-06-11,Island County,EG.5.1.8,0.0,1778632,0.0,#E14D6F
2024-06-11,Island County,EG.6.1,0.0,1778632,0.0,#B9ABA8
2024-06-11,Island County,FE.1.1,0.0,1778632,0.0,#499894
2024-06-11,Island County,FL.1.5.1,0.0,1778632,0.0,#8CD17D
2024-06-11,Island County,GE.1,0.0,1778632,0.0,#FABFD2
2024-06-11,Island County,GK.1.1,0.0,1778632,0.0,#90FAE5
2024-06-11,Island County,HF.1,0.0,1778632,0.0,#D399AD
2024-06-11,Island County,HK.3,0.0,1778632,0.0,#859DBC
2024-06-11,Island County,HV.1,0.0,1778632,0.0,#797765
2024-06-11,Island County,JD.1.1,0.0,1778632,0.0,#80F192
2024-06-11,Island County,JF.1,0.0,1778632,0.0,#FFF1A9
2024-06-11,Island County,JG.3,0.0,1778632,0.0,#66A172
2024-06-11,Island County,JN.1,52192.41143968,1778632,0.029344131579596,#61018F
2024-06-11,Island County,JN.1.11.1,1511.83938958,1778632,0.0008500012310472,#5C9CF1
2024-06-11,Island County,JN.1.13,0.0,1778632,0.0,#E83C78
2024-06-11,Island County,JN.1.13.1,20008.9770252,1778632,0.011249644122674,#F2591C
2024-06-11,Island County,JN.1.16,0.0,1778632,0.0,#BC3A88
2024-06-11,Island County,JN.1.16.1,54955.74998972999,1778632,0.0308977629941044,#366298
2024-06-11,Island County,JN.1.18,45534.344870500005,1778632,0.0256007678207183,#4AF32F
2024-06-11,Island County,JN.1.32,130755.835773,1778632,0.0735148337446981,#2E7919
2024-06-11,Island County,JN.1.4.3,0.0,1778632,0.0,#9D1010
2024-06-11,Island County,JN.1.7,5304.53752875,1778632,0.0029823693314581,#CF15E8
2024-06-11,Island County,JN.1.8.1,0.0,1778632,0.0,#FFB027
2024-06-11,Island County,KP.1.1,64685.77363668,1778632,0.0363682727155926,#CBFF86
2024-06-11,Island County,KP.1.1.3,197132.5094472,1778632,0.110833780932312,#1EB3B6
2024-06-11,Island County,KP.1.2,5912.5256004,1778632,0.0033241983729068,#D7B5A6
2024-06-11,Island County,KP.2,337974.70147052,1778632,0.1900194652241273,#5875A1
2024-06-11,Island County,KP.2.15,6632.55832502,1778632,0.0037290222626265,#175DFF
2024-06-11,Island County,KP.2.3,53143.650723000006,1778632,0.0298789466977992,#628DE8
2024-06-11,Island County,KP.3,540115.39430442,1778632,0.3036689963434932,#B06589
2024-06-11,Island County,KP.3.1.1,0.0,1778632,0.0,#2F92A1
2024-06-11,Island County,KP.4.1,0.0,1778632,0.0,#FF473A
2024-06-11,Island County,KQ.1,0.0,1778632,0.0,#E86CDE
2024-06-11,Island County,KV.2,0.0,1778632,0.0,#E14365
2024-06-11,Island County,KW.1.1,1757.62214865,1778632,0.0009881876344572,#34A0FF
2024-06-11,Island County,LB.1,242819.22397787,1778632,0.1365202155239926,#795653
2024-06-11,Island County,Recombinant,0.0,1778632,0.0,#FF0000
2024-06-11,Island County,XBB,0.0,1778632,0.0,#9FA8DA
2024-06-11,Island County,XBB.1.16,0.0,1778632,0.0,#4527A0
2024-06-11,Island County,XBB.1.16.1,0.0,1778632,0.0,#F89B9B
2024-06-11,Island County,XBB.1.16.15,0.0,1778632,0.0,#E3B5FA
2024-06-11,Island County,XBB.1.16.6,0.0,1778632,0.0,#5AA350
2024-06-11,Island County,XBB.1.42.1,0.0,1778632,0.0,#75D1A3
2024-06-11,Island County,XBB.1.5,0.0,1778632,0.0,#3F51B5
2024-06-11,Island County,XBB.1.5.70,0.0,1778632,0.0,#46783C
2024-06-11,Island County,XBB.1.5.72,0.0,1778632,0.0,#254220
2024-06-11,Island County,XBB.1.9.1,0.0,1778632,0.0,#304FFE
2024-06-11,Island County,XBB.1.9.2,0.0,1778632,0.0,#536DFE
2024-06-11,Island County,XBB.2.3,0.0,1778632,0.0,#F7BCDF
2024-06-11,Island County,XDP,0.0,1778632,0.0,#B60052
2024-06-11,Island County,XDV.1,0.0,1778632,0.0,#D367B6
2024-06-11,Island County,unreportable,18194.31561352,1778632,0.0102293873120015,#eeeeee
2024-06-11,Jefferson County,BA.2,0.0,162770,0.0,#9CCD67
2024-06-11,Jefferson County,BA.2.12.1,0.0,162770,0.0,#7CB342
2024-06-11,Jefferson County,BA.2.86,0.0,162770,0.0,#D770EE
2024-06-11,Jefferson County,EG.5,0.0,162770,0.0,#FFBE7D
2024-06-11,Jefferson County,EG.5.1.8,0.0,162770,0.0,#E14D6F
2024-06-11,Jefferson County,EG.6.1,0.0,162770,0.0,#B9ABA8
2024-06-11,Jefferson County,FE.1.1,0.0,162770,0.0,#499894
2024-06-11,Jefferson County,FL.1.5.1,0.0,162770,0.0,#8CD17D
2024-06-11,Jefferson County,GE.1,0.0,162770,0.0,#FABFD2
2024-06-11,Jefferson County,GK.1.1,0.0,162770,0.0,#90FAE5
2024-06-11,Jefferson County,HF.1,0.0,162770,0.0,#D399AD
2024-06-11,Jefferson County,HK.3,0.0,162770,0.0,#859DBC
2024-06-11,Jefferson County,HV.1,0.0,162770,0.0,#797765
2024-06-11,Jefferson County,JD.1.1,0.0,162770,0.0,#80F192
2024-06-11,Jefferson County,JF.1,0.0,162770,0.0,#FFF1A9
2024-06-11,Jefferson County,JG.3,0.0,162770,0.0,#66A172
2024-06-11,Jefferson County,JN.1,998.8039233,162770,0.00613629,#61018F
2024-06-11,Jefferson County,JN.1.11.1,0.0,162770,0.0,#5C9CF1
2024-06-11,Jefferson County,JN.1.13,0.0,162770,0.0,#E83C78
2024-06-11,Jefferson County,JN.1.13.1,13802.6795159,162770,0.08479867,#F2591C
2024-06-11,Jefferson County,JN.1.16,0.0,162770,0.0,#BC3A88
2024-06-11,Jefferson County,JN.1.16.1,65133.2081899,162770,0.40015487,#366298
2024-06-11,Jefferson County,JN.1.18,253.8105164,162770,0.00155932,#4AF32F
2024-06-11,Jefferson County,JN.1.32,0.0,162770,0.0,#2E7919
2024-06-11,Jefferson County,JN.1.4.3,0.0,162770,0.0,#9D1010
2024-06-11,Jefferson County,JN.1.7,0.0,162770,0.0,#CF15E8
2024-06-11,Jefferson County,JN.1.8.1,0.0,162770,0.0,#FFB027
2024-06-11,Jefferson County,KP.1.1,283.1937568,162770,0.00173984,#CBFF86
2024-06-11,Jefferson County,KP.1.1.3,306.6326368,162770,0.00188384,#1EB3B6
2024-06-11,Jefferson County,KP.1.2,0.0,162770,0.0,#D7B5A6
2024-06-11,Jefferson County,KP.2,7492.2754291,162770,0.04602983,#5875A1
2024-06-11,Jefferson County,KP.2.15,1051.3867718,162770,0.0064593399999999,#175DFF
2024-06-11,Jefferson County,KP.2.3,0.0,162770,0.0,#628DE8
2024-06-11,Jefferson County,KP.3,41689.0186325,162770,0.25612225,#B06589
2024-06-11,Jefferson County,KP.3.1.1,720.6576642,162770,0.00442746,#2F92A1
2024-06-11,Jefferson County,KP.4.1,0.0,162770,0.0,#FF473A
2024-06-11,Jefferson County,KQ.1,0.0,162770,0.0,#E86CDE
2024-06-11,Jefferson County,KV.2,0.0,162770,0.0,#E14365
2024-06-11,Jefferson County,KW.1.1,0.0,162770,0.0,#34A0FF
2024-06-11,Jefferson County,LB.1,28618.8610861,162770,0.17582393,#795653
2024-06-11,Jefferson County,Recombinant,0.0,162770,0.0,#FF0000
2024-06-11,Jefferson County,XBB,0.0,162770,0.0,#9FA8DA
2024-06-11,Jefferson County,XBB.1.16,0.0,162770,0.0,#4527A0
2024-06-11,Jefferson County,XBB.1.16.1,0.0,162770,0.0,#F89B9B
2024-06-11,Jefferson County,XBB.1.16.15,0.0,162770,0.0,#E3B5FA
2024-06-11,Jefferson County,XBB.1.16.6,0.0,162770,0.0,#5AA350
2024-06-11,Jefferson County,XBB.1.42.1,0.0,162770,0.0,#75D1A3
2024-06-11,Jefferson County,XBB.1.5,0.0,162770,0.0,#3F51B5
2024-06-11,Jefferson County,XBB.1.5.70,0.0,162770,0.0,#46783C
2024-06-11,Jefferson County,XBB.1.5.72,0.0,162770,0.0,#254220
2024-06-11,Jefferson County,XBB.1.9.1,0.0,162770,0.0,#304FFE
2024-06-11,Jefferson County,XBB.1.9.2,0.0,162770,0.0,#536DFE
2024-06-11,Jefferson County,XBB.2.3,0.0,162770,0.0,#F7BCDF
2024-06-11,Jefferson County,XDP,0.0,162770,0.0,#B60052
2024-06-11,Jefferson County,XDV.1,0.0,162770,0.0,#D367B6
2024-06-11,Jefferson County,unreportable,2419.4735049,162770,0.01486437,#eeeeee
2024-06-11,King County,BA.2,0.0,973611,0.0,#9CCD67
2024-06-11,King County,BA.2.12.1,0.0,973611,0.0,#7CB342
2024-06-11,King County,BA.2.86,0.0,973611,0.0,#D770EE
2024-06-11,King County,EG.5,0.0,973611,0.0,#FFBE7D
2024-06-11,King County,EG.5.1.8,0.0,973611,0.0,#E14D6F
2024-06-11,King County,EG.6.1,0.0,973611,0.0,#B9ABA8
2024-06-11,King County,FE.1.1,0.0,973611,0.0,#499894
2024-06-11,King County,FL.1.5.1,0.0,973611,0.0,#8CD17D
2024-06-11,King County,GE.1,0.0,973611,0.0,#FABFD2
2024-06-11,King County,GK.1.1,0.0,973611,0.0,#90FAE5
2024-06-11,King County,HF.1,0.0,973611,0.0,#D399AD
2024-06-11,King County,HK.3,0.0,973611,0.0,#859DBC
2024-06-11,King County,HV.1,0.0,973611,0.0,#797765
2024-06-11,King County,JD.1.1,0.0,973611,0.0,#80F192
2024-06-11,King County,JF.1,0.0,973611,0.0,#FFF1A9
2024-06-11,King County,JG.3,0.0,973611,0.0,#66A172
2024-06-11,King County,JN.1,3081.30356502,973611,0.00316482,#61018F
2024-06-11,King County,JN.1.11.1,0.0,973611,0.0,#5C9CF1
2024-06-11,King County,JN.1.13,0.0,973611,0.0,#E83C78
2024-06-11,King County,JN.1.13.1,0.0,973611,0.0,#F2591C
2024-06-11,King County,JN.1.16,0.0,973611,0.0,#BC3A88
2024-06-11,King County,JN.1.16.1,238552.61917851,973611,0.24501841,#366298
2024-06-11,King County,JN.1.18,0.0,973611,0.0,#4AF32F
2024-06-11,King County,JN.1.32,0.0,973611,0.0,#2E7919
2024-06-11,King County,JN.1.4.3,0.0,973611,0.0,#9D1010
2024-06-11,King County,JN.1.7,0.0,973611,0.0,#CF15E8
2024-06-11,King County,JN.1.8.1,0.0,973611,0.0,#FFB027
2024-06-11,King County,KP.1.1,106984.93317948,973611,0.10988468,#CBFF86
2024-06-11,King County,KP.1.1.3,0.0,973611,0.0,#1EB3B6
2024-06-11,King County,KP.1.2,0.0,973611,0.0,#D7B5A6
2024-06-11,King County,KP.2,612779.57660961,973611,0.62938851,#5875A1
2024-06-11,King County,KP.2.15,2566.01994327,973611,0.00263557,#175DFF
2024-06-11,King County,KP.2.3,0.0,973611,0.0,#628DE8
2024-06-11,King County,KP.3,0.0,973611,0.0,#B06589
2024-06-11,King County,KP.3.1.1,0.0,973611,0.0,#2F92A1
2024-06-11,King County,KP.4.1,0.0,973611,0.0,#FF473A
2024-06-11,King County,KQ.1,0.0,973611,0.0,#E86CDE
2024-06-11,King County,KV.2,0.0,973611,0.0,#E14365
2024-06-11,King County,KW.1.1,0.0,973611,0.0,#34A0FF
2024-06-11,King County,LB.1,0.0,973611,0.0,#795653
2024-06-11,King County,Recombinant,0.0,973611,0.0,#FF0000
2024-06-11,King County,XBB,0.0,973611,0.0,#9FA8DA
2024-06-11,King County,XBB.1.16,0.0,973611,0.0,#4527A0
2024-06-11,King County,XBB.1.16.1,0.0,973611,0.0,#F89B9B
2024-06-11,King County,XBB.1.16.15,0.0,973611,0.0,#E3B5FA
2024-06-11,King County,XBB.1.16.6,0.0,973611,0.0,#5AA350
2024-06-11,King County,XBB.1.42.1,0.0,973611,0.0,#75D1A3
2024-06-11,King County,XBB.1.5,0.0,973611,0.0,#3F51B5
2024-06-11,King County,XBB.1.5.70,0.0,973611,0.0,#46783C
2024-06-11,King County,XBB.1.5.72,0.0,973611,0.0,#254220
2024-06-11,King County,XBB.1.9.1,0.0,973611,0.0,#304FFE
2024-06-11,King County,XBB.1.9.2,0.0,973611,0.0,#536DFE
2024-06-11,King County,XBB.2.3,0.0,973611,0.0,#F7BCDF
2024-06-11,King County,XDP,0.0,973611,0.0,#B60052
2024-06-11,King County,XDV.1,0.0,973611,0.0,#D367B6
2024-06-11,King County,unreportable,9646.56699633,973611,0.00990803,#eeeeee
2024-06-11,Kittitas County,BA.2,0.0,862782,0.0,#9CCD67
2024-06-11,Kittitas County,BA.2.12.1,0.0,862782,0.0,#7CB342
2024-06-11,Kittitas County,BA.2.86,0.0,862782,0.0,#D770EE
2024-06-11,Kittitas County,EG.5,0.0,862782,0.0,#FFBE7D
2024-06-11,Kittitas County,EG.5.1.8,0.0,862782,0.0,#E14D6F
2024-06-11,Kittitas County,EG.6.1,0.0,862782,0.0,#B9ABA8
2024-06-11,Kittitas County,FE.1.1,0.0,862782,0.0,#499894
2024-06-11,Kittitas County,FL.1.5.1,0.0,862782,0.0,#8CD17D
2024-06-11,Kittitas County,GE.1,0.0,862782,0.0,#FABFD2
2024-06-11,Kittitas County,GK.1.1,0.0,862782,0.0,#90FAE5
2024-06-11,Kittitas County,HF.1,0.0,862782,0.0,#D399AD
2024-06-11,Kittitas County,HK.3,0.0,862782,0.0,#859DBC
2024-06-11,Kittitas County,HV.1,0.0,862782,0.0,#797765
2024-06-11,Kittitas County,JD.1.1,0.0,862782,0.0,#80F192
2024-06-11,Kittitas County,JF.1,0.0,862782,0.0,#FFF1A9
2024-06-11,Kittitas County,JG.3,0.0,862782,0.0,#66A172
2024-06-11,Kittitas County,JN.1,18001.521895979997,862782,0.0208645079475232,#61018F
2024-06-11,Kittitas County,JN.1.11.1,14841.58647834,862782,0.0172020121865546,#5C9CF1
2024-06-11,Kittitas County,JN.1.13,0.0,862782,0.0,#E83C78
2024-06-11,Kittitas County,JN.1.13.1,0.0,862782,0.0,#F2591C
2024-06-11,Kittitas County,JN.1.16,0.0,862782,0.0,#BC3A88
2024-06-11,Kittitas County,JN.1.16.1,1443.2790568199998,862782,0.0016728200829641,#366298
2024-06-11,Kittitas County,JN.1.18,0.0,862782,0.0,#4AF32F
2024-06-11,Kittitas County,JN.1.32,0.0,862782,0.0,#2E7919
2024-06-11,Kittitas County,JN.1.4.3,0.0,862782,0.0,#9D1010
2024-06-11,Kittitas County,JN.1.7,0.0,862782,0.0,#CF15E8
2024-06-11,Kittitas County,JN.1.8.1,0.0,862782,0.0,#FFB027
2024-06-11,Kittitas County,KP.1.1,93192.8505456,862782,0.1080143657906632,#CBFF86
2024-06-11,Kittitas County,KP.1.1.3,2631.65448,862782,0.0030501963184211,#1EB3B6
2024-06-11,Kittitas County,KP.1.2,1061.1524352,862782,0.0012299195337872,#D7B5A6
2024-06-11,Kittitas County,KP.2,9571.3444944,862782,0.0110935838883982,#5875A1
2024-06-11,Kittitas County,KP.2.15,185.3072832,862782,0.0002147788006703,#175DFF
2024-06-11,Kittitas County,KP.2.3,0.0,862782,0.0,#628DE8
2024-06-11,Kittitas County,KP.3,713745.6385817999,862782,0.8272606968872785,#B06589
2024-06-11,Kittitas County,KP.3.1.1,0.0,862782,0.0,#2F92A1
2024-06-11,Kittitas County,KP.4.1,0.0,862782,0.0,#FF473A
2024-06-11,Kittitas County,KQ.1,0.0,862782,0.0,#E86CDE
2024-06-11,Kittitas County,KV.2,0.0,862782,0.0,#E14365
2024-06-11,Kittitas County,KW.1.1,0.0,862782,0.0,#34A0FF
2024-06-11,Kittitas County,LB.1,0.0,862782,0.0,#795653
2024-06-11,Kittitas County,Recombinant,0.0,862782,0.0,#FF0000
2024-06-11,Kittitas County,XBB,0.0,862782,0.0,#9FA8DA
2024-06-11,Kittitas County,XBB.1.16,0.0,862782,0.0,#4527A0
2024-06-11,Kittitas County,XBB.1.16.1,0.0,862782,0.0,#F89B9B
2024-06-11,Kittitas County,XBB.1.16.15,0.0,862782,0.0,#E3B5FA
2024-06-11,Kittitas County,XBB.1.16.6,0.0,862782,0.0,#5AA350
2024-06-11,Kittitas County,XBB.1.42.1,0.0,862782,0.0,#75D1A3
2024-06-11,Kittitas County,XBB.1.5,0.0,862782,0.0,#3F51B5
2024-06-11,Kittitas County,XBB.1.5.70,0.0,862782,0.0,#46783C
2024-06-11,Kittitas County,XBB.1.5.72,0.0,862782,0.0,#254220
2024-06-11,Kittitas County,XBB.1.9.1,0.0,862782,0.0,#304FFE
2024-06-11,Kittitas County,XBB.1.9.2,0.0,862782,0.0,#536DFE
2024-06-11,Kittitas County,XBB.2.3,0.0,862782,0.0,#F7BCDF
2024-06-11,Kittitas County,XDP,0.0,862782,0.0,#B60052
2024-06-11,Kittitas County,XDV.1,0.0,862782,0.0,#D367B6
2024-06-11,Kittitas County,unreportable,8107.670506079999,862782,0.0093971252368269,#eeeeee
2024-06-11,Okanogan County,BA.2,0.0,951940,0.0,#9CCD67
2024-06-11,Okanogan County,BA.2.12.1,0.0,951940,0.0,#7CB342
2024-06-11,Okanogan County,BA.2.86,0.0,951940,0.0,#D770EE
2024-06-11,Okanogan County,EG.5,0.0,951940,0.0,#FFBE7D
2024-06-11,Okanogan County,EG.5.1.8,0.0,951940,0.0,#E14D6F
2024-06-11,Okanogan County,EG.6.1,0.0,951940,0.0,#B9ABA8
2024-06-11,Okanogan County,FE.1.1,0.0,951940,0.0,#499894
2024-06-11,Okanogan County,FL.1.5.1,0.0,951940,0.0,#8CD17D
2024-06-11,Okanogan County,GE.1,0.0,951940,0.0,#FABFD2
2024-06-11,Okanogan County,GK.1.1,0.0,951940,0.0,#90FAE5
2024-06-11,Okanogan County,HF.1,0.0,951940,0.0,#D399AD
2024-06-11,Okanogan County,HK.3,0.0,951940,0.0,#859DBC
2024-06-11,Okanogan County,HV.1,0.0,951940,0.0,#797765
2024-06-11,Okanogan County,JD.1.1,0.0,951940,0.0,#80F192
2024-06-11,Okanogan County,JF.1,0.0,951940,0.0,#FFF1A9
2024-06-11,Okanogan County,JG.3,0.0,951940,0.0,#66A172
2024-06-11,Okanogan County,JN.1,17614.6798287,951940,0.0185039811634136,#61018F
2024-06-11,Okanogan County,JN.1.11.1,7290.266597999999,951940,0.0076583257327142,#5C9CF1
2024-06-11,Okanogan County,JN.1.13,0.0,951940,0.0,#E83C78
2024-06-11,Okanogan County,JN.1.13.1,0.0,951940,0.0,#F2591C
2024-06-11,Okanogan County,JN.1.16,0.0,951940,0.0,#BC3A88
2024-06-11,Okanogan County,JN.1.16.1,51.9801221,951940,5.4604410046851685e-05,#366298
2024-06-11,Okanogan County,JN.1.18,0.0,951940,0.0,#4AF32F
2024-06-11,Okanogan County,JN.1.32,0.0,951940,0.0,#2E7919
2024-06-11,Okanogan County,JN.1.4.3,0.0,951940,0.0,#9D1010
2024-06-11,Okanogan County,JN.1.7,0.0,951940,0.0,#CF15E8
2024-06-11,Okanogan County,JN.1.8.1,0.0,951940,0.0,#FFB027
2024-06-11,Okanogan County,KP.1.1,61.499648400000005,951940,6.460454272328089e-05,#CBFF86
2024-06-11,Okanogan County,KP.1.1.3,0.0,951940,0.0,#1EB3B6
2024-06-11,Okanogan County,KP.1.2,0.0,951940,0.0,#D7B5A6
2024-06-11,Okanogan County,KP.2,4230.2691493,951940,0.0044438401047334,#5875A1
2024-06-11,Okanogan County,KP.2.15,74.0684828,951940,7.78079320125218e-05,#175DFF
2024-06-11,Okanogan County,KP.2.3,0.0,951940,0.0,#628DE8
2024-06-11,Okanogan County,KP.3,538438.9184577,951940,0.5656227477127761,#B06589
2024-06-11,Okanogan County,KP.3.1.1,0.0,951940,0.0,#2F92A1
2024-06-11,Okanogan County,KP.4.1,0.0,951940,0.0,#FF473A
2024-06-11,Okanogan County,KQ.1,0.0,951940,0.0,#E86CDE
2024-06-11,Okanogan County,KV.2,0.0,951940,0.0,#E14365
2024-06-11,Okanogan County,KW.1.1,0.0,951940,0.0,#34A0FF
2024-06-11,Okanogan County,LB.1,372086.6399874,951940,0.390871945697628,#795653
2024-06-11,Okanogan County,Recombinant,0.0,951940,0.0,#FF0000
2024-06-11,Okanogan County,XBB,0.0,951940,0.0,#9FA8DA
2024-06-11,Okanogan County,XBB.1.16,0.0,951940,0.0,#4527A0
2024-06-11,Okanogan County,XBB.1.16.1,0.0,951940,0.0,#F89B9B
2024-06-11,Okanogan County,XBB.1.16.15,0.0,951940,0.0,#E3B5FA
2024-06-11,Okanogan County,XBB.1.16.6,0.0,951940,0.0,#5AA350
2024-06-11,Okanogan County,XBB.1.42.1,0.0,951940,0.0,#75D1A3
2024-06-11,Okanogan County,XBB.1.5,0.0,951940,0.0,#3F51B5
2024-06-11,Okanogan County,XBB.1.5.70,0.0,951940,0.0,#46783C
2024-06-11,Okanogan County,XBB.1.5.72,0.0,951940,0.0,#254220
2024-06-11,Okanogan County,XBB.1.9.1,0.0,951940,0.0,#304FFE
2024-06-11,Okanogan County,XBB.1.9.2,0.0,951940,0.0,#536DFE
2024-06-11,Okanogan County,XBB.2.3,0.0,951940,0.0,#F7BCDF
2024-06-11,Okanogan County,XDP,0.0,951940,0.0,#B60052
2024-06-11,Okanogan County,XDV.1,0.0,951940,0.0,#D367B6
2024-06-11,Okanogan County,unreportable,12091.677484299998,951940,0.0127021424504695,#eeeeee
2024-06-11,Pierce County,BA.2,0.0,1013026,0.0,#9CCD67
2024-06-11,Pierce County,BA.2.12.1,0.0,1013026,0.0,#7CB342
2024-06-11,Pierce County,BA.2.86,0.0,1013026,0.0,#D770EE
2024-06-11,Pierce County,EG.5,0.0,1013026,0.0,#FFBE7D
2024-06-11,Pierce County,EG.5.1.8,0.0,1013026,0.0,#E14D6F
2024-06-11,Pierce County,EG.6.1,0.0,1013026,0.0,#B9ABA8
2024-06-11,Pierce County,FE.1.1,0.0,1013026,0.0,#499894
2024-06-11,Pierce County,FL.1.5.1,0.0,1013026,0.0,#8CD17D
2024-06-11,Pierce County,GE.1,0.0,1013026,0.0,#FABFD2
2024-06-11,Pierce County,GK.1.1,0.0,1013026,0.0,#90FAE5
2024-06-11,Pierce County,HF.1,0.0,1013026,0.0,#D399AD
2024-06-11,Pierce County,HK.3,0.0,1013026,0.0,#859DBC
2024-06-11,Pierce County,HV.1,0.0,1013026,0.0,#797765
2024-06-11,Pierce County,JD.1.1,0.0,1013026,0.0,#80F192
2024-06-11,Pierce County,JF.1,0.0,1013026,0.0,#FFF1A9
2024-06-11,Pierce County,JG.3,0.0,1013026,0.0,#66A172
2024-06-11,Pierce County,JN.1,13624.128751970002,1013026,0.0134489428227607,#61018F
2024-06-11,Pierce County,JN.1.11.1,106495.76100783,1013026,0.1051263847204612,#5C9CF1
2024-06-11,Pierce County,JN.1.13,0.0,1013026,0.0,#E83C78
2024-06-11,Pierce County,JN.1.13.1,73.0956123,1013026,7.215571199554602e-05,#F2591C
2024-06-11,Pierce County,JN.1.16,24153.19982112,1013026,0.0238426257777391,#BC3A88
2024-06-11,Pierce County,JN.1.16.1,519.44136385,1013026,0.0005127621244173,#366298
2024-06-11,Pierce County,JN.1.18,0.0,1013026,0.0,#4AF32F
2024-06-11,Pierce County,JN.1.32,0.0,1013026,0.0,#2E7919
2024-06-11,Pierce County,JN.1.4.3,0.0,1013026,0.0,#9D1010
2024-06-11,Pierce County,JN.1.7,0.0,1013026,0.0,#CF15E8
2024-06-11,Pierce County,JN.1.8.1,0.0,1013026,0.0,#FFB027
2024-06-11,Pierce County,KP.1.1,0.0,1013026,0.0,#CBFF86
2024-06-11,Pierce County,KP.1.1.3,0.0,1013026,0.0,#1EB3B6
2024-06-11,Pierce County,KP.1.2,0.0,1013026,0.0,#D7B5A6
2024-06-11,Pierce County,KP.2,4448.27070287,1013026,0.0043910725912957,#5875A1
2024-06-11,Pierce County,KP.2.15,184.79473666,1013026,0.0001824185525939,#175DFF
2024-06-11,Pierce County,KP.2.3,0.0,1013026,0.0,#628DE8
2024-06-11,Pierce County,KP.3,839249.05209451,1013026,0.8284575638675711,#B06589
2024-06-11,Pierce County,KP.3.1.1,0.0,1013026,0.0,#2F92A1
2024-06-11,Pierce County,KP.4.1,0.0,1013026,0.0,#FF473A
2024-06-11,Pierce County,KQ.1,0.0,1013026,0.0,#E86CDE
2024-06-11,Pierce County,KV.2,0.0,1013026,0.0,#E14365
2024-06-11,Pierce County,KW.1.1,0.0,1013026,0.0,#34A0FF
2024-06-11,Pierce County,LB.1,17492.230076890002,1013026,0.0172673061470189,#795653
2024-06-11,Pierce County,Recombinant,0.0,1013026,0.0,#FF0000
2024-06-11,Pierce County,XBB,0.0,1013026,0.0,#9FA8DA
2024-06-11,Pierce County,XBB.1.16,0.0,1013026,0.0,#4527A0
2024-06-11,Pierce County,XBB.1.16.1,0.0,1013026,0.0,#F89B9B
2024-06-11,Pierce County,XBB.1.16.15,0.0,1013026,0.0,#E3B5FA
2024-06-11,Pierce County,XBB.1.16.6,0.0,1013026,0.0,#5AA350
2024-06-11,Pierce County,XBB.1.42.1,0.0,1013026,0.0,#75D1A3
2024-06-11,Pierce County,XBB.1.5,0.0,1013026,0.0,#3F51B5
2024-06-11,Pierce County,XBB.1.5.70,0.0,1013026,0.0,#46783C
2024-06-11,Pierce County,XBB.1.5.72,0.0,1013026,0.0,#254220
2024-06-11,Pierce County,XBB.1.9.1,0.0,1013026,0.0,#304FFE
2024-06-11,Pierce County,XBB.1.9.2,0.0,1013026,0.0,#536DFE
2024-06-11,Pierce County,XBB.2.3,0.0,1013026,0.0,#F7BCDF
2024-06-11,Pierce County,XDP,0.0,1013026,0.0,#B60052
2024-06-11,Pierce County,XDV.1,0.0,1013026,0.0,#D367B6
2024-06-11,Pierce County,unreportable,6786.015701740001,1013026,0.0066987576841463,#eeeeee
2024-06-11,Spokane County,BA.2,0.0,713850,0.0,#9CCD67
2024-06-11,Spokane County,BA.2.12.1,0.0,713850,0.0,#7CB342
2024-06-11,Spokane County,BA.2.86,0.0,713850,0.0,#D770EE
2024-06-11,Spokane County,EG.5,0.0,713850,0.0,#FFBE7D
2024-06-11,Spokane County,EG.5.1.8,0.0,713850,0.0,#E14D6F
2024-06-11,Spokane County,EG.6.1,0.0,713850,0.0,#B9ABA8
2024-06-11,Spokane County,FE.1.1,0.0,713850,0.0,#499894
2024-06-11,Spokane County,FL.1.5.1,0.0,713850,0.0,#8CD17D
2024-06-11,Spokane County,GE.1,0.0,713850,0.0,#FABFD2
2024-06-11,Spokane County,GK.1.1,0.0,713850,0.0,#90FAE5
2024-06-11,Spokane County,HF.1,0.0,713850,0.0,#D399AD
2024-06-11,Spokane County,HK.3,0.0,713850,0.0,#859DBC
2024-06-11,Spokane County,HV.1,0.0,713850,0.0,#797765
2024-06-11,Spokane County,JD.1.1,0.0,713850,0.0,#80F192
2024-06-11,Spokane County,JF.1,0.0,713850,0.0,#FFF1A9
2024-06-11,Spokane County,JG.3,0.0,713850,0.0,#66A172
2024-06-11,Spokane County,JN.1,24293.4647985,713850,0.03403161,#61018F
2024-06-11,Spokane County,JN.1.11.1,188117.906607,713850,0.26352582,#5C9CF1
2024-06-11,Spokane County,JN.1.13,0.0,713850,0.0,#E83C78
2024-06-11,Spokane County,JN.1.13.1,56600.995176,713850,0.07928976,#F2591C
2024-06-11,Spokane County,JN.1.16,0.0,713850,0.0,#BC3A88
2024-06-11,Spokane County,JN.1.16.1,22851.809031,713850,0.0320120599999999,#366298
2024-06-11,Spokane County,JN.1.18,965.739111,713850,0.00135286,#4AF32F
2024-06-11,Spokane County,JN.1.32,0.0,713850,0.0,#2E7919
2024-06-11,Spokane County,JN.1.4.3,0.0,713850,0.0,#9D1010
2024-06-11,Spokane County,JN.1.7,1535.462796,713850,0.00215096,#CF15E8
2024-06-11,Spokane County,JN.1.8.1,0.0,713850,0.0,#FFB027
2024-06-11,Spokane County,KP.1.1,0.0,713850,0.0,#CBFF86
2024-06-11,Spokane County,KP.1.1.3,0.0,713850,0.0,#1EB3B6
2024-06-11,Spokane County,KP.1.2,0.0,713850,0.0,#D7B5A6
2024-06-11,Spokane County,KP.2,130675.9461615,713850,0.18305799,#5875A1
2024-06-11,Spokane County,KP.2.15,5400.2823885,713850,0.00756501,#175DFF
2024-06-11,Spokane County,KP.2.3,37482.935739,713850,0.05250814,#628DE8
2024-06-11,Spokane County,KP.3,57259.821618,713850,0.08021268,#B06589
2024-06-11,Spokane County,KP.3.1.1,174771.6456525,713850,0.24482965,#2F92A1
2024-06-11,Spokane County,KP.4.1,0.0,713850,0.0,#FF473A
2024-06-11,Spokane County,KQ.1,0.0,713850,0.0,#E86CDE
2024-06-11,Spokane County,KV.2,0.0,713850,0.0,#E14365
2024-06-11,Spokane County,KW.1.1,2279.9012685,713850,0.00319381,#34A0FF
2024-06-11,Spokane County,LB.1,0.0,713850,0.0,#795653
2024-06-11,Spokane County,Recombinant,0.0,713850,0.0,#FF0000
2024-06-11,Spokane County,XBB,0.0,713850,0.0,#9FA8DA
2024-06-11,Spokane County,XBB.1.16,0.0,713850,0.0,#4527A0
2024-06-11,Spokane County,XBB.1.16.1,0.0,713850,0.0,#F89B9B
2024-06-11,Spokane County,XBB.1.16.15,0.0,713850,0.0,#E3B5FA
2024-06-11,Spokane County,XBB.1.16.6,0.0,713850,0.0,#5AA350
2024-06-11,Spokane County,XBB.1.42.1,0.0,713850,0.0,#75D1A3
2024-06-11,Spokane County,XBB.1.5,0.0,713850,0.0,#3F51B5
2024-06-11,Spokane County,XBB.1.5.70,0.0,713850,0.0,#46783C
2024-06-11,Spokane County,XBB.1.5.72,0.0,713850,0.0,#254220
2024-06-11,Spokane County,XBB.1.9.1,0.0,713850,0.0,#304FFE
2024-06-11,Spokane County,XBB.1.9.2,0.0,713850,0.0,#536DFE
2024-06-11,Spokane County,XBB.2.3,0.0,713850,0.0,#F7BCDF
2024-06-11,Spokane County,XDP,0.0,713850,0.0,#B60052
2024-06-11,Spokane County,XDV.1,0.0,713850,0.0,#D367B6
2024-06-11,Spokane County,unreportable,11614.082514,713850,0.01626964,#eeeeee
2024-06-11,Thurston County,BA.2,0.0,166384,0.0,#9CCD67
2024-06-11,Thurston County,BA.2.12.1,0.0,166384,0.0,#7CB342
2024-06-11,Thurston County,BA.2.86,0.0,166384,0.0,#D770EE
2024-06-11,Thurston County,EG.5,0.0,166384,0.0,#FFBE7D
2024-06-11,Thurston County,EG.5.1.8,0.0,166384,0.0,#E14D6F
2024-06-11,Thurston County,EG.6.1,0.0,166384,0.0,#B9ABA8
2024-06-11,Thurston County,FE.1.1,0.0,166384,0.0,#499894
2024-06-11,Thurston County,FL.1.5.1,0.0,166384,0.0,#8CD17D
2024-06-11,Thurston County,GE.1,0.0,166384,0.0,#FABFD2
2024-06-11,Thurston County,GK.1.1,0.0,166384,0.0,#90FAE5
2024-06-11,Thurston County,HF.1,0.0,166384,0.0,#D399AD
2024-06-11,Thurston County,HK.3,0.0,166384,0.0,#859DBC
2024-06-11,Thurston County,HV.1,0.0,166384,0.0,#797765
2024-06-11,Thurston County,JD.1.1,0.0,166384,0.0,#80F192
2024-06-11,Thurston County,JF.1,0.0,166384,0.0,#FFF1A9
2024-06-11,Thurston County,JG.3,0.0,166384,0.0,#66A172
2024-06-11,Thurston County,JN.1,44452.30142,166384,0.2671669236224637,#61018F
2024-06-11,Thurston County,JN.1.11.1,808.8767065599999,166384,0.0048615053524377,#5C9CF1
2024-06-11,Thurston County,JN.1.13,0.0,166384,0.0,#E83C78
2024-06-11,Thurston County,JN.1.13.1,0.0,166384,0.0,#F2591C
2024-06-11,Thurston County,JN.1.16,0.0,166384,0.0,#BC3A88
2024-06-11,Thurston County,JN.1.16.1,580.64396048,166384,0.0034897824338878,#366298
2024-06-11,Thurston County,JN.1.18,93.4259456,166384,0.0005615079911529,#4AF32F
2024-06-11,Thurston County,JN.1.32,369.61375360000005,166384,0.0022214501009712,#2E7919
2024-06-11,Thurston County,JN.1.4.3,272.01113472,166384,0.0016348394961053,#9D1010
2024-06-11,Thurston County,JN.1.7,22845.585628319997,166384,0.1373063853995576,#CF15E8
2024-06-11,Thurston County,JN.1.8.1,0.0,166384,0.0,#FFB027
2024-06-11,Thurston County,KP.1.1,38462.01244304,166384,0.2311641290210596,#CBFF86
2024-06-11,Thurston County,KP.1.1.3,821.299812,166384,0.004936170617367,#1EB3B6
2024-06-11,Thurston County,KP.1.2,459.20141696,166384,0.0027598892739686,#D7B5A6
2024-06-11,Thurston County,KP.2,15121.67199872,166384,0.0908841715472641,#5875A1
2024-06-11,Thurston County,KP.2.15,955.99259328,166384,0.0057457002673333,#175DFF
2024-06-11,Thurston County,KP.2.3,8864.768622880001,166384,0.0532789728752764,#628DE8
2024-06-11,Thurston County,KP.3,8997.84612128,166384,0.0540787943629195,#B06589
2024-06-11,Thurston County,KP.3.1.1,14752.9895928,166384,0.0886683190258678,#2F92A1
2024-06-11,Thurston County,KP.4.1,49.42010112,166384,0.0002970243600346,#FF473A
2024-06-11,Thurston County,KQ.1,755.8652940799999,166384,0.0045428965169727,#E86CDE
2024-06-11,Thurston County,KV.2,0.0,166384,0.0,#E14365
2024-06-11,Thurston County,KW.1.1,0.0,166384,0.0,#34A0FF
2024-06-11,Thurston County,LB.1,4800.0671904,166384,0.0288493316088085,#795653
2024-06-11,Thurston County,Recombinant,0.0,166384,0.0,#FF0000
2024-06-11,Thurston County,XBB,0.0,166384,0.0,#9FA8DA
2024-06-11,Thurston County,XBB.1.16,0.0,166384,0.0,#4527A0
2024-06-11,Thurston County,XBB.1.16.1,0.0,166384,0.0,#F89B9B
2024-06-11,Thurston County,XBB.1.16.15,0.0,166384,0.0,#E3B5FA
2024-06-11,Thurston County,XBB.1.16.6,0.0,166384,0.0,#5AA350
2024-06-11,Thurston County,XBB.1.42.1,0.0,166384,0.0,#75D1A3
2024-06-11,Thurston County,XBB.1.5,0.0,166384,0.0,#3F51B5
2024-06-11,Thurston County,XBB.1.5.70,0.0,166384,0.0,#46783C
2024-06-11,Thurston County,XBB.1.5.72,0.0,166384,0.0,#254220
2024-06-11,Thurston County,XBB.1.9.1,0.0,166384,0.0,#304FFE
2024-06-11,Thurston County,XBB.1.9.2,0.0,166384,0.0,#536DFE
2024-06-11,Thurston County,XBB.2.3,0.0,166384,0.0,#F7BCDF
2024-06-11,Thurston County,XDP,0.0,166384,0.0,#B60052
2024-06-11,Thurston County,XDV.1,0.0,166384,0.0,#D367B6
2024-06-11,Thurston County,unreportable,2920.4059648,166384,0.0175522043273391,#eeeeee
2024-06-11,Walla Walla County,BA.2,0.0,1387879,0.0,#9CCD67
2024-06-11,Walla Walla County,BA.2.12.1,0.0,1387879,0.0,#7CB342
2024-06-11,Walla Walla County,BA.2.86,0.0,1387879,0.0,#D770EE
2024-06-11,Walla Walla County,EG.5,0.0,1387879,0.0,#FFBE7D
2024-06-11,Walla Walla County,EG.5.1.8,0.0,1387879,0.0,#E14D6F
2024-06-11,Walla Walla County,EG.6.1,0.0,1387879,0.0,#B9ABA8
2024-06-11,Walla Walla County,FE.1.1,0.0,1387879,0.0,#499894
2024-06-11,Walla Walla County,FL.1.5.1,0.0,1387879,0.0,#8CD17D
2024-06-11,Walla Walla County,GE.1,0.0,1387879,0.0,#FABFD2
2024-06-11,Walla Walla County,GK.1.1,0.0,1387879,0.0,#90FAE5
2024-06-11,Walla Walla County,HF.1,0.0,1387879,0.0,#D399AD
2024-06-11,Walla Walla County,HK.3,0.0,1387879,0.0,#859DBC
2024-06-11,Walla Walla County,HV.1,0.0,1387879,0.0,#797765
2024-06-11,Walla Walla County,JD.1.1,0.0,1387879,0.0,#80F192
2024-06-11,Walla Walla County,JF.1,0.0,1387879,0.0,#FFF1A9
2024-06-11,Walla Walla County,JG.3,0.0,1387879,0.0,#66A172
2024-06-11,Walla Walla County,JN.1,4688.136844799999,1387879,0.0033779146775763,#61018F
2024-06-11,Walla Walla County,JN.1.11.1,837.6696,1387879,0.0006035609732548,#5C9CF1
2024-06-11,Walla Walla County,JN.1.13,0.0,1387879,0.0,#E83C78
2024-06-11,Walla Walla County,JN.1.13.1,0.0,1387879,0.0,#F2591C
2024-06-11,Walla Walla County,JN.1.16,0.0,1387879,0.0,#BC3A88
2024-06-11,Walla Walla County,JN.1.16.1,20749.64546944,1387879,0.0149506156296334,#366298
2024-06-11,Walla Walla County,JN.1.18,0.0,1387879,0.0,#4AF32F
2024-06-11,Walla Walla County,JN.1.32,0.0,1387879,0.0,#2E7919
2024-06-11,Walla Walla County,JN.1.4.3,0.0,1387879,0.0,#9D1010
2024-06-11,Walla Walla County,JN.1.7,101878.68725687,1387879,0.0734060298173471,#CF15E8
2024-06-11,Walla Walla County,JN.1.8.1,0.0,1387879,0.0,#FFB027
2024-06-11,Walla Walla County,KP.1.1,0.0,1387879,0.0,#CBFF86
2024-06-11,Walla Walla County,KP.1.1.3,53794.01378816,1387879,0.0387598730063355,#1EB3B6
2024-06-11,Walla Walla County,KP.1.2,63870.42905792,1387879,0.0460201711085188,#D7B5A6
2024-06-11,Walla Walla County,KP.2,647510.93103398,1387879,0.4665471060762357,#5875A1
2024-06-11,Walla Walla County,KP.2.15,2138.95726464,1387879,0.0015411698459591,#175DFF
2024-06-11,Walla Walla County,KP.2.3,140110.24161664,1387879,0.1009527787484644,#628DE8
2024-06-11,Walla Walla County,KP.3,186803.49972269,1387879,0.1345963875256344,#B06589
2024-06-11,Walla Walla County,KP.3.1.1,2025.99379423,1387879,0.0014597769648722,#2F92A1
2024-06-11,Walla Walla County,KP.4.1,0.0,1387879,0.0,#FF473A
2024-06-11,Walla Walla County,KQ.1,12384.1625216,1387879,0.0089230851692402,#E86CDE
2024-06-11,Walla Walla County,KV.2,536.4725683199999,1387879,0.0003865413111085,#E14365
2024-06-11,Walla Walla County,KW.1.1,0.0,1387879,0.0,#34A0FF
2024-06-11,Walla Walla County,LB.1,141120.99926528,1387879,0.1016810537988398,#795653
2024-06-11,Walla Walla County,Recombinant,0.0,1387879,0.0,#FF0000
2024-06-11,Walla Walla County,XBB,0.0,1387879,0.0,#9FA8DA
2024-06-11,Walla Walla County,XBB.1.16,0.0,1387879,0.0,#4527A0
2024-06-11,Walla Walla County,XBB.1.16.1,0.0,1387879,0.0,#F89B9B
2024-06-11,Walla Walla County,XBB.1.16.15,0.0,1387879,0.0,#E3B5FA
2024-06-11,Walla Walla County,XBB.1.16.6,0.0,1387879,0.0,#5AA350
2024-06-11,Walla Walla County,XBB.1.42.1,0.0,1387879,0.0,#75D1A3
2024-06-11,Walla Walla County,XBB.1.5,0.0,1387879,0.0,#3F51B5
2024-06-11,Walla Walla County,XBB.1.5.70,0.0,1387879,0.0,#46783C
2024-06-11,Walla Walla County,XBB.1.5.72,0.0,1387879,0.0,#254220
2024-06-11,Walla Walla County,XBB.1.9.1,0.0,1387879,0.0,#304FFE
2024-06-11,Walla Walla County,XBB.1.9.2,0.0,1387879,0.0,#536DFE
2024-06-11,Walla Walla County,XBB.2.3,0.0,1387879,0.0,#F7BCDF
2024-06-11,Walla Walla County,XDP,0.0,1387879,0.0,#B60052
2024-06-11,Walla Walla County,XDV.1,0.0,1387879,0.0,#D367B6
2024-06-11,Walla Walla County,unreportable,9429.17407422,1387879,0.006793945346979,#eeeeee
2024-06-11,Whitman County,BA.2,0.0,245487,0.0,#9CCD67
2024-06-11,Whitman County,BA.2.12.1,0.0,245487,0.0,#7CB342
2024-06-11,Whitman County,BA.2.86,0.0,245487,0.0,#D770EE
2024-06-11,Whitman County,EG.5,0.0,245487,0.0,#FFBE7D
2024-06-11,Whitman County,EG.5.1.8,0.0,245487,0.0,#E14D6F
2024-06-11,Whitman County,EG.6.1,0.0,245487,0.0,#B9ABA8
2024-06-11,Whitman County,FE.1.1,0.0,245487,0.0,#499894
2024-06-11,Whitman County,FL.1.5.1,0.0,245487,0.0,#8CD17D
2024-06-11,Whitman County,GE.1,0.0,245487,0.0,#FABFD2
2024-06-11,Whitman County,GK.1.1,0.0,245487,0.0,#90FAE5
2024-06-11,Whitman County,HF.1,0.0,245487,0.0,#D399AD
2024-06-11,Whitman County,HK.3,0.0,245487,0.0,#859DBC
2024-06-11,Whitman County,HV.1,0.0,245487,0.0,#797765
2024-06-11,Whitman County,JD.1.1,0.0,245487,0.0,#80F192
2024-06-11,Whitman County,JF.1,0.0,245487,0.0,#FFF1A9
2024-06-11,Whitman County,JG.3,0.0,245487,0.0,#66A172
2024-06-11,Whitman County,JN.1,11234.45724852,245487,0.04576396,#61018F
2024-06-11,Whitman County,JN.1.11.1,479.19553374,245487,0.00195202,#5C9CF1
2024-06-11,Whitman County,JN.1.13,0.0,245487,0.0,#E83C78
2024-06-11,Whitman County,JN.1.13.1,0.0,245487,0.0,#F2591C
2024-06-11,Whitman County,JN.1.16,0.0,245487,0.0,#BC3A88
2024-06-11,Whitman County,JN.1.16.1,20746.38377031,245487,0.0845111299999999,#366298
2024-06-11,Whitman County,JN.1.18,0.0,245487,0.0,#4AF32F
2024-06-11,Whitman County,JN.1.32,0.0,245487,0.0,#2E7919
2024-06-11,Whitman County,JN.1.4.3,0.0,245487,0.0,#9D1010
2024-06-11,Whitman County,JN.1.7,0.0,245487,0.0,#CF15E8
2024-06-11,Whitman County,JN.1.8.1,0.0,245487,0.0,#FFB027
2024-06-11,Whitman County,KP.1.1,25344.34055109,245487,0.10324107,#CBFF86
2024-06-11,Whitman County,KP.1.1.3,10290.98933577,245487,0.04192071,#1EB3B6
2024-06-11,Whitman County,KP.1.2,0.0,245487,0.0,#D7B5A6
2024-06-11,Whitman County,KP.2,72468.51849996,245487,0.29520308,#5875A1
2024-06-11,Whitman County,KP.2.15,0.0,245487,0.0,#175DFF
2024-06-11,Whitman County,KP.2.3,1289.41801263,245487,0.00525249,#628DE8
2024-06-11,Whitman County,KP.3,10853.28712875,245487,0.04421125,#B06589
2024-06-11,Whitman County,KP.3.1.1,0.0,245487,0.0,#2F92A1
2024-06-11,Whitman County,KP.4.1,28486.36548714,245487,0.11604022,#FF473A
2024-06-11,Whitman County,KQ.1,0.0,245487,0.0,#E86CDE
2024-06-11,Whitman County,KV.2,0.0,245487,0.0,#E14365
2024-06-11,Whitman County,KW.1.1,0.0,245487,0.0,#34A0FF
2024-06-11,Whitman County,LB.1,56413.25382693,245487,0.22980139,#795653
2024-06-11,Whitman County,Recombinant,430.093224,245487,0.001752,#FF0000
2024-06-11,Whitman County,XBB,0.0,245487,0.0,#9FA8DA
2024-06-11,Whitman County,XBB.1.16,0.0,245487,0.0,#4527A0
2024-06-11,Whitman County,XBB.1.16.1,0.0,245487,0.0,#F89B9B
2024-06-11,Whitman County,XBB.1.16.15,0.0,245487,0.0,#E3B5FA
2024-06-11,Whitman County,XBB.1.16.6,0.0,245487,0.0,#5AA350
2024-06-11,Whitman County,XBB.1.42.1,0.0,245487,0.0,#75D1A3
2024-06-11,Whitman County,XBB.1.5,0.0,245487,0.0,#3F51B5
2024-06-11,Whitman County,XBB.1.5.70,0.0,245487,0.0,#46783C
2024-06-11,Whitman County,XBB.1.5.72,0.0,245487,0.0,#254220
2024-06-11,Whitman County,XBB.1.9.1,0.0,245487,0.0,#304FFE
2024-06-11,Whitman County,XBB.1.9.2,0.0,245487,0.0,#536DFE
2024-06-11,Whitman County,XBB.2.3,0.0,245487,0.0,#F7BCDF
2024-06-11,Whitman County,XDP,0.0,245487,0.0,#B60052
2024-06-11,Whitman County,XDV.1,0.0,245487,0.0,#D367B6
2024-06-11,Whitman County,unreportable,7450.699836029999,245487,0.0303506899999999,#eeeeee
2024-06-11,Yakima County,BA.2,0.0,1078100,0.0,#9CCD67
2024-06-11,Yakima County,BA.2.12.1,0.0,1078100,0.0,#7CB342
2024-06-11,Yakima County,BA.2.86,0.0,1078100,0.0,#D770EE
2024-06-11,Yakima County,EG.5,0.0,1078100,0.0,#FFBE7D
2024-06-11,Yakima County,EG.5.1.8,0.0,1078100,0.0,#E14D6F
2024-06-11,Yakima County,EG.6.1,0.0,1078100,0.0,#B9ABA8
2024-06-11,Yakima County,FE.1.1,0.0,1078100,0.0,#499894
2024-06-11,Yakima County,FL.1.5.1,0.0,1078100,0.0,#8CD17D
2024-06-11,Yakima County,GE.1,0.0,1078100,0.0,#FABFD2
2024-06-11,Yakima County,GK.1.1,0.0,1078100,0.0,#90FAE5
2024-06-11,Yakima County,HF.1,0.0,1078100,0.0,#D399AD
2024-06-11,Yakima County,HK.3,0.0,1078100,0.0,#859DBC
2024-06-11,Yakima County,HV.1,0.0,1078100,0.0,#797765
2024-06-11,Yakima County,JD.1.1,0.0,1078100,0.0,#80F192
2024-06-11,Yakima County,JF.1,0.0,1078100,0.0,#FFF1A9
2024-06-11,Yakima County,JG.3,0.0,1078100,0.0,#66A172
2024-06-11,Yakima County,JN.1,21805.871156,1078100,0.020226204578425,#61018F
2024-06-11,Yakima County,JN.1.11.1,113727.92623199998,1078100,0.1054892182840181,#5C9CF1
2024-06-11,Yakima County,JN.1.13,0.0,1078100,0.0,#E83C78
2024-06-11,Yakima County,JN.1.13.1,0.0,1078100,0.0,#F2591C
2024-06-11,Yakima County,JN.1.16,0.0,1078100,0.0,#BC3A88
2024-06-11,Yakima County,JN.1.16.1,12983.2809644,1078100,0.0120427427552175,#366298
2024-06-11,Yakima County,JN.1.18,52441.5132816,1078100,0.0486425315662739,#4AF32F
2024-06-11,Yakima County,JN.1.32,179521.022668,1078100,0.166516114152676,#2E7919
2024-06-11,Yakima County,JN.1.4.3,0.0,1078100,0.0,#9D1010
2024-06-11,Yakima County,JN.1.7,0.0,1078100,0.0,#CF15E8
2024-06-11,Yakima County,JN.1.8.1,0.0,1078100,0.0,#FFB027
2024-06-11,Yakima County,KP.1.1,0.0,1078100,0.0,#CBFF86
2024-06-11,Yakima County,KP.1.1.3,0.0,1078100,0.0,#1EB3B6
2024-06-11,Yakima County,KP.1.2,0.0,1078100,0.0,#D7B5A6
2024-06-11,Yakima County,KP.2,1770.2912256,1078100,0.0016420473291902,#5875A1
2024-06-11,Yakima County,KP.2.15,1253.8663008,1078100,0.0011630333928207,#175DFF
2024-06-11,Yakima County,KP.2.3,0.0,1078100,0.0,#628DE8
2024-06-11,Yakima County,KP.3,660249.6630054001,1078100,0.6124196855629349,#B06589
2024-06-11,Yakima County,KP.3.1.1,0.0,1078100,0.0,#2F92A1
2024-06-11,Yakima County,KP.4.1,0.0,1078100,0.0,#FF473A
2024-06-11,Yakima County,KQ.1,0.0,1078100,0.0,#E86CDE
2024-06-11,Yakima County,KV.2,0.0,1078100,0.0,#E14365
2024-06-11,Yakima County,KW.1.1,1098.732077,1078100,0.0010191374427233,#34A0FF
2024-06-11,Yakima County,LB.1,25977.2445552,1078100,0.0240953942632408,#795653
2024-06-11,Yakima County,Recombinant,0.0,1078100,0.0,#FF0000
2024-06-11,Yakima County,XBB,0.0,1078100,0.0,#9FA8DA
2024-06-11,Yakima County,XBB.1.16,0.0,1078100,0.0,#4527A0
2024-06-11,Yakima County,XBB.1.16.1,0.0,1078100,0.0,#F89B9B
2024-06-11,Yakima County,XBB.1.16.15,0.0,1078100,0.0,#E3B5FA
2024-06-11,Yakima County,XBB.1.16.6,0.0,1078100,0.0,#5AA350
2024-06-11,Yakima County,XBB.1.42.1,0.0,1078100,0.0,#75D1A3
2024-06-11,Yakima County,XBB.1.5,0.0,1078100,0.0,#3F51B5
2024-06-11,Yakima County,XBB.1.5.70,0.0,1078100,0.0,#46783C
2024-06-11,Yakima County,XBB.1.5.72,0.0,1078100,0.0,#254220
2024-06-11,Yakima County,XBB.1.9.1,0.0,1078100,0.0,#304FFE
2024-06-11,Yakima County,XBB.1.9.2,0.0,1078100,0.0,#536DFE
2024-06-11,Yakima County,XBB.2.3,0.0,1078100,0.0,#F7BCDF
2024-06-11,Yakima County,XDP,0.0,1078100,0.0,#B60052
2024-06-11,Yakima County,XDV.1,0.0,1078100,0.0,#D367B6
2024-06-11,Yakima County,unreportable,7270.5851596,1078100,0.0067438875425285,#eeeeee
2024-06-18,Benton County,BA.2,0.0,502178,0.0,#9CCD67
2024-06-18,Benton County,BA.2.12.1,0.0,502178,0.0,#7CB342
2024-06-18,Benton County,BA.2.86,0.0,502178,0.0,#D770EE
2024-06-18,Benton County,EG.5,0.0,502178,0.0,#FFBE7D
2024-06-18,Benton County,EG.5.1.8,0.0,502178,0.0,#E14D6F
2024-06-18,Benton County,EG.6.1,0.0,502178,0.0,#B9ABA8
2024-06-18,Benton County,FE.1.1,0.0,502178,0.0,#499894
2024-06-18,Benton County,FL.1.5.1,0.0,502178,0.0,#8CD17D
2024-06-18,Benton County,GE.1,0.0,502178,0.0,#FABFD2
2024-06-18,Benton County,GK.1.1,0.0,502178,0.0,#90FAE5
2024-06-18,Benton County,HF.1,0.0,502178,0.0,#D399AD
2024-06-18,Benton County,HK.3,0.0,502178,0.0,#859DBC
2024-06-18,Benton County,HV.1,0.0,502178,0.0,#797765
2024-06-18,Benton County,JD.1.1,0.0,502178,0.0,#80F192
2024-06-18,Benton County,JF.1,0.0,502178,0.0,#FFF1A9
2024-06-18,Benton County,JG.3,0.0,502178,0.0,#66A172
2024-06-18,Benton County,JN.1,2792.99853506,502178,0.00556177,#61018F
2024-06-18,Benton County,JN.1.11.1,0.0,502178,0.0,#5C9CF1
2024-06-18,Benton County,JN.1.13,0.0,502178,0.0,#E83C78
2024-06-18,Benton County,JN.1.13.1,0.0,502178,0.0,#F2591C
2024-06-18,Benton County,JN.1.16,0.0,502178,0.0,#BC3A88
2024-06-18,Benton County,JN.1.16.1,67869.14076346,502178,0.13514957,#366298
2024-06-18,Benton County,JN.1.18,1022.80601972,502178,0.00203674,#4AF32F
2024-06-18,Benton County,JN.1.32,0.0,502178,0.0,#2E7919
2024-06-18,Benton County,JN.1.4.3,0.0,502178,0.0,#9D1010
2024-06-18,Benton County,JN.1.7,0.0,502178,0.0,#CF15E8
2024-06-18,Benton County,JN.1.8.1,0.0,502178,0.0,#FFB027
2024-06-18,Benton County,KP.1.1,0.0,502178,0.0,#CBFF86
2024-06-18,Benton County,KP.1.1.3,36536.33200172,502178,0.07275574,#1EB3B6
2024-06-18,Benton County,KP.1.2,0.0,502178,0.0,#D7B5A6
2024-06-18,Benton County,KP.2,1848.98424354,502178,0.0036819299999999,#5875A1
2024-06-18,Benton County,KP.2.15,0.0,502178,0.0,#175DFF
2024-06-18,Benton County,KP.2.3,329258.28861256,502178,0.65566052,#628DE8
2024-06-18,Benton County,KP.3,55933.21838428,502178,0.11138126,#B06589
2024-06-18,Benton County,KP.3.1.1,0.0,502178,0.0,#2F92A1
2024-06-18,Benton County,KP.4.1,0.0,502178,0.0,#FF473A
2024-06-18,Benton County,KQ.1,0.0,502178,0.0,#E86CDE
2024-06-18,Benton County,KV.2,0.0,502178,0.0,#E14365
2024-06-18,Benton County,KW.1.1,0.0,502178,0.0,#34A0FF
2024-06-18,Benton County,LB.1,0.0,502178,0.0,#795653
2024-06-18,Benton County,Recombinant,0.0,502178,0.0,#FF0000
2024-06-18,Benton County,XBB,0.0,502178,0.0,#9FA8DA
2024-06-18,Benton County,XBB.1.16,0.0,502178,0.0,#4527A0
2024-06-18,Benton County,XBB.1.16.1,0.0,502178,0.0,#F89B9B
2024-06-18,Benton County,XBB.1.16.15,0.0,502178,0.0,#E3B5FA
2024-06-18,Benton County,XBB.1.16.6,0.0,502178,0.0,#5AA350
2024-06-18,Benton County,XBB.1.42.1,0.0,502178,0.0,#75D1A3
2024-06-18,Benton County,XBB.1.5,0.0,502178,0.0,#3F51B5
2024-06-18,Benton County,XBB.1.5.70,0.0,502178,0.0,#46783C
2024-06-18,Benton County,XBB.1.5.72,0.0,502178,0.0,#254220
2024-06-18,Benton County,XBB.1.9.1,0.0,502178,0.0,#304FFE
2024-06-18,Benton County,XBB.1.9.2,0.0,502178,0.0,#536DFE
2024-06-18,Benton County,XBB.2.3,0.0,502178,0.0,#F7BCDF
2024-06-18,Benton County,XDP,0.0,502178,0.0,#B60052
2024-06-18,Benton County,XDV.1,0.0,502178,0.0,#D367B6
2024-06-18,Benton County,unreportable,6916.226417880001,502178,0.01377246,#eeeeee
2024-06-18,Chelan County,BA.2,0.0,923896,0.0,#9CCD67
2024-06-18,Chelan County,BA.2.12.1,0.0,923896,0.0,#7CB342
2024-06-18,Chelan County,BA.2.86,0.0,923896,0.0,#D770EE
2024-06-18,Chelan County,EG.5,0.0,923896,0.0,#FFBE7D
2024-06-18,Chelan County,EG.5.1.8,0.0,923896,0.0,#E14D6F
2024-06-18,Chelan County,EG.6.1,0.0,923896,0.0,#B9ABA8
2024-06-18,Chelan County,FE.1.1,0.0,923896,0.0,#499894
2024-06-18,Chelan County,FL.1.5.1,0.0,923896,0.0,#8CD17D
2024-06-18,Chelan County,GE.1,0.0,923896,0.0,#FABFD2
2024-06-18,Chelan County,GK.1.1,0.0,923896,0.0,#90FAE5
2024-06-18,Chelan County,HF.1,0.0,923896,0.0,#D399AD
2024-06-18,Chelan County,HK.3,0.0,923896,0.0,#859DBC
2024-06-18,Chelan County,HV.1,0.0,923896,0.0,#797765
2024-06-18,Chelan County,JD.1.1,0.0,923896,0.0,#80F192
2024-06-18,Chelan County,JF.1,0.0,923896,0.0,#FFF1A9
2024-06-18,Chelan County,JG.3,0.0,923896,0.0,#66A172
2024-06-18,Chelan County,JN.1,21043.12136656,923896,0.0227765044621472,#61018F
2024-06-18,Chelan County,JN.1.11.1,78277.90009244,923896,0.0847258783374319,#5C9CF1
2024-06-18,Chelan County,JN.1.13,0.0,923896,0.0,#E83C78
2024-06-18,Chelan County,JN.1.13.1,0.0,923896,0.0,#F2591C
2024-06-18,Chelan County,JN.1.16,0.0,923896,0.0,#BC3A88
2024-06-18,Chelan County,JN.1.16.1,115389.7546806,923896,0.1248947443008736,#366298
2024-06-18,Chelan County,JN.1.18,1422.4178988,923896,0.0015395865971927,#4AF32F
2024-06-18,Chelan County,JN.1.32,0.0,923896,0.0,#2E7919
2024-06-18,Chelan County,JN.1.4.3,0.0,923896,0.0,#9D1010
2024-06-18,Chelan County,JN.1.7,0.0,923896,0.0,#CF15E8
2024-06-18,Chelan County,JN.1.8.1,0.0,923896,0.0,#FFB027
2024-06-18,Chelan County,KP.1.1,1249.3433196,923896,0.0013522553616424,#CBFF86
2024-06-18,Chelan County,KP.1.1.3,0.0,923896,0.0,#1EB3B6
2024-06-18,Chelan County,KP.1.2,0.0,923896,0.0,#D7B5A6
2024-06-18,Chelan County,KP.2,328349.535165,923896,0.3553966411425096,#5875A1
2024-06-18,Chelan County,KP.2.15,2084.2234472,923896,0.0022559069929948,#175DFF
2024-06-18,Chelan County,KP.2.3,21281.58312424,923896,0.0230346090082,#628DE8
2024-06-18,Chelan County,KP.3,41112.0101448,923896,0.0444985259648272,#B06589
2024-06-18,Chelan County,KP.3.1.1,110472.74496976,923896,0.1195727062026029,#2F92A1
2024-06-18,Chelan County,KP.4.1,0.0,923896,0.0,#FF473A
2024-06-18,Chelan County,KQ.1,0.0,923896,0.0,#E86CDE
2024-06-18,Chelan County,KV.2,0.0,923896,0.0,#E14365
2024-06-18,Chelan County,KW.1.1,0.0,923896,0.0,#34A0FF
2024-06-18,Chelan County,LB.1,194833.8421398,923896,0.2108828722494739,#795653
2024-06-18,Chelan County,Recombinant,0.0,923896,0.0,#FF0000
2024-06-18,Chelan County,XBB,0.0,923896,0.0,#9FA8DA
2024-06-18,Chelan County,XBB.1.16,0.0,923896,0.0,#4527A0
2024-06-18,Chelan County,XBB.1.16.1,0.0,923896,0.0,#F89B9B
2024-06-18,Chelan County,XBB.1.16.15,0.0,923896,0.0,#E3B5FA
2024-06-18,Chelan County,XBB.1.16.6,0.0,923896,0.0,#5AA350
2024-06-18,Chelan County,XBB.1.42.1,0.0,923896,0.0,#75D1A3
2024-06-18,Chelan County,XBB.1.5,0.0,923896,0.0,#3F51B5
2024-06-18,Chelan County,XBB.1.5.70,0.0,923896,0.0,#46783C
2024-06-18,Chelan County,XBB.1.5.72,0.0,923896,0.0,#254220
2024-06-18,Chelan County,XBB.1.9.1,0.0,923896,0.0,#304FFE
2024-06-18,Chelan County,XBB.1.9.2,0.0,923896,0.0,#536DFE
2024-06-18,Chelan County,XBB.2.3,0.0,923896,0.0,#F7BCDF
2024-06-18,Chelan County,XDP,0.0,923896,0.0,#B60052
2024-06-18,Chelan County,XDV.1,0.0,923896,0.0,#D367B6
2024-06-18,Chelan County,unreportable,8379.531411,923896,0.0090697777791006,#eeeeee
2024-06-18,Franklin County,BA.2,0.0,1215063,0.0,#9CCD67
2024-06-18,Franklin County,BA.2.12.1,0.0,1215063,0.0,#7CB342
2024-06-18,Franklin County,BA.2.86,0.0,1215063,0.0,#D770EE
2024-06-18,Franklin County,EG.5,0.0,1215063,0.0,#FFBE7D
2024-06-18,Franklin County,EG.5.1.8,0.0,1215063,0.0,#E14D6F
2024-06-18,Franklin County,EG.6.1,0.0,1215063,0.0,#B9ABA8
2024-06-18,Franklin County,FE.1.1,0.0,1215063,0.0,#499894
2024-06-18,Franklin County,FL.1.5.1,0.0,1215063,0.0,#8CD17D
2024-06-18,Franklin County,GE.1,0.0,1215063,0.0,#FABFD2
2024-06-18,Franklin County,GK.1.1,0.0,1215063,0.0,#90FAE5
2024-06-18,Franklin County,HF.1,0.0,1215063,0.0,#D399AD
2024-06-18,Franklin County,HK.3,0.0,1215063,0.0,#859DBC
2024-06-18,Franklin County,HV.1,0.0,1215063,0.0,#797765
2024-06-18,Franklin County,JD.1.1,0.0,1215063,0.0,#80F192
2024-06-18,Franklin County,JF.1,0.0,1215063,0.0,#FFF1A9
2024-06-18,Franklin County,JG.3,0.0,1215063,0.0,#66A172
2024-06-18,Franklin County,JN.1,238903.51611829505,1215063,0.1966182133093469,#61018F
2024-06-18,Franklin County,JN.1.11.1,6290.313305924999,1215063,0.0051769441633273,#5C9CF1
2024-06-18,Franklin County,JN.1.13,0.0,1215063,0.0,#E83C78
2024-06-18,Franklin County,JN.1.13.1,0.0,1215063,0.0,#F2591C
2024-06-18,Franklin County,JN.1.16,27164.85370113,1215063,0.0223567450421336,#BC3A88
2024-06-18,Franklin County,JN.1.16.1,6524.21018451,1215063,0.0053694419009631,#366298
2024-06-18,Franklin County,JN.1.18,0.0,1215063,0.0,#4AF32F
2024-06-18,Franklin County,JN.1.32,0.0,1215063,0.0,#2E7919
2024-06-18,Franklin County,JN.1.4.3,0.0,1215063,0.0,#9D1010
2024-06-18,Franklin County,JN.1.7,28499.4949932,1215063,0.0234551582866073,#CF15E8
2024-06-18,Franklin County,JN.1.8.1,0.0,1215063,0.0,#FFB027
2024-06-18,Franklin County,KP.1.1,489.270615345,1215063,0.0004026709852452,#CBFF86
2024-06-18,Franklin County,KP.1.1.3,858.4410846,1215063,0.0007064992388049,#1EB3B6
2024-06-18,Franklin County,KP.1.2,0.0,1215063,0.0,#D7B5A6
2024-06-18,Franklin County,KP.2,230503.57530601497,1215063,0.1897050402374321,#5875A1
2024-06-18,Franklin County,KP.2.15,3657.644507265,1215063,0.0030102509147797,#175DFF
2024-06-18,Franklin County,KP.2.3,1411.18983975,1215063,0.0011614128977262,#628DE8
2024-06-18,Franklin County,KP.3,481984.614624405,1215063,0.3966745877575113,#B06589
2024-06-18,Franklin County,KP.3.1.1,0.0,1215063,0.0,#2F92A1
2024-06-18,Franklin County,KP.4.1,1922.250095895,1215063,0.0015820168138565,#FF473A
2024-06-18,Franklin County,KQ.1,0.0,1215063,0.0,#E86CDE
2024-06-18,Franklin County,KV.2,237.036409365,1215063,0.0001950815796094,#E14365
2024-06-18,Franklin County,KW.1.1,0.0,1215063,0.0,#34A0FF
2024-06-18,Franklin County,LB.1,170125.2441702,1215063,0.1400135171346671,#795653
2024-06-18,Franklin County,Recombinant,0.0,1215063,0.0,#FF0000
2024-06-18,Franklin County,XBB,0.0,1215063,0.0,#9FA8DA
2024-06-18,Franklin County,XBB.1.16,0.0,1215063,0.0,#4527A0
2024-06-18,Franklin County,XBB.1.16.1,0.0,1215063,0.0,#F89B9B
2024-06-18,Franklin County,XBB.1.16.15,0.0,1215063,0.0,#E3B5FA
2024-06-18,Franklin County,XBB.1.16.6,0.0,1215063,0.0,#5AA350
2024-06-18,Franklin County,XBB.1.42.1,0.0,1215063,0.0,#75D1A3
2024-06-18,Franklin County,XBB.1.5,0.0,1215063,0.0,#3F51B5
2024-06-18,Franklin County,XBB.1.5.70,0.0,1215063,0.0,#46783C
2024-06-18,Franklin County,XBB.1.5.72,0.0,1215063,0.0,#254220
2024-06-18,Franklin County,XBB.1.9.1,0.0,1215063,0.0,#304FFE
2024-06-18,Franklin County,XBB.1.9.2,0.0,1215063,0.0,#536DFE
2024-06-18,Franklin County,XBB.2.3,0.0,1215063,0.0,#F7BCDF
2024-06-18,Franklin County,XDP,0.0,1215063,0.0,#B60052
2024-06-18,Franklin County,XDV.1,0.0,1215063,0.0,#D367B6
2024-06-18,Franklin County,unreportable,16491.342654885,1215063,0.0135724177716587,#eeeeee
2024-06-18,Island County,BA.2,0.0,1161463,0.0,#9CCD67
2024-06-18,Island County,BA.2.12.1,0.0,1161463,0.0,#7CB342
2024-06-18,Island County,BA.2.86,0.0,1161463,0.0,#D770EE
2024-06-18,Island County,EG.5,0.0,1161463,0.0,#FFBE7D
2024-06-18,Island County,EG.5.1.8,0.0,1161463,0.0,#E14D6F
2024-06-18,Island County,EG.6.1,0.0,1161463,0.0,#B9ABA8
2024-06-18,Island County,FE.1.1,0.0,1161463,0.0,#499894
2024-06-18,Island County,FL.1.5.1,0.0,1161463,0.0,#8CD17D
2024-06-18,Island County,GE.1,0.0,1161463,0.0,#FABFD2
2024-06-18,Island County,GK.1.1,0.0,1161463,0.0,#90FAE5
2024-06-18,Island County,HF.1,0.0,1161463,0.0,#D399AD
2024-06-18,Island County,HK.3,0.0,1161463,0.0,#859DBC
2024-06-18,Island County,HV.1,0.0,1161463,0.0,#797765
2024-06-18,Island County,JD.1.1,0.0,1161463,0.0,#80F192
2024-06-18,Island County,JF.1,0.0,1161463,0.0,#FFF1A9
2024-06-18,Island County,JG.3,0.0,1161463,0.0,#66A172
2024-06-18,Island County,JN.1,83478.22230797,1161463,0.0718733375991917,#61018F
2024-06-18,Island County,JN.1.11.1,28873.68435074,1161463,0.0248597539058411,#5C9CF1
2024-06-18,Island County,JN.1.13,0.0,1161463,0.0,#E83C78
2024-06-18,Island County,JN.1.13.1,0.0,1161463,0.0,#F2591C
2024-06-18,Island County,JN.1.16,9509.52374174,1161463,0.0081875391138073,#BC3A88
2024-06-18,Island County,JN.1.16.1,19009.58060158,1161463,0.0163669274024054,#366298
2024-06-18,Island County,JN.1.18,28417.01595956,1161463,0.0244665701443438,#4AF32F
2024-06-18,Island County,JN.1.32,203098.8837618,1161463,0.1748647040515281,#2E7919
2024-06-18,Island County,JN.1.4.3,0.0,1161463,0.0,#9D1010
2024-06-18,Island County,JN.1.7,0.0,1161463,0.0,#CF15E8
2024-06-18,Island County,JN.1.8.1,0.0,1161463,0.0,#FFB027
2024-06-18,Island County,KP.1.1,46494.546616750005,1161463,0.0400310183077291,#CBFF86
2024-06-18,Island County,KP.1.1.3,0.0,1161463,0.0,#1EB3B6
2024-06-18,Island County,KP.1.2,0.0,1161463,0.0,#D7B5A6
2024-06-18,Island County,KP.2,253558.40758101,1161463,0.2183095006737279,#5875A1
2024-06-18,Island County,KP.2.15,5344.09359645,1161463,0.0046011742056785,#175DFF
2024-06-18,Island County,KP.2.3,33321.17821482,1161463,0.0286889709055045,#628DE8
2024-06-18,Island County,KP.3,433599.14344972,1161463,0.3733215293554078,#B06589
2024-06-18,Island County,KP.3.1.1,0.0,1161463,0.0,#2F92A1
2024-06-18,Island County,KP.4.1,0.0,1161463,0.0,#FF473A
2024-06-18,Island County,KQ.1,0.0,1161463,0.0,#E86CDE
2024-06-18,Island County,KV.2,0.0,1161463,0.0,#E14365
2024-06-18,Island County,KW.1.1,0.0,1161463,0.0,#34A0FF
2024-06-18,Island County,LB.1,3007.2283263,1161463,0.0025891727298243,#795653
2024-06-18,Island County,Recombinant,0.0,1161463,0.0,#FF0000
2024-06-18,Island County,XBB,0.0,1161463,0.0,#9FA8DA
2024-06-18,Island County,XBB.1.16,0.0,1161463,0.0,#4527A0
2024-06-18,Island County,XBB.1.16.1,0.0,1161463,0.0,#F89B9B
2024-06-18,Island County,XBB.1.16.15,0.0,1161463,0.0,#E3B5FA
2024-06-18,Island County,XBB.1.16.6,0.0,1161463,0.0,#5AA350
2024-06-18,Island County,XBB.1.42.1,0.0,1161463,0.0,#75D1A3
2024-06-18,Island County,XBB.1.5,0.0,1161463,0.0,#3F51B5
2024-06-18,Island County,XBB.1.5.70,0.0,1161463,0.0,#46783C
2024-06-18,Island County,XBB.1.5.72,0.0,1161463,0.0,#254220
2024-06-18,Island County,XBB.1.9.1,0.0,1161463,0.0,#304FFE
2024-06-18,Island County,XBB.1.9.2,0.0,1161463,0.0,#536DFE
2024-06-18,Island County,XBB.2.3,0.0,1161463,0.0,#F7BCDF
2024-06-18,Island County,XDP,0.0,1161463,0.0,#B60052
2024-06-18,Island County,XDV.1,0.0,1161463,0.0,#D367B6
2024-06-18,Island County,unreportable,13751.47987693,1161463,0.0118397916050102,#eeeeee
2024-06-18,Jefferson County,BA.2,0.0,162770,0.0,#9CCD67
2024-06-18,Jefferson County,BA.2.12.1,0.0,162770,0.0,#7CB342
2024-06-18,Jefferson County,BA.2.86,175.2625975,162770,0.00107675,#D770EE
2024-06-18,Jefferson County,EG.5,0.0,162770,0.0,#FFBE7D
2024-06-18,Jefferson County,EG.5.1.8,0.0,162770,0.0,#E14D6F
2024-06-18,Jefferson County,EG.6.1,0.0,162770,0.0,#B9ABA8
2024-06-18,Jefferson County,FE.1.1,0.0,162770,0.0,#499894
2024-06-18,Jefferson County,FL.1.5.1,0.0,162770,0.0,#8CD17D
2024-06-18,Jefferson County,GE.1,0.0,162770,0.0,#FABFD2
2024-06-18,Jefferson County,GK.1.1,0.0,162770,0.0,#90FAE5
2024-06-18,Jefferson County,HF.1,0.0,162770,0.0,#D399AD
2024-06-18,Jefferson County,HK.3,0.0,162770,0.0,#859DBC
2024-06-18,Jefferson County,HV.1,0.0,162770,0.0,#797765
2024-06-18,Jefferson County,JD.1.1,0.0,162770,0.0,#80F192
2024-06-18,Jefferson County,JF.1,0.0,162770,0.0,#FFF1A9
2024-06-18,Jefferson County,JG.3,0.0,162770,0.0,#66A172
2024-06-18,Jefferson County,JN.1,39733.4819478,162770,0.24410814,#61018F
2024-06-18,Jefferson County,JN.1.11.1,15898.657412,162770,0.0976756,#5C9CF1
2024-06-18,Jefferson County,JN.1.13,0.0,162770,0.0,#E83C78
2024-06-18,Jefferson County,JN.1.13.1,0.0,162770,0.0,#F2591C
2024-06-18,Jefferson County,JN.1.16,0.0,162770,0.0,#BC3A88
2024-06-18,Jefferson County,JN.1.16.1,0.0,162770,0.0,#366298
2024-06-18,Jefferson County,JN.1.18,355.98775620000004,162770,0.00218706,#4AF32F
2024-06-18,Jefferson County,JN.1.32,0.0,162770,0.0,#2E7919
2024-06-18,Jefferson County,JN.1.4.3,0.0,162770,0.0,#9D1010
2024-06-18,Jefferson County,JN.1.7,0.0,162770,0.0,#CF15E8
2024-06-18,Jefferson County,JN.1.8.1,0.0,162770,0.0,#FFB027
2024-06-18,Jefferson County,KP.1.1,338.3207004,162770,0.00207852,#CBFF86
2024-06-18,Jefferson County,KP.1.1.3,0.0,162770,0.0,#1EB3B6
2024-06-18,Jefferson County,KP.1.2,0.0,162770,0.0,#D7B5A6
2024-06-18,Jefferson County,KP.2,61233.0257612,162770,0.37619356,#5875A1
2024-06-18,Jefferson County,KP.2.15,1247.9152698,162770,0.00766674,#175DFF
2024-06-18,Jefferson County,KP.2.3,0.0,162770,0.0,#628DE8
2024-06-18,Jefferson County,KP.3,42068.075780800005,162770,0.25845104,#B06589
2024-06-18,Jefferson County,KP.3.1.1,0.0,162770,0.0,#2F92A1
2024-06-18,Jefferson County,KP.4.1,0.0,162770,0.0,#FF473A
2024-06-18,Jefferson County,KQ.1,0.0,162770,0.0,#E86CDE
2024-06-18,Jefferson County,KV.2,0.0,162770,0.0,#E14365
2024-06-18,Jefferson County,KW.1.1,0.0,162770,0.0,#34A0FF
2024-06-18,Jefferson County,LB.1,0.0,162770,0.0,#795653
2024-06-18,Jefferson County,Recombinant,0.0,162770,0.0,#FF0000
2024-06-18,Jefferson County,XBB,0.0,162770,0.0,#9FA8DA
2024-06-18,Jefferson County,XBB.1.16,0.0,162770,0.0,#4527A0
2024-06-18,Jefferson County,XBB.1.16.1,0.0,162770,0.0,#F89B9B
2024-06-18,Jefferson County,XBB.1.16.15,0.0,162770,0.0,#E3B5FA
2024-06-18,Jefferson County,XBB.1.16.6,0.0,162770,0.0,#5AA350
2024-06-18,Jefferson County,XBB.1.42.1,0.0,162770,0.0,#75D1A3
2024-06-18,Jefferson County,XBB.1.5,0.0,162770,0.0,#3F51B5
2024-06-18,Jefferson County,XBB.1.5.70,0.0,162770,0.0,#46783C
2024-06-18,Jefferson County,XBB.1.5.72,0.0,162770,0.0,#254220
2024-06-18,Jefferson County,XBB.1.9.1,0.0,162770,0.0,#304FFE
2024-06-18,Jefferson County,XBB.1.9.2,0.0,162770,0.0,#536DFE
2024-06-18,Jefferson County,XBB.2.3,0.0,162770,0.0,#F7BCDF
2024-06-18,Jefferson County,XDP,0.0,162770,0.0,#B60052
2024-06-18,Jefferson County,XDV.1,0.0,162770,0.0,#D367B6
2024-06-18,Jefferson County,unreportable,1719.2727743,162770,0.01056259,#eeeeee
2024-06-18,King County,BA.2,0.0,973611,0.0,#9CCD67
2024-06-18,King County,BA.2.12.1,0.0,973611,0.0,#7CB342
2024-06-18,King County,BA.2.86,0.0,973611,0.0,#D770EE
2024-06-18,King County,EG.5,0.0,973611,0.0,#FFBE7D
2024-06-18,King County,EG.5.1.8,0.0,973611,0.0,#E14D6F
2024-06-18,King County,EG.6.1,0.0,973611,0.0,#B9ABA8
2024-06-18,King County,FE.1.1,0.0,973611,0.0,#499894
2024-06-18,King County,FL.1.5.1,0.0,973611,0.0,#8CD17D
2024-06-18,King County,GE.1,0.0,973611,0.0,#FABFD2
2024-06-18,King County,GK.1.1,0.0,973611,0.0,#90FAE5
2024-06-18,King County,HF.1,0.0,973611,0.0,#D399AD
2024-06-18,King County,HK.3,0.0,973611,0.0,#859DBC
2024-06-18,King County,HV.1,0.0,973611,0.0,#797765
2024-06-18,King County,JD.1.1,0.0,973611,0.0,#80F192
2024-06-18,King County,JF.1,0.0,973611,0.0,#FFF1A9
2024-06-18,King County,JG.3,0.0,973611,0.0,#66A172
2024-06-18,King County,JN.1,109644.73133427,973611,0.11261657,#61018F
2024-06-18,King County,JN.1.11.1,0.0,973611,0.0,#5C9CF1
2024-06-18,King County,JN.1.13,0.0,973611,0.0,#E83C78
2024-06-18,King County,JN.1.13.1,5915.89410264,973611,0.00607624,#F2591C
2024-06-18,King County,JN.1.16,0.0,973611,0.0,#BC3A88
2024-06-18,King County,JN.1.16.1,743758.7731758,973611,0.7639178,#366298
2024-06-18,King County,JN.1.18,2402.95957299,973611,0.00246809,#4AF32F
2024-06-18,King County,JN.1.32,0.0,973611,0.0,#2E7919
2024-06-18,King County,JN.1.4.3,0.0,973611,0.0,#9D1010
2024-06-18,King County,JN.1.7,0.0,973611,0.0,#CF15E8
2024-06-18,King County,JN.1.8.1,0.0,973611,0.0,#FFB027
2024-06-18,King County,KP.1.1,0.0,973611,0.0,#CBFF86
2024-06-18,King County,KP.1.1.3,0.0,973611,0.0,#1EB3B6
2024-06-18,King County,KP.1.2,0.0,973611,0.0,#D7B5A6
2024-06-18,King County,KP.2,9635.21469207,973611,0.00989637,#5875A1
2024-06-18,King County,KP.2.15,0.0,973611,0.0,#175DFF
2024-06-18,King County,KP.2.3,0.0,973611,0.0,#628DE8
2024-06-18,King County,KP.3,86697.9176058,973611,0.0890478,#B06589
2024-06-18,King County,KP.3.1.1,0.0,973611,0.0,#2F92A1
2024-06-18,King County,KP.4.1,0.0,973611,0.0,#FF473A
2024-06-18,King County,KQ.1,0.0,973611,0.0,#E86CDE
2024-06-18,King County,KV.2,0.0,973611,0.0,#E14365
2024-06-18,King County,KW.1.1,0.0,973611,0.0,#34A0FF
2024-06-18,King County,LB.1,0.0,973611,0.0,#795653
2024-06-18,King County,Recombinant,0.0,973611,0.0,#FF0000
2024-06-18,King County,XBB,0.0,973611,0.0,#9FA8DA
2024-06-18,King County,XBB.1.16,0.0,973611,0.0,#4527A0
2024-06-18,King County,XBB.1.16.1,0.0,973611,0.0,#F89B9B
2024-06-18,King County,XBB.1.16.15,0.0,973611,0.0,#E3B5FA
2024-06-18,King County,XBB.1.16.6,0.0,973611,0.0,#5AA350
2024-06-18,King County,XBB.1.42.1,0.0,973611,0.0,#75D1A3
2024-06-18,King County,XBB.1.5,0.0,973611,0.0,#3F51B5
2024-06-18,King County,XBB.1.5.70,0.0,973611,0.0,#46783C
2024-06-18,King County,XBB.1.5.72,0.0,973611,0.0,#254220
2024-06-18,King County,XBB.1.9.1,0.0,973611,0.0,#304FFE
2024-06-18,King County,XBB.1.9.2,0.0,973611,0.0,#536DFE
2024-06-18,King County,XBB.2.3,0.0,973611,0.0,#F7BCDF
2024-06-18,King County,XDP,0.0,973611,0.0,#B60052
2024-06-18,King County,XDV.1,0.0,973611,0.0,#D367B6
2024-06-18,King County,unreportable,15555.49978032,973611,0.01597712,#eeeeee
2024-06-18,Kittitas County,BA.2,0.0,862782,0.0,#9CCD67
2024-06-18,Kittitas County,BA.2.12.1,0.0,862782,0.0,#7CB342
2024-06-18,Kittitas County,BA.2.86,0.0,862782,0.0,#D770EE
2024-06-18,Kittitas County,EG.5,0.0,862782,0.0,#FFBE7D
2024-06-18,Kittitas County,EG.5.1.8,0.0,862782,0.0,#E14D6F
2024-06-18,Kittitas County,EG.6.1,0.0,862782,0.0,#B9ABA8
2024-06-18,Kittitas County,FE.1.1,0.0,862782,0.0,#499894
2024-06-18,Kittitas County,FL.1.5.1,0.0,862782,0.0,#8CD17D
2024-06-18,Kittitas County,GE.1,0.0,862782,0.0,#FABFD2
2024-06-18,Kittitas County,GK.1.1,0.0,862782,0.0,#90FAE5
2024-06-18,Kittitas County,HF.1,0.0,862782,0.0,#D399AD
2024-06-18,Kittitas County,HK.3,0.0,862782,0.0,#859DBC
2024-06-18,Kittitas County,HV.1,0.0,862782,0.0,#797765
2024-06-18,Kittitas County,JD.1.1,0.0,862782,0.0,#80F192
2024-06-18,Kittitas County,JF.1,0.0,862782,0.0,#FFF1A9
2024-06-18,Kittitas County,JG.3,0.0,862782,0.0,#66A172
2024-06-18,Kittitas County,JN.1,60362.677814400005,862782,0.0699628386016398,#61018F
2024-06-18,Kittitas County,JN.1.11.1,792.47567898,862782,0.0009185120679151,#5C9CF1
2024-06-18,Kittitas County,JN.1.13,0.0,862782,0.0,#E83C78
2024-06-18,Kittitas County,JN.1.13.1,0.0,862782,0.0,#F2591C
2024-06-18,Kittitas County,JN.1.16,33519.1806768,862782,0.0388501158772436,#BC3A88
2024-06-18,Kittitas County,JN.1.16.1,12535.62603402,862782,0.0145293087176366,#366298
2024-06-18,Kittitas County,JN.1.18,17939.1431856,862782,0.0207922084438479,#4AF32F
2024-06-18,Kittitas County,JN.1.32,0.0,862782,0.0,#2E7919
2024-06-18,Kittitas County,JN.1.4.3,0.0,862782,0.0,#9D1010
2024-06-18,Kittitas County,JN.1.7,0.0,862782,0.0,#CF15E8
2024-06-18,Kittitas County,JN.1.8.1,0.0,862782,0.0,#FFB027
2024-06-18,Kittitas County,KP.1.1,308.2249872,862782,0.0003572455002538,#CBFF86
2024-06-18,Kittitas County,KP.1.1.3,16252.63116012,862782,0.0188374712964804,#1EB3B6
2024-06-18,Kittitas County,KP.1.2,79372.78421958,862782,0.0919963376838877,#D7B5A6
2024-06-18,Kittitas County,KP.2,270241.4788563,862782,0.3132210440833258,#5875A1
2024-06-18,Kittitas County,KP.2.15,4928.08832658,862782,0.0057118580667885,#175DFF
2024-06-18,Kittitas County,KP.2.3,0.0,862782,0.0,#628DE8
2024-06-18,Kittitas County,KP.3,155467.84834944,862782,0.180193662303386,#B06589
2024-06-18,Kittitas County,KP.3.1.1,18227.961398400003,862782,0.0211269606904177,#2F92A1
2024-06-18,Kittitas County,KP.4.1,0.0,862782,0.0,#FF473A
2024-06-18,Kittitas County,KQ.1,0.0,862782,0.0,#E86CDE
2024-06-18,Kittitas County,KV.2,0.0,862782,0.0,#E14365
2024-06-18,Kittitas County,KW.1.1,0.0,862782,0.0,#34A0FF
2024-06-18,Kittitas County,LB.1,187081.57822806,862782,0.2168352819461463,#795653
2024-06-18,Kittitas County,Recombinant,0.0,862782,0.0,#FF0000
2024-06-18,Kittitas County,XBB,0.0,862782,0.0,#9FA8DA
2024-06-18,Kittitas County,XBB.1.16,0.0,862782,0.0,#4527A0
2024-06-18,Kittitas County,XBB.1.16.1,0.0,862782,0.0,#F89B9B
2024-06-18,Kittitas County,XBB.1.16.15,0.0,862782,0.0,#E3B5FA
2024-06-18,Kittitas County,XBB.1.16.6,0.0,862782,0.0,#5AA350
2024-06-18,Kittitas County,XBB.1.42.1,0.0,862782,0.0,#75D1A3
2024-06-18,Kittitas County,XBB.1.5,0.0,862782,0.0,#3F51B5
2024-06-18,Kittitas County,XBB.1.5.70,0.0,862782,0.0,#46783C
2024-06-18,Kittitas County,XBB.1.5.72,0.0,862782,0.0,#254220
2024-06-18,Kittitas County,XBB.1.9.1,0.0,862782,0.0,#304FFE
2024-06-18,Kittitas County,XBB.1.9.2,0.0,862782,0.0,#536DFE
2024-06-18,Kittitas County,XBB.2.3,0.0,862782,0.0,#F7BCDF
2024-06-18,Kittitas County,XDP,0.0,862782,0.0,#B60052
2024-06-18,Kittitas County,XDV.1,0.0,862782,0.0,#D367B6
2024-06-18,Kittitas County,unreportable,5752.30251972,862782,0.0066671563844864,#eeeeee
2024-06-18,Okanogan County,BA.2,0.0,927810,0.0,#9CCD67
2024-06-18,Okanogan County,BA.2.12.1,0.0,927810,0.0,#7CB342
2024-06-18,Okanogan County,BA.2.86,0.0,927810,0.0,#D770EE
2024-06-18,Okanogan County,EG.5,0.0,927810,0.0,#FFBE7D
2024-06-18,Okanogan County,EG.5.1.8,0.0,927810,0.0,#E14D6F
2024-06-18,Okanogan County,EG.6.1,0.0,927810,0.0,#B9ABA8
2024-06-18,Okanogan County,FE.1.1,0.0,927810,0.0,#499894
2024-06-18,Okanogan County,FL.1.5.1,0.0,927810,0.0,#8CD17D
2024-06-18,Okanogan County,GE.1,0.0,927810,0.0,#FABFD2
2024-06-18,Okanogan County,GK.1.1,0.0,927810,0.0,#90FAE5
2024-06-18,Okanogan County,HF.1,0.0,927810,0.0,#D399AD
2024-06-18,Okanogan County,HK.3,0.0,927810,0.0,#859DBC
2024-06-18,Okanogan County,HV.1,0.0,927810,0.0,#797765
2024-06-18,Okanogan County,JD.1.1,0.0,927810,0.0,#80F192
2024-06-18,Okanogan County,JF.1,0.0,927810,0.0,#FFF1A9
2024-06-18,Okanogan County,JG.3,0.0,927810,0.0,#66A172
2024-06-18,Okanogan County,JN.1,40643.7933096,927810,0.04380616,#61018F
2024-06-18,Okanogan County,JN.1.11.1,0.0,927810,0.0,#5C9CF1
2024-06-18,Okanogan County,JN.1.13,0.0,927810,0.0,#E83C78
2024-06-18,Okanogan County,JN.1.13.1,1274.2449759,927810,0.00137339,#F2591C
2024-06-18,Okanogan County,JN.1.16,154098.9515871,927810,0.1660889099999999,#BC3A88
2024-06-18,Okanogan County,JN.1.16.1,39331.7679105,927810,0.04239205,#366298
2024-06-18,Okanogan County,JN.1.18,0.0,927810,0.0,#4AF32F
2024-06-18,Okanogan County,JN.1.32,0.0,927810,0.0,#2E7919
2024-06-18,Okanogan County,JN.1.4.3,0.0,927810,0.0,#9D1010
2024-06-18,Okanogan County,JN.1.7,0.0,927810,0.0,#CF15E8
2024-06-18,Okanogan County,JN.1.8.1,0.0,927810,0.0,#FFB027
2024-06-18,Okanogan County,KP.1.1,1557.79299,927810,0.001679,#CBFF86
2024-06-18,Okanogan County,KP.1.1.3,0.0,927810,0.0,#1EB3B6
2024-06-18,Okanogan County,KP.1.2,0.0,927810,0.0,#D7B5A6
2024-06-18,Okanogan County,KP.2,239736.8166219,927810,0.25838999,#5875A1
2024-06-18,Okanogan County,KP.2.15,1666.6993278,927810,0.00179638,#175DFF
2024-06-18,Okanogan County,KP.2.3,0.0,927810,0.0,#628DE8
2024-06-18,Okanogan County,KP.3,439768.2269682,927810,0.47398522,#B06589
2024-06-18,Okanogan County,KP.3.1.1,0.0,927810,0.0,#2F92A1
2024-06-18,Okanogan County,KP.4.1,0.0,927810,0.0,#FF473A
2024-06-18,Okanogan County,KQ.1,0.0,927810,0.0,#E86CDE
2024-06-18,Okanogan County,KV.2,0.0,927810,0.0,#E14365
2024-06-18,Okanogan County,KW.1.1,0.0,927810,0.0,#34A0FF
2024-06-18,Okanogan County,LB.1,0.0,927810,0.0,#795653
2024-06-18,Okanogan County,Recombinant,0.0,927810,0.0,#FF0000
2024-06-18,Okanogan County,XBB,0.0,927810,0.0,#9FA8DA
2024-06-18,Okanogan County,XBB.1.16,0.0,927810,0.0,#4527A0
2024-06-18,Okanogan County,XBB.1.16.1,0.0,927810,0.0,#F89B9B
2024-06-18,Okanogan County,XBB.1.16.15,0.0,927810,0.0,#E3B5FA
2024-06-18,Okanogan County,XBB.1.16.6,0.0,927810,0.0,#5AA350
2024-06-18,Okanogan County,XBB.1.42.1,0.0,927810,0.0,#75D1A3
2024-06-18,Okanogan County,XBB.1.5,0.0,927810,0.0,#3F51B5
2024-06-18,Okanogan County,XBB.1.5.70,0.0,927810,0.0,#46783C
2024-06-18,Okanogan County,XBB.1.5.72,0.0,927810,0.0,#254220
2024-06-18,Okanogan County,XBB.1.9.1,0.0,927810,0.0,#304FFE
2024-06-18,Okanogan County,XBB.1.9.2,0.0,927810,0.0,#536DFE
2024-06-18,Okanogan County,XBB.2.3,0.0,927810,0.0,#F7BCDF
2024-06-18,Okanogan County,XDP,0.0,927810,0.0,#B60052
2024-06-18,Okanogan County,XDV.1,0.0,927810,0.0,#D367B6
2024-06-18,Okanogan County,unreportable,9731.6970309,927810,0.01048889,#eeeeee
2024-06-18,Pierce County,BA.2,0.0,1013026,0.0,#9CCD67
2024-06-18,Pierce County,BA.2.12.1,0.0,1013026,0.0,#7CB342
2024-06-18,Pierce County,BA.2.86,0.0,1013026,0.0,#D770EE
2024-06-18,Pierce County,EG.5,0.0,1013026,0.0,#FFBE7D
2024-06-18,Pierce County,EG.5.1.8,0.0,1013026,0.0,#E14D6F
2024-06-18,Pierce County,EG.6.1,0.0,1013026,0.0,#B9ABA8
2024-06-18,Pierce County,FE.1.1,0.0,1013026,0.0,#499894
2024-06-18,Pierce County,FL.1.5.1,0.0,1013026,0.0,#8CD17D
2024-06-18,Pierce County,GE.1,0.0,1013026,0.0,#FABFD2
2024-06-18,Pierce County,GK.1.1,0.0,1013026,0.0,#90FAE5
2024-06-18,Pierce County,HF.1,0.0,1013026,0.0,#D399AD
2024-06-18,Pierce County,HK.3,0.0,1013026,0.0,#859DBC
2024-06-18,Pierce County,HV.1,0.0,1013026,0.0,#797765
2024-06-18,Pierce County,JD.1.1,0.0,1013026,0.0,#80F192
2024-06-18,Pierce County,JF.1,0.0,1013026,0.0,#FFF1A9
2024-06-18,Pierce County,JG.3,0.0,1013026,0.0,#66A172
2024-06-18,Pierce County,JN.1,3235.87843349,1013026,0.0031942698741098,#61018F
2024-06-18,Pierce County,JN.1.11.1,1523.5553541,1013026,0.0015039647097902,#5C9CF1
2024-06-18,Pierce County,JN.1.13,0.0,1013026,0.0,#E83C78
2024-06-18,Pierce County,JN.1.13.1,0.0,1013026,0.0,#F2591C
2024-06-18,Pierce County,JN.1.16,15901.80609255,1013026,0.0156973326376124,#BC3A88
2024-06-18,Pierce County,JN.1.16.1,18172.92432743,1013026,0.0179392476870583,#366298
2024-06-18,Pierce County,JN.1.18,0.0,1013026,0.0,#4AF32F
2024-06-18,Pierce County,JN.1.32,0.0,1013026,0.0,#2E7919
2024-06-18,Pierce County,JN.1.4.3,0.0,1013026,0.0,#9D1010
2024-06-18,Pierce County,JN.1.7,0.0,1013026,0.0,#CF15E8
2024-06-18,Pierce County,JN.1.8.1,0.0,1013026,0.0,#FFB027
2024-06-18,Pierce County,KP.1.1,11589.9874961,1013026,0.0114409575826286,#CBFF86
2024-06-18,Pierce County,KP.1.1.3,0.0,1013026,0.0,#1EB3B6
2024-06-18,Pierce County,KP.1.2,0.0,1013026,0.0,#D7B5A6
2024-06-18,Pierce County,KP.2,1128.81644135,1013026,0.0011143015493679,#5875A1
2024-06-18,Pierce County,KP.2.15,0.0,1013026,0.0,#175DFF
2024-06-18,Pierce County,KP.2.3,227828.30366387,1013026,0.2248987722564573,#628DE8
2024-06-18,Pierce County,KP.3,726900.2021032,1013026,0.7175533521382472,#B06589
2024-06-18,Pierce County,KP.3.1.1,0.0,1013026,0.0,#2F92A1
2024-06-18,Pierce County,KP.4.1,0.0,1013026,0.0,#FF473A
2024-06-18,Pierce County,KQ.1,0.0,1013026,0.0,#E86CDE
2024-06-18,Pierce County,KV.2,0.0,1013026,0.0,#E14365
2024-06-18,Pierce County,KW.1.1,0.0,1013026,0.0,#34A0FF
2024-06-18,Pierce County,LB.1,0.0,1013026,0.0,#795653
2024-06-18,Pierce County,Recombinant,162.94567782,1013026,0.0001608504399887,#FF0000
2024-06-18,Pierce County,XBB,0.0,1013026,0.0,#9FA8DA
2024-06-18,Pierce County,XBB.1.16,0.0,1013026,0.0,#4527A0
2024-06-18,Pierce County,XBB.1.16.1,0.0,1013026,0.0,#F89B9B
2024-06-18,Pierce County,XBB.1.16.15,0.0,1013026,0.0,#E3B5FA
2024-06-18,Pierce County,XBB.1.16.6,0.0,1013026,0.0,#5AA350
2024-06-18,Pierce County,XBB.1.42.1,0.0,1013026,0.0,#75D1A3
2024-06-18,Pierce County,XBB.1.5,0.0,1013026,0.0,#3F51B5
2024-06-18,Pierce County,XBB.1.5.70,0.0,1013026,0.0,#46783C
2024-06-18,Pierce County,XBB.1.5.72,0.0,1013026,0.0,#254220
2024-06-18,Pierce County,XBB.1.9.1,0.0,1013026,0.0,#304FFE
2024-06-18,Pierce County,XBB.1.9.2,0.0,1013026,0.0,#536DFE
2024-06-18,Pierce County,XBB.2.3,0.0,1013026,0.0,#F7BCDF
2024-06-18,Pierce County,XDP,0.0,1013026,0.0,#B60052
2024-06-18,Pierce County,XDV.1,0.0,1013026,0.0,#D367B6
2024-06-18,Pierce County,unreportable,6581.5797177,1013026,0.0064969504412522,#eeeeee
2024-06-18,Spokane County,BA.2,0.0,713850,0.0,#9CCD67
2024-06-18,Spokane County,BA.2.12.1,0.0,713850,0.0,#7CB342
2024-06-18,Spokane County,BA.2.86,0.0,713850,0.0,#D770EE
2024-06-18,Spokane County,EG.5,0.0,713850,0.0,#FFBE7D
2024-06-18,Spokane County,EG.5.1.8,0.0,713850,0.0,#E14D6F
2024-06-18,Spokane County,EG.6.1,0.0,713850,0.0,#B9ABA8
2024-06-18,Spokane County,FE.1.1,0.0,713850,0.0,#499894
2024-06-18,Spokane County,FL.1.5.1,0.0,713850,0.0,#8CD17D
2024-06-18,Spokane County,GE.1,0.0,713850,0.0,#FABFD2
2024-06-18,Spokane County,GK.1.1,0.0,713850,0.0,#90FAE5
2024-06-18,Spokane County,HF.1,0.0,713850,0.0,#D399AD
2024-06-18,Spokane County,HK.3,0.0,713850,0.0,#859DBC
2024-06-18,Spokane County,HV.1,0.0,713850,0.0,#797765
2024-06-18,Spokane County,JD.1.1,0.0,713850,0.0,#80F192
2024-06-18,Spokane County,JF.1,0.0,713850,0.0,#FFF1A9
2024-06-18,Spokane County,JG.3,0.0,713850,0.0,#66A172
2024-06-18,Spokane County,JN.1,0.0,713850,0.0,#61018F
2024-06-18,Spokane County,JN.1.11.1,67092.10597799999,713850,0.0939862799999999,#5C9CF1
2024-06-18,Spokane County,JN.1.13,0.0,713850,0.0,#E83C78
2024-06-18,Spokane County,JN.1.13.1,0.0,713850,0.0,#F2591C
2024-06-18,Spokane County,JN.1.16,0.0,713850,0.0,#BC3A88
2024-06-18,Spokane County,JN.1.16.1,97328.9145525,713850,0.13634365,#366298
2024-06-18,Spokane County,JN.1.18,0.0,713850,0.0,#4AF32F
2024-06-18,Spokane County,JN.1.32,0.0,713850,0.0,#2E7919
2024-06-18,Spokane County,JN.1.4.3,0.0,713850,0.0,#9D1010
2024-06-18,Spokane County,JN.1.7,0.0,713850,0.0,#CF15E8
2024-06-18,Spokane County,JN.1.8.1,0.0,713850,0.0,#FFB027
2024-06-18,Spokane County,KP.1.1,0.0,713850,0.0,#CBFF86
2024-06-18,Spokane County,KP.1.1.3,1213.059582,713850,0.00169932,#1EB3B6
2024-06-18,Spokane County,KP.1.2,0.0,713850,0.0,#D7B5A6
2024-06-18,Spokane County,KP.2,40693.761654,713850,0.0570060399999999,#5875A1
2024-06-18,Spokane County,KP.2.15,0.0,713850,0.0,#175DFF
2024-06-18,Spokane County,KP.2.3,0.0,713850,0.0,#628DE8
2024-06-18,Spokane County,KP.3,503607.483357,713850,0.70548082,#B06589
2024-06-18,Spokane County,KP.3.1.1,0.0,713850,0.0,#2F92A1
2024-06-18,Spokane County,KP.4.1,0.0,713850,0.0,#FF473A
2024-06-18,Spokane County,KQ.1,0.0,713850,0.0,#E86CDE
2024-06-18,Spokane County,KV.2,0.0,713850,0.0,#E14365
2024-06-18,Spokane County,KW.1.1,0.0,713850,0.0,#34A0FF
2024-06-18,Spokane County,LB.1,0.0,713850,0.0,#795653
2024-06-18,Spokane County,Recombinant,0.0,713850,0.0,#FF0000
2024-06-18,Spokane County,XBB,0.0,713850,0.0,#9FA8DA
2024-06-18,Spokane County,XBB.1.16,0.0,713850,0.0,#4527A0
2024-06-18,Spokane County,XBB.1.16.1,0.0,713850,0.0,#F89B9B
2024-06-18,Spokane County,XBB.1.16.15,0.0,713850,0.0,#E3B5FA
2024-06-18,Spokane County,XBB.1.16.6,0.0,713850,0.0,#5AA350
2024-06-18,Spokane County,XBB.1.42.1,0.0,713850,0.0,#75D1A3
2024-06-18,Spokane County,XBB.1.5,0.0,713850,0.0,#3F51B5
2024-06-18,Spokane County,XBB.1.5.70,0.0,713850,0.0,#46783C
2024-06-18,Spokane County,XBB.1.5.72,0.0,713850,0.0,#254220
2024-06-18,Spokane County,XBB.1.9.1,0.0,713850,0.0,#304FFE
2024-06-18,Spokane County,XBB.1.9.2,0.0,713850,0.0,#536DFE
2024-06-18,Spokane County,XBB.2.3,0.0,713850,0.0,#F7BCDF
2024-06-18,Spokane County,XDP,0.0,713850,0.0,#B60052
2024-06-18,Spokane County,XDV.1,0.0,713850,0.0,#D367B6
2024-06-18,Spokane County,unreportable,3914.6748765,713850,0.00548389,#eeeeee
2024-06-18,Thurston County,BA.2,0.0,166384,0.0,#9CCD67
2024-06-18,Thurston County,BA.2.12.1,0.0,166384,0.0,#7CB342
2024-06-18,Thurston County,BA.2.86,0.0,166384,0.0,#D770EE
2024-06-18,Thurston County,EG.5,0.0,166384,0.0,#FFBE7D
2024-06-18,Thurston County,EG.5.1.8,0.0,166384,0.0,#E14D6F
2024-06-18,Thurston County,EG.6.1,0.0,166384,0.0,#B9ABA8
2024-06-18,Thurston County,FE.1.1,0.0,166384,0.0,#499894
2024-06-18,Thurston County,FL.1.5.1,0.0,166384,0.0,#8CD17D
2024-06-18,Thurston County,GE.1,0.0,166384,0.0,#FABFD2
2024-06-18,Thurston County,GK.1.1,0.0,166384,0.0,#90FAE5
2024-06-18,Thurston County,HF.1,0.0,166384,0.0,#D399AD
2024-06-18,Thurston County,HK.3,0.0,166384,0.0,#859DBC
2024-06-18,Thurston County,HV.1,0.0,166384,0.0,#797765
2024-06-18,Thurston County,JD.1.1,0.0,166384,0.0,#80F192
2024-06-18,Thurston County,JF.1,0.0,166384,0.0,#FFF1A9
2024-06-18,Thurston County,JG.3,0.0,166384,0.0,#66A172
2024-06-18,Thurston County,JN.1,14105.91900432,166384,0.0847792997182421,#61018F
2024-06-18,Thurston County,JN.1.11.1,0.0,166384,0.0,#5C9CF1
2024-06-18,Thurston County,JN.1.13,0.0,166384,0.0,#E83C78
2024-06-18,Thurston County,JN.1.13.1,0.0,166384,0.0,#F2591C
2024-06-18,Thurston County,JN.1.16,0.0,166384,0.0,#BC3A88
2024-06-18,Thurston County,JN.1.16.1,19831.25126416,166384,0.1191896532368497,#366298
2024-06-18,Thurston County,JN.1.18,1164.427908,166384,0.0069984367968073,#4AF32F
2024-06-18,Thurston County,JN.1.32,0.0,166384,0.0,#2E7919
2024-06-18,Thurston County,JN.1.4.3,0.0,166384,0.0,#9D1010
2024-06-18,Thurston County,JN.1.7,1356.5378256,166384,0.0081530545340898,#CF15E8
2024-06-18,Thurston County,JN.1.8.1,0.0,166384,0.0,#FFB027
2024-06-18,Thurston County,KP.1.1,32964.097021760004,166384,0.1981205946591018,#CBFF86
2024-06-18,Thurston County,KP.1.1.3,3836.0054376,166384,0.0230551341330897,#1EB3B6
2024-06-18,Thurston County,KP.1.2,10127.54647424,166384,0.0608685118415232,#D7B5A6
2024-06-18,Thurston County,KP.2,15173.3597928,166384,0.0911948251803057,#5875A1
2024-06-18,Thurston County,KP.2.15,0.0,166384,0.0,#175DFF
2024-06-18,Thurston County,KP.2.3,9088.4294592,166384,0.0546232177324742,#628DE8
2024-06-18,Thurston County,KP.3,33181.7443128,166384,0.1994286969468218,#B06589
2024-06-18,Thurston County,KP.3.1.1,0.0,166384,0.0,#2F92A1
2024-06-18,Thurston County,KP.4.1,0.0,166384,0.0,#FF473A
2024-06-18,Thurston County,KQ.1,0.0,166384,0.0,#E86CDE
2024-06-18,Thurston County,KV.2,0.0,166384,0.0,#E14365
2024-06-18,Thurston County,KW.1.1,0.0,166384,0.0,#34A0FF
2024-06-18,Thurston County,LB.1,23077.83001088,166384,0.1387022190287527,#795653
2024-06-18,Thurston County,Recombinant,204.09004928,166384,0.0012266206442927,#FF0000
2024-06-18,Thurston County,XBB,0.0,166384,0.0,#9FA8DA
2024-06-18,Thurston County,XBB.1.16,0.0,166384,0.0,#4527A0
2024-06-18,Thurston County,XBB.1.16.1,0.0,166384,0.0,#F89B9B
2024-06-18,Thurston County,XBB.1.16.15,0.0,166384,0.0,#E3B5FA
2024-06-18,Thurston County,XBB.1.16.6,0.0,166384,0.0,#5AA350
2024-06-18,Thurston County,XBB.1.42.1,0.0,166384,0.0,#75D1A3
2024-06-18,Thurston County,XBB.1.5,0.0,166384,0.0,#3F51B5
2024-06-18,Thurston County,XBB.1.5.70,0.0,166384,0.0,#46783C
2024-06-18,Thurston County,XBB.1.5.72,0.0,166384,0.0,#254220
2024-06-18,Thurston County,XBB.1.9.1,0.0,166384,0.0,#304FFE
2024-06-18,Thurston County,XBB.1.9.2,0.0,166384,0.0,#536DFE
2024-06-18,Thurston County,XBB.2.3,0.0,166384,0.0,#F7BCDF
2024-06-18,Thurston County,XDP,0.0,166384,0.0,#B60052
2024-06-18,Thurston County,XDV.1,0.0,166384,0.0,#D367B6
2024-06-18,Thurston County,unreportable,2272.76045776,166384,0.013659729648043,#eeeeee
2024-06-18,Whitman County,BA.2,0.0,245487,0.0,#9CCD67
2024-06-18,Whitman County,BA.2.12.1,0.0,245487,0.0,#7CB342
2024-06-18,Whitman County,BA.2.86,0.0,245487,0.0,#D770EE
2024-06-18,Whitman County,EG.5,0.0,245487,0.0,#FFBE7D
2024-06-18,Whitman County,EG.5.1.8,0.0,245487,0.0,#E14D6F
2024-06-18,Whitman County,EG.6.1,0.0,245487,0.0,#B9ABA8
2024-06-18,Whitman County,FE.1.1,0.0,245487,0.0,#499894
2024-06-18,Whitman County,FL.1.5.1,0.0,245487,0.0,#8CD17D
2024-06-18,Whitman County,GE.1,0.0,245487,0.0,#FABFD2
2024-06-18,Whitman County,GK.1.1,0.0,245487,0.0,#90FAE5
2024-06-18,Whitman County,HF.1,0.0,245487,0.0,#D399AD
2024-06-18,Whitman County,HK.3,0.0,245487,0.0,#859DBC
2024-06-18,Whitman County,HV.1,0.0,245487,0.0,#797765
2024-06-18,Whitman County,JD.1.1,0.0,245487,0.0,#80F192
2024-06-18,Whitman County,JF.1,0.0,245487,0.0,#FFF1A9
2024-06-18,Whitman County,JG.3,0.0,245487,0.0,#66A172
2024-06-18,Whitman County,JN.1,32889.2681172,245487,0.1339756,#61018F
2024-06-18,Whitman County,JN.1.11.1,57940.27134225,245487,0.23602175,#5C9CF1
2024-06-18,Whitman County,JN.1.13,0.0,245487,0.0,#E83C78
2024-06-18,Whitman County,JN.1.13.1,0.0,245487,0.0,#F2591C
2024-06-18,Whitman County,JN.1.16,0.0,245487,0.0,#BC3A88
2024-06-18,Whitman County,JN.1.16.1,0.0,245487,0.0,#366298
2024-06-18,Whitman County,JN.1.18,0.0,245487,0.0,#4AF32F
2024-06-18,Whitman County,JN.1.32,0.0,245487,0.0,#2E7919
2024-06-18,Whitman County,JN.1.4.3,0.0,245487,0.0,#9D1010
2024-06-18,Whitman County,JN.1.7,0.0,245487,0.0,#CF15E8
2024-06-18,Whitman County,JN.1.8.1,0.0,245487,0.0,#FFB027
2024-06-18,Whitman County,KP.1.1,0.0,245487,0.0,#CBFF86
2024-06-18,Whitman County,KP.1.1.3,0.0,245487,0.0,#1EB3B6
2024-06-18,Whitman County,KP.1.2,0.0,245487,0.0,#D7B5A6
2024-06-18,Whitman County,KP.2,29507.82707466,245487,0.1202011799999999,#5875A1
2024-06-18,Whitman County,KP.2.15,44959.90563999,245487,0.18314577,#175DFF
2024-06-18,Whitman County,KP.2.3,10424.58336117,245487,0.04246491,#628DE8
2024-06-18,Whitman County,KP.3,49346.95471959,245487,0.2010165699999999,#B06589
2024-06-18,Whitman County,KP.3.1.1,0.0,245487,0.0,#2F92A1
2024-06-18,Whitman County,KP.4.1,0.0,245487,0.0,#FF473A
2024-06-18,Whitman County,KQ.1,0.0,245487,0.0,#E86CDE
2024-06-18,Whitman County,KV.2,244.77263283,245487,0.00099709,#E14365
2024-06-18,Whitman County,KW.1.1,0.0,245487,0.0,#34A0FF
2024-06-18,Whitman County,LB.1,17619.53729547,245487,0.07177381,#795653
2024-06-18,Whitman County,Recombinant,0.0,245487,0.0,#FF0000
2024-06-18,Whitman County,XBB,0.0,245487,0.0,#9FA8DA
2024-06-18,Whitman County,XBB.1.16,0.0,245487,0.0,#4527A0
2024-06-18,Whitman County,XBB.1.16.1,0.0,245487,0.0,#F89B9B
2024-06-18,Whitman County,XBB.1.16.15,0.0,245487,0.0,#E3B5FA
2024-06-18,Whitman County,XBB.1.16.6,0.0,245487,0.0,#5AA350
2024-06-18,Whitman County,XBB.1.42.1,0.0,245487,0.0,#75D1A3
2024-06-18,Whitman County,XBB.1.5,0.0,245487,0.0,#3F51B5
2024-06-18,Whitman County,XBB.1.5.70,0.0,245487,0.0,#46783C
2024-06-18,Whitman County,XBB.1.5.72,0.0,245487,0.0,#254220
2024-06-18,Whitman County,XBB.1.9.1,0.0,245487,0.0,#304FFE
2024-06-18,Whitman County,XBB.1.9.2,0.0,245487,0.0,#536DFE
2024-06-18,Whitman County,XBB.2.3,0.0,245487,0.0,#F7BCDF
2024-06-18,Whitman County,XDP,0.0,245487,0.0,#B60052
2024-06-18,Whitman County,XDV.1,0.0,245487,0.0,#D367B6
2024-06-18,Whitman County,unreportable,2553.88472658,245487,0.01040334,#eeeeee
2024-06-18,Yakima County,BA.2,0.0,1078100,0.0,#9CCD67
2024-06-18,Yakima County,BA.2.12.1,0.0,1078100,0.0,#7CB342
2024-06-18,Yakima County,BA.2.86,0.0,1078100,0.0,#D770EE
2024-06-18,Yakima County,EG.5,0.0,1078100,0.0,#FFBE7D
2024-06-18,Yakima County,EG.5.1.8,0.0,1078100,0.0,#E14D6F
2024-06-18,Yakima County,EG.6.1,0.0,1078100,0.0,#B9ABA8
2024-06-18,Yakima County,FE.1.1,0.0,1078100,0.0,#499894
2024-06-18,Yakima County,FL.1.5.1,0.0,1078100,0.0,#8CD17D
2024-06-18,Yakima County,GE.1,0.0,1078100,0.0,#FABFD2
2024-06-18,Yakima County,GK.1.1,0.0,1078100,0.0,#90FAE5
2024-06-18,Yakima County,HF.1,0.0,1078100,0.0,#D399AD
2024-06-18,Yakima County,HK.3,0.0,1078100,0.0,#859DBC
2024-06-18,Yakima County,HV.1,0.0,1078100,0.0,#797765
2024-06-18,Yakima County,JD.1.1,0.0,1078100,0.0,#80F192
2024-06-18,Yakima County,JF.1,0.0,1078100,0.0,#FFF1A9
2024-06-18,Yakima County,JG.3,0.0,1078100,0.0,#66A172
2024-06-18,Yakima County,JN.1,12095.786879,1078100,0.0112195407466839,#61018F
2024-06-18,Yakima County,JN.1.11.1,1430.5773834,1078100,0.001326943125313,#5C9CF1
2024-06-18,Yakima County,JN.1.13,0.0,1078100,0.0,#E83C78
2024-06-18,Yakima County,JN.1.13.1,0.0,1078100,0.0,#F2591C
2024-06-18,Yakima County,JN.1.16,39848.3368416,1078100,0.0369616332822558,#BC3A88
2024-06-18,Yakima County,JN.1.16.1,152531.62409240002,1078100,0.1414818885932659,#366298
2024-06-18,Yakima County,JN.1.18,0.0,1078100,0.0,#4AF32F
2024-06-18,Yakima County,JN.1.32,0.0,1078100,0.0,#2E7919
2024-06-18,Yakima County,JN.1.4.3,0.0,1078100,0.0,#9D1010
2024-06-18,Yakima County,JN.1.7,0.0,1078100,0.0,#CF15E8
2024-06-18,Yakima County,JN.1.8.1,0.0,1078100,0.0,#FFB027
2024-06-18,Yakima County,KP.1.1,1774.5250742,1078100,0.0016459744682311,#CBFF86
2024-06-18,Yakima County,KP.1.1.3,829.2014352000001,1078100,0.000769132209628,#1EB3B6
2024-06-18,Yakima County,KP.1.2,0.0,1078100,0.0,#D7B5A6
2024-06-18,Yakima County,KP.2,75317.9301914,1078100,0.0698617291451627,#5875A1
2024-06-18,Yakima County,KP.2.15,2273.7965736,1078100,0.0021090776120953,#175DFF
2024-06-18,Yakima County,KP.2.3,0.0,1078100,0.0,#628DE8
2024-06-18,Yakima County,KP.3,764352.1477604001,1078100,0.7089807510995271,#B06589
2024-06-18,Yakima County,KP.3.1.1,0.0,1078100,0.0,#2F92A1
2024-06-18,Yakima County,KP.4.1,16811.241449,1078100,0.015593397132919,#FF473A
2024-06-18,Yakima County,KQ.1,0.0,1078100,0.0,#E86CDE
2024-06-18,Yakima County,KV.2,0.0,1078100,0.0,#E14365
2024-06-18,Yakima County,KW.1.1,0.0,1078100,0.0,#34A0FF
2024-06-18,Yakima County,LB.1,0.0,1078100,0.0,#795653
2024-06-18,Yakima County,Recombinant,0.0,1078100,0.0,#FF0000
2024-06-18,Yakima County,XBB,0.0,1078100,0.0,#9FA8DA
2024-06-18,Yakima County,XBB.1.16,0.0,1078100,0.0,#4527A0
2024-06-18,Yakima County,XBB.1.16.1,0.0,1078100,0.0,#F89B9B
2024-06-18,Yakima County,XBB.1.16.15,0.0,1078100,0.0,#E3B5FA
2024-06-18,Yakima County,XBB.1.16.6,0.0,1078100,0.0,#5AA350
2024-06-18,Yakima County,XBB.1.42.1,0.0,1078100,0.0,#75D1A3
2024-06-18,Yakima County,XBB.1.5,0.0,1078100,0.0,#3F51B5
2024-06-18,Yakima County,XBB.1.5.70,0.0,1078100,0.0,#46783C
2024-06-18,Yakima County,XBB.1.5.72,0.0,1078100,0.0,#254220
2024-06-18,Yakima County,XBB.1.9.1,0.0,1078100,0.0,#304FFE
2024-06-18,Yakima County,XBB.1.9.2,0.0,1078100,0.0,#536DFE
2024-06-18,Yakima County,XBB.2.3,0.0,1078100,0.0,#F7BCDF
2024-06-18,Yakima County,XDP,0.0,1078100,0.0,#B60052
2024-06-18,Yakima County,XDV.1,0.0,1078100,0.0,#D367B6
2024-06-18,Yakima County,unreportable,10834.8356942,1078100,0.0100499357148687,#eeeeee
2024-06-25,Benton County,BA.2,0.0,1209268,0.0,#9CCD67
2024-06-25,Benton County,BA.2.12.1,0.0,1209268,0.0,#7CB342
2024-06-25,Benton County,BA.2.86,0.0,1209268,0.0,#D770EE
2024-06-25,Benton County,EG.5,0.0,1209268,0.0,#FFBE7D
2024-06-25,Benton County,EG.5.1.8,0.0,1209268,0.0,#E14D6F
2024-06-25,Benton County,EG.6.1,0.0,1209268,0.0,#B9ABA8
2024-06-25,Benton County,FE.1.1,0.0,1209268,0.0,#499894
2024-06-25,Benton County,FL.1.5.1,0.0,1209268,0.0,#8CD17D
2024-06-25,Benton County,GE.1,0.0,1209268,0.0,#FABFD2
2024-06-25,Benton County,GK.1.1,0.0,1209268,0.0,#90FAE5
2024-06-25,Benton County,HF.1,0.0,1209268,0.0,#D399AD
2024-06-25,Benton County,HK.3,0.0,1209268,0.0,#859DBC
2024-06-25,Benton County,HV.1,0.0,1209268,0.0,#797765
2024-06-25,Benton County,JD.1.1,0.0,1209268,0.0,#80F192
2024-06-25,Benton County,JF.1,0.0,1209268,0.0,#FFF1A9
2024-06-25,Benton County,JG.3,0.0,1209268,0.0,#66A172
2024-06-25,Benton County,JN.1,2058.59836252,1209268,0.0017023508126569,#61018F
2024-06-25,Benton County,JN.1.11.1,2264.9436171,1209268,0.0018729873089339,#5C9CF1
2024-06-25,Benton County,JN.1.13,0.0,1209268,0.0,#E83C78
2024-06-25,Benton County,JN.1.13.1,0.0,1209268,0.0,#F2591C
2024-06-25,Benton County,JN.1.16,0.0,1209268,0.0,#BC3A88
2024-06-25,Benton County,JN.1.16.1,943.51211352,1209268,0.0007802340866706,#366298
2024-06-25,Benton County,JN.1.18,0.0,1209268,0.0,#4AF32F
2024-06-25,Benton County,JN.1.32,0.0,1209268,0.0,#2E7919
2024-06-25,Benton County,JN.1.4.3,0.0,1209268,0.0,#9D1010
2024-06-25,Benton County,JN.1.7,0.0,1209268,0.0,#CF15E8
2024-06-25,Benton County,JN.1.8.1,0.0,1209268,0.0,#FFB027
2024-06-25,Benton County,KP.1.1,79726.27843477999,1209268,0.0659293708547484,#CBFF86
2024-06-25,Benton County,KP.1.1.3,106074.98863508,1209268,0.0877183458382095,#1EB3B6
2024-06-25,Benton County,KP.1.2,0.0,1209268,0.0,#D7B5A6
2024-06-25,Benton County,KP.2,100702.13719976,1209268,0.0832752848828878,#5875A1
2024-06-25,Benton County,KP.2.15,4574.867104880001,1209268,0.003783170566723,#175DFF
2024-06-25,Benton County,KP.2.3,473358.9468977,1209268,0.391442547803878,#628DE8
2024-06-25,Benton County,KP.3,372176.00691704,1209268,0.3077696647203432,#B06589
2024-06-25,Benton County,KP.3.1.1,0.0,1209268,0.0,#2F92A1
2024-06-25,Benton County,KP.4.1,0.0,1209268,0.0,#FF473A
2024-06-25,Benton County,KQ.1,0.0,1209268,0.0,#E86CDE
2024-06-25,Benton County,KV.2,0.0,1209268,0.0,#E14365
2024-06-25,Benton County,KW.1.1,0.0,1209268,0.0,#34A0FF
2024-06-25,Benton County,LB.1,58915.35221948,1209268,0.0487198472294644,#795653
2024-06-25,Benton County,Recombinant,0.0,1209268,0.0,#FF0000
2024-06-25,Benton County,XBB,0.0,1209268,0.0,#9FA8DA
2024-06-25,Benton County,XBB.1.16,0.0,1209268,0.0,#4527A0
2024-06-25,Benton County,XBB.1.16.1,0.0,1209268,0.0,#F89B9B
2024-06-25,Benton County,XBB.1.16.15,0.0,1209268,0.0,#E3B5FA
2024-06-25,Benton County,XBB.1.16.6,0.0,1209268,0.0,#5AA350
2024-06-25,Benton County,XBB.1.42.1,0.0,1209268,0.0,#75D1A3
2024-06-25,Benton County,XBB.1.5,0.0,1209268,0.0,#3F51B5
2024-06-25,Benton County,XBB.1.5.70,0.0,1209268,0.0,#46783C
2024-06-25,Benton County,XBB.1.5.72,0.0,1209268,0.0,#254220
2024-06-25,Benton County,XBB.1.9.1,0.0,1209268,0.0,#304FFE
2024-06-25,Benton County,XBB.1.9.2,0.0,1209268,0.0,#536DFE
2024-06-25,Benton County,XBB.2.3,0.0,1209268,0.0,#F7BCDF
2024-06-25,Benton County,XDP,0.0,1209268,0.0,#B60052
2024-06-25,Benton County,XDV.1,0.0,1209268,0.0,#D367B6
2024-06-25,Benton County,unreportable,8472.36644902,1209268,0.0070061942009711,#eeeeee
2024-06-25,Chelan County,BA.2,0.0,923896,0.0,#9CCD67
2024-06-25,Chelan County,BA.2.12.1,0.0,923896,0.0,#7CB342
2024-06-25,Chelan County,BA.2.86,0.0,923896,0.0,#D770EE
2024-06-25,Chelan County,EG.5,0.0,923896,0.0,#FFBE7D
2024-06-25,Chelan County,EG.5.1.8,0.0,923896,0.0,#E14D6F
2024-06-25,Chelan County,EG.6.1,0.0,923896,0.0,#B9ABA8
2024-06-25,Chelan County,FE.1.1,0.0,923896,0.0,#499894
2024-06-25,Chelan County,FL.1.5.1,0.0,923896,0.0,#8CD17D
2024-06-25,Chelan County,GE.1,0.0,923896,0.0,#FABFD2
2024-06-25,Chelan County,GK.1.1,0.0,923896,0.0,#90FAE5
2024-06-25,Chelan County,HF.1,0.0,923896,0.0,#D399AD
2024-06-25,Chelan County,HK.3,0.0,923896,0.0,#859DBC
2024-06-25,Chelan County,HV.1,0.0,923896,0.0,#797765
2024-06-25,Chelan County,JD.1.1,0.0,923896,0.0,#80F192
2024-06-25,Chelan County,JF.1,0.0,923896,0.0,#FFF1A9
2024-06-25,Chelan County,JG.3,0.0,923896,0.0,#66A172
2024-06-25,Chelan County,JN.1,4279.77314684,923896,0.0046323105055547,#61018F
2024-06-25,Chelan County,JN.1.11.1,67916.58654812002,923896,0.0735110732681167,#5C9CF1
2024-06-25,Chelan County,JN.1.13,0.0,923896,0.0,#E83C78
2024-06-25,Chelan County,JN.1.13.1,0.0,923896,0.0,#F2591C
2024-06-25,Chelan County,JN.1.16,36206.6048354,923896,0.0391890481562859,#BC3A88
2024-06-25,Chelan County,JN.1.16.1,0.0,923896,0.0,#366298
2024-06-25,Chelan County,JN.1.18,0.0,923896,0.0,#4AF32F
2024-06-25,Chelan County,JN.1.32,0.0,923896,0.0,#2E7919
2024-06-25,Chelan County,JN.1.4.3,0.0,923896,0.0,#9D1010
2024-06-25,Chelan County,JN.1.7,0.0,923896,0.0,#CF15E8
2024-06-25,Chelan County,JN.1.8.1,0.0,923896,0.0,#FFB027
2024-06-25,Chelan County,KP.1.1,0.0,923896,0.0,#CBFF86
2024-06-25,Chelan County,KP.1.1.3,26073.083196,923896,0.0282207988734662,#1EB3B6
2024-06-25,Chelan County,KP.1.2,0.0,923896,0.0,#D7B5A6
2024-06-25,Chelan County,KP.2,13076.695536119998,923896,0.0141538609714946,#5875A1
2024-06-25,Chelan County,KP.2.15,2985.7110769600004,923896,0.0032316527801397,#175DFF
2024-06-25,Chelan County,KP.2.3,43339.32439612,923896,0.046909310567553,#628DE8
2024-06-25,Chelan County,KP.3,688212.6151093999,923896,0.7449026893821381,#B06589
2024-06-25,Chelan County,KP.3.1.1,0.0,923896,0.0,#2F92A1
2024-06-25,Chelan County,KP.4.1,0.0,923896,0.0,#FF473A
2024-06-25,Chelan County,KQ.1,0.0,923896,0.0,#E86CDE
2024-06-25,Chelan County,KV.2,0.0,923896,0.0,#E14365
2024-06-25,Chelan County,KW.1.1,0.0,923896,0.0,#34A0FF
2024-06-25,Chelan County,LB.1,36655.0713558,923896,0.0396744561680102,#795653
2024-06-25,Chelan County,Recombinant,0.0,923896,0.0,#FF0000
2024-06-25,Chelan County,XBB,0.0,923896,0.0,#9FA8DA
2024-06-25,Chelan County,XBB.1.16,0.0,923896,0.0,#4527A0
2024-06-25,Chelan County,XBB.1.16.1,0.0,923896,0.0,#F89B9B
2024-06-25,Chelan County,XBB.1.16.15,0.0,923896,0.0,#E3B5FA
2024-06-25,Chelan County,XBB.1.16.6,0.0,923896,0.0,#5AA350
2024-06-25,Chelan County,XBB.1.42.1,0.0,923896,0.0,#75D1A3
2024-06-25,Chelan County,XBB.1.5,0.0,923896,0.0,#3F51B5
2024-06-25,Chelan County,XBB.1.5.70,0.0,923896,0.0,#46783C
2024-06-25,Chelan County,XBB.1.5.72,0.0,923896,0.0,#254220
2024-06-25,Chelan County,XBB.1.9.1,0.0,923896,0.0,#304FFE
2024-06-25,Chelan County,XBB.1.9.2,0.0,923896,0.0,#536DFE
2024-06-25,Chelan County,XBB.2.3,0.0,923896,0.0,#F7BCDF
2024-06-25,Chelan County,XDP,0.0,923896,0.0,#B60052
2024-06-25,Chelan County,XDV.1,0.0,923896,0.0,#D367B6
2024-06-25,Chelan County,unreportable,5150.54107988,923896,0.0055748061252348,#eeeeee
2024-06-25,Franklin County,BA.2,0.0,737220,0.0,#9CCD67
2024-06-25,Franklin County,BA.2.12.1,0.0,737220,0.0,#7CB342
2024-06-25,Franklin County,BA.2.86,0.0,737220,0.0,#D770EE
2024-06-25,Franklin County,EG.5,0.0,737220,0.0,#FFBE7D
2024-06-25,Franklin County,EG.5.1.8,0.0,737220,0.0,#E14D6F
2024-06-25,Franklin County,EG.6.1,0.0,737220,0.0,#B9ABA8
2024-06-25,Franklin County,FE.1.1,0.0,737220,0.0,#499894
2024-06-25,Franklin County,FL.1.5.1,0.0,737220,0.0,#8CD17D
2024-06-25,Franklin County,GE.1,0.0,737220,0.0,#FABFD2
2024-06-25,Franklin County,GK.1.1,0.0,737220,0.0,#90FAE5
2024-06-25,Franklin County,HF.1,0.0,737220,0.0,#D399AD
2024-06-25,Franklin County,HK.3,0.0,737220,0.0,#859DBC
2024-06-25,Franklin County,HV.1,0.0,737220,0.0,#797765
2024-06-25,Franklin County,JD.1.1,0.0,737220,0.0,#80F192
2024-06-25,Franklin County,JF.1,0.0,737220,0.0,#FFF1A9
2024-06-25,Franklin County,JG.3,0.0,737220,0.0,#66A172
2024-06-25,Franklin County,JN.1,27344.7135852,737220,0.03709166,#61018F
2024-06-25,Franklin County,JN.1.11.1,0.0,737220,0.0,#5C9CF1
2024-06-25,Franklin County,JN.1.13,0.0,737220,0.0,#E83C78
2024-06-25,Franklin County,JN.1.13.1,0.0,737220,0.0,#F2591C
2024-06-25,Franklin County,JN.1.16,0.0,737220,0.0,#BC3A88
2024-06-25,Franklin County,JN.1.16.1,0.0,737220,0.0,#366298
2024-06-25,Franklin County,JN.1.18,1373.9642862,737220,0.00186371,#4AF32F
2024-06-25,Franklin County,JN.1.32,0.0,737220,0.0,#2E7919
2024-06-25,Franklin County,JN.1.4.3,0.0,737220,0.0,#9D1010
2024-06-25,Franklin County,JN.1.7,0.0,737220,0.0,#CF15E8
2024-06-25,Franklin County,JN.1.8.1,0.0,737220,0.0,#FFB027
2024-06-25,Franklin County,KP.1.1,0.0,737220,0.0,#CBFF86
2024-06-25,Franklin County,KP.1.1.3,0.0,737220,0.0,#1EB3B6
2024-06-25,Franklin County,KP.1.2,0.0,737220,0.0,#D7B5A6
2024-06-25,Franklin County,KP.2,0.0,737220,0.0,#5875A1
2024-06-25,Franklin County,KP.2.15,0.0,737220,0.0,#175DFF
2024-06-25,Franklin County,KP.2.3,218392.0401894,737220,0.29623727,#628DE8
2024-06-25,Franklin County,KP.3,453303.639789,737220,0.61488245,#B06589
2024-06-25,Franklin County,KP.3.1.1,0.0,737220,0.0,#2F92A1
2024-06-25,Franklin County,KP.4.1,0.0,737220,0.0,#FF473A
2024-06-25,Franklin County,KQ.1,0.0,737220,0.0,#E86CDE
2024-06-25,Franklin County,KV.2,0.0,737220,0.0,#E14365
2024-06-25,Franklin County,KW.1.1,0.0,737220,0.0,#34A0FF
2024-06-25,Franklin County,LB.1,23609.1977286,737220,0.03202463,#795653
2024-06-25,Franklin County,Recombinant,0.0,737220,0.0,#FF0000
2024-06-25,Franklin County,XBB,0.0,737220,0.0,#9FA8DA
2024-06-25,Franklin County,XBB.1.16,0.0,737220,0.0,#4527A0
2024-06-25,Franklin County,XBB.1.16.1,0.0,737220,0.0,#F89B9B
2024-06-25,Franklin County,XBB.1.16.15,0.0,737220,0.0,#E3B5FA
2024-06-25,Franklin County,XBB.1.16.6,0.0,737220,0.0,#5AA350
2024-06-25,Franklin County,XBB.1.42.1,0.0,737220,0.0,#75D1A3
2024-06-25,Franklin County,XBB.1.5,0.0,737220,0.0,#3F51B5
2024-06-25,Franklin County,XBB.1.5.70,0.0,737220,0.0,#46783C
2024-06-25,Franklin County,XBB.1.5.72,0.0,737220,0.0,#254220
2024-06-25,Franklin County,XBB.1.9.1,0.0,737220,0.0,#304FFE
2024-06-25,Franklin County,XBB.1.9.2,0.0,737220,0.0,#536DFE
2024-06-25,Franklin County,XBB.2.3,0.0,737220,0.0,#F7BCDF
2024-06-25,Franklin County,XDP,0.0,737220,0.0,#B60052
2024-06-25,Franklin County,XDV.1,0.0,737220,0.0,#D367B6
2024-06-25,Franklin County,unreportable,13196.4444216,737220,0.01790028,#eeeeee
2024-06-25,Island County,BA.2,0.0,1778632,0.0,#9CCD67
2024-06-25,Island County,BA.2.12.1,0.0,1778632,0.0,#7CB342
2024-06-25,Island County,BA.2.86,0.0,1778632,0.0,#D770EE
2024-06-25,Island County,EG.5,0.0,1778632,0.0,#FFBE7D
2024-06-25,Island County,EG.5.1.8,0.0,1778632,0.0,#E14D6F
2024-06-25,Island County,EG.6.1,0.0,1778632,0.0,#B9ABA8
2024-06-25,Island County,FE.1.1,0.0,1778632,0.0,#499894
2024-06-25,Island County,FL.1.5.1,0.0,1778632,0.0,#8CD17D
2024-06-25,Island County,GE.1,0.0,1778632,0.0,#FABFD2
2024-06-25,Island County,GK.1.1,0.0,1778632,0.0,#90FAE5
2024-06-25,Island County,HF.1,0.0,1778632,0.0,#D399AD
2024-06-25,Island County,HK.3,0.0,1778632,0.0,#859DBC
2024-06-25,Island County,HV.1,0.0,1778632,0.0,#797765
2024-06-25,Island County,JD.1.1,0.0,1778632,0.0,#80F192
2024-06-25,Island County,JF.1,0.0,1778632,0.0,#FFF1A9
2024-06-25,Island County,JG.3,0.0,1778632,0.0,#66A172
2024-06-25,Island County,JN.1,140261.00932884,1778632,0.0788589260335134,#61018F
2024-06-25,Island County,JN.1.11.1,27337.420969420004,1778632,0.0153699140515969,#5C9CF1
2024-06-25,Island County,JN.1.13,0.0,1778632,0.0,#E83C78
2024-06-25,Island County,JN.1.13.1,385.96721288,1778632,0.0002170022876457,#F2591C
2024-06-25,Island County,JN.1.16,87250.60965163,1778632,0.0490548970510088,#BC3A88
2024-06-25,Island County,JN.1.16.1,179048.88550361,1778632,0.1006666277811317,#366298
2024-06-25,Island County,JN.1.18,1411.36058427,1778632,0.0007935090475545,#4AF32F
2024-06-25,Island County,JN.1.32,0.0,1778632,0.0,#2E7919
2024-06-25,Island County,JN.1.4.3,0.0,1778632,0.0,#9D1010
2024-06-25,Island County,JN.1.7,20963.78058285,1778632,0.011786463182294,#CF15E8
2024-06-25,Island County,JN.1.8.1,0.0,1778632,0.0,#FFB027
2024-06-25,Island County,KP.1.1,196674.25860312,1778632,0.1105761386296434,#CBFF86
2024-06-25,Island County,KP.1.1.3,0.0,1778632,0.0,#1EB3B6
2024-06-25,Island County,KP.1.2,16813.14211138,1778632,0.0094528503430614,#D7B5A6
2024-06-25,Island County,KP.2,211991.49154341,1778632,0.1191879441859867,#5875A1
2024-06-25,Island County,KP.2.15,3095.49539064,1778632,0.0017403799046907,#175DFF
2024-06-25,Island County,KP.2.3,51576.31735755,1778632,0.0289977450971027,#628DE8
2024-06-25,Island County,KP.3,458935.73511733,1778632,0.2580273688527643,#B06589
2024-06-25,Island County,KP.3.1.1,257816.40857571,1778632,0.144952080349229,#2F92A1
2024-06-25,Island County,KP.4.1,0.0,1778632,0.0,#FF473A
2024-06-25,Island County,KQ.1,0.0,1778632,0.0,#E86CDE
2024-06-25,Island County,KV.2,0.0,1778632,0.0,#E14365
2024-06-25,Island County,KW.1.1,0.0,1778632,0.0,#34A0FF
2024-06-25,Island County,LB.1,103385.8401105,1778632,0.058126605228344,#795653
2024-06-25,Island County,Recombinant,0.0,1778632,0.0,#FF0000
2024-06-25,Island County,XBB,0.0,1778632,0.0,#9FA8DA
2024-06-25,Island County,XBB.1.16,0.0,1778632,0.0,#4527A0
2024-06-25,Island County,XBB.1.16.1,0.0,1778632,0.0,#F89B9B
2024-06-25,Island County,XBB.1.16.15,0.0,1778632,0.0,#E3B5FA
2024-06-25,Island County,XBB.1.16.6,0.0,1778632,0.0,#5AA350
2024-06-25,Island County,XBB.1.42.1,0.0,1778632,0.0,#75D1A3
2024-06-25,Island County,XBB.1.5,0.0,1778632,0.0,#3F51B5
2024-06-25,Island County,XBB.1.5.70,0.0,1778632,0.0,#46783C
2024-06-25,Island County,XBB.1.5.72,0.0,1778632,0.0,#254220
2024-06-25,Island County,XBB.1.9.1,0.0,1778632,0.0,#304FFE
2024-06-25,Island County,XBB.1.9.2,0.0,1778632,0.0,#536DFE
2024-06-25,Island County,XBB.2.3,0.0,1778632,0.0,#F7BCDF
2024-06-25,Island County,XDP,0.0,1778632,0.0,#B60052
2024-06-25,Island County,XDV.1,0.0,1778632,0.0,#D367B6
2024-06-25,Island County,unreportable,21684.28077504,1778632,0.0121915498962348,#eeeeee
2024-06-25,Jefferson County,BA.2,0.0,162770,0.0,#9CCD67
2024-06-25,Jefferson County,BA.2.12.1,0.0,162770,0.0,#7CB342
2024-06-25,Jefferson County,BA.2.86,0.0,162770,0.0,#D770EE
2024-06-25,Jefferson County,EG.5,0.0,162770,0.0,#FFBE7D
2024-06-25,Jefferson County,EG.5.1.8,0.0,162770,0.0,#E14D6F
2024-06-25,Jefferson County,EG.6.1,0.0,162770,0.0,#B9ABA8
2024-06-25,Jefferson County,FE.1.1,0.0,162770,0.0,#499894
2024-06-25,Jefferson County,FL.1.5.1,0.0,162770,0.0,#8CD17D
2024-06-25,Jefferson County,GE.1,0.0,162770,0.0,#FABFD2
2024-06-25,Jefferson County,GK.1.1,0.0,162770,0.0,#90FAE5
2024-06-25,Jefferson County,HF.1,0.0,162770,0.0,#D399AD
2024-06-25,Jefferson County,HK.3,0.0,162770,0.0,#859DBC
2024-06-25,Jefferson County,HV.1,0.0,162770,0.0,#797765
2024-06-25,Jefferson County,JD.1.1,0.0,162770,0.0,#80F192
2024-06-25,Jefferson County,JF.1,0.0,162770,0.0,#FFF1A9
2024-06-25,Jefferson County,JG.3,0.0,162770,0.0,#66A172
2024-06-25,Jefferson County,JN.1,184.5144443,162770,0.00113359,#61018F
2024-06-25,Jefferson County,JN.1.11.1,0.0,162770,0.0,#5C9CF1
2024-06-25,Jefferson County,JN.1.13,0.0,162770,0.0,#E83C78
2024-06-25,Jefferson County,JN.1.13.1,21188.911917700003,162770,0.13017701,#F2591C
2024-06-25,Jefferson County,JN.1.16,0.0,162770,0.0,#BC3A88
2024-06-25,Jefferson County,JN.1.16.1,449.57074,162770,0.002762,#366298
2024-06-25,Jefferson County,JN.1.18,0.0,162770,0.0,#4AF32F
2024-06-25,Jefferson County,JN.1.32,0.0,162770,0.0,#2E7919
2024-06-25,Jefferson County,JN.1.4.3,0.0,162770,0.0,#9D1010
2024-06-25,Jefferson County,JN.1.7,0.0,162770,0.0,#CF15E8
2024-06-25,Jefferson County,JN.1.8.1,0.0,162770,0.0,#FFB027
2024-06-25,Jefferson County,KP.1.1,623.132391,162770,0.0038282999999999,#CBFF86
2024-06-25,Jefferson County,KP.1.1.3,0.0,162770,0.0,#1EB3B6
2024-06-25,Jefferson County,KP.1.2,0.0,162770,0.0,#D7B5A6
2024-06-25,Jefferson County,KP.2,0.0,162770,0.0,#5875A1
2024-06-25,Jefferson County,KP.2.15,0.0,162770,0.0,#175DFF
2024-06-25,Jefferson County,KP.2.3,19854.0188707,162770,0.12197591,#628DE8
2024-06-25,Jefferson County,KP.3,42509.6496307,162770,0.26116391,#B06589
2024-06-25,Jefferson County,KP.3.1.1,0.0,162770,0.0,#2F92A1
2024-06-25,Jefferson County,KP.4.1,0.0,162770,0.0,#FF473A
2024-06-25,Jefferson County,KQ.1,0.0,162770,0.0,#E86CDE
2024-06-25,Jefferson County,KV.2,0.0,162770,0.0,#E14365
2024-06-25,Jefferson County,KW.1.1,0.0,162770,0.0,#34A0FF
2024-06-25,Jefferson County,LB.1,76533.31298229999,162770,0.4701929899999999,#795653
2024-06-25,Jefferson County,Recombinant,0.0,162770,0.0,#FF0000
2024-06-25,Jefferson County,XBB,0.0,162770,0.0,#9FA8DA
2024-06-25,Jefferson County,XBB.1.16,0.0,162770,0.0,#4527A0
2024-06-25,Jefferson County,XBB.1.16.1,0.0,162770,0.0,#F89B9B
2024-06-25,Jefferson County,XBB.1.16.15,0.0,162770,0.0,#E3B5FA
2024-06-25,Jefferson County,XBB.1.16.6,0.0,162770,0.0,#5AA350
2024-06-25,Jefferson County,XBB.1.42.1,0.0,162770,0.0,#75D1A3
2024-06-25,Jefferson County,XBB.1.5,0.0,162770,0.0,#3F51B5
2024-06-25,Jefferson County,XBB.1.5.70,0.0,162770,0.0,#46783C
2024-06-25,Jefferson County,XBB.1.5.72,0.0,162770,0.0,#254220
2024-06-25,Jefferson County,XBB.1.9.1,0.0,162770,0.0,#304FFE
2024-06-25,Jefferson County,XBB.1.9.2,0.0,162770,0.0,#536DFE
2024-06-25,Jefferson County,XBB.2.3,0.0,162770,0.0,#F7BCDF
2024-06-25,Jefferson County,XDP,0.0,162770,0.0,#B60052
2024-06-25,Jefferson County,XDV.1,0.0,162770,0.0,#D367B6
2024-06-25,Jefferson County,unreportable,1426.8890233,162770,0.00876629,#eeeeee
2024-06-25,King County,BA.2,0.0,973611,0.0,#9CCD67
2024-06-25,King County,BA.2.12.1,0.0,973611,0.0,#7CB342
2024-06-25,King County,BA.2.86,0.0,973611,0.0,#D770EE
2024-06-25,King County,EG.5,0.0,973611,0.0,#FFBE7D
2024-06-25,King County,EG.5.1.8,0.0,973611,0.0,#E14D6F
2024-06-25,King County,EG.6.1,0.0,973611,0.0,#B9ABA8
2024-06-25,King County,FE.1.1,0.0,973611,0.0,#499894
2024-06-25,King County,FL.1.5.1,0.0,973611,0.0,#8CD17D
2024-06-25,King County,GE.1,0.0,973611,0.0,#FABFD2
2024-06-25,King County,GK.1.1,0.0,973611,0.0,#90FAE5
2024-06-25,King County,HF.1,0.0,973611,0.0,#D399AD
2024-06-25,King County,HK.3,0.0,973611,0.0,#859DBC
2024-06-25,King County,HV.1,0.0,973611,0.0,#797765
2024-06-25,King County,JD.1.1,0.0,973611,0.0,#80F192
2024-06-25,King County,JF.1,0.0,973611,0.0,#FFF1A9
2024-06-25,King County,JG.3,0.0,973611,0.0,#66A172
2024-06-25,King County,JN.1,3335.15316105,973611,0.00342555,#61018F
2024-06-25,King County,JN.1.11.1,0.0,973611,0.0,#5C9CF1
2024-06-25,King County,JN.1.13,0.0,973611,0.0,#E83C78
2024-06-25,King County,JN.1.13.1,0.0,973611,0.0,#F2591C
2024-06-25,King County,JN.1.16,0.0,973611,0.0,#BC3A88
2024-06-25,King County,JN.1.16.1,0.0,973611,0.0,#366298
2024-06-25,King County,JN.1.18,0.0,973611,0.0,#4AF32F
2024-06-25,King County,JN.1.32,0.0,973611,0.0,#2E7919
2024-06-25,King County,JN.1.4.3,0.0,973611,0.0,#9D1010
2024-06-25,King County,JN.1.7,0.0,973611,0.0,#CF15E8
2024-06-25,King County,JN.1.8.1,0.0,973611,0.0,#FFB027
2024-06-25,King County,KP.1.1,0.0,973611,0.0,#CBFF86
2024-06-25,King County,KP.1.1.3,1148.65652169,973611,0.00117979,#1EB3B6
2024-06-25,King County,KP.1.2,0.0,973611,0.0,#D7B5A6
2024-06-25,King County,KP.2,387165.68292672,973611,0.39765952,#5875A1
2024-06-25,King County,KP.2.15,8485.46772606,973611,0.00871546,#175DFF
2024-06-25,King County,KP.2.3,0.0,973611,0.0,#628DE8
2024-06-25,King County,KP.3,0.0,973611,0.0,#B06589
2024-06-25,King County,KP.3.1.1,0.0,973611,0.0,#2F92A1
2024-06-25,King County,KP.4.1,0.0,973611,0.0,#FF473A
2024-06-25,King County,KQ.1,0.0,973611,0.0,#E86CDE
2024-06-25,King County,KV.2,0.0,973611,0.0,#E14365
2024-06-25,King County,KW.1.1,0.0,973611,0.0,#34A0FF
2024-06-25,King County,LB.1,563858.79783147,973611,0.57914177,#795653
2024-06-25,King County,Recombinant,0.0,973611,0.0,#FF0000
2024-06-25,King County,XBB,0.0,973611,0.0,#9FA8DA
2024-06-25,King County,XBB.1.16,0.0,973611,0.0,#4527A0
2024-06-25,King County,XBB.1.16.1,0.0,973611,0.0,#F89B9B
2024-06-25,King County,XBB.1.16.15,0.0,973611,0.0,#E3B5FA
2024-06-25,King County,XBB.1.16.6,0.0,973611,0.0,#5AA350
2024-06-25,King County,XBB.1.42.1,0.0,973611,0.0,#75D1A3
2024-06-25,King County,XBB.1.5,0.0,973611,0.0,#3F51B5
2024-06-25,King County,XBB.1.5.70,0.0,973611,0.0,#46783C
2024-06-25,King County,XBB.1.5.72,0.0,973611,0.0,#254220
2024-06-25,King County,XBB.1.9.1,0.0,973611,0.0,#304FFE
2024-06-25,King County,XBB.1.9.2,0.0,973611,0.0,#536DFE
2024-06-25,King County,XBB.2.3,0.0,973611,0.0,#F7BCDF
2024-06-25,King County,XDP,0.0,973611,0.0,#B60052
2024-06-25,King County,XDV.1,0.0,973611,0.0,#D367B6
2024-06-25,King County,unreportable,9617.2320969,973611,0.0098779,#eeeeee
2024-06-25,Kittitas County,BA.2,0.0,862782,0.0,#9CCD67
2024-06-25,Kittitas County,BA.2.12.1,0.0,862782,0.0,#7CB342
2024-06-25,Kittitas County,BA.2.86,0.0,862782,0.0,#D770EE
2024-06-25,Kittitas County,EG.5,0.0,862782,0.0,#FFBE7D
2024-06-25,Kittitas County,EG.5.1.8,0.0,862782,0.0,#E14D6F
2024-06-25,Kittitas County,EG.6.1,0.0,862782,0.0,#B9ABA8
2024-06-25,Kittitas County,FE.1.1,0.0,862782,0.0,#499894
2024-06-25,Kittitas County,FL.1.5.1,0.0,862782,0.0,#8CD17D
2024-06-25,Kittitas County,GE.1,0.0,862782,0.0,#FABFD2
2024-06-25,Kittitas County,GK.1.1,0.0,862782,0.0,#90FAE5
2024-06-25,Kittitas County,HF.1,0.0,862782,0.0,#D399AD
2024-06-25,Kittitas County,HK.3,0.0,862782,0.0,#859DBC
2024-06-25,Kittitas County,HV.1,0.0,862782,0.0,#797765
2024-06-25,Kittitas County,JD.1.1,0.0,862782,0.0,#80F192
2024-06-25,Kittitas County,JF.1,0.0,862782,0.0,#FFF1A9
2024-06-25,Kittitas County,JG.3,0.0,862782,0.0,#66A172
2024-06-25,Kittitas County,JN.1,65321.96047038,862782,0.075710852185581,#61018F
2024-06-25,Kittitas County,JN.1.11.1,20591.8420032,862782,0.0238667960193884,#5C9CF1
2024-06-25,Kittitas County,JN.1.13,0.0,862782,0.0,#E83C78
2024-06-25,Kittitas County,JN.1.13.1,1152.15702732,862782,0.0013353976176137,#F2591C
2024-06-25,Kittitas County,JN.1.16,0.0,862782,0.0,#BC3A88
2024-06-25,Kittitas County,JN.1.16.1,2140.72510536,862782,0.0024811888812701,#366298
2024-06-25,Kittitas County,JN.1.18,0.0,862782,0.0,#4AF32F
2024-06-25,Kittitas County,JN.1.32,0.0,862782,0.0,#2E7919
2024-06-25,Kittitas County,JN.1.4.3,0.0,862782,0.0,#9D1010
2024-06-25,Kittitas County,JN.1.7,0.0,862782,0.0,#CF15E8
2024-06-25,Kittitas County,JN.1.8.1,0.0,862782,0.0,#FFB027
2024-06-25,Kittitas County,KP.1.1,0.0,862782,0.0,#CBFF86
2024-06-25,Kittitas County,KP.1.1.3,0.0,862782,0.0,#1EB3B6
2024-06-25,Kittitas County,KP.1.2,0.0,862782,0.0,#D7B5A6
2024-06-25,Kittitas County,KP.2,382920.76855326,862782,0.4438209982976696,#5875A1
2024-06-25,Kittitas County,KP.2.15,769.5915552,862782,0.0008919884225679,#175DFF
2024-06-25,Kittitas County,KP.2.3,0.0,862782,0.0,#628DE8
2024-06-25,Kittitas County,KP.3,229111.09260192,862782,0.2655492263421351,#B06589
2024-06-25,Kittitas County,KP.3.1.1,482.3118768,862782,0.000559019400961,#2F92A1
2024-06-25,Kittitas County,KP.4.1,1927.50707808,862782,0.0022340603745557,#FF473A
2024-06-25,Kittitas County,KQ.1,0.0,862782,0.0,#E86CDE
2024-06-25,Kittitas County,KV.2,0.0,862782,0.0,#E14365
2024-06-25,Kittitas County,KW.1.1,0.0,862782,0.0,#34A0FF
2024-06-25,Kittitas County,LB.1,153045.99969138,862782,0.177386639604651,#795653
2024-06-25,Kittitas County,Recombinant,0.0,862782,0.0,#FF0000
2024-06-25,Kittitas County,XBB,0.0,862782,0.0,#9FA8DA
2024-06-25,Kittitas County,XBB.1.16,0.0,862782,0.0,#4527A0
2024-06-25,Kittitas County,XBB.1.16.1,0.0,862782,0.0,#F89B9B
2024-06-25,Kittitas County,XBB.1.16.15,0.0,862782,0.0,#E3B5FA
2024-06-25,Kittitas County,XBB.1.16.6,0.0,862782,0.0,#5AA350
2024-06-25,Kittitas County,XBB.1.42.1,0.0,862782,0.0,#75D1A3
2024-06-25,Kittitas County,XBB.1.5,0.0,862782,0.0,#3F51B5
2024-06-25,Kittitas County,XBB.1.5.70,0.0,862782,0.0,#46783C
2024-06-25,Kittitas County,XBB.1.5.72,0.0,862782,0.0,#254220
2024-06-25,Kittitas County,XBB.1.9.1,0.0,862782,0.0,#304FFE
2024-06-25,Kittitas County,XBB.1.9.2,0.0,862782,0.0,#536DFE
2024-06-25,Kittitas County,XBB.2.3,0.0,862782,0.0,#F7BCDF
2024-06-25,Kittitas County,XDP,0.0,862782,0.0,#B60052
2024-06-25,Kittitas County,XDV.1,0.0,862782,0.0,#D367B6
2024-06-25,Kittitas County,unreportable,5318.05266492,862782,0.0061638428536061,#eeeeee
2024-06-25,Okanogan County,BA.2,0.0,951940,0.0,#9CCD67
2024-06-25,Okanogan County,BA.2.12.1,0.0,951940,0.0,#7CB342
2024-06-25,Okanogan County,BA.2.86,716.4919944,951940,0.0007526650780511,#D770EE
2024-06-25,Okanogan County,EG.5,0.0,951940,0.0,#FFBE7D
2024-06-25,Okanogan County,EG.5.1.8,0.0,951940,0.0,#E14D6F
2024-06-25,Okanogan County,EG.6.1,0.0,951940,0.0,#B9ABA8
2024-06-25,Okanogan County,FE.1.1,0.0,951940,0.0,#499894
2024-06-25,Okanogan County,FL.1.5.1,0.0,951940,0.0,#8CD17D
2024-06-25,Okanogan County,GE.1,0.0,951940,0.0,#FABFD2
2024-06-25,Okanogan County,GK.1.1,0.0,951940,0.0,#90FAE5
2024-06-25,Okanogan County,HF.1,0.0,951940,0.0,#D399AD
2024-06-25,Okanogan County,HK.3,0.0,951940,0.0,#859DBC
2024-06-25,Okanogan County,HV.1,0.0,951940,0.0,#797765
2024-06-25,Okanogan County,JD.1.1,0.0,951940,0.0,#80F192
2024-06-25,Okanogan County,JF.1,0.0,951940,0.0,#FFF1A9
2024-06-25,Okanogan County,JG.3,0.0,951940,0.0,#66A172
2024-06-25,Okanogan County,JN.1,9166.5026857,951940,0.0096292861794861,#61018F
2024-06-25,Okanogan County,JN.1.11.1,4137.368407999999,951940,0.0043462491417526,#5C9CF1
2024-06-25,Okanogan County,JN.1.13,0.0,951940,0.0,#E83C78
2024-06-25,Okanogan County,JN.1.13.1,1282.7344374,951940,0.0013474950494779,#F2591C
2024-06-25,Okanogan County,JN.1.16,51208.2369279,951940,0.0537935551903481,#BC3A88
2024-06-25,Okanogan County,JN.1.16.1,38730.22814109999,951940,0.0406855769702922,#366298
2024-06-25,Okanogan County,JN.1.18,0.0,951940,0.0,#4AF32F
2024-06-25,Okanogan County,JN.1.32,0.0,951940,0.0,#2E7919
2024-06-25,Okanogan County,JN.1.4.3,0.0,951940,0.0,#9D1010
2024-06-25,Okanogan County,JN.1.7,0.0,951940,0.0,#CF15E8
2024-06-25,Okanogan County,JN.1.8.1,0.0,951940,0.0,#FFB027
2024-06-25,Okanogan County,KP.1.1,26.4105263,951940,2.774389803979242e-05,#CBFF86
2024-06-25,Okanogan County,KP.1.1.3,0.0,951940,0.0,#1EB3B6
2024-06-25,Okanogan County,KP.1.2,4087.1847644,951940,0.0042935319078933,#D7B5A6
2024-06-25,Okanogan County,KP.2,0.0,951940,0.0,#5875A1
2024-06-25,Okanogan County,KP.2.15,0.0,951940,0.0,#175DFF
2024-06-25,Okanogan County,KP.2.3,132578.111016,951940,0.1392714992709624,#628DE8
2024-06-25,Okanogan County,KP.3,597271.135655,951940,0.6274251903008593,#B06589
2024-06-25,Okanogan County,KP.3.1.1,91943.6793093,951940,0.0965855823994159,#2F92A1
2024-06-25,Okanogan County,KP.4.1,0.0,951940,0.0,#FF473A
2024-06-25,Okanogan County,KQ.1,0.0,951940,0.0,#E86CDE
2024-06-25,Okanogan County,KV.2,0.0,951940,0.0,#E14365
2024-06-25,Okanogan County,KW.1.1,9206.140338,951940,0.0096709249931718,#34A0FF
2024-06-25,Okanogan County,LB.1,0.0,951940,0.0,#795653
2024-06-25,Okanogan County,Recombinant,0.0,951940,0.0,#FF0000
2024-06-25,Okanogan County,XBB,0.0,951940,0.0,#9FA8DA
2024-06-25,Okanogan County,XBB.1.16,0.0,951940,0.0,#4527A0
2024-06-25,Okanogan County,XBB.1.16.1,0.0,951940,0.0,#F89B9B
2024-06-25,Okanogan County,XBB.1.16.15,0.0,951940,0.0,#E3B5FA
2024-06-25,Okanogan County,XBB.1.16.6,0.0,951940,0.0,#5AA350
2024-06-25,Okanogan County,XBB.1.42.1,0.0,951940,0.0,#75D1A3
2024-06-25,Okanogan County,XBB.1.5,0.0,951940,0.0,#3F51B5
2024-06-25,Okanogan County,XBB.1.5.70,0.0,951940,0.0,#46783C
2024-06-25,Okanogan County,XBB.1.5.72,0.0,951940,0.0,#254220
2024-06-25,Okanogan County,XBB.1.9.1,0.0,951940,0.0,#304FFE
2024-06-25,Okanogan County,XBB.1.9.2,0.0,951940,0.0,#536DFE
2024-06-25,Okanogan County,XBB.2.3,0.0,951940,0.0,#F7BCDF
2024-06-25,Okanogan County,XDP,0.0,951940,0.0,#B60052
2024-06-25,Okanogan County,XDV.1,0.0,951940,0.0,#D367B6
2024-06-25,Okanogan County,unreportable,11585.766518400002,951940,0.0121706898737315,#eeeeee
2024-06-25,Pierce County,BA.2,0.0,943787,0.0,#9CCD67
2024-06-25,Pierce County,BA.2.12.1,0.0,943787,0.0,#7CB342
2024-06-25,Pierce County,BA.2.86,0.0,943787,0.0,#D770EE
2024-06-25,Pierce County,EG.5,0.0,943787,0.0,#FFBE7D
2024-06-25,Pierce County,EG.5.1.8,0.0,943787,0.0,#E14D6F
2024-06-25,Pierce County,EG.6.1,0.0,943787,0.0,#B9ABA8
2024-06-25,Pierce County,FE.1.1,0.0,943787,0.0,#499894
2024-06-25,Pierce County,FL.1.5.1,0.0,943787,0.0,#8CD17D
2024-06-25,Pierce County,GE.1,0.0,943787,0.0,#FABFD2
2024-06-25,Pierce County,GK.1.1,0.0,943787,0.0,#90FAE5
2024-06-25,Pierce County,HF.1,0.0,943787,0.0,#D399AD
2024-06-25,Pierce County,HK.3,0.0,943787,0.0,#859DBC
2024-06-25,Pierce County,HV.1,0.0,943787,0.0,#797765
2024-06-25,Pierce County,JD.1.1,0.0,943787,0.0,#80F192
2024-06-25,Pierce County,JF.1,0.0,943787,0.0,#FFF1A9
2024-06-25,Pierce County,JG.3,0.0,943787,0.0,#66A172
2024-06-25,Pierce County,JN.1,0.0,943787,0.0,#61018F
2024-06-25,Pierce County,JN.1.11.1,0.0,943787,0.0,#5C9CF1
2024-06-25,Pierce County,JN.1.13,0.0,943787,0.0,#E83C78
2024-06-25,Pierce County,JN.1.13.1,0.0,943787,0.0,#F2591C
2024-06-25,Pierce County,JN.1.16,0.0,943787,0.0,#BC3A88
2024-06-25,Pierce County,JN.1.16.1,0.0,943787,0.0,#366298
2024-06-25,Pierce County,JN.1.18,0.0,943787,0.0,#4AF32F
2024-06-25,Pierce County,JN.1.32,0.0,943787,0.0,#2E7919
2024-06-25,Pierce County,JN.1.4.3,0.0,943787,0.0,#9D1010
2024-06-25,Pierce County,JN.1.7,0.0,943787,0.0,#CF15E8
2024-06-25,Pierce County,JN.1.8.1,0.0,943787,0.0,#FFB027
2024-06-25,Pierce County,KP.1.1,412648.61125254,943787,0.43722642,#CBFF86
2024-06-25,Pierce County,KP.1.1.3,0.0,943787,0.0,#1EB3B6
2024-06-25,Pierce County,KP.1.2,0.0,943787,0.0,#D7B5A6
2024-06-25,Pierce County,KP.2,259702.49168942,943787,0.27517066,#5875A1
2024-06-25,Pierce County,KP.2.15,267581.85790271003,943787,0.28351933,#175DFF
2024-06-25,Pierce County,KP.2.3,0.0,943787,0.0,#628DE8
2024-06-25,Pierce County,KP.3,0.0,943787,0.0,#B06589
2024-06-25,Pierce County,KP.3.1.1,0.0,943787,0.0,#2F92A1
2024-06-25,Pierce County,KP.4.1,0.0,943787,0.0,#FF473A
2024-06-25,Pierce County,KQ.1,0.0,943787,0.0,#E86CDE
2024-06-25,Pierce County,KV.2,0.0,943787,0.0,#E14365
2024-06-25,Pierce County,KW.1.1,0.0,943787,0.0,#34A0FF
2024-06-25,Pierce County,LB.1,0.0,943787,0.0,#795653
2024-06-25,Pierce County,Recombinant,811.26042946,943787,0.00085958,#FF0000
2024-06-25,Pierce County,XBB,0.0,943787,0.0,#9FA8DA
2024-06-25,Pierce County,XBB.1.16,0.0,943787,0.0,#4527A0
2024-06-25,Pierce County,XBB.1.16.1,0.0,943787,0.0,#F89B9B
2024-06-25,Pierce County,XBB.1.16.15,0.0,943787,0.0,#E3B5FA
2024-06-25,Pierce County,XBB.1.16.6,0.0,943787,0.0,#5AA350
2024-06-25,Pierce County,XBB.1.42.1,0.0,943787,0.0,#75D1A3
2024-06-25,Pierce County,XBB.1.5,0.0,943787,0.0,#3F51B5
2024-06-25,Pierce County,XBB.1.5.70,0.0,943787,0.0,#46783C
2024-06-25,Pierce County,XBB.1.5.72,0.0,943787,0.0,#254220
2024-06-25,Pierce County,XBB.1.9.1,0.0,943787,0.0,#304FFE
2024-06-25,Pierce County,XBB.1.9.2,0.0,943787,0.0,#536DFE
2024-06-25,Pierce County,XBB.2.3,0.0,943787,0.0,#F7BCDF
2024-06-25,Pierce County,XDP,0.0,943787,0.0,#B60052
2024-06-25,Pierce County,XDV.1,0.0,943787,0.0,#D367B6
2024-06-25,Pierce County,unreportable,3042.77872587,943787,0.00322401,#eeeeee
2024-06-25,Spokane County,BA.2,0.0,713850,0.0,#9CCD67
2024-06-25,Spokane County,BA.2.12.1,0.0,713850,0.0,#7CB342
2024-06-25,Spokane County,BA.2.86,0.0,713850,0.0,#D770EE
2024-06-25,Spokane County,EG.5,0.0,713850,0.0,#FFBE7D
2024-06-25,Spokane County,EG.5.1.8,0.0,713850,0.0,#E14D6F
2024-06-25,Spokane County,EG.6.1,0.0,713850,0.0,#B9ABA8
2024-06-25,Spokane County,FE.1.1,0.0,713850,0.0,#499894
2024-06-25,Spokane County,FL.1.5.1,0.0,713850,0.0,#8CD17D
2024-06-25,Spokane County,GE.1,0.0,713850,0.0,#FABFD2
2024-06-25,Spokane County,GK.1.1,0.0,713850,0.0,#90FAE5
2024-06-25,Spokane County,HF.1,0.0,713850,0.0,#D399AD
2024-06-25,Spokane County,HK.3,0.0,713850,0.0,#859DBC
2024-06-25,Spokane County,HV.1,0.0,713850,0.0,#797765
2024-06-25,Spokane County,JD.1.1,0.0,713850,0.0,#80F192
2024-06-25,Spokane County,JF.1,0.0,713850,0.0,#FFF1A9
2024-06-25,Spokane County,JG.3,0.0,713850,0.0,#66A172
2024-06-25,Spokane County,JN.1,7446.847507500001,713850,0.01043195,#61018F
2024-06-25,Spokane County,JN.1.11.1,0.0,713850,0.0,#5C9CF1
2024-06-25,Spokane County,JN.1.13,0.0,713850,0.0,#E83C78
2024-06-25,Spokane County,JN.1.13.1,0.0,713850,0.0,#F2591C
2024-06-25,Spokane County,JN.1.16,60369.9589905,713850,0.08456953,#BC3A88
2024-06-25,Spokane County,JN.1.16.1,786.2129745,713850,0.00110137,#366298
2024-06-25,Spokane County,JN.1.18,834.9118215000001,713850,0.00116959,#4AF32F
2024-06-25,Spokane County,JN.1.32,0.0,713850,0.0,#2E7919
2024-06-25,Spokane County,JN.1.4.3,0.0,713850,0.0,#9D1010
2024-06-25,Spokane County,JN.1.7,0.0,713850,0.0,#CF15E8
2024-06-25,Spokane County,JN.1.8.1,0.0,713850,0.0,#FFB027
2024-06-25,Spokane County,KP.1.1,136509.649716,713850,0.19123016,#CBFF86
2024-06-25,Spokane County,KP.1.1.3,0.0,713850,0.0,#1EB3B6
2024-06-25,Spokane County,KP.1.2,0.0,713850,0.0,#D7B5A6
2024-06-25,Spokane County,KP.2,0.0,713850,0.0,#5875A1
2024-06-25,Spokane County,KP.2.15,0.0,713850,0.0,#175DFF
2024-06-25,Spokane County,KP.2.3,0.0,713850,0.0,#628DE8
2024-06-25,Spokane County,KP.3,367726.9353690001,713850,0.5151319400000001,#B06589
2024-06-25,Spokane County,KP.3.1.1,129530.580975,713850,0.1814535,#2F92A1
2024-06-25,Spokane County,KP.4.1,0.0,713850,0.0,#FF473A
2024-06-25,Spokane County,KQ.1,0.0,713850,0.0,#E86CDE
2024-06-25,Spokane County,KV.2,0.0,713850,0.0,#E14365
2024-06-25,Spokane County,KW.1.1,0.0,713850,0.0,#34A0FF
2024-06-25,Spokane County,LB.1,0.0,713850,0.0,#795653
2024-06-25,Spokane County,Recombinant,0.0,713850,0.0,#FF0000
2024-06-25,Spokane County,XBB,0.0,713850,0.0,#9FA8DA
2024-06-25,Spokane County,XBB.1.16,0.0,713850,0.0,#4527A0
2024-06-25,Spokane County,XBB.1.16.1,0.0,713850,0.0,#F89B9B
2024-06-25,Spokane County,XBB.1.16.15,0.0,713850,0.0,#E3B5FA
2024-06-25,Spokane County,XBB.1.16.6,0.0,713850,0.0,#5AA350
2024-06-25,Spokane County,XBB.1.42.1,0.0,713850,0.0,#75D1A3
2024-06-25,Spokane County,XBB.1.5,0.0,713850,0.0,#3F51B5
2024-06-25,Spokane County,XBB.1.5.70,0.0,713850,0.0,#46783C
2024-06-25,Spokane County,XBB.1.5.72,0.0,713850,0.0,#254220
2024-06-25,Spokane County,XBB.1.9.1,0.0,713850,0.0,#304FFE
2024-06-25,Spokane County,XBB.1.9.2,0.0,713850,0.0,#536DFE
2024-06-25,Spokane County,XBB.2.3,0.0,713850,0.0,#F7BCDF
2024-06-25,Spokane County,XDP,0.0,713850,0.0,#B60052
2024-06-25,Spokane County,XDV.1,0.0,713850,0.0,#D367B6
2024-06-25,Spokane County,unreportable,10644.902646,713850,0.01491196,#eeeeee
2024-06-25,Thurston County,BA.2,0.0,166384,0.0,#9CCD67
2024-06-25,Thurston County,BA.2.12.1,0.0,166384,0.0,#7CB342
2024-06-25,Thurston County,BA.2.86,0.0,166384,0.0,#D770EE
2024-06-25,Thurston County,EG.5,0.0,166384,0.0,#FFBE7D
2024-06-25,Thurston County,EG.5.1.8,0.0,166384,0.0,#E14D6F
2024-06-25,Thurston County,EG.6.1,0.0,166384,0.0,#B9ABA8
2024-06-25,Thurston County,FE.1.1,0.0,166384,0.0,#499894
2024-06-25,Thurston County,FL.1.5.1,0.0,166384,0.0,#8CD17D
2024-06-25,Thurston County,GE.1,0.0,166384,0.0,#FABFD2
2024-06-25,Thurston County,GK.1.1,0.0,166384,0.0,#90FAE5
2024-06-25,Thurston County,HF.1,0.0,166384,0.0,#D399AD
2024-06-25,Thurston County,HK.3,0.0,166384,0.0,#859DBC
2024-06-25,Thurston County,HV.1,0.0,166384,0.0,#797765
2024-06-25,Thurston County,JD.1.1,0.0,166384,0.0,#80F192
2024-06-25,Thurston County,JF.1,0.0,166384,0.0,#FFF1A9
2024-06-25,Thurston County,JG.3,0.0,166384,0.0,#66A172
2024-06-25,Thurston County,JN.1,43586.01096848,166384,0.261960350565439,#61018F
2024-06-25,Thurston County,JN.1.11.1,0.0,166384,0.0,#5C9CF1
2024-06-25,Thurston County,JN.1.13,0.0,166384,0.0,#E83C78
2024-06-25,Thurston County,JN.1.13.1,0.0,166384,0.0,#F2591C
2024-06-25,Thurston County,JN.1.16,0.0,166384,0.0,#BC3A88
2024-06-25,Thurston County,JN.1.16.1,367.45923968,166384,0.0022085010558707,#366298
2024-06-25,Thurston County,JN.1.18,158.51437056,166384,0.0009527020059621,#4AF32F
2024-06-25,Thurston County,JN.1.32,0.0,166384,0.0,#2E7919
2024-06-25,Thurston County,JN.1.4.3,0.0,166384,0.0,#9D1010
2024-06-25,Thurston County,JN.1.7,0.0,166384,0.0,#CF15E8
2024-06-25,Thurston County,JN.1.8.1,0.0,166384,0.0,#FFB027
2024-06-25,Thurston County,KP.1.1,0.0,166384,0.0,#CBFF86
2024-06-25,Thurston County,KP.1.1.3,274.35820816,166384,0.0016489458611404,#1EB3B6
2024-06-25,Thurston County,KP.1.2,0.0,166384,0.0,#D7B5A6
2024-06-25,Thurston County,KP.2,43696.3235112,166384,0.2626233502692566,#5875A1
2024-06-25,Thurston County,KP.2.15,0.0,166384,0.0,#175DFF
2024-06-25,Thurston County,KP.2.3,20834.35496064,166384,0.1252185003404173,#628DE8
2024-06-25,Thurston County,KP.3,41947.13011888,166384,0.2521103598836426,#B06589
2024-06-25,Thurston County,KP.3.1.1,0.0,166384,0.0,#2F92A1
2024-06-25,Thurston County,KP.4.1,0.0,166384,0.0,#FF473A
2024-06-25,Thurston County,KQ.1,0.0,166384,0.0,#E86CDE
2024-06-25,Thurston County,KV.2,0.0,166384,0.0,#E14365
2024-06-25,Thurston County,KW.1.1,0.0,166384,0.0,#34A0FF
2024-06-25,Thurston County,LB.1,13682.5204368,166384,0.0822345924896624,#795653
2024-06-25,Thurston County,Recombinant,0.0,166384,0.0,#FF0000
2024-06-25,Thurston County,XBB,0.0,166384,0.0,#9FA8DA
2024-06-25,Thurston County,XBB.1.16,0.0,166384,0.0,#4527A0
2024-06-25,Thurston County,XBB.1.16.1,0.0,166384,0.0,#F89B9B
2024-06-25,Thurston County,XBB.1.16.15,0.0,166384,0.0,#E3B5FA
2024-06-25,Thurston County,XBB.1.16.6,0.0,166384,0.0,#5AA350
2024-06-25,Thurston County,XBB.1.42.1,0.0,166384,0.0,#75D1A3
2024-06-25,Thurston County,XBB.1.5,0.0,166384,0.0,#3F51B5
2024-06-25,Thurston County,XBB.1.5.70,0.0,166384,0.0,#46783C
2024-06-25,Thurston County,XBB.1.5.72,0.0,166384,0.0,#254220
2024-06-25,Thurston County,XBB.1.9.1,0.0,166384,0.0,#304FFE
2024-06-25,Thurston County,XBB.1.9.2,0.0,166384,0.0,#536DFE
2024-06-25,Thurston County,XBB.2.3,0.0,166384,0.0,#F7BCDF
2024-06-25,Thurston County,XDP,0.0,166384,0.0,#B60052
2024-06-25,Thurston County,XDV.1,0.0,166384,0.0,#D367B6
2024-06-25,Thurston County,unreportable,1837.3281856,166384,0.0110426975286085,#eeeeee
2024-06-25,Walla Walla County,BA.2,0.0,1387879,0.0,#9CCD67
2024-06-25,Walla Walla County,BA.2.12.1,0.0,1387879,0.0,#7CB342
2024-06-25,Walla Walla County,BA.2.86,0.0,1387879,0.0,#D770EE
2024-06-25,Walla Walla County,EG.5,0.0,1387879,0.0,#FFBE7D
2024-06-25,Walla Walla County,EG.5.1.8,0.0,1387879,0.0,#E14D6F
2024-06-25,Walla Walla County,EG.6.1,0.0,1387879,0.0,#B9ABA8
2024-06-25,Walla Walla County,FE.1.1,0.0,1387879,0.0,#499894
2024-06-25,Walla Walla County,FL.1.5.1,0.0,1387879,0.0,#8CD17D
2024-06-25,Walla Walla County,GE.1,0.0,1387879,0.0,#FABFD2
2024-06-25,Walla Walla County,GK.1.1,0.0,1387879,0.0,#90FAE5
2024-06-25,Walla Walla County,HF.1,0.0,1387879,0.0,#D399AD
2024-06-25,Walla Walla County,HK.3,0.0,1387879,0.0,#859DBC
2024-06-25,Walla Walla County,HV.1,0.0,1387879,0.0,#797765
2024-06-25,Walla Walla County,JD.1.1,0.0,1387879,0.0,#80F192
2024-06-25,Walla Walla County,JF.1,0.0,1387879,0.0,#FFF1A9
2024-06-25,Walla Walla County,JG.3,0.0,1387879,0.0,#66A172
2024-06-25,Walla Walla County,JN.1,82690.94142578999,1387879,0.0595808002180233,#61018F
2024-06-25,Walla Walla County,JN.1.11.1,241816.88268928,1387879,0.1742348451769066,#5C9CF1
2024-06-25,Walla Walla County,JN.1.13,0.0,1387879,0.0,#E83C78
2024-06-25,Walla Walla County,JN.1.13.1,0.0,1387879,0.0,#F2591C
2024-06-25,Walla Walla County,JN.1.16,0.0,1387879,0.0,#BC3A88
2024-06-25,Walla Walla County,JN.1.16.1,1098.58678912,1387879,0.0007915580458527,#366298
2024-06-25,Walla Walla County,JN.1.18,0.0,1387879,0.0,#4AF32F
2024-06-25,Walla Walla County,JN.1.32,70087.83225918001,1387879,0.0504999587566207,#2E7919
2024-06-25,Walla Walla County,JN.1.4.3,0.0,1387879,0.0,#9D1010
2024-06-25,Walla Walla County,JN.1.7,0.0,1387879,0.0,#CF15E8
2024-06-25,Walla Walla County,JN.1.8.1,0.0,1387879,0.0,#FFB027
2024-06-25,Walla Walla County,KP.1.1,0.0,1387879,0.0,#CBFF86
2024-06-25,Walla Walla County,KP.1.1.3,1263.6064643,1387879,0.0009104586670019,#1EB3B6
2024-06-25,Walla Walla County,KP.1.2,5449.14711139,1387879,0.0039262407683883,#D7B5A6
2024-06-25,Walla Walla County,KP.2,16382.95313024,1387879,0.011804309403226,#5875A1
2024-06-25,Walla Walla County,KP.2.15,502.22118912,1387879,0.0003618623735354,#175DFF
2024-06-25,Walla Walla County,KP.2.3,0.0,1387879,0.0,#628DE8
2024-06-25,Walla Walla County,KP.3,315909.32055416,1387879,0.227620218011916,#B06589
2024-06-25,Walla Walla County,KP.3.1.1,635634.1617858199,1387879,0.4579896098909342,#2F92A1
2024-06-25,Walla Walla County,KP.4.1,0.0,1387879,0.0,#FF473A
2024-06-25,Walla Walla County,KQ.1,0.0,1387879,0.0,#E86CDE
2024-06-25,Walla Walla County,KV.2,0.0,1387879,0.0,#E14365
2024-06-25,Walla Walla County,KW.1.1,0.0,1387879,0.0,#34A0FF
2024-06-25,Walla Walla County,LB.1,0.0,1387879,0.0,#795653
2024-06-25,Walla Walla County,Recombinant,0.0,1387879,0.0,#FF0000
2024-06-25,Walla Walla County,XBB,0.0,1387879,0.0,#9FA8DA
2024-06-25,Walla Walla County,XBB.1.16,0.0,1387879,0.0,#4527A0
2024-06-25,Walla Walla County,XBB.1.16.1,0.0,1387879,0.0,#F89B9B
2024-06-25,Walla Walla County,XBB.1.16.15,0.0,1387879,0.0,#E3B5FA
2024-06-25,Walla Walla County,XBB.1.16.6,0.0,1387879,0.0,#5AA350
2024-06-25,Walla Walla County,XBB.1.42.1,0.0,1387879,0.0,#75D1A3
2024-06-25,Walla Walla County,XBB.1.5,0.0,1387879,0.0,#3F51B5
2024-06-25,Walla Walla County,XBB.1.5.70,0.0,1387879,0.0,#46783C
2024-06-25,Walla Walla County,XBB.1.5.72,0.0,1387879,0.0,#254220
2024-06-25,Walla Walla County,XBB.1.9.1,0.0,1387879,0.0,#304FFE
2024-06-25,Walla Walla County,XBB.1.9.2,0.0,1387879,0.0,#536DFE
2024-06-25,Walla Walla County,XBB.2.3,0.0,1387879,0.0,#F7BCDF
2024-06-25,Walla Walla County,XDP,0.0,1387879,0.0,#B60052
2024-06-25,Walla Walla County,XDV.1,0.0,1387879,0.0,#D367B6
2024-06-25,Walla Walla County,unreportable,17043.34375385,1387879,0.0122801366357225,#eeeeee
2024-06-25,Whitman County,BA.2,0.0,245487,0.0,#9CCD67
2024-06-25,Whitman County,BA.2.12.1,0.0,245487,0.0,#7CB342
2024-06-25,Whitman County,BA.2.86,0.0,245487,0.0,#D770EE
2024-06-25,Whitman County,EG.5,0.0,245487,0.0,#FFBE7D
2024-06-25,Whitman County,EG.5.1.8,0.0,245487,0.0,#E14D6F
2024-06-25,Whitman County,EG.6.1,0.0,245487,0.0,#B9ABA8
2024-06-25,Whitman County,FE.1.1,0.0,245487,0.0,#499894
2024-06-25,Whitman County,FL.1.5.1,0.0,245487,0.0,#8CD17D
2024-06-25,Whitman County,GE.1,0.0,245487,0.0,#FABFD2
2024-06-25,Whitman County,GK.1.1,0.0,245487,0.0,#90FAE5
2024-06-25,Whitman County,HF.1,0.0,245487,0.0,#D399AD
2024-06-25,Whitman County,HK.3,0.0,245487,0.0,#859DBC
2024-06-25,Whitman County,HV.1,0.0,245487,0.0,#797765
2024-06-25,Whitman County,JD.1.1,0.0,245487,0.0,#80F192
2024-06-25,Whitman County,JF.1,0.0,245487,0.0,#FFF1A9
2024-06-25,Whitman County,JG.3,0.0,245487,0.0,#66A172
2024-06-25,Whitman County,JN.1,78970.19259756,245487,0.32168788,#61018F
2024-06-25,Whitman County,JN.1.11.1,0.0,245487,0.0,#5C9CF1
2024-06-25,Whitman County,JN.1.13,0.0,245487,0.0,#E83C78
2024-06-25,Whitman County,JN.1.13.1,0.0,245487,0.0,#F2591C
2024-06-25,Whitman County,JN.1.16,0.0,245487,0.0,#BC3A88
2024-06-25,Whitman County,JN.1.16.1,4950.65531829,245487,0.0201666699999999,#366298
2024-06-25,Whitman County,JN.1.18,3051.40341,245487,0.01243,#4AF32F
2024-06-25,Whitman County,JN.1.32,0.0,245487,0.0,#2E7919
2024-06-25,Whitman County,JN.1.4.3,0.0,245487,0.0,#9D1010
2024-06-25,Whitman County,JN.1.7,0.0,245487,0.0,#CF15E8
2024-06-25,Whitman County,JN.1.8.1,0.0,245487,0.0,#FFB027
2024-06-25,Whitman County,KP.1.1,40579.75474509,245487,0.16530307,#CBFF86
2024-06-25,Whitman County,KP.1.1.3,0.0,245487,0.0,#1EB3B6
2024-06-25,Whitman County,KP.1.2,0.0,245487,0.0,#D7B5A6
2024-06-25,Whitman County,KP.2,0.0,245487,0.0,#5875A1
2024-06-25,Whitman County,KP.2.15,39856.20636129,245487,0.16235567,#175DFF
2024-06-25,Whitman County,KP.2.3,0.0,245487,0.0,#628DE8
2024-06-25,Whitman County,KP.3,17024.59218636,245487,0.06935028,#B06589
2024-06-25,Whitman County,KP.3.1.1,37982.78214027,245487,0.15472421,#2F92A1
2024-06-25,Whitman County,KP.4.1,0.0,245487,0.0,#FF473A
2024-06-25,Whitman County,KQ.1,0.0,245487,0.0,#E86CDE
2024-06-25,Whitman County,KV.2,0.0,245487,0.0,#E14365
2024-06-25,Whitman County,KW.1.1,0.0,245487,0.0,#34A0FF
2024-06-25,Whitman County,LB.1,17193.7621878,245487,0.0700394,#795653
2024-06-25,Whitman County,Recombinant,0.0,245487,0.0,#FF0000
2024-06-25,Whitman County,XBB,0.0,245487,0.0,#9FA8DA
2024-06-25,Whitman County,XBB.1.16,0.0,245487,0.0,#4527A0
2024-06-25,Whitman County,XBB.1.16.1,0.0,245487,0.0,#F89B9B
2024-06-25,Whitman County,XBB.1.16.15,0.0,245487,0.0,#E3B5FA
2024-06-25,Whitman County,XBB.1.16.6,0.0,245487,0.0,#5AA350
2024-06-25,Whitman County,XBB.1.42.1,0.0,245487,0.0,#75D1A3
2024-06-25,Whitman County,XBB.1.5,0.0,245487,0.0,#3F51B5
2024-06-25,Whitman County,XBB.1.5.70,0.0,245487,0.0,#46783C
2024-06-25,Whitman County,XBB.1.5.72,0.0,245487,0.0,#254220
2024-06-25,Whitman County,XBB.1.9.1,0.0,245487,0.0,#304FFE
2024-06-25,Whitman County,XBB.1.9.2,0.0,245487,0.0,#536DFE
2024-06-25,Whitman County,XBB.2.3,0.0,245487,0.0,#F7BCDF
2024-06-25,Whitman County,XDP,0.0,245487,0.0,#B60052
2024-06-25,Whitman County,XDV.1,0.0,245487,0.0,#D367B6
2024-06-25,Whitman County,unreportable,5877.648598469999,245487,0.02394281,#eeeeee
2024-06-25,Yakima County,BA.2,0.0,1933008,0.0,#9CCD67
2024-06-25,Yakima County,BA.2.12.1,0.0,1933008,0.0,#7CB342
2024-06-25,Yakima County,BA.2.86,0.0,1933008,0.0,#D770EE
2024-06-25,Yakima County,EG.5,0.0,1933008,0.0,#FFBE7D
2024-06-25,Yakima County,EG.5.1.8,0.0,1933008,0.0,#E14D6F
2024-06-25,Yakima County,EG.6.1,0.0,1933008,0.0,#B9ABA8
2024-06-25,Yakima County,FE.1.1,0.0,1933008,0.0,#499894
2024-06-25,Yakima County,FL.1.5.1,0.0,1933008,0.0,#8CD17D
2024-06-25,Yakima County,GE.1,0.0,1933008,0.0,#FABFD2
2024-06-25,Yakima County,GK.1.1,0.0,1933008,0.0,#90FAE5
2024-06-25,Yakima County,HF.1,0.0,1933008,0.0,#D399AD
2024-06-25,Yakima County,HK.3,0.0,1933008,0.0,#859DBC
2024-06-25,Yakima County,HV.1,0.0,1933008,0.0,#797765
2024-06-25,Yakima County,JD.1.1,0.0,1933008,0.0,#80F192
2024-06-25,Yakima County,JF.1,0.0,1933008,0.0,#FFF1A9
2024-06-25,Yakima County,JG.3,0.0,1933008,0.0,#66A172
2024-06-25,Yakima County,JN.1,37623.62825676,1933008,0.0194637726573092,#61018F
2024-06-25,Yakima County,JN.1.11.1,88417.91340239998,1933008,0.0457411006071366,#5C9CF1
2024-06-25,Yakima County,JN.1.13,0.0,1933008,0.0,#E83C78
2024-06-25,Yakima County,JN.1.13.1,175360.70621524,1933008,0.0907190793908975,#F2591C
2024-06-25,Yakima County,JN.1.16,9244.58535968,1933008,0.0047824868596922,#BC3A88
2024-06-25,Yakima County,JN.1.16.1,42208.8166166,1933008,0.0218358209674248,#366298
2024-06-25,Yakima County,JN.1.18,83758.10666191998,1933008,0.0433304500870767,#4AF32F
2024-06-25,Yakima County,JN.1.32,0.0,1933008,0.0,#2E7919
2024-06-25,Yakima County,JN.1.4.3,0.0,1933008,0.0,#9D1010
2024-06-25,Yakima County,JN.1.7,642.6929018000001,1933008,0.0003324833119159,#CF15E8
2024-06-25,Yakima County,JN.1.8.1,0.0,1933008,0.0,#FFB027
2024-06-25,Yakima County,KP.1.1,103286.587769,1933008,0.0534330886209472,#CBFF86
2024-06-25,Yakima County,KP.1.1.3,369593.99616704,1933008,0.1912014829566354,#1EB3B6
2024-06-25,Yakima County,KP.1.2,16698.85812044,1933008,0.0086387941076498,#D7B5A6
2024-06-25,Yakima County,KP.2,73551.98407919999,1933008,0.0380505326823272,#5875A1
2024-06-25,Yakima County,KP.2.15,23785.95994964,1933008,0.0123051533928674,#175DFF
2024-06-25,Yakima County,KP.2.3,450086.93990884,1933008,0.2328427714261089,#628DE8
2024-06-25,Yakima County,KP.3,198588.05203044004,1933008,0.1027352458088326,#B06589
2024-06-25,Yakima County,KP.3.1.1,82034.87677432,1933008,0.0424389742692839,#2F92A1
2024-06-25,Yakima County,KP.4.1,0.0,1933008,0.0,#FF473A
2024-06-25,Yakima County,KQ.1,29826.560346960003,1933008,0.0154301277319907,#E86CDE
2024-06-25,Yakima County,KV.2,0.0,1933008,0.0,#E14365
2024-06-25,Yakima County,KW.1.1,224.8244616,1933008,0.0001163080864642,#34A0FF
2024-06-25,Yakima County,LB.1,122925.87578364,1933008,0.0635930507186933,#795653
2024-06-25,Yakima County,Recombinant,0.0,1933008,0.0,#FF0000
2024-06-25,Yakima County,XBB,0.0,1933008,0.0,#9FA8DA
2024-06-25,Yakima County,XBB.1.16,0.0,1933008,0.0,#4527A0
2024-06-25,Yakima County,XBB.1.16.1,0.0,1933008,0.0,#F89B9B
2024-06-25,Yakima County,XBB.1.16.15,0.0,1933008,0.0,#E3B5FA
2024-06-25,Yakima County,XBB.1.16.6,0.0,1933008,0.0,#5AA350
2024-06-25,Yakima County,XBB.1.42.1,0.0,1933008,0.0,#75D1A3
2024-06-25,Yakima County,XBB.1.5,0.0,1933008,0.0,#3F51B5
2024-06-25,Yakima County,XBB.1.5.70,0.0,1933008,0.0,#46783C
2024-06-25,Yakima County,XBB.1.5.72,0.0,1933008,0.0,#254220
2024-06-25,Yakima County,XBB.1.9.1,0.0,1933008,0.0,#304FFE
2024-06-25,Yakima County,XBB.1.9.2,0.0,1933008,0.0,#536DFE
2024-06-25,Yakima County,XBB.2.3,0.0,1933008,0.0,#F7BCDF
2024-06-25,Yakima County,XDP,0.0,1933008,0.0,#B60052
2024-06-25,Yakima County,XDV.1,0.0,1933008,0.0,#D367B6
2024-06-25,Yakima County,unreportable,25147.00617284,1933008,0.0130092613030261,#eeeeee
