Lab_ID	Sample_ID	Sample_Collection_Date	Sample_Site	Variant_name	Variant_proportion	Pipeline_date
LAB0000001	1000000	2024-06-05	G	LB.1	0.3958465	2024-06-12
LAB0000001	1000000	2024-06-05	G	KP.3	0.20178339	2024-06-12
LAB0000001	1000000	2024-06-05	G	JN.1.34	0.14682071	2024-06-12
LAB0000001	1000000	2024-06-05	G	KP.1	0.12479197	2024-06-12
LAB0000001	1000000	2024-06-05	G	JN.1.11.1	0.08781317	2024-06-12
LAB0000001	1000000	2024-06-05	G	KP.2.2	0.01242239	2024-06-12
LAB0000001	1000000	2024-06-05	G	KP.2.15	0.00683323	2024-06-12
LAB0000001	1000000	2024-06-05	G	JN.1.51.1	0.0042061	2024-06-12
LAB0000001	1000000	2024-06-05	G	KP.3.1	0.00265439	2024-06-12
LAB0000001	1000000	2024-06-05	G	JN.1.54.1	0.0026208	2024-06-12
LAB0000001	1000000	2024-06-05	G	KP.1.1.2	0.00161595	2024-06-12
LAB0000001	1000000	2024-06-05	G	KP.1.1.1	0.00136257	2024-06-12
LAB0000001	1000000	2024-06-05	G	JN.1.4.2	0.001411	2024-06-12
LAB0000001	1000000	2024-06-05	G	JN.1.19	0.0007628	2024-06-12
LAB0000001	1000000	2024-06-05	G	unreportable	0.00905502	2024-06-12
LAB0000002	1000001	2024-06-05	M	JN.1.16	0.58017804	2024-06-12
LAB0000002	1000001	2024-06-05	M	JN.1.16.1	0.37160052	2024-06-12
LAB0000002	1000001	2024-06-05	M	LF.2	0.00920751	2024-06-12
LAB0000002	1000001	2024-06-05	M	KY.1	0.0039439	2024-06-12
LAB0000002	1000001	2024-06-05	M	JN.1.58	0.00307027	2024-06-12
LAB0000002	1000001	2024-06-05	M	JN.1.58.2	0.00544508	2024-06-12
LAB0000002	1000001	2024-06-05	M	JN.1.22	0.00249521	2024-06-12
LAB0000002	1000001	2024-06-05	M	JN.1.29.1	0.00224298	2024-06-12
LAB0000002	1000001	2024-06-05	M	JN.1.54.1	0.00164685	2024-06-12
LAB0000002	1000001	2024-06-05	M	JN.1.35	0.00182542	2024-06-12
LAB0000002	1000001	2024-06-05	M	JN.1.58.1	0.0016417	2024-06-12
LAB0000002	1000001	2024-06-05	M	KP.4.2.2	0.00109369	2024-06-12
LAB0000002	1000001	2024-06-05	M	JN.1.19	0.00144295	2024-06-12
LAB0000002	1000001	2024-06-05	M	unreportable	0.01416587	2024-06-12
LAB0000003	1000002	2024-06-04	O	KP.5	0.31676392	2024-06-12
LAB0000003	1000002	2024-06-04	O	KP.4	0.28632441	2024-06-12
LAB0000003	1000002	2024-06-04	O	LB.1	0.20355897	2024-06-12
LAB0000003	1000002	2024-06-04	O	LF.1	0.13639532	2024-06-12
LAB0000003	1000002	2024-06-04	O	JN.1.14	0.01141038	2024-06-12
LAB0000003	1000002	2024-06-04	O	JN.1.26	0.01487331	2024-06-12
LAB0000003	1000002	2024-06-04	O	KP.1.1.3	0.00432664	2024-06-12
LAB0000003	1000002	2024-06-04	O	KP.2.11	0.00339848	2024-06-12
LAB0000003	1000002	2024-06-04	O	JN.1.58.1	0.00209197	2024-06-12
LAB0000003	1000002	2024-06-04	O	JN.1.55.1	0.00206234	2024-06-12
LAB0000003	1000002	2024-06-04	O	KP.3.1	0.00273299	2024-06-12
LAB0000003	1000002	2024-06-04	O	JN.1.29.1	0.00217932	2024-06-12
LAB0000003	1000002	2024-06-04	O	KP.1.1.1	0.00181826	2024-06-12
LAB0000003	1000002	2024-06-04	O	JN.1.54.1	0.00135015	2024-06-12
LAB0000003	1000002	2024-06-04	O	KP.2.2	0.0011783	2024-06-12
LAB0000003	1000002	2024-06-04	O	LH.1	0.00083191	2024-06-12
LAB0000003	1000002	2024-06-04	O	unreportable	0.00870332	2024-06-12
LAB0000004	1000003	2024-06-05	D	KP.2.3	0.24861202	2024-06-12
LAB0000004	1000003	2024-06-05	D	KP.2	0.33442363	2024-06-12
LAB0000004	1000003	2024-06-05	D	KP.3.1	0.11707117	2024-06-12
LAB0000004	1000003	2024-06-05	D	JN.1.1	0.04682697	2024-06-12
LAB0000004	1000003	2024-06-05	D	JN.1.1.6	0.0542855	2024-06-12
LAB0000004	1000003	2024-06-05	D	KP.3.3	0.04421935	2024-06-12
LAB0000004	1000003	2024-06-05	D	KR.1	0.03268124	2024-06-12
LAB0000004	1000003	2024-06-05	D	JN.1.11.1	0.03106455	2024-06-12
LAB0000004	1000003	2024-06-05	D	KR.1.1	0.02963851	2024-06-12
LAB0000004	1000003	2024-06-05	D	KP.3	0.01794355	2024-06-12
LAB0000004	1000003	2024-06-05	D	KP.2.15	0.00424547	2024-06-12
LAB0000004	1000003	2024-06-05	D	JN.1.29.1	0.00268793	2024-06-12
LAB0000004	1000003	2024-06-05	D	KP.4	0.00285205	2024-06-12
LAB0000004	1000003	2024-06-05	D	JN.1.55	0.00314481	2024-06-12
LAB0000004	1000003	2024-06-05	D	JN.1.14	0.00186264	2024-06-12
LAB0000004	1000003	2024-06-05	D	LF.2	0.00188525	2024-06-12
LAB0000004	1000003	2024-06-05	D	JN.1.26	0.00151844	2024-06-12
LAB0000004	1000003	2024-06-05	D	JN.1.58.1	0.00123141	2024-06-12
LAB0000004	1000003	2024-06-05	D	KP.2.2	0.00142044	2024-06-12
LAB0000004	1000003	2024-06-05	D	JN.1.43.1	0.00153398	2024-06-12
LAB0000004	1000003	2024-06-05	D	KP.1.1.1	0.00103746	2024-06-12
LAB0000004	1000003	2024-06-05	D	KS.1.1	0.00123133	2024-06-12
LAB0000004	1000003	2024-06-05	D	unreportable	0.01858231	2024-06-12
LAB0000005	1000004	2024-06-04	T	KP.2.10	0.27739061	2024-06-12
LAB0000005	1000004	2024-06-04	T	KP.3.2	0.1811196	2024-06-12
LAB0000005	1000004	2024-06-04	T	JN.1.16.1	0.20788158	2024-06-12
LAB0000005	1000004	2024-06-04	T	KP.3.1	0.09632529	2024-06-12
LAB0000005	1000004	2024-06-04	T	KR.1	0.12521291	2024-06-12
LAB0000005	1000004	2024-06-04	T	KP.3	0.03948734	2024-06-12
LAB0000005	1000004	2024-06-04	T	KP.2.9	0.046078	2024-06-12
LAB0000005	1000004	2024-06-04	T	LF.2	0.00626718	2024-06-12
LAB0000005	1000004	2024-06-04	T	KP.3.2.2	0.00257318	2024-06-12
LAB0000005	1000004	2024-06-04	T	JN.1.58.2	0.00252222	2024-06-12
LAB0000005	1000004	2024-06-04	T	KP.1.2	0.00120324	2024-06-12
LAB0000005	1000004	2024-06-04	T	LF.3	0.00156592	2024-06-12
LAB0000005	1000004	2024-06-04	T	JN.1.51.1	0.00154862	2024-06-12
LAB0000005	1000004	2024-06-04	T	LA.1	0.00193483	2024-06-12
LAB0000005	1000004	2024-06-04	T	LF.1.1	0.0009691	2024-06-12
LAB0000005	1000004	2024-06-04	T	JN.1.5	0.00085547	2024-06-12
LAB0000005	1000004	2024-06-04	T	unreportable	0.00706492	2024-06-12
LAB0000006	1000005	2024-06-05	J	KP.3	0.69167927	2024-06-12
LAB0000006	1000005	2024-06-05	J	KP.1.1.3	0.30624875	2024-06-12
LAB0000006	1000005	2024-06-05	J	unreportable	0.00207198	2024-06-12
LAB0000007	1000006	2024-06-05	V	JN.1.4.4	0.25083289	2024-06-12
LAB0000007	1000006	2024-06-05	V	JN.1.18	0.23079941	2024-06-12
LAB0000007	1000006	2024-06-05	V	KP.2.3	0.26968293	2024-06-12
LAB0000007	1000006	2024-06-05	V	JN.1.16.1	0.06945735	2024-06-12
LAB0000007	1000006	2024-06-05	V	LF.1	0.07400312	2024-06-12
LAB0000007	1000006	2024-06-05	V	KP.2.7	0.05213557	2024-06-12
LAB0000007	1000006	2024-06-05	V	KP.2.2	0.00828658	2024-06-12
LAB0000007	1000006	2024-06-05	V	JN.1.18.4	0.00555787	2024-06-12
LAB0000007	1000006	2024-06-05	V	LF.2	0.00399269	2024-06-12
LAB0000007	1000006	2024-06-05	V	KP.2.10	0.00314422	2024-06-12
LAB0000007	1000006	2024-06-05	V	JN.1.58.2	0.00225447	2024-06-12
LAB0000007	1000006	2024-06-05	V	KP.4.2	0.00136814	2024-06-12
LAB0000007	1000006	2024-06-05	V	JN.1.55	0.0013696	2024-06-12
LAB0000007	1000006	2024-06-05	V	KP.3.1.1	0.00129953	2024-06-12
LAB0000007	1000006	2024-06-05	V	JN.1.34	0.00118541	2024-06-12
LAB0000007	1000006	2024-06-05	V	KP.4.2.2	0.00134086	2024-06-12
LAB0000007	1000006	2024-06-05	V	KP.2.3.1	0.00142232	2024-06-12
LAB0000007	1000006	2024-06-05	V	JN.1.54.1	0.00177351	2024-06-12
LAB0000007	1000006	2024-06-05	V	KP.2.8	0.00114855	2024-06-12
LAB0000007	1000006	2024-06-05	V	JN.1.49.1	0.00116441	2024-06-12
LAB0000007	1000006	2024-06-05	V	KY.1	0.00108891	2024-06-12
LAB0000007	1000006	2024-06-05	V	JN.1.10	0.00075212	2024-06-12
LAB0000007	1000006	2024-06-05	V	JN.1.4.5	0.00108722	2024-06-12
LAB0000007	1000006	2024-06-05	V	KP.4.1	0.00110475	2024-06-12
LAB0000007	1000006	2024-06-05	V	JN.1.38	0.00164009	2024-06-12
LAB0000007	1000006	2024-06-05	V	LF.1.1	0.00095416	2024-06-12
LAB0000007	1000006	2024-06-05	V	unreportable	0.01115331	2024-06-12
LAB0000008	1000007	2024-06-05	U	KP.3.1.1	0.68772016	2024-06-12
LAB0000008	1000007	2024-06-05	U	KP.3	0.30243194	2024-06-12
LAB0000008	1000007	2024-06-05	U	unreportable	0.0098479	2024-06-12
LAB0000009	1000008	2024-06-06	Z	KP.5	0.33378257	2024-06-12
LAB0000009	1000008	2024-06-06	Z	KP.1.2	0.33640291	2024-06-12
LAB0000009	1000008	2024-06-06	Z	JN.1.11.1	0.01744791	2024-06-12
LAB0000009	1000008	2024-06-06	Z	KP.2	0.0277062	2024-06-12
LAB0000009	1000008	2024-06-06	Z	KP.2.7	0.01581134	2024-06-12
LAB0000009	1000008	2024-06-06	Z	KP.2.15	0.02353453	2024-06-12
LAB0000009	1000008	2024-06-06	Z	KP.1.1.3	0.03243339	2024-06-12
LAB0000009	1000008	2024-06-06	Z	KP.4	0.01716702	2024-06-12
LAB0000009	1000008	2024-06-06	Z	KP.4.2	0.01868718	2024-06-12
LAB0000009	1000008	2024-06-06	Z	KP.2.6	0.02134949	2024-06-12
LAB0000009	1000008	2024-06-06	Z	KP.2.14	0.01892346	2024-06-12
LAB0000009	1000008	2024-06-06	Z	KP.1.1	0.01534769	2024-06-12
LAB0000009	1000008	2024-06-06	Z	KP.2.5	0.02121715	2024-06-12
LAB0000009	1000008	2024-06-06	Z	KP.2.10	0.01692237	2024-06-12
LAB0000009	1000008	2024-06-06	Z	JN.1.11	0.0230074	2024-06-12
LAB0000009	1000008	2024-06-06	Z	KP.1	0.01741292	2024-06-12
LAB0000009	1000008	2024-06-06	Z	KP.2.8	0.00743681	2024-06-12
LAB0000009	1000008	2024-06-06	Z	JN.1.23	0.00246551	2024-06-12
LAB0000009	1000008	2024-06-06	Z	JN.1.12	0.00202137	2024-06-12
LAB0000009	1000008	2024-06-06	Z	JN.1.7.5	0.0021726	2024-06-12
LAB0000009	1000008	2024-06-06	Z	JN.1.18.4	0.00131136	2024-06-12
LAB0000009	1000008	2024-06-06	Z	KP.4.2.2	0.00124273	2024-06-12
LAB0000009	1000008	2024-06-06	Z	JN.1.43	0.00145751	2024-06-12
LAB0000009	1000008	2024-06-06	Z	JN.1.19	0.0008054	2024-06-12
LAB0000009	1000008	2024-06-06	Z	JN.1.55	0.00102556	2024-06-12
LAB0000009	1000008	2024-06-06	Z	LF.2	0.00095688	2024-06-12
LAB0000009	1000008	2024-06-06	Z	unreportable	0.02195074	2024-06-12
LAB0000010	1000009	2024-06-06	N	KP.2.3	0.96763662	2024-06-12
LAB0000010	1000009	2024-06-06	N	JN.1.58.1	0.0026651	2024-06-12
LAB0000010	1000009	2024-06-06	N	LF.2	0.00370122	2024-06-12
LAB0000010	1000009	2024-06-06	N	KP.1.1.3	0.00283963	2024-06-12
LAB0000010	1000009	2024-06-06	N	JN.1.46	0.00243482	2024-06-12
LAB0000010	1000009	2024-06-06	N	JN.1.10	0.00228451	2024-06-12
LAB0000010	1000009	2024-06-06	N	KR.4	0.00172967	2024-06-12
LAB0000010	1000009	2024-06-06	N	KP.2.2	0.00206972	2024-06-12
LAB0000010	1000009	2024-06-06	N	JN.1.35	0.0013672	2024-06-12
LAB0000010	1000009	2024-06-06	N	unreportable	0.01327151	2024-06-12
LAB0000011	1000010	2024-06-06	R	KP.3.1	0.61395649	2024-06-12
LAB0000011	1000010	2024-06-06	R	XDK.5	0.27504493	2024-06-12
LAB0000011	1000010	2024-06-06	R	KP.2.9	0.05980442	2024-06-12
LAB0000011	1000010	2024-06-06	R	KP.1.2	0.03022275	2024-06-12
LAB0000011	1000010	2024-06-06	R	KP.3	0.0109574	2024-06-12
LAB0000011	1000010	2024-06-06	R	KP.1.1.1	0.00246991	2024-06-12
LAB0000011	1000010	2024-06-06	R	KP.1.1.3	0.00118484	2024-06-12
LAB0000011	1000010	2024-06-06	R	KP.3.2.2	0.00077203	2024-06-12
LAB0000011	1000010	2024-06-06	R	KP.4.1	0.00102668	2024-06-12
LAB0000011	1000010	2024-06-06	R	unreportable	0.00456054	2024-06-12
LAB0000012	1000011	2024-06-06	P	KP.3	0.39575291	2024-06-12
LAB0000012	1000011	2024-06-06	P	LB.1	0.30027456	2024-06-12
LAB0000012	1000011	2024-06-06	P	KP.2.3	0.17924369	2024-06-12
LAB0000012	1000011	2024-06-06	P	JN.1.16.1	0.09958124	2024-06-12
LAB0000012	1000011	2024-06-06	P	KP.2.15	0.0056342	2024-06-12
LAB0000012	1000011	2024-06-06	P	JN.1.58.2	0.00130206	2024-06-12
LAB0000012	1000011	2024-06-06	P	KP.2.2	0.00131275	2024-06-12
LAB0000012	1000011	2024-06-06	P	LF.2	0.00126053	2024-06-12
LAB0000012	1000011	2024-06-06	P	KY.1	0.00120122	2024-06-12
LAB0000012	1000011	2024-06-06	P	KP.1.1.1	0.00120891	2024-06-12
LAB0000012	1000011	2024-06-06	P	JN.1.55.1	0.00091077	2024-06-12
LAB0000012	1000011	2024-06-06	P	unreportable	0.01231715	2024-06-12
LAB0000013	1000012	2024-06-06	B	KP.3.3	0.37277938	2024-06-12
LAB0000013	1000012	2024-06-06	B	KP.1.1.3	0.34917124	2024-06-12
LAB0000013	1000012	2024-06-06	B	KP.3.2	0.20904538	2024-06-12
LAB0000013	1000012	2024-06-06	B	JN.1.16.1	0.0441538	2024-06-12
LAB0000013	1000012	2024-06-06	B	JN.1.58.2	0.00877811	2024-06-12
LAB0000013	1000012	2024-06-06	B	JN.1.54.1	0.00197757	2024-06-12
LAB0000013	1000012	2024-06-06	B	KY.1	0.00168413	2024-06-12
LAB0000013	1000012	2024-06-06	B	KP.1.1.1	0.0017315	2024-06-12
LAB0000013	1000012	2024-06-06	B	KR.1.1	0.00134019	2024-06-12
LAB0000013	1000012	2024-06-06	B	LF.1	0.00106005	2024-06-12
LAB0000013	1000012	2024-06-06	B	JN.1.26	0.00086408	2024-06-12
LAB0000013	1000012	2024-06-06	B	LF.2	0.00074683	2024-06-12
LAB0000013	1000012	2024-06-06	B	unreportable	0.00666774	2024-06-12
LAB0000014	1000013	2024-06-06	W	KP.3	0.54226295	2024-06-12
LAB0000014	1000013	2024-06-06	W	LB.1	0.43027622	2024-06-12
LAB0000014	1000013	2024-06-06	W	KP.3.3	0.00321451	2024-06-12
LAB0000014	1000013	2024-06-06	W	KP.1.2	0.00206416	2024-06-12
LAB0000014	1000013	2024-06-06	W	LF.2	0.00188949	2024-06-12
LAB0000014	1000013	2024-06-06	W	JN.1.18.2	0.00129416	2024-06-12
LAB0000014	1000013	2024-06-06	W	KY.1	0.00146568	2024-06-12
LAB0000014	1000013	2024-06-06	W	JN.1.4.6	0.00127105	2024-06-12
LAB0000014	1000013	2024-06-06	W	KP.3.2.2	0.00089043	2024-06-12
LAB0000014	1000013	2024-06-06	W	JN.1.54.1	0.00108036	2024-06-12
LAB0000014	1000013	2024-06-06	W	unreportable	0.01429099	2024-06-12
LAB0000015	1000014	2024-06-07	X	JN.1.11.1	0.63823881	2024-06-12
LAB0000015	1000014	2024-06-07	X	KP.3.1	0.17447119	2024-06-12
LAB0000015	1000014	2024-06-07	X	KP.3	0.09814991	2024-06-12
LAB0000015	1000014	2024-06-07	X	KP.2.3	0.06139319	2024-06-12
LAB0000015	1000014	2024-06-07	X	JN.1.7.4	0.00326447	2024-06-12
LAB0000015	1000014	2024-06-07	X	KP.1.1.3	0.00272993	2024-06-12
LAB0000015	1000014	2024-06-07	X	JN.1.58.1	0.00174416	2024-06-12
LAB0000015	1000014	2024-06-07	X	KP.2.2	0.00255796	2024-06-12
LAB0000015	1000014	2024-06-07	X	KP.2.15	0.00131106	2024-06-12
LAB0000015	1000014	2024-06-07	X	KP.2.12	0.00139211	2024-06-12
LAB0000015	1000014	2024-06-07	X	JN.1.51.1	0.00127358	2024-06-12
LAB0000015	1000014	2024-06-07	X	JN.1.19	0.00115818	2024-06-12
LAB0000015	1000014	2024-06-07	X	KP.2.10	0.00088101	2024-06-12
LAB0000015	1000014	2024-06-07	X	unreportable	0.01143443	2024-06-12
LAB0000016	1000015	2024-06-06	A	KP.2.3	0.30745786	2024-06-12
LAB0000016	1000015	2024-06-06	A	JN.1.7.4	0.23576701	2024-06-12
LAB0000016	1000015	2024-06-06	A	JN.1.26	0.17020928	2024-06-12
LAB0000016	1000015	2024-06-06	A	KP.5	0.07762261	2024-06-12
LAB0000016	1000015	2024-06-06	A	LB.1	0.11674411	2024-06-12
LAB0000016	1000015	2024-06-06	A	JN.1.32.1	0.03964239	2024-06-12
LAB0000016	1000015	2024-06-06	A	KS.1	0.0144734	2024-06-12
LAB0000016	1000015	2024-06-06	A	JN.1.8.1	0.00164002	2024-06-12
LAB0000016	1000015	2024-06-06	A	JN.1.58.2	0.00190665	2024-06-12
LAB0000016	1000015	2024-06-06	A	JN.1.55	0.00238096	2024-06-12
LAB0000016	1000015	2024-06-06	A	LA.1	0.00180758	2024-06-12
LAB0000016	1000015	2024-06-06	A	JN.1.17	0.0014236	2024-06-12
LAB0000016	1000015	2024-06-06	A	LF.1	0.00151211	2024-06-12
LAB0000016	1000015	2024-06-06	A	LF.2	0.00196508	2024-06-12
LAB0000016	1000015	2024-06-06	A	JN.1.54.1	0.00140614	2024-06-12
LAB0000016	1000015	2024-06-06	A	JN.1.29.1	0.00145533	2024-06-12
LAB0000016	1000015	2024-06-06	A	KP.1.1.1	0.00139773	2024-06-12
LAB0000016	1000015	2024-06-06	A	KV.2	0.00114884	2024-06-12
LAB0000016	1000015	2024-06-06	A	unreportable	0.02003929	2024-06-12
LAB0000017	1000016	2024-06-06	C	JN.1.11.1	0.37136633	2024-06-12
LAB0000017	1000016	2024-06-06	C	LB.1	0.18951313	2024-06-12
LAB0000017	1000016	2024-06-06	C	KP.2.15	0.16999871	2024-06-12
LAB0000017	1000016	2024-06-06	C	KP.2	0.1434724	2024-06-12
LAB0000017	1000016	2024-06-06	C	KP.1.1.1	0.09892921	2024-06-12
LAB0000017	1000016	2024-06-06	C	KP.2.12	0.00290513	2024-06-12
LAB0000017	1000016	2024-06-06	C	KP.2.2	0.00264191	2024-06-12
LAB0000017	1000016	2024-06-06	C	JN.1.46	0.00187233	2024-06-12
LAB0000017	1000016	2024-06-06	C	KY.1	0.00157894	2024-06-12
LAB0000017	1000016	2024-06-06	C	KP.2.10	0.00096761	2024-06-12
LAB0000017	1000016	2024-06-06	C	LH.1	0.00099746	2024-06-12
LAB0000017	1000016	2024-06-06	C	unreportable	0.01575683	2024-06-12
LAB0000018	1000017	2024-06-05	K	LB.1	0.37456849	2024-06-12
LAB0000018	1000017	2024-06-05	K	KP.2	0.22205628	2024-06-12
LAB0000018	1000017	2024-06-05	K	KP.1.1	0.16915854	2024-06-12
LAB0000018	1000017	2024-06-05	K	JN.1.16.1	0.10631565	2024-06-12
LAB0000018	1000017	2024-06-05	K	KP.3.3	0.08240103	2024-06-12
LAB0000018	1000017	2024-06-05	K	JN.1.58.2	0.01649402	2024-06-12
LAB0000018	1000017	2024-06-05	K	LF.2	0.00452801	2024-06-12
LAB0000018	1000017	2024-06-05	K	KP.3.1	0.00250219	2024-06-12
LAB0000018	1000017	2024-06-05	K	KP.2.15	0.00240412	2024-06-12
LAB0000018	1000017	2024-06-05	K	JN.1.18.4	0.00206044	2024-06-12
LAB0000018	1000017	2024-06-05	K	KP.2.2	0.00106685	2024-06-12
LAB0000018	1000017	2024-06-05	K	unreportable	0.01644438	2024-06-12
LAB0000019	1000018	2024-06-19	G	KP.2.10	0.32867803	2024-06-26
LAB0000019	1000018	2024-06-19	G	LB.1	0.26010213	2024-06-26
LAB0000019	1000018	2024-06-19	G	KP.3.3	0.10592458	2024-06-26
LAB0000019	1000018	2024-06-19	G	KP.3.1	0.10832534	2024-06-26
LAB0000019	1000018	2024-06-19	G	KP.1.2	0.11035309	2024-06-26
LAB0000019	1000018	2024-06-19	G	KP.2.9	0.04682262	2024-06-26
LAB0000019	1000018	2024-06-19	G	KP.1.1.3	0.02259626	2024-06-26
LAB0000019	1000018	2024-06-19	G	KP.2.15	0.00685159	2024-06-26
LAB0000019	1000018	2024-06-19	G	LF.2	0.00135451	2024-06-26
LAB0000019	1000018	2024-06-19	G	KP.4.2.2	0.00110179	2024-06-26
LAB0000019	1000018	2024-06-19	G	KP.3.2.2	0.0018992	2024-06-26
LAB0000019	1000018	2024-06-19	G	unreportable	0.00599086	2024-06-26
LAB0000020	1000019	2024-06-20	A	KP.5	0.22709191	2024-06-26
LAB0000020	1000019	2024-06-20	A	KP.3.3	0.15131634	2024-06-26
LAB0000020	1000019	2024-06-20	A	KP.2.15	0.18314577	2024-06-26
LAB0000020	1000019	2024-06-20	A	KP.2	0.11690112	2024-06-26
LAB0000020	1000019	2024-06-20	A	JN.1.39.1	0.12921459	2024-06-26
LAB0000020	1000019	2024-06-20	A	KP.3.1	0.04795475	2024-06-26
LAB0000020	1000019	2024-06-20	A	KP.2.3	0.04246491	2024-06-26
LAB0000020	1000019	2024-06-20	A	LB.1	0.07177381	2024-06-26
LAB0000020	1000019	2024-06-20	A	JN.1.11.1	0.0069664	2024-06-26
LAB0000020	1000019	2024-06-20	A	JN.1.39.2	0.00347248	2024-06-26
LAB0000020	1000019	2024-06-20	A	KP.2.2	0.00214918	2024-06-26
LAB0000020	1000019	2024-06-20	A	KP.4.2.2	0.00196344	2024-06-26
LAB0000020	1000019	2024-06-20	A	KP.3	0.00174548	2024-06-26
LAB0000020	1000019	2024-06-20	A	JN.1.54.1	0.00128853	2024-06-26
LAB0000020	1000019	2024-06-20	A	KP.2.8	0.00115088	2024-06-26
LAB0000020	1000019	2024-06-20	A	KV.2	0.00099709	2024-06-26
LAB0000020	1000019	2024-06-20	A	unreportable	0.01040334	2024-06-26
LAB0000021	1000020	2024-06-20	C	KP.3	0.61163583	2024-06-26
LAB0000021	1000020	2024-06-20	C	JN.1.16.1	0.19686163	2024-06-26
LAB0000021	1000020	2024-06-20	C	KP.2	0.09457491	2024-06-26
LAB0000021	1000020	2024-06-20	C	KP.3.3	0.02913235	2024-06-26
LAB0000021	1000020	2024-06-20	C	KP.4.1	0.02269765	2024-06-26
LAB0000021	1000020	2024-06-20	C	LF.2	0.0078993	2024-06-26
LAB0000021	1000020	2024-06-20	C	KP.2.10	0.00383553	2024-06-26
LAB0000021	1000020	2024-06-20	C	JN.1.26	0.00373731	2024-06-26
LAB0000021	1000020	2024-06-20	C	KP.2.15	0.00306996	2024-06-26
LAB0000021	1000020	2024-06-20	C	JN.1.54.1	0.0034619	2024-06-26
LAB0000021	1000020	2024-06-20	C	JN.1.58.2	0.00141572	2024-06-26
LAB0000021	1000020	2024-06-20	C	KP.2.2	0.00202511	2024-06-26
LAB0000021	1000020	2024-06-20	C	KP.1.1.1	0.00239587	2024-06-26
LAB0000021	1000020	2024-06-20	C	KP.4.2.2	0.00193149	2024-06-26
LAB0000021	1000020	2024-06-20	C	KP.2.12	0.00125474	2024-06-26
LAB0000021	1000020	2024-06-20	C	JN.1.5	0.00127374	2024-06-26
LAB0000021	1000020	2024-06-20	C	LF.3	0.00117921	2024-06-26
LAB0000021	1000020	2024-06-20	C	unreportable	0.01161775	2024-06-26
LAB0000022	1000021	2024-06-20	W	KP.3.1	0.16131388	2024-06-26
LAB0000022	1000021	2024-06-20	W	JN.1.16.1	0.16714576	2024-06-26
LAB0000022	1000021	2024-06-20	W	KP.1.1	0.09652566	2024-06-26
LAB0000022	1000021	2024-06-20	W	KP.3.3	0.07948879	2024-06-26
LAB0000022	1000021	2024-06-20	W	KP.3.2	0.09060679	2024-06-26
LAB0000022	1000021	2024-06-20	W	KP.2.2	0.1021675	2024-06-26
LAB0000022	1000021	2024-06-20	W	LB.1	0.05656896	2024-06-26
LAB0000022	1000021	2024-06-20	W	KP.2	0.04869047	2024-06-26
LAB0000022	1000021	2024-06-20	W	KP.1.1.3	0.03907911	2024-06-26
LAB0000022	1000021	2024-06-20	W	KP.1.1.1	0.04752992	2024-06-26
LAB0000022	1000021	2024-06-20	W	JN.1.7.3	0.01381966	2024-06-26
LAB0000022	1000021	2024-06-20	W	LF.2	0.01113839	2024-06-26
LAB0000022	1000021	2024-06-20	W	JN.1.18	0.01068373	2024-06-26
LAB0000022	1000021	2024-06-20	W	JN.1.9.2	0.00923421	2024-06-26
LAB0000022	1000021	2024-06-20	W	JN.1.40	0.00617579	2024-06-26
LAB0000022	1000021	2024-06-20	W	KP.3.2.2	0.00520249	2024-06-26
LAB0000022	1000021	2024-06-20	W	JN.1.44.1	0.00416965	2024-06-26
LAB0000022	1000021	2024-06-20	W	KP.2.10	0.00371986	2024-06-26
LAB0000022	1000021	2024-06-20	W	JN.1.8.2	0.00308374	2024-06-26
LAB0000022	1000021	2024-06-20	W	LE.1	0.0021626	2024-06-26
LAB0000022	1000021	2024-06-20	W	JN.1.54.1	0.00195269	2024-06-26
LAB0000022	1000021	2024-06-20	W	JN.1.54	0.00178648	2024-06-26
LAB0000022	1000021	2024-06-20	W	JN.1.51.1	0.0022464	2024-06-26
LAB0000022	1000021	2024-06-20	W	JN.1.34	0.00139306	2024-06-26
LAB0000022	1000021	2024-06-20	W	JN.1.43.1	0.00174614	2024-06-26
LAB0000022	1000021	2024-06-20	W	JN.1.51	0.00141411	2024-06-26
LAB0000022	1000021	2024-06-20	W	KY.1	0.00150834	2024-06-26
LAB0000022	1000021	2024-06-20	W	JN.1.55.1	0.00135229	2024-06-26
LAB0000022	1000021	2024-06-20	W	JN.1.58.2	0.0017098	2024-06-26
LAB0000022	1000021	2024-06-20	W	JN.1.26	0.0015277	2024-06-26
LAB0000022	1000021	2024-06-20	W	KP.3.2.1	0.00142538	2024-06-26
LAB0000022	1000021	2024-06-20	W	JN.1.37	0.00153099	2024-06-26
LAB0000022	1000021	2024-06-20	W	JN.1.18.4	0.00117882	2024-06-26
LAB0000022	1000021	2024-06-20	W	unreportable	0.02072083	2024-06-26
LAB0000023	1000022	2024-06-20	B	JN.1.11.1	0.52794417	2024-06-26
LAB0000023	1000022	2024-06-20	B	KP.3.1.1	0.20303581	2024-06-26
LAB0000023	1000022	2024-06-20	B	KP.2.3	0.14387614	2024-06-26
LAB0000023	1000022	2024-06-20	B	JN.1.11	0.11622593	2024-06-26
LAB0000023	1000022	2024-06-20	B	KP.2.15	0.00178175	2024-06-26
LAB0000023	1000022	2024-06-20	B	KP.5	0.00126092	2024-06-26
LAB0000023	1000022	2024-06-20	B	LL.1	0.00086483	2024-06-26
LAB0000023	1000022	2024-06-20	B	unreportable	0.00501045	2024-06-26
LAB0000024	1000023	2024-06-20	H	KP.3	0.73662662	2024-06-26
LAB0000024	1000023	2024-06-20	H	KP.2.3	0.24139801	2024-06-26
LAB0000024	1000023	2024-06-20	H	KP.1.1.1	0.0122803	2024-06-26
LAB0000024	1000023	2024-06-20	H	KP.4.2.2	0.0016143	2024-06-26
LAB0000024	1000023	2024-06-20	H	KP.2.12	0.00119605	2024-06-26
LAB0000024	1000023	2024-06-20	H	LF.1	0.00107159	2024-06-26
LAB0000024	1000023	2024-06-20	H	unreportable	0.00581313	2024-06-26
LAB0000025	1000024	2024-06-20	Z	KP.3.1	0.21012314	2024-06-26
LAB0000025	1000024	2024-06-20	Z	KP.2.5	0.20663886	2024-06-26
LAB0000025	1000024	2024-06-20	Z	KP.2	0.16763682	2024-06-26
LAB0000025	1000024	2024-06-20	Z	JN.1.11.1	0.09622387	2024-06-26
LAB0000025	1000024	2024-06-20	Z	JN.1.58.2	0.06951883	2024-06-26
LAB0000025	1000024	2024-06-20	Z	JN.1.3	0.08247996	2024-06-26
LAB0000025	1000024	2024-06-20	Z	JN.1.58	0.06829223	2024-06-26
LAB0000025	1000024	2024-06-20	Z	KP.3.3	0.0483279	2024-06-26
LAB0000025	1000024	2024-06-20	Z	JN.1.14	0.01766979	2024-06-26
LAB0000025	1000024	2024-06-20	Z	KP.2.15	0.00766674	2024-06-26
LAB0000025	1000024	2024-06-20	Z	KP.2.11	0.00191788	2024-06-26
LAB0000025	1000024	2024-06-20	Z	KP.1.1.1	0.00207852	2024-06-26
LAB0000025	1000024	2024-06-20	Z	JN.1.54.1	0.00185542	2024-06-26
LAB0000025	1000024	2024-06-20	Z	KR.1.2	0.00142365	2024-06-26
LAB0000025	1000024	2024-06-20	Z	JN.1.55	0.00163793	2024-06-26
LAB0000025	1000024	2024-06-20	Z	KP.4.2.2	0.00145173	2024-06-26
LAB0000025	1000024	2024-06-20	Z	LH.2	0.00115133	2024-06-26
LAB0000025	1000024	2024-06-20	Z	JN.1.18.4	0.00103573	2024-06-26
LAB0000025	1000024	2024-06-20	Z	KY.1	0.00123033	2024-06-26
LAB0000025	1000024	2024-06-20	Z	BA.2.86.3	0.00107675	2024-06-26
LAB0000025	1000024	2024-06-20	Z	unreportable	0.01056259	2024-06-26
LAB0000026	1000025	2024-06-20	F	LF.3	0.53333077	2024-06-26
LAB0000026	1000025	2024-06-20	F	JN.1.16.1	0.22596214	2024-06-26
LAB0000026	1000025	2024-06-20	F	KP.3.1	0.0890478	2024-06-26
LAB0000026	1000025	2024-06-20	F	JN.1.24.1	0.06033427	2024-06-26
LAB0000026	1000025	2024-06-20	F	JN.1.42.2	0.04129949	2024-06-26
LAB0000026	1000025	2024-06-20	F	KS.1	0.00607624	2024-06-26
LAB0000026	1000025	2024-06-20	F	LF.2	0.00462489	2024-06-26
LAB0000026	1000025	2024-06-20	F	JN.1.58.2	0.00323832	2024-06-26
LAB0000026	1000025	2024-06-20	F	KP.2	0.00387892	2024-06-26
LAB0000026	1000025	2024-06-20	F	JN.1.58.1	0.00328257	2024-06-26
LAB0000026	1000025	2024-06-20	F	KP.2.8	0.00246191	2024-06-26
LAB0000026	1000025	2024-06-20	F	JN.1.18.4	0.00246809	2024-06-26
LAB0000026	1000025	2024-06-20	F	JN.1.54.1	0.00173547	2024-06-26
LAB0000026	1000025	2024-06-20	F	KP.2.2	0.00191886	2024-06-26
LAB0000026	1000025	2024-06-20	F	JN.1.4.5	0.0015066	2024-06-26
LAB0000026	1000025	2024-06-20	F	KP.2.12	0.00163668	2024-06-26
LAB0000026	1000025	2024-06-20	F	KY.1	0.00121985	2024-06-26
LAB0000026	1000025	2024-06-20	F	unreportable	0.01597712	2024-06-26
LAB0000027	1000026	2024-06-19	V	KP.3	0.36722337	2024-06-26
LAB0000027	1000026	2024-06-19	V	KP.1.1	0.13035879	2024-06-26
LAB0000027	1000026	2024-06-19	V	KP.3.2	0.13167397	2024-06-26
LAB0000027	1000026	2024-06-19	V	KP.2.14	0.13351047	2024-06-26
LAB0000027	1000026	2024-06-19	V	KP.1	0.08447093	2024-06-26
LAB0000027	1000026	2024-06-19	V	KP.2.3	0.04998819	2024-06-26
LAB0000027	1000026	2024-06-19	V	JN.1.16.1	0.02542544	2024-06-26
LAB0000027	1000026	2024-06-19	V	JN.1.16	0.02782043	2024-06-26
LAB0000027	1000026	2024-06-19	V	KP.3.3	0.00903885	2024-06-26
LAB0000027	1000026	2024-06-19	V	LF.2	0.00524267	2024-06-26
LAB0000027	1000026	2024-06-19	V	JN.1.18.2	0.00417757	2024-06-26
LAB0000027	1000026	2024-06-19	V	JN.1.58.1	0.00196776	2024-06-26
LAB0000027	1000026	2024-06-19	V	JN.1.26	0.00185513	2024-06-26
LAB0000027	1000026	2024-06-19	V	JN.1.54	0.00165921	2024-06-26
LAB0000027	1000026	2024-06-19	V	JN.1.23	0.00188892	2024-06-26
LAB0000027	1000026	2024-06-19	V	JN.1.18.4	0.00142015	2024-06-26
LAB0000027	1000026	2024-06-19	V	JN.1.29.1	0.00151207	2024-06-26
LAB0000027	1000026	2024-06-19	V	KP.1.1.1	0.00188086	2024-06-26
LAB0000027	1000026	2024-06-19	V	JN.1.41	0.00097004	2024-06-26
LAB0000027	1000026	2024-06-19	V	JN.1.3	0.00121656	2024-06-26
LAB0000027	1000026	2024-06-19	V	unreportable	0.01669861	2024-06-26
LAB0000028	1000027	2024-06-20	L	KP.3	0.40300623	2024-06-26
LAB0000028	1000027	2024-06-20	L	KP.3.2.1	0.30247459	2024-06-26
LAB0000028	1000027	2024-06-20	L	LF.3	0.13634365	2024-06-26
LAB0000028	1000027	2024-06-20	L	JN.1.11.1	0.09211467	2024-06-26
LAB0000028	1000027	2024-06-20	L	KP.2.4	0.05399783	2024-06-26
LAB0000028	1000027	2024-06-20	L	KP.1	0.00187161	2024-06-26
LAB0000028	1000027	2024-06-20	L	KP.1.1.3	0.00169932	2024-06-26
LAB0000028	1000027	2024-06-20	L	KP.2.2	0.00149684	2024-06-26
LAB0000028	1000027	2024-06-20	L	KP.2.8	0.00151137	2024-06-26
LAB0000028	1000027	2024-06-20	L	unreportable	0.00548389	2024-06-26
LAB0000029	1000028	2024-06-20	P	JN.1.9.2	0.30690631	2024-06-26
LAB0000029	1000028	2024-06-20	P	KP.2.9	0.19447477	2024-06-26
LAB0000029	1000028	2024-06-20	P	LB.1	0.23076591	2024-06-26
LAB0000029	1000028	2024-06-20	P	KP.2.2	0.10670296	2024-06-26
LAB0000029	1000028	2024-06-20	P	KP.3.2.2	0.05016052	2024-06-26
LAB0000029	1000028	2024-06-20	P	JN.1.7.3	0.03865806	2024-06-26
LAB0000029	1000028	2024-06-20	P	KP.3.3	0.03007654	2024-06-26
LAB0000029	1000028	2024-06-20	P	JN.1.58.2	0.00475754	2024-06-26
LAB0000029	1000028	2024-06-20	P	KP.2.10	0.00360283	2024-06-26
LAB0000029	1000028	2024-06-20	P	KP.2.15	0.00355296	2024-06-26
LAB0000029	1000028	2024-06-20	P	JN.1.44.1	0.00502496	2024-06-26
LAB0000029	1000028	2024-06-20	P	LF.2	0.00360271	2024-06-26
LAB0000029	1000028	2024-06-20	P	JN.1.54.1	0.00250382	2024-06-26
LAB0000029	1000028	2024-06-20	P	JN.1.39.1	0.0012523	2024-06-26
LAB0000029	1000028	2024-06-20	P	KP.2.5	0.00080075	2024-06-26
LAB0000029	1000028	2024-06-20	P	KP.1.1.3	0.00116443	2024-06-26
LAB0000029	1000028	2024-06-20	P	unreportable	0.01599263	2024-06-26
LAB0000030	1000029	2024-06-19	U	KP.3	0.42895702	2024-06-26
LAB0000030	1000029	2024-06-19	U	KP.3.1	0.18615788	2024-06-26
LAB0000030	1000029	2024-06-19	U	KP.3.3	0.24102128	2024-06-26
LAB0000030	1000029	2024-06-19	U	JN.1.16	0.11809014	2024-06-26
LAB0000030	1000029	2024-06-19	U	KP.3.2.2	0.00256696	2024-06-26
LAB0000030	1000029	2024-06-19	U	JN.1.29.1	0.00274538	2024-06-26
LAB0000030	1000029	2024-06-19	U	KP.1.1.3	0.00245733	2024-06-26
LAB0000030	1000029	2024-06-19	U	KY.1	0.00203474	2024-06-26
LAB0000030	1000029	2024-06-19	U	JN.1.51.1	0.00220101	2024-06-26
LAB0000030	1000029	2024-06-19	U	JN.1.4.6	0.00129622	2024-06-26
LAB0000030	1000029	2024-06-19	U	JN.1.47.2	0.00151839	2024-06-26
LAB0000030	1000029	2024-06-19	U	JN.1.4.5	0.00147606	2024-06-26
LAB0000030	1000029	2024-06-19	U	JN.1.8.4	0.00141111	2024-06-26
LAB0000030	1000029	2024-06-19	U	JN.1.54.1	0.00145781	2024-06-26
LAB0000030	1000029	2024-06-19	U	unreportable	0.00660868	2024-06-26
LAB0000031	1000030	2024-06-20	R	KP.3	0.25474887	2024-06-26
LAB0000031	1000030	2024-06-20	R	KP.3.3	0.20281947	2024-06-26
LAB0000031	1000030	2024-06-20	R	LA.1	0.13432423	2024-06-26
LAB0000031	1000030	2024-06-20	R	JN.1.16.1	0.23571295	2024-06-26
LAB0000031	1000030	2024-06-20	R	JN.1.16.2	0.04188894	2024-06-26
LAB0000031	1000030	2024-06-20	R	JN.1.51.1	0.03374599	2024-06-26
LAB0000031	1000030	2024-06-20	R	JN.1.16	0.05345228	2024-06-26
LAB0000031	1000030	2024-06-20	R	LF.2	0.01214695	2024-06-26
LAB0000031	1000030	2024-06-20	R	JN.1.39.1	0.00428059	2024-06-26
LAB0000031	1000030	2024-06-20	R	JN.1.29.1	0.00324401	2024-06-26
LAB0000031	1000030	2024-06-20	R	JN.1.55.2	0.0025377	2024-06-26
LAB0000031	1000030	2024-06-20	R	XDK.1.2	0.00235338	2024-06-26
LAB0000031	1000030	2024-06-20	R	JN.1.54.1	0.0015062	2024-06-26
LAB0000031	1000030	2024-06-20	R	JN.1.5	0.00142042	2024-06-26
LAB0000031	1000030	2024-06-20	R	unreportable	0.01581801	2024-06-26
LAB0000032	1000031	2024-06-21	X	KP.2.3	0.65566052	2024-06-26
LAB0000032	1000031	2024-06-21	X	JN.1.16.1	0.10529642	2024-06-26
LAB0000032	1000031	2024-06-21	X	KP.3	0.05180331	2024-06-26
LAB0000032	1000031	2024-06-21	X	KP.1.1.3	0.07275574	2024-06-26
LAB0000032	1000031	2024-06-21	X	KP.3.2	0.05857281	2024-06-26
LAB0000032	1000031	2024-06-21	X	LF.1	0.01816219	2024-06-26
LAB0000032	1000031	2024-06-21	X	LF.1.1	0.01169096	2024-06-26
LAB0000032	1000031	2024-06-21	X	JN.1.29.1	0.00478477	2024-06-26
LAB0000032	1000031	2024-06-21	X	JN.1.18.4	0.00203674	2024-06-26
LAB0000032	1000031	2024-06-21	X	KP.2.2	0.00368193	2024-06-26
LAB0000032	1000031	2024-06-21	X	KP.3.2.2	0.00100514	2024-06-26
LAB0000032	1000031	2024-06-21	X	JN.1.35	0.000777	2024-06-26
LAB0000032	1000031	2024-06-21	X	unreportable	0.01377246	2024-06-26
LAB0000033	1000032	2024-06-21	Q	KP.3.2.2	0.54709114	2024-06-26
LAB0000033	1000032	2024-06-21	Q	KP.3	0.17590885	2024-06-26
LAB0000033	1000032	2024-06-21	Q	JN.1.16	0.11369782	2024-06-26
LAB0000033	1000032	2024-06-21	Q	KP.3.1	0.0819707	2024-06-26
LAB0000033	1000032	2024-06-21	Q	KP.3.2	0.02827856	2024-06-26
LAB0000033	1000032	2024-06-21	Q	JN.1.16.1	0.01030154	2024-06-26
LAB0000033	1000032	2024-06-21	Q	KP.3.3	0.00800326	2024-06-26
LAB0000033	1000032	2024-06-21	Q	LF.2	0.0058888	2024-06-26
LAB0000033	1000032	2024-06-21	Q	JN.1.55	0.00296814	2024-06-26
LAB0000033	1000032	2024-06-21	Q	KP.1.1.1	0.00204783	2024-06-26
LAB0000033	1000032	2024-06-21	Q	JN.1.58	0.00126167	2024-06-26
LAB0000033	1000032	2024-06-21	Q	JN.1.29.1	0.00170594	2024-06-26
LAB0000033	1000032	2024-06-21	Q	JN.1.58.2	0.00131475	2024-06-26
LAB0000033	1000032	2024-06-21	Q	JN.1.54.1	0.00171462	2024-06-26
LAB0000033	1000032	2024-06-21	Q	JN.1.5	0.00125254	2024-06-26
LAB0000033	1000032	2024-06-21	Q	JN.1.8.2	0.00093707	2024-06-26
LAB0000033	1000032	2024-06-21	Q	KV.2	0.00099211	2024-06-26
LAB0000033	1000032	2024-06-21	Q	unreportable	0.01466466	2024-06-26
LAB0000034	1000033	2024-06-20	N	KP.2	0.41843629	2024-06-26
LAB0000034	1000033	2024-06-20	N	LB.1	0.25108101	2024-06-26
LAB0000034	1000033	2024-06-20	N	JN.1.16.1	0.14594905	2024-06-26
LAB0000034	1000033	2024-06-20	N	KP.3.1.1	0.10366311	2024-06-26
LAB0000034	1000033	2024-06-20	N	KP.3.1	0.05298076	2024-06-26
LAB0000034	1000033	2024-06-20	N	KP.2.2	0.0032858	2024-06-26
LAB0000034	1000033	2024-06-20	N	KP.2.15	0.00234629	2024-06-26
LAB0000034	1000033	2024-06-20	N	JN.1.58.2	0.00251345	2024-06-26
LAB0000034	1000033	2024-06-20	N	LF.2	0.00275292	2024-06-26
LAB0000034	1000033	2024-06-20	N	KP.1.1.1	0.00161002	2024-06-26
LAB0000034	1000033	2024-06-20	N	KP.2.14	0.00141966	2024-06-26
LAB0000034	1000033	2024-06-20	N	JN.1.54.1	0.00109029	2024-06-26
LAB0000034	1000033	2024-06-20	N	JN.1.18.4	0.00183306	2024-06-26
LAB0000034	1000033	2024-06-20	N	JN.1.17	0.00119474	2024-06-26
LAB0000034	1000033	2024-06-20	N	unreportable	0.00984356	2024-06-26
LAB0000035	1000034	2024-06-21	I	LB.1	0.25687472	2024-06-26
LAB0000035	1000034	2024-06-21	I	KP.1.1.1	0.27590879	2024-06-26
LAB0000035	1000034	2024-06-21	I	KP.2.3	0.13321455	2024-06-26
LAB0000035	1000034	2024-06-21	I	KR.1	0.12961076	2024-06-26
LAB0000035	1000034	2024-06-21	I	KP.1.2	0.14844551	2024-06-26
LAB0000035	1000034	2024-06-21	I	JN.1.16.1	0.03073489	2024-06-26
LAB0000035	1000034	2024-06-21	I	JN.1.1.6	0.01093272	2024-06-26
LAB0000035	1000034	2024-06-21	I	JN.1.58.2	0.00315725	2024-06-26
LAB0000035	1000034	2024-06-21	I	LF.2	0.00210112	2024-06-26
LAB0000035	1000034	2024-06-21	I	JN.1.56.1	0.00119885	2024-06-26
LAB0000035	1000034	2024-06-21	I	LF.1	0.00132908	2024-06-26
LAB0000035	1000034	2024-06-21	I	XDK.3	0.00149484	2024-06-26
LAB0000035	1000034	2024-06-21	I	XDK.5	0.00149663	2024-06-26
LAB0000035	1000034	2024-06-21	I	unreportable	0.00350029	2024-06-26
LAB0000036	1000035	2024-06-21	E	KP.2.14	0.25367339	2024-06-26
LAB0000036	1000035	2024-06-21	E	KP.3.1	0.20036559	2024-06-26
LAB0000036	1000035	2024-06-21	E	JN.1.32	0.23852276	2024-06-26
LAB0000036	1000035	2024-06-21	E	KP.3	0.10487759	2024-06-26
LAB0000036	1000035	2024-06-21	E	JN.1.58.2	0.05610071	2024-06-26
LAB0000036	1000035	2024-06-21	E	JN.1.18	0.02732468	2024-06-26
LAB0000036	1000035	2024-06-21	E	KP.2.3	0.01980652	2024-06-26
LAB0000036	1000035	2024-06-21	E	JN.1.20	0.01956734	2024-06-26
LAB0000036	1000035	2024-06-21	E	KP.3.3	0.0084538	2024-06-26
LAB0000036	1000035	2024-06-21	E	KP.2.15	0.00652001	2024-06-26
LAB0000036	1000035	2024-06-21	E	JN.1.16.1	0.00651334	2024-06-26
LAB0000036	1000035	2024-06-21	E	JN.1.40	0.00550192	2024-06-26
LAB0000036	1000035	2024-06-21	E	JN.1.32.1	0.00926608	2024-06-26
LAB0000036	1000035	2024-06-21	E	JN.1.9.2	0.00691345	2024-06-26
LAB0000036	1000035	2024-06-21	E	LF.2	0.00388954	2024-06-26
LAB0000036	1000035	2024-06-21	E	JN.1.18.2	0.0050108	2024-06-26
LAB0000036	1000035	2024-06-21	E	LB.1	0.00366894	2024-06-26
LAB0000036	1000035	2024-06-21	E	JN.1.56	0.00164657	2024-06-26
LAB0000036	1000035	2024-06-21	E	JN.1.55	0.00261982	2024-06-26
LAB0000036	1000035	2024-06-21	E	KP.3.2.2	0.00207267	2024-06-26
LAB0000036	1000035	2024-06-21	E	JN.1.54.1	0.00145674	2024-06-26
LAB0000036	1000035	2024-06-21	E	KP.1.1.1	0.00157709	2024-06-26
LAB0000036	1000035	2024-06-21	E	JN.1.43	0.0012695	2024-06-26
LAB0000036	1000035	2024-06-21	E	KY.1	0.00088752	2024-06-26
LAB0000036	1000035	2024-06-21	E	JN.1.25.1	0.00126682	2024-06-26
LAB0000036	1000035	2024-06-21	E	KP.3.2.1	0.00141329	2024-06-26
LAB0000036	1000035	2024-06-21	E	unreportable	0.00981351	2024-06-26
LAB0000037	1000036	2024-06-21	Y	JN.1.26	0.33016409	2024-06-26
LAB0000037	1000036	2024-06-21	Y	KP.3.1.1	0.12700642	2024-06-26
LAB0000037	1000036	2024-06-21	Y	JN.1.18.3	0.12499403	2024-06-26
LAB0000037	1000036	2024-06-21	Y	JN.1.16	0.07798479	2024-06-26
LAB0000037	1000036	2024-06-21	Y	JN.1.51.1	0.0738617	2024-06-26
LAB0000037	1000036	2024-06-21	Y	JN.1.16.2	0.08865008	2024-06-26
LAB0000037	1000036	2024-06-21	Y	LA.1	0.06370389	2024-06-26
LAB0000037	1000036	2024-06-21	Y	JN.1.16.1	0.07940227	2024-06-26
LAB0000037	1000036	2024-06-21	Y	JN.1.15	0.00774865	2024-06-26
LAB0000037	1000036	2024-06-21	Y	LA.2	0.00321183	2024-06-26
LAB0000037	1000036	2024-06-21	Y	JN.1.55	0.00204523	2024-06-26
LAB0000037	1000036	2024-06-21	Y	JN.1.29.1	0.00186532	2024-06-26
LAB0000037	1000036	2024-06-21	Y	KP.1.1.1	0.00214761	2024-06-26
LAB0000037	1000036	2024-06-21	Y	JN.1.4.8	0.00162031	2024-06-26
LAB0000037	1000036	2024-06-21	Y	KP.2.8	0.0011018	2024-06-26
LAB0000037	1000036	2024-06-21	Y	JN.1.58.1	0.00129725	2024-06-26
LAB0000037	1000036	2024-06-21	Y	JN.1.41	0.00124136	2024-06-26
LAB0000037	1000036	2024-06-21	Y	JN.1.54.1	0.00074331	2024-06-26
LAB0000037	1000036	2024-06-21	Y	LF.2	0.0011536	2024-06-26
LAB0000037	1000036	2024-06-21	Y	unreportable	0.01005647	2024-06-26
LAB0000038	1000037	2024-06-21	K	KP.3.3	0.38820336	2024-06-26
LAB0000038	1000037	2024-06-21	K	KP.2.10	0.25838999	2024-06-26
LAB0000038	1000037	2024-06-21	K	KP.3	0.08578186	2024-06-26
LAB0000038	1000037	2024-06-21	K	LA.1	0.03220542	2024-06-26
LAB0000038	1000037	2024-06-21	K	JN.1.51.1	0.03336818	2024-06-26
LAB0000038	1000037	2024-06-21	K	JN.1.16.1	0.03590708	2024-06-26
LAB0000038	1000037	2024-06-21	K	JN.1.16.2	0.04665258	2024-06-26
LAB0000038	1000037	2024-06-21	K	JN.1.16	0.04866966	2024-06-26
LAB0000038	1000037	2024-06-21	K	LA.2	0.03856125	2024-06-26
LAB0000038	1000037	2024-06-21	K	LF.2	0.00648497	2024-06-26
LAB0000038	1000037	2024-06-21	K	JN.1.58.1	0.0033788	2024-06-26
LAB0000038	1000037	2024-06-21	K	KP.2.15	0.00179638	2024-06-26
LAB0000038	1000037	2024-06-21	K	JN.1.54.1	0.00128935	2024-06-26
LAB0000038	1000037	2024-06-21	K	KP.1.1.1	0.001679	2024-06-26
LAB0000038	1000037	2024-06-21	K	JN.1.29.1	0.00132561	2024-06-26
LAB0000038	1000037	2024-06-21	K	LJ.1	0.00127148	2024-06-26
LAB0000038	1000037	2024-06-21	K	KS.1	0.00137339	2024-06-26
LAB0000038	1000037	2024-06-21	K	JN.1.5	0.00097503	2024-06-26
LAB0000038	1000037	2024-06-21	K	KY.1	0.00098508	2024-06-26
LAB0000038	1000037	2024-06-21	K	JN.1.57.1	0.00121263	2024-06-26
LAB0000038	1000037	2024-06-21	K	unreportable	0.01048889	2024-06-26
LAB0000039	1000038	2024-05-30	B	KP.3	0.33915804	2024-06-06
LAB0000039	1000038	2024-05-30	B	JN.1.9.2	0.27787957	2024-06-06
LAB0000039	1000038	2024-05-30	B	JN.1.18.4	0.11649801	2024-06-06
LAB0000039	1000038	2024-05-30	B	JN.1.11	0.11419613	2024-06-06
LAB0000039	1000038	2024-05-30	B	KP.3.3	0.05816397	2024-06-06
LAB0000039	1000038	2024-05-30	B	JN.1.18	0.01729448	2024-06-06
LAB0000039	1000038	2024-05-30	B	KQ.1	0.02075402	2024-06-06
LAB0000039	1000038	2024-05-30	B	JN.1.4.4	0.00948866	2024-06-06
LAB0000039	1000038	2024-05-30	B	JN.1.58.1	0.00248683	2024-06-06
LAB0000039	1000038	2024-05-30	B	JN.1.34	0.00303076	2024-06-06
LAB0000039	1000038	2024-05-30	B	JN.1.8.3	0.00250862	2024-06-06
LAB0000039	1000038	2024-05-30	B	JN.1.19	0.00223996	2024-06-06
LAB0000039	1000038	2024-05-30	B	KP.4.2.2	0.00177747	2024-06-06
LAB0000039	1000038	2024-05-30	B	JN.1.54.1	0.00220173	2024-06-06
LAB0000039	1000038	2024-05-30	B	LF.2	0.00131564	2024-06-06
LAB0000039	1000038	2024-05-30	B	JN.1.54	0.00152376	2024-06-06
LAB0000039	1000038	2024-05-30	B	KP.1.1.3	0.00250885	2024-06-06
LAB0000039	1000038	2024-05-30	B	KP.2.11	0.00130074	2024-06-06
LAB0000039	1000038	2024-05-30	B	JN.1.23	0.00160537	2024-06-06
LAB0000039	1000038	2024-05-30	B	JN.1.49.1	0.00127984	2024-06-06
LAB0000039	1000038	2024-05-30	B	JN.1.5	0.00115177	2024-06-06
LAB0000039	1000038	2024-05-30	B	unreportable	0.02163577	2024-06-06
LAB0000040	1000039	2024-05-30	C	JN.1.49.2	0.3053199	2024-06-06
LAB0000040	1000039	2024-05-30	C	KP.3.1	0.23532235	2024-06-06
LAB0000040	1000039	2024-05-30	C	XDV.1	0.18899972	2024-06-06
LAB0000040	1000039	2024-05-30	C	JN.2.5	0.13807316	2024-06-06
LAB0000040	1000039	2024-05-30	C	JN.1.9	0.08795543	2024-06-06
LAB0000040	1000039	2024-05-30	C	JN.1.29	0.00513081	2024-06-06
LAB0000040	1000039	2024-05-30	C	JN.1.52	0.00693501	2024-06-06
LAB0000040	1000039	2024-05-30	C	JN.1.55	0.00312748	2024-06-06
LAB0000040	1000039	2024-05-30	C	JN.18	0.0021619	2024-06-06
LAB0000040	1000039	2024-05-30	C	JN.1.58	0.00265689	2024-06-06
LAB0000040	1000039	2024-05-30	C	JN.1.39.3	0.00168289	2024-06-06
LAB0000040	1000039	2024-05-30	C	JN.1.18.4	0.00118408	2024-06-06
LAB0000040	1000039	2024-05-30	C	JN.1.53	0.00138456	2024-06-06
LAB0000040	1000039	2024-05-30	C	KP.3.2.2	0.00098929	2024-06-06
LAB0000040	1000039	2024-05-30	C	JN.1.47.1	0.00131792	2024-06-06
LAB0000040	1000039	2024-05-30	C	JN.1.58.1	0.00120939	2024-06-06
LAB0000040	1000039	2024-05-30	C	JN.1.4.5	0.00154461	2024-06-06
LAB0000040	1000039	2024-05-30	C	unreportable	0.01500463	2024-06-06
LAB0000041	1000040	2024-05-30	W	LB.1	0.26624139	2024-06-06
LAB0000041	1000040	2024-05-30	W	JN.1.16.1	0.17005066	2024-06-06
LAB0000041	1000040	2024-05-30	W	KP.3	0.15673429	2024-06-06
LAB0000041	1000040	2024-05-30	W	KP.2.10	0.10912398	2024-06-06
LAB0000041	1000040	2024-05-30	W	KP.2.3	0.08090924	2024-06-06
LAB0000041	1000040	2024-05-30	W	KR.1.1	0.06252926	2024-06-06
LAB0000041	1000040	2024-05-30	W	KP.1.1	0.04981812	2024-06-06
LAB0000041	1000040	2024-05-30	W	KP.2	0.05904986	2024-06-06
LAB0000041	1000040	2024-05-30	W	LF.2	0.00801452	2024-06-06
LAB0000041	1000040	2024-05-30	W	KP.2.15	0.0053404	2024-06-06
LAB0000041	1000040	2024-05-30	W	KP.2.2	0.00429098	2024-06-06
LAB0000041	1000040	2024-05-30	W	JN.1.58.2	0.00290673	2024-06-06
LAB0000041	1000040	2024-05-30	W	KY.1	0.00196706	2024-06-06
LAB0000041	1000040	2024-05-30	W	KR.1.2	0.0010893	2024-06-06
LAB0000041	1000040	2024-05-30	W	KP.2.5	0.00173209	2024-06-06
LAB0000041	1000040	2024-05-30	W	JN.1.54.1	0.00148928	2024-06-06
LAB0000041	1000040	2024-05-30	W	KP.1.1.1	0.00154678	2024-06-06
LAB0000041	1000040	2024-05-30	W	KP.3.2.2	0.00101813	2024-06-06
LAB0000041	1000040	2024-05-30	W	JN.1.58.1	0.00148039	2024-06-06
LAB0000041	1000040	2024-05-30	W	unreportable	0.01466755	2024-06-06
LAB0000042	1000041	2024-05-30	A	XDV.1	0.84705141	2024-06-06
LAB0000042	1000041	2024-05-30	A	KP.3	0.04491036	2024-06-06
LAB0000042	1000041	2024-05-30	A	KP.1.1	0.03344024	2024-06-06
LAB0000042	1000041	2024-05-30	A	KP.2.15	0.01078277	2024-06-06
LAB0000042	1000041	2024-05-30	A	KP.2.9	0.00906745	2024-06-06
LAB0000042	1000041	2024-05-30	A	XDV	0.00587345	2024-06-06
LAB0000042	1000041	2024-05-30	A	KP.3.3	0.00469024	2024-06-06
LAB0000042	1000041	2024-05-30	A	KP.1.1.1	0.00447644	2024-06-06
LAB0000042	1000041	2024-05-30	A	KP.3.2.2	0.00393747	2024-06-06
LAB0000042	1000041	2024-05-30	A	KP.2.10	0.0051471	2024-06-06
LAB0000042	1000041	2024-05-30	A	LF.2	0.0035525	2024-06-06
LAB0000042	1000041	2024-05-30	A	KP.2.8	0.00122646	2024-06-06
LAB0000042	1000041	2024-05-30	A	unreportable	0.02584411	2024-06-06
LAB0000043	1000042	2024-05-30	O	KP.1.1.1	0.8034874	2024-06-06
LAB0000043	1000042	2024-05-30	O	KP.3.3	0.1948745	2024-06-06
LAB0000043	1000042	2024-05-30	O	unreportable	0.00163811	2024-06-06
LAB0000044	1000043	2024-05-29	N	KP.3.3	0.2968105	2024-06-06
LAB0000044	1000043	2024-05-29	N	JN.1.16	0.22346567	2024-06-06
LAB0000044	1000043	2024-05-29	N	KP.3.1	0.20295777	2024-06-06
LAB0000044	1000043	2024-05-29	N	XDP	0.17232959	2024-06-06
LAB0000044	1000043	2024-05-29	N	KP.2.3	0.07143854	2024-06-06
LAB0000044	1000043	2024-05-29	N	JN.18	0.00570209	2024-06-06
LAB0000044	1000043	2024-05-29	N	JN.1.54.1	0.00220145	2024-06-06
LAB0000044	1000043	2024-05-29	N	JN.1.54	0.00220336	2024-06-06
LAB0000044	1000043	2024-05-29	N	JN.1.29.1	0.0018701	2024-06-06
LAB0000044	1000043	2024-05-29	N	JN.1.43.1	0.00156946	2024-06-06
LAB0000044	1000043	2024-05-29	N	JN.9	0.00160453	2024-06-06
LAB0000044	1000043	2024-05-29	N	LF.2	0.00147749	2024-06-06
LAB0000044	1000043	2024-05-29	N	KS.1.1	0.00140716	2024-06-06
LAB0000044	1000043	2024-05-29	N	unreportable	0.01496228	2024-06-06
LAB0000045	1000044	2024-05-30	P	KP.3	0.86273471	2024-06-06
LAB0000045	1000044	2024-05-30	P	KP.2.2	0.11891342	2024-06-06
LAB0000045	1000044	2024-05-30	P	KP.2.5	0.00153358	2024-06-06
LAB0000045	1000044	2024-05-30	P	KP.2.12	0.00249696	2024-06-06
LAB0000045	1000044	2024-05-30	P	JN.1.54.1	0.00167857	2024-06-06
LAB0000045	1000044	2024-05-30	P	KP.2.3.1	0.00113292	2024-06-06
LAB0000045	1000044	2024-05-30	P	KP.4	0.00115398	2024-06-06
LAB0000045	1000044	2024-05-30	P	unreportable	0.01035586	2024-06-06
LAB0000046	1000045	2024-05-29	U	KP.3	0.41818613	2024-06-06
LAB0000046	1000045	2024-05-29	U	KP.3.1	0.27759185	2024-06-06
LAB0000046	1000045	2024-05-29	U	KP.2.15	0.09406586	2024-06-06
LAB0000046	1000045	2024-05-29	U	KP.2	0.10467803	2024-06-06
LAB0000046	1000045	2024-05-29	U	JN.1.11	0.05593392	2024-06-06
LAB0000046	1000045	2024-05-29	U	LF.2	0.00512522	2024-06-06
LAB0000046	1000045	2024-05-29	U	JN.1.49.1	0.00322443	2024-06-06
LAB0000046	1000045	2024-05-29	U	JN.1.54	0.00444556	2024-06-06
LAB0000046	1000045	2024-05-29	U	JN.1.37	0.00310217	2024-06-06
LAB0000046	1000045	2024-05-29	U	JN.1.58.2	0.00235017	2024-06-06
LAB0000046	1000045	2024-05-29	U	KP.2.12	0.00290297	2024-06-06
LAB0000046	1000045	2024-05-29	U	LC.1	0.0017085	2024-06-06
LAB0000046	1000045	2024-05-29	U	KP.4.2.2	0.00125541	2024-06-06
LAB0000046	1000045	2024-05-29	U	KP.4.2	0.00112616	2024-06-06
LAB0000046	1000045	2024-05-29	U	KP.1.1.1	0.00203769	2024-06-06
LAB0000046	1000045	2024-05-29	U	JN.1.23	0.00157832	2024-06-06
LAB0000046	1000045	2024-05-29	U	KP.1.1.3	0.00138096	2024-06-06
LAB0000046	1000045	2024-05-29	U	JN.1.18.4	0.00126294	2024-06-06
LAB0000046	1000045	2024-05-29	U	JN.1.15	0.00126095	2024-06-06
LAB0000046	1000045	2024-05-29	U	unreportable	0.01678276	2024-06-06
LAB0000047	1000046	2024-05-30	R	KP.3	0.65818635	2024-06-06
LAB0000047	1000046	2024-05-30	R	KP.3.3	0.32227636	2024-06-06
LAB0000047	1000046	2024-05-30	R	KP.1.2	0.00786179	2024-06-06
LAB0000047	1000046	2024-05-30	R	KY.1	0.00187139	2024-06-06
LAB0000047	1000046	2024-05-30	R	unreportable	0.00980411	2024-06-06
LAB0000048	1000047	2024-05-30	Z	LB.1	0.44639349	2024-06-06
LAB0000048	1000047	2024-05-30	Z	KP.3	0.22910974	2024-06-06
LAB0000048	1000047	2024-05-30	Z	KP.2.3	0.10574135	2024-06-06
LAB0000048	1000047	2024-05-30	Z	JN.1.52	0.0993256	2024-06-06
LAB0000048	1000047	2024-05-30	Z	KP.3.3	0.04192077	2024-06-06
LAB0000048	1000047	2024-05-30	Z	KP.2.7	0.02451733	2024-06-06
LAB0000048	1000047	2024-05-30	Z	JN.1.9.2	0.01619756	2024-06-06
LAB0000048	1000047	2024-05-30	Z	JN.1.4.5	0.0067849	2024-06-06
LAB0000048	1000047	2024-05-30	Z	KP.2.2	0.0040592	2024-06-06
LAB0000048	1000047	2024-05-30	Z	JN.1.58.2	0.00312512	2024-06-06
LAB0000048	1000047	2024-05-30	Z	JN.1.55	0.00303051	2024-06-06
LAB0000048	1000047	2024-05-30	Z	KP.4.2.2	0.00116173	2024-06-06
LAB0000048	1000047	2024-05-30	Z	JN.1.54.1	0.00119791	2024-06-06
LAB0000048	1000047	2024-05-30	Z	JN.1.29.1	0.00113685	2024-06-06
LAB0000048	1000047	2024-05-30	Z	JN.1.18.4	0.00078792	2024-06-06
LAB0000048	1000047	2024-05-30	Z	JN.1.29	0.00141337	2024-06-06
LAB0000048	1000047	2024-05-30	Z	JN.1.23	0.00082407	2024-06-06
LAB0000048	1000047	2024-05-30	Z	KY.1	0.00093391	2024-06-06
LAB0000048	1000047	2024-05-30	Z	LF.2	0.00087707	2024-06-06
LAB0000048	1000047	2024-05-30	Z	JN.1.47.2	0.00108838	2024-06-06
LAB0000048	1000047	2024-05-30	Z	unreportable	0.01037327	2024-06-06
LAB0000049	1000048	2024-05-30	L	KP.1.1	0.42817876	2024-06-06
LAB0000049	1000048	2024-05-30	L	KP.4.1	0.24875714	2024-06-06
LAB0000049	1000048	2024-05-30	L	KP.3	0.12234158	2024-06-06
LAB0000049	1000048	2024-05-30	L	JN.1.4.4	0.04356608	2024-06-06
LAB0000049	1000048	2024-05-30	L	JN.1.18	0.05178199	2024-06-06
LAB0000049	1000048	2024-05-30	L	JN.1.18.1	0.05369633	2024-06-06
LAB0000049	1000048	2024-05-30	L	JN.1.8.2	0.00844119	2024-06-06
LAB0000049	1000048	2024-05-30	L	JN.1.54	0.00287229	2024-06-06
LAB0000049	1000048	2024-05-30	L	KP.2.12	0.00483052	2024-06-06
LAB0000049	1000048	2024-05-30	L	JN.1.39.2	0.00276364	2024-06-06
LAB0000049	1000048	2024-05-30	L	JN.1.4.1	0.00207361	2024-06-06
LAB0000049	1000048	2024-05-30	L	KP.2.15	0.001831	2024-06-06
LAB0000049	1000048	2024-05-30	L	JN.1.29	0.00142316	2024-06-06
LAB0000049	1000048	2024-05-30	L	JN.1.58.2	0.00215239	2024-06-06
LAB0000049	1000048	2024-05-30	L	KP.1.1.2	0.00160306	2024-06-06
LAB0000049	1000048	2024-05-30	L	LH.1	0.00108384	2024-06-06
LAB0000049	1000048	2024-05-30	L	KP.1.1.1	0.00108273	2024-06-06
LAB0000049	1000048	2024-05-30	L	JN.1.21	0.00125957	2024-06-06
LAB0000049	1000048	2024-05-30	L	KY.1	0.00177008	2024-06-06
LAB0000049	1000048	2024-05-30	L	LF.2	0.00117787	2024-06-06
LAB0000049	1000048	2024-05-30	L	JN.1.14	0.00086154	2024-06-06
LAB0000049	1000048	2024-05-30	L	JN.1.53	0.00102748	2024-06-06
LAB0000049	1000048	2024-05-30	L	LE.1	0.00097645	2024-06-06
LAB0000049	1000048	2024-05-30	L	unreportable	0.0144477	2024-06-06
LAB0000050	1000049	2024-05-29	V	LB.1	0.2901284	2024-06-06
LAB0000050	1000049	2024-05-29	V	JN.1.16.1	0.33438444	2024-06-06
LAB0000050	1000049	2024-05-29	V	KP.3.1	0.21925659	2024-06-06
LAB0000050	1000049	2024-05-29	V	JN.1.15	0.11218887	2024-06-06
LAB0000050	1000049	2024-05-29	V	KV.2	0.00480847	2024-06-06
LAB0000050	1000049	2024-05-29	V	JN.1.58.2	0.00398511	2024-06-06
LAB0000050	1000049	2024-05-29	V	LF.2	0.00306673	2024-06-06
LAB0000050	1000049	2024-05-29	V	JN.1.19	0.00316886	2024-06-06
LAB0000050	1000049	2024-05-29	V	JN.1.54	0.00237817	2024-06-06
LAB0000050	1000049	2024-05-29	V	KY.1	0.00207708	2024-06-06
LAB0000050	1000049	2024-05-29	V	JN.1.54.1	0.00289792	2024-06-06
LAB0000050	1000049	2024-05-29	V	KP.2.3.1	0.00155748	2024-06-06
LAB0000050	1000049	2024-05-29	V	KP.2.15	0.00170633	2024-06-06
LAB0000050	1000049	2024-05-29	V	unreportable	0.01839555	2024-06-06
LAB0000051	1000050	2024-05-31	X	KP.2.2	0.53433964	2024-06-06
LAB0000051	1000050	2024-05-31	X	KP.3.1	0.20069796	2024-06-06
LAB0000051	1000050	2024-05-31	X	LF.1	0.08587849	2024-06-06
LAB0000051	1000050	2024-05-31	X	JN.1.26	0.0575971	2024-06-06
LAB0000051	1000050	2024-05-31	X	JN.1.16.1	0.04692878	2024-06-06
LAB0000051	1000050	2024-05-31	X	KP.2.8	0.01403912	2024-06-06
LAB0000051	1000050	2024-05-31	X	JN.1.53	0.02483155	2024-06-06
LAB0000051	1000050	2024-05-31	X	JN.1.7.4	0.00587401	2024-06-06
LAB0000051	1000050	2024-05-31	X	KR.1.1	0.00238291	2024-06-06
LAB0000051	1000050	2024-05-31	X	JN.1.46	0.00230957	2024-06-06
LAB0000051	1000050	2024-05-31	X	KY.1	0.0021975	2024-06-06
LAB0000051	1000050	2024-05-31	X	JN.1.54	0.00176378	2024-06-06
LAB0000051	1000050	2024-05-31	X	JN.1.58.1	0.0016518	2024-06-06
LAB0000051	1000050	2024-05-31	X	JN.1.4.8	0.00144614	2024-06-06
LAB0000051	1000050	2024-05-31	X	JN.1.18.4	0.00083808	2024-06-06
LAB0000051	1000050	2024-05-31	X	JN.1.54.1	0.00095736	2024-06-06
LAB0000051	1000050	2024-05-31	X	KP.1.1.2	0.00084875	2024-06-06
LAB0000051	1000050	2024-05-31	X	LE.1	0.00070294	2024-06-06
LAB0000051	1000050	2024-05-31	X	JN.1.29.1	0.00085377	2024-06-06
LAB0000051	1000050	2024-05-31	X	unreportable	0.01386076	2024-06-06
LAB0000052	1000051	2024-05-31	Q	JN.1.7.4	0.35038732	2024-06-06
LAB0000052	1000051	2024-05-31	Q	JN.1.11.1	0.22920487	2024-06-06
LAB0000052	1000051	2024-05-31	Q	JN.1.7	0.1424924	2024-06-06
LAB0000052	1000051	2024-05-31	Q	JN.1.11	0.11334448	2024-06-06
LAB0000052	1000051	2024-05-31	Q	JN.1.16	0.01993702	2024-06-06
LAB0000052	1000051	2024-05-31	Q	JN.1	0.01867794	2024-06-06
LAB0000052	1000051	2024-05-31	Q	JN.1.38	0.00813642	2024-06-06
LAB0000052	1000051	2024-05-31	Q	JN.1.20	0.01719891	2024-06-06
LAB0000052	1000051	2024-05-31	Q	JN.1.52	0.01773893	2024-06-06
LAB0000052	1000051	2024-05-31	Q	JN.1.55	0.01492978	2024-06-06
LAB0000052	1000051	2024-05-31	Q	JN.1.40	0.00913275	2024-06-06
LAB0000052	1000051	2024-05-31	Q	JN.1.45	0.01291006	2024-06-06
LAB0000052	1000051	2024-05-31	Q	KP.2.10	0.00698037	2024-06-06
LAB0000052	1000051	2024-05-31	Q	LF.2	0.0046515	2024-06-06
LAB0000052	1000051	2024-05-31	Q	JN.1.58	0.0017979	2024-06-06
LAB0000052	1000051	2024-05-31	Q	JN.1.15	0.00165815	2024-06-06
LAB0000052	1000051	2024-05-31	Q	JN.1.54.1	0.00225208	2024-06-06
LAB0000052	1000051	2024-05-31	Q	KP.2.15	0.00164016	2024-06-06
LAB0000052	1000051	2024-05-31	Q	JN.1.46	0.00145175	2024-06-06
LAB0000052	1000051	2024-05-31	Q	JN.1.17	0.0022201	2024-06-06
LAB0000052	1000051	2024-05-31	Q	JN.1.48.2	0.00179038	2024-06-06
LAB0000052	1000051	2024-05-31	Q	KP.4.2.2	0.0019095	2024-06-06
LAB0000052	1000051	2024-05-31	Q	KY.1	0.001503	2024-06-06
LAB0000052	1000051	2024-05-31	Q	JN.1.29.1	0.00124422	2024-06-06
LAB0000052	1000051	2024-05-31	Q	JN.1.29	0.00100473	2024-06-06
LAB0000052	1000051	2024-05-31	Q	JN.1.18.4	0.00108078	2024-06-06
LAB0000052	1000051	2024-05-31	Q	JN.1.47	0.00124772	2024-06-06
LAB0000052	1000051	2024-05-31	Q	JN.1.8.4	0.00087835	2024-06-06
LAB0000052	1000051	2024-05-31	Q	XDP	0.00126075	2024-06-06
LAB0000052	1000051	2024-05-31	Q	unreportable	0.01133771	2024-06-06
LAB0000053	1000052	2024-05-31	E	KP.2.14	0.48817891	2024-06-06
LAB0000053	1000052	2024-05-31	E	JN.1.7.4	0.16347005	2024-06-06
LAB0000053	1000052	2024-05-31	E	KP.2.7	0.08497853	2024-06-06
LAB0000053	1000052	2024-05-31	E	KP.2.6	0.10558906	2024-06-06
LAB0000053	1000052	2024-05-31	E	JN.1.7.3	0.04853958	2024-06-06
LAB0000053	1000052	2024-05-31	E	KR.1.1	0.03407076	2024-06-06
LAB0000053	1000052	2024-05-31	E	KR.1	0.04617778	2024-06-06
LAB0000053	1000052	2024-05-31	E	JN.1.26	0.00320329	2024-06-06
LAB0000053	1000052	2024-05-31	E	KR.4	0.00359477	2024-06-06
LAB0000053	1000052	2024-05-31	E	LF.2	0.0025176	2024-06-06
LAB0000053	1000052	2024-05-31	E	LA.1	0.00232952	2024-06-06
LAB0000053	1000052	2024-05-31	E	KU.2	0.00190181	2024-06-06
LAB0000053	1000052	2024-05-31	E	KP.1.1.2	0.00188108	2024-06-06
LAB0000053	1000052	2024-05-31	E	KR.1.2	0.00117206	2024-06-06
LAB0000053	1000052	2024-05-31	E	KP.1.1	0.00170685	2024-06-06
LAB0000053	1000052	2024-05-31	E	KP.1.1.1	0.00125412	2024-06-06
LAB0000053	1000052	2024-05-31	E	JN.1.4.5	0.00106952	2024-06-06
LAB0000053	1000052	2024-05-31	E	unreportable	0.00836472	2024-06-06
LAB0000054	1000053	2024-05-31	K	JN.1.32.1	0.21238729	2024-06-06
LAB0000054	1000053	2024-05-31	K	KP.5	0.27426242	2024-06-06
LAB0000054	1000053	2024-05-31	K	KP.2.9	0.1931399	2024-06-06
LAB0000054	1000053	2024-05-31	K	JN.1.58	0.08112249	2024-06-06
LAB0000054	1000053	2024-05-31	K	JN.1.58.2	0.16436405	2024-06-06
LAB0000054	1000053	2024-05-31	K	JN.1.7.3	0.01279106	2024-06-06
LAB0000054	1000053	2024-05-31	K	JN.1.7.1	0.01971292	2024-06-06
LAB0000054	1000053	2024-05-31	K	JN.1.7	0.01351752	2024-06-06
LAB0000054	1000053	2024-05-31	K	KP.4.2.2	0.00443461	2024-06-06
LAB0000054	1000053	2024-05-31	K	KP.1.2	0.00174073	2024-06-06
LAB0000054	1000053	2024-05-31	K	JN.1.4.6	0.00280548	2024-06-06
LAB0000054	1000053	2024-05-31	K	JN.1.13	0.00185187	2024-06-06
LAB0000054	1000053	2024-05-31	K	JN.1.54	0.00169926	2024-06-06
LAB0000054	1000053	2024-05-31	K	JN.1.9.1	0.0013275	2024-06-06
LAB0000054	1000053	2024-05-31	K	JN.1.43.1	0.00139184	2024-06-06
LAB0000054	1000053	2024-05-31	K	LF.2	0.00156432	2024-06-06
LAB0000054	1000053	2024-05-31	K	JN.1.29	0.00112284	2024-06-06
LAB0000054	1000053	2024-05-31	K	JN.1.4.2	0.00129762	2024-06-06
LAB0000054	1000053	2024-05-31	K	unreportable	0.00946629	2024-06-06
LAB0000055	1000054	2024-05-31	Y	KP.2	0.74059633	2024-06-06
LAB0000055	1000054	2024-05-31	Y	LB.1	0.19081108	2024-06-06
LAB0000055	1000054	2024-05-31	Y	KP.3.1	0.04349468	2024-06-06
LAB0000055	1000054	2024-05-31	Y	KP.2.5	0.00346329	2024-06-06
LAB0000055	1000054	2024-05-31	Y	KP.2.15	0.00263101	2024-06-06
LAB0000055	1000054	2024-05-31	Y	JN.1.48.2	0.00153983	2024-06-06
LAB0000055	1000054	2024-05-31	Y	KP.2.8	0.00156168	2024-06-06
LAB0000055	1000054	2024-05-31	Y	KP.2.12	0.00132635	2024-06-06
LAB0000055	1000054	2024-05-31	Y	KP.2.11	0.00180869	2024-06-06
LAB0000055	1000054	2024-05-31	Y	JN.1.54.1	0.0010353	2024-06-06
LAB0000055	1000054	2024-05-31	Y	KP.3.2.2	0.00136012	2024-06-06
LAB0000055	1000054	2024-05-31	Y	KP.1.1	0.00108404	2024-06-06
LAB0000055	1000054	2024-05-31	Y	unreportable	0.00928759	2024-06-06
LAB0000056	1000055	2024-05-31	I	KP.2	0.60480525	2024-06-06
LAB0000056	1000055	2024-05-31	I	KP.2.10	0.33055534	2024-06-06
LAB0000056	1000055	2024-05-31	I	JN.1.18	0.02049112	2024-06-06
LAB0000056	1000055	2024-05-31	I	JN.1.8.2	0.00690894	2024-06-06
LAB0000056	1000055	2024-05-31	I	KP.2.2	0.00423006	2024-06-06
LAB0000056	1000055	2024-05-31	I	JN.1.9.2	0.00266633	2024-06-06
LAB0000056	1000055	2024-05-31	I	JN.1.58.1	0.00339121	2024-06-06
LAB0000056	1000055	2024-05-31	I	KP.2.15	0.00217364	2024-06-06
LAB0000056	1000055	2024-05-31	I	JN.1.18.4	0.00280531	2024-06-06
LAB0000056	1000055	2024-05-31	I	JN.1.54.1	0.00220763	2024-06-06
LAB0000056	1000055	2024-05-31	I	JN.1.47	0.00187915	2024-06-06
LAB0000056	1000055	2024-05-31	I	JN.1.46	0.00209849	2024-06-06
LAB0000056	1000055	2024-05-31	I	KP.4.2.2	0.00230491	2024-06-06
LAB0000056	1000055	2024-05-31	I	LA.1	0.00195361	2024-06-06
LAB0000056	1000055	2024-05-31	I	KP.4.2.1	0.00110074	2024-06-06
LAB0000056	1000055	2024-05-31	I	KY.1	0.00104966	2024-06-06
LAB0000056	1000055	2024-05-31	I	JN.1.57.1	0.00115308	2024-06-06
LAB0000056	1000055	2024-05-31	I	LE.1.2	0.0010362	2024-06-06
LAB0000056	1000055	2024-05-31	I	JN.1.5	0.0011216	2024-06-06
LAB0000056	1000055	2024-05-31	I	LF.1	0.00072447	2024-06-06
LAB0000056	1000055	2024-05-31	I	unreportable	0.00534326	2024-06-06
LAB0000057	1000056	2024-02-07	J	JN.1.4.6	0.39952235	2024-05-15
LAB0000057	1000056	2024-02-07	J	JN.1	0.43367328	2024-05-15
LAB0000057	1000056	2024-02-07	J	JN.1.8.1	0.11188226	2024-05-15
LAB0000057	1000056	2024-02-07	J	JN.1.7	0.02263967	2024-05-15
LAB0000057	1000056	2024-02-07	J	JN.1.46	0.00333604	2024-05-15
LAB0000057	1000056	2024-02-07	J	JN.1.35	0.00273868	2024-05-15
LAB0000057	1000056	2024-02-07	J	KY.1	0.00175926	2024-05-15
LAB0000057	1000056	2024-02-07	J	JN.1.8.3	0.00187798	2024-05-15
LAB0000057	1000056	2024-02-07	J	JN.1.29	0.00239734	2024-05-15
LAB0000057	1000056	2024-02-07	J	JN.1.17	0.00138423	2024-05-15
LAB0000057	1000056	2024-02-07	J	JN.1.6	0.00233777	2024-05-15
LAB0000057	1000056	2024-02-07	J	JN.1.22	0.00145356	2024-05-15
LAB0000057	1000056	2024-02-07	J	JN.1.26	0.00126104	2024-05-15
LAB0000057	1000056	2024-02-07	J	JN.1.4.5	0.00100768	2024-05-15
LAB0000057	1000056	2024-02-07	J	unreportable	0.01272887	2024-05-15
LAB0000058	1000057	2024-02-28	T	JN.1.4	0.35602634	2024-05-15
LAB0000058	1000057	2024-02-28	T	JN.1.4.3	0.19666307	2024-05-15
LAB0000058	1000057	2024-02-28	T	JN.1.4.5	0.12381552	2024-05-15
LAB0000058	1000057	2024-02-28	T	KV.2	0.1643454	2024-05-15
LAB0000058	1000057	2024-02-28	T	JN.1.8	0.07905415	2024-05-15
LAB0000058	1000057	2024-02-28	T	JN.1.7	0.0590599	2024-05-15
LAB0000058	1000057	2024-02-28	T	JN.1.4.7	0.00257715	2024-05-15
LAB0000058	1000057	2024-02-28	T	JN.1.23	0.00231945	2024-05-15
LAB0000058	1000057	2024-02-28	T	KY.1	0.00199276	2024-05-15
LAB0000058	1000057	2024-02-28	T	JN.1.7.4	0.00114211	2024-05-15
LAB0000058	1000057	2024-02-28	T	JN.1.46	0.00160276	2024-05-15
LAB0000058	1000057	2024-02-28	T	JN.1.8.1	0.00120117	2024-05-15
LAB0000058	1000057	2024-02-28	T	XDP.1	0.00091486	2024-05-15
LAB0000058	1000057	2024-02-28	T	JN.1.16.2	0.00105846	2024-05-15
LAB0000058	1000057	2024-02-28	T	unreportable	0.00822689	2024-05-15
LAB0000059	1000058	2024-03-06	D	JN.1	0.83798411	2024-05-15
LAB0000059	1000058	2024-03-06	D	JN.1.4.6	0.11123643	2024-05-15
LAB0000059	1000058	2024-03-06	D	JN.1.40	0.00671569	2024-05-15
LAB0000059	1000058	2024-03-06	D	KZ.1	0.00686811	2024-05-15
LAB0000059	1000058	2024-03-06	D	JN.1.4.5	0.00726321	2024-05-15
LAB0000059	1000058	2024-03-06	D	JN.1.16	0.00493342	2024-05-15
LAB0000059	1000058	2024-03-06	D	JN.1.4.2	0.00318734	2024-05-15
LAB0000059	1000058	2024-03-06	D	JN.1.35	0.00232999	2024-05-15
LAB0000059	1000058	2024-03-06	D	JN.1.23	0.00112104	2024-05-15
LAB0000059	1000058	2024-03-06	D	JN.1.5	0.00131354	2024-05-15
LAB0000059	1000058	2024-03-06	D	JN.1.43.1	0.00113979	2024-05-15
LAB0000059	1000058	2024-03-06	D	JN.1.15	0.00097483	2024-05-15
LAB0000059	1000058	2024-03-06	D	KY.1	0.00094085	2024-05-15
LAB0000059	1000058	2024-03-06	D	unreportable	0.01399166	2024-05-15
LAB0000060	1000059	2024-04-08	D	JN.1.32	0.33134561	2024-05-15
LAB0000060	1000059	2024-04-08	D	JN.1.7.4	0.16387803	2024-05-15
LAB0000060	1000059	2024-04-08	D	JN.1.16	0.13215964	2024-05-15
LAB0000060	1000059	2024-04-08	D	JN.1.1.6	0.11313035	2024-05-15
LAB0000060	1000059	2024-04-08	D	KP.1.2	0.10973014	2024-05-15
LAB0000060	1000059	2024-04-08	D	JN.1.11.1	0.07395118	2024-05-15
LAB0000060	1000059	2024-04-08	D	KP.3	0.05949788	2024-05-15
LAB0000060	1000059	2024-04-08	D	JN.1.29	0.00214635	2024-05-15
LAB0000060	1000059	2024-04-08	D	JN.1.8.1	0.00087862	2024-05-15
LAB0000060	1000059	2024-04-08	D	JN.1.2.1	0.00116649	2024-05-15
LAB0000060	1000059	2024-04-08	D	unreportable	0.01211572	2024-05-15
LAB0000061	1000060	2024-05-08	T	JN.1.16	0.36504107	2024-05-15
LAB0000061	1000060	2024-05-08	T	KP.1	0.2877447	2024-05-15
LAB0000061	1000060	2024-05-08	T	JN.1.11	0.09136011	2024-05-15
LAB0000061	1000060	2024-05-08	T	JN.1.8.1	0.1226248	2024-05-15
LAB0000061	1000060	2024-05-08	T	KP.3	0.0439773	2024-05-15
LAB0000061	1000060	2024-05-08	T	JN.1.26	0.0352211	2024-05-15
LAB0000061	1000060	2024-05-08	T	JN.1.16.2	0.00751679	2024-05-15
LAB0000061	1000060	2024-05-08	T	JN.1.37	0.00766741	2024-05-15
LAB0000061	1000060	2024-05-08	T	JN.1.15	0.00616222	2024-05-15
LAB0000061	1000060	2024-05-08	T	JN.1	0.00711815	2024-05-15
LAB0000061	1000060	2024-05-08	T	JN.1.40	0.00498789	2024-05-15
LAB0000061	1000060	2024-05-08	T	JN.1.35	0.0022402	2024-05-15
LAB0000061	1000060	2024-05-08	T	JN.1.29	0.00262285	2024-05-15
LAB0000061	1000060	2024-05-08	T	JN.1.4.5	0.00155516	2024-05-15
LAB0000061	1000060	2024-05-08	T	KW.1.1	0.00108697	2024-05-15
LAB0000061	1000060	2024-05-08	T	JN.1.22	0.00110224	2024-05-15
LAB0000061	1000060	2024-05-08	T	unreportable	0.01197105	2024-05-15
LAB0000062	1000061	2024-05-08	D	JN.1.16.1	0.24800987	2024-05-15
LAB0000062	1000061	2024-05-08	D	JN.1.11	0.22070109	2024-05-15
LAB0000062	1000061	2024-05-08	D	JN.1.7.4	0.17531596	2024-05-15
LAB0000062	1000061	2024-05-08	D	LB.1	0.08948063	2024-05-15
LAB0000062	1000061	2024-05-08	D	KP.2.2	0.07687155	2024-05-15
LAB0000062	1000061	2024-05-08	D	JN.1.16	0.0487939	2024-05-15
LAB0000062	1000061	2024-05-08	D	KP.2.3	0.03534409	2024-05-15
LAB0000062	1000061	2024-05-08	D	JN.1.8	0.03161072	2024-05-15
LAB0000062	1000061	2024-05-08	D	JN.1.32	0.02339864	2024-05-15
LAB0000062	1000061	2024-05-08	D	JN.1.32.1	0.01518472	2024-05-15
LAB0000062	1000061	2024-05-08	D	JN.1.29	0.00345598	2024-05-15
LAB0000062	1000061	2024-05-08	D	KP.1.2	0.00329797	2024-05-15
LAB0000062	1000061	2024-05-08	D	KY.1	0.00207898	2024-05-15
LAB0000062	1000061	2024-05-08	D	JN.1.43.1	0.00207397	2024-05-15
LAB0000062	1000061	2024-05-08	D	JN.1.10	0.00184131	2024-05-15
LAB0000062	1000061	2024-05-08	D	JN.1.19	0.00101834	2024-05-15
LAB0000062	1000061	2024-05-08	D	unreportable	0.02152228	2024-05-15
LAB0000063	1000062	2024-05-08	M	JN.1.7	0.51040603	2024-05-15
LAB0000063	1000062	2024-05-08	M	JN.1.7.4	0.48523566	2024-05-15
LAB0000063	1000062	2024-05-08	M	unreportable	0.0043583	2024-05-15
LAB0000064	1000063	2024-05-08	G	LA.1	0.27211464	2024-05-15
LAB0000064	1000063	2024-05-08	G	JN.1.16.1	0.21190516	2024-05-15
LAB0000064	1000063	2024-05-08	G	JN.1.28	0.19205413	2024-05-15
LAB0000064	1000063	2024-05-08	G	KP.3	0.12644459	2024-05-15
LAB0000064	1000063	2024-05-08	G	KP.1.2	0.10177986	2024-05-15
LAB0000064	1000063	2024-05-08	G	KS.1	0.06797013	2024-05-15
LAB0000064	1000063	2024-05-08	G	KP.2	0.01292612	2024-05-15
LAB0000064	1000063	2024-05-08	G	KP.2.2	0.00183014	2024-05-15
LAB0000064	1000063	2024-05-08	G	KW.1.1	0.00205534	2024-05-15
LAB0000064	1000063	2024-05-08	G	JN.1.2.1	0.00127976	2024-05-15
LAB0000064	1000063	2024-05-08	G	JN.1.19	0.00072354	2024-05-15
LAB0000064	1000063	2024-05-08	G	KP.4.1	0.00127413	2024-05-15
LAB0000064	1000063	2024-05-08	G	unreportable	0.00764248	2024-05-15
LAB0000065	1000064	2024-05-08	J	XDV.1	0.34547343	2024-05-15
LAB0000065	1000064	2024-05-08	J	KP.1.1.1	0.17919695	2024-05-15
LAB0000065	1000064	2024-05-08	J	JN.1.40	0.12903518	2024-05-15
LAB0000065	1000064	2024-05-08	J	JN.1.16	0.05855854	2024-05-15
LAB0000065	1000064	2024-05-08	J	JN.1.16.1	0.05759836	2024-05-15
LAB0000065	1000064	2024-05-08	J	KP.2	0.06479588	2024-05-15
LAB0000065	1000064	2024-05-08	J	JN.1.11.1	0.06645198	2024-05-15
LAB0000065	1000064	2024-05-08	J	JN.2.5	0.04067639	2024-05-15
LAB0000065	1000064	2024-05-08	J	JN.1.11	0.03513176	2024-05-15
LAB0000065	1000064	2024-05-08	J	JN.1.44	0.00304356	2024-05-15
LAB0000065	1000064	2024-05-08	J	JN.9	0.00182197	2024-05-15
LAB0000065	1000064	2024-05-08	J	KP.4.2	0.00100964	2024-05-15
LAB0000065	1000064	2024-05-08	J	JN.1.43	0.00096688	2024-05-15
LAB0000065	1000064	2024-05-08	J	JN.1.28	0.00098838	2024-05-15
LAB0000065	1000064	2024-05-08	J	JN.1.6.1	0.00113254	2024-05-15
LAB0000065	1000064	2024-05-08	J	JN.1.6	0.00193068	2024-05-15
LAB0000065	1000064	2024-05-08	J	JN.1.23	0.00115684	2024-05-15
LAB0000065	1000064	2024-05-08	J	KY.1	0.0007733	2024-05-15
LAB0000065	1000064	2024-05-08	J	JN.1.29	0.00120807	2024-05-15
LAB0000065	1000064	2024-05-08	J	unreportable	0.00904967	2024-05-15
LAB0000066	1000065	2024-05-09	F	JN.1	0.62300442	2024-05-15
LAB0000066	1000065	2024-05-09	F	JN.1.18	0.19518765	2024-05-15
LAB0000066	1000065	2024-05-09	F	JN.1.13	0.0892058	2024-05-15
LAB0000066	1000065	2024-05-09	F	JN.1.26	0.05957807	2024-05-15
LAB0000066	1000065	2024-05-09	F	JN.1.40	0.00479185	2024-05-15
LAB0000066	1000065	2024-05-09	F	JN.1.35	0.00539297	2024-05-15
LAB0000066	1000065	2024-05-09	F	JN.1.29	0.00163618	2024-05-15
LAB0000066	1000065	2024-05-09	F	JN.1.44	0.00174138	2024-05-15
LAB0000066	1000065	2024-05-09	F	KY.1	0.00110533	2024-05-15
LAB0000066	1000065	2024-05-09	F	JN.1.3	0.00128809	2024-05-15
LAB0000066	1000065	2024-05-09	F	JN.1.8.2	0.00135069	2024-05-15
LAB0000066	1000065	2024-05-09	F	JN.1.18.2	0.00109046	2024-05-15
LAB0000066	1000065	2024-05-09	F	KV.2	0.00151844	2024-05-15
LAB0000066	1000065	2024-05-09	F	unreportable	0.01310866	2024-05-15
LAB0000067	1000066	2024-05-09	R	JN.1	0.46528151	2024-05-15
LAB0000067	1000066	2024-05-09	R	JN.1.7	0.38516734	2024-05-15
LAB0000067	1000066	2024-05-09	R	KP.3	0.03096305	2024-05-15
LAB0000067	1000066	2024-05-09	R	JN.1.16	0.04615214	2024-05-15
LAB0000067	1000066	2024-05-09	R	JN.1.7.4	0.02944024	2024-05-15
LAB0000067	1000066	2024-05-09	R	JN.1.4.2	0.00319826	2024-05-15
LAB0000067	1000066	2024-05-09	R	JN.1.35	0.00305513	2024-05-15
LAB0000067	1000066	2024-05-09	R	JN.1.44	0.0035678	2024-05-15
LAB0000067	1000066	2024-05-09	R	JN.1.29	0.00368361	2024-05-15
LAB0000067	1000066	2024-05-09	R	JN.1.5	0.00308302	2024-05-15
LAB0000067	1000066	2024-05-09	R	JN.1.43	0.00218344	2024-05-15
LAB0000067	1000066	2024-05-09	R	JN.1.40	0.00180211	2024-05-15
LAB0000067	1000066	2024-05-09	R	KP.1.1.1	0.00216778	2024-05-15
LAB0000067	1000066	2024-05-09	R	JN.1.37	0.0017433	2024-05-15
LAB0000067	1000066	2024-05-09	R	JN.1.3	0.0013646	2024-05-15
LAB0000067	1000066	2024-05-09	R	JN.1.15	0.00167443	2024-05-15
LAB0000067	1000066	2024-05-09	R	JN.1.23	0.00128944	2024-05-15
LAB0000067	1000066	2024-05-09	R	JN.1.19	0.00087893	2024-05-15
LAB0000067	1000066	2024-05-09	R	unreportable	0.01330387	2024-05-15
LAB0000068	1000067	2024-05-09	C	KP.4	0.22229404	2024-05-15
LAB0000068	1000067	2024-05-09	C	KP.2	0.14289966	2024-05-15
LAB0000068	1000067	2024-05-09	C	JN.1.11.1	0.18517175	2024-05-15
LAB0000068	1000067	2024-05-09	C	LA.2	0.11890279	2024-05-15
LAB0000068	1000067	2024-05-09	C	LA.1	0.07344765	2024-05-15
LAB0000068	1000067	2024-05-09	C	JN.1.16.1	0.07686633	2024-05-15
LAB0000068	1000067	2024-05-09	C	JN.1.16.2	0.07682963	2024-05-15
LAB0000068	1000067	2024-05-09	C	JN.1.16	0.08790914	2024-05-15
LAB0000068	1000067	2024-05-09	C	KP.2.2	0.00535331	2024-05-15
LAB0000068	1000067	2024-05-09	C	KP.1.1.1	0.00202278	2024-05-15
LAB0000068	1000067	2024-05-09	C	JN.1.41	0.00134493	2024-05-15
LAB0000068	1000067	2024-05-09	C	KY.1	0.00134455	2024-05-15
LAB0000068	1000067	2024-05-09	C	unreportable	0.00561344	2024-05-15
LAB0000069	1000068	2024-05-09	A	XDK.1	0.60298404	2024-05-15
LAB0000069	1000068	2024-05-09	A	JN.1.16	0.17926315	2024-05-15
LAB0000069	1000068	2024-05-09	A	JN.1.16.1	0.09193953	2024-05-15
LAB0000069	1000068	2024-05-09	A	JN.1.11.1	0.0390483	2024-05-15
LAB0000069	1000068	2024-05-09	A	KP.2	0.0297759	2024-05-15
LAB0000069	1000068	2024-05-09	A	XDQ.1	0.01580059	2024-05-15
LAB0000069	1000068	2024-05-09	A	XDQ	0.00884446	2024-05-15
LAB0000069	1000068	2024-05-09	A	JN.1.40	0.00221721	2024-05-15
LAB0000069	1000068	2024-05-09	A	KP.2.2	0.00199565	2024-05-15
LAB0000069	1000068	2024-05-09	A	KP.4	0.00234562	2024-05-15
LAB0000069	1000068	2024-05-09	A	KY.1	0.00192558	2024-05-15
LAB0000069	1000068	2024-05-09	A	KP.1.1.1	0.00125551	2024-05-15
LAB0000069	1000068	2024-05-09	A	JN.1.1.3	0.00087686	2024-05-15
LAB0000069	1000068	2024-05-09	A	XDP.1	0.00098148	2024-05-15
LAB0000069	1000068	2024-05-09	A	JN.1.17	0.00073696	2024-05-15
LAB0000069	1000068	2024-05-09	A	unreportable	0.02000914	2024-05-15
LAB0000070	1000069	2024-05-10	X	KP.3	0.99213784	2024-05-15
LAB0000070	1000069	2024-05-10	X	unreportable	0.00786216	2024-05-15
LAB0000071	1000070	2024-05-09	W	JN.1.8.2	0.56638521	2024-05-15
LAB0000071	1000070	2024-05-09	W	LB.1	0.2114274	2024-05-15
LAB0000071	1000070	2024-05-09	W	JN.1.11.1	0.05183591	2024-05-15
LAB0000071	1000070	2024-05-09	W	KP.4	0.06595987	2024-05-15
LAB0000071	1000070	2024-05-09	W	KP.2	0.05585566	2024-05-15
LAB0000071	1000070	2024-05-09	W	KP.2.3	0.0339227	2024-05-15
LAB0000071	1000070	2024-05-09	W	KP.1.1.1	0.00244137	2024-05-15
LAB0000071	1000070	2024-05-09	W	KP.2.2	0.00233631	2024-05-15
LAB0000071	1000070	2024-05-09	W	unreportable	0.00983557	2024-05-15
LAB0000072	1000071	2024-05-09	B	JN.1.18	0.47008894	2024-05-15
LAB0000072	1000071	2024-05-09	B	KP.2	0.51084733	2024-05-15
LAB0000072	1000071	2024-05-09	B	KY.1	0.00365426	2024-05-15
LAB0000072	1000071	2024-05-09	B	KP.1.1.1	0.0017058	2024-05-15
LAB0000072	1000071	2024-05-09	B	JN.1.26	0.00116024	2024-05-15
LAB0000072	1000071	2024-05-09	B	KP.2.2	0.00109347	2024-05-15
LAB0000072	1000071	2024-05-09	B	JN.1.43	0.00108671	2024-05-15
LAB0000072	1000071	2024-05-09	B	JN.1.38	0.00119674	2024-05-15
LAB0000072	1000071	2024-05-09	B	XDK.1	0.00093413	2024-05-15
LAB0000072	1000071	2024-05-09	B	JN.1.4.7	0.00114377	2024-05-15
LAB0000072	1000071	2024-05-09	B	KV.2	0.00087114	2024-05-15
LAB0000072	1000071	2024-05-09	B	unreportable	0.00621746	2024-05-15
LAB0000073	1000072	2024-05-09	Z	JN.1.4.6	0.23769282	2024-05-15
LAB0000073	1000072	2024-05-09	Z	JN.1.16.1	0.21943143	2024-05-15
LAB0000073	1000072	2024-05-09	Z	KP.1.1	0.14265778	2024-05-15
LAB0000073	1000072	2024-05-09	Z	KP.2	0.10799908	2024-05-15
LAB0000073	1000072	2024-05-09	Z	JN.1.4.5	0.06400605	2024-05-15
LAB0000073	1000072	2024-05-09	Z	KP.3	0.05594252	2024-05-15
LAB0000073	1000072	2024-05-09	Z	KQ.1	0.06364306	2024-05-15
LAB0000073	1000072	2024-05-09	Z	KP.2.3	0.04830591	2024-05-15
LAB0000073	1000072	2024-05-09	Z	KP.2.2	0.02888916	2024-05-15
LAB0000073	1000072	2024-05-09	Z	KP.1.1.1	0.00266877	2024-05-15
LAB0000073	1000072	2024-05-09	Z	JN.1.4.7	0.00330373	2024-05-15
LAB0000073	1000072	2024-05-09	Z	JN.1.48	0.0027599	2024-05-15
LAB0000073	1000072	2024-05-09	Z	JN.1.18.2	0.00288188	2024-05-15
LAB0000073	1000072	2024-05-09	Z	JN.1.17	0.00156035	2024-05-15
LAB0000073	1000072	2024-05-09	Z	JN.1.19	0.00084189	2024-05-15
LAB0000073	1000072	2024-05-09	Z	unreportable	0.01741569	2024-05-15
LAB0000074	1000073	2024-05-08	V	KP.3	0.51475832	2024-05-15
LAB0000074	1000073	2024-05-08	V	JN.1.18	0.2788984	2024-05-15
LAB0000074	1000073	2024-05-08	V	KP.2.3	0.11968065	2024-05-15
LAB0000074	1000073	2024-05-08	V	JN.1.42	0.06041089	2024-05-15
LAB0000074	1000073	2024-05-08	V	KP.1.1	0.0022266	2024-05-15
LAB0000074	1000073	2024-05-08	V	JN.1.4.7	0.00173412	2024-05-15
LAB0000074	1000073	2024-05-08	V	JN.1.15	0.00129708	2024-05-15
LAB0000074	1000073	2024-05-08	V	JN.1.44	0.00127374	2024-05-15
LAB0000074	1000073	2024-05-08	V	JN.1.35	0.00132906	2024-05-15
LAB0000074	1000073	2024-05-08	V	JN.1.19	0.00186158	2024-05-15
LAB0000074	1000073	2024-05-08	V	KY.1	0.00113045	2024-05-15
LAB0000074	1000073	2024-05-08	V	KP.2.2	0.0008108	2024-05-15
LAB0000074	1000073	2024-05-08	V	JN.1.42.1	0.00110702	2024-05-15
LAB0000074	1000073	2024-05-08	V	JN.1.29	0.00072855	2024-05-15
LAB0000074	1000073	2024-05-08	V	unreportable	0.01275274	2024-05-15
LAB0000075	1000074	2024-05-09	L	KP.2	0.75636325	2024-05-15
LAB0000075	1000074	2024-05-09	L	JN.1.11.1	0.06059654	2024-05-15
LAB0000075	1000074	2024-05-09	L	JN.1.8	0.06049716	2024-05-15
LAB0000075	1000074	2024-05-09	L	JN.1.11	0.05564095	2024-05-15
LAB0000075	1000074	2024-05-09	L	JN.1.43	0.0161127	2024-05-15
LAB0000075	1000074	2024-05-09	L	LB.1	0.01075717	2024-05-15
LAB0000075	1000074	2024-05-09	L	JN.1.9.2	0.00742265	2024-05-15
LAB0000075	1000074	2024-05-09	L	JN.1.9	0.00513319	2024-05-15
LAB0000075	1000074	2024-05-09	L	JN.1.18.2	0.00289477	2024-05-15
LAB0000075	1000074	2024-05-09	L	KY.1	0.00297947	2024-05-15
LAB0000075	1000074	2024-05-09	L	KP.4	0.00217882	2024-05-15
LAB0000075	1000074	2024-05-09	L	KP.1.1.1	0.00145613	2024-05-15
LAB0000075	1000074	2024-05-09	L	KP.2.2	0.00141828	2024-05-15
LAB0000075	1000074	2024-05-09	L	JN.1.47.1	0.00199162	2024-05-15
LAB0000075	1000074	2024-05-09	L	JN.1.29	0.00084068	2024-05-15
LAB0000075	1000074	2024-05-09	L	KW.1.1	0.00095422	2024-05-15
LAB0000075	1000074	2024-05-09	L	JN.1.5	0.00102919	2024-05-15
LAB0000075	1000074	2024-05-09	L	unreportable	0.01173321	2024-05-15
LAB0000076	1000075	2024-05-08	U	KP.2.2	0.99130464	2024-05-15
LAB0000076	1000075	2024-05-08	U	JN.1.47.1	0.00184558	2024-05-15
LAB0000076	1000075	2024-05-08	U	KP.4.2	0.00088908	2024-05-15
LAB0000076	1000075	2024-05-08	U	unreportable	0.0059607	2024-05-15
LAB0000077	1000076	2024-05-09	N	XDQ	0.5372512	2024-05-15
LAB0000077	1000076	2024-05-09	N	JN.10	0.2499746	2024-05-15
LAB0000077	1000076	2024-05-09	N	JN.1.16	0.12902273	2024-05-15
LAB0000077	1000076	2024-05-09	N	JN.2.5	0.05709025	2024-05-15
LAB0000077	1000076	2024-05-09	N	JN.13	0.00991477	2024-05-15
LAB0000077	1000076	2024-05-09	N	XDQ.1	0.00313669	2024-05-15
LAB0000077	1000076	2024-05-09	N	JN.1.19	0.00348466	2024-05-15
LAB0000077	1000076	2024-05-09	N	JN.9	0.00171655	2024-05-15
LAB0000077	1000076	2024-05-09	N	JN.1.28.1	0.00156314	2024-05-15
LAB0000077	1000076	2024-05-09	N	JN.1.47.2	0.00083754	2024-05-15
LAB0000077	1000076	2024-05-09	N	JN.3.2.1	0.00104669	2024-05-15
LAB0000077	1000076	2024-05-09	N	unreportable	0.00496117	2024-05-15
LAB0000078	1000077	2024-05-10	K	LB.1	0.83679019	2024-05-15
LAB0000078	1000077	2024-05-10	K	JN.1.7.4	0.14918606	2024-05-15
LAB0000078	1000077	2024-05-10	K	JN.1.19	0.00184408	2024-05-15
LAB0000078	1000077	2024-05-10	K	KP.1.1.1	0.00123567	2024-05-15
LAB0000078	1000077	2024-05-10	K	unreportable	0.01094399	2024-05-15
LAB0000079	1000078	2024-05-10	Y	JN.1.7.4	0.41154652	2024-05-15
LAB0000079	1000078	2024-05-10	Y	JN.1.16.1	0.2386014	2024-05-15
LAB0000079	1000078	2024-05-10	Y	KS.1	0.16939118	2024-05-15
LAB0000079	1000078	2024-05-10	Y	KP.2	0.15994881	2024-05-15
LAB0000079	1000078	2024-05-10	Y	KP.1.1.1	0.00403211	2024-05-15
LAB0000079	1000078	2024-05-10	Y	KU.2	0.00363339	2024-05-15
LAB0000079	1000078	2024-05-10	Y	KP.4.2	0.0034422	2024-05-15
LAB0000079	1000078	2024-05-10	Y	JN.1.23	0.00139166	2024-05-15
LAB0000079	1000078	2024-05-10	Y	JN.1.29	0.00111479	2024-05-15
LAB0000079	1000078	2024-05-10	Y	unreportable	0.00689794	2024-05-15
LAB0000080	1000079	2024-05-10	E	JN.1.28	0.27454759	2024-05-15
LAB0000080	1000079	2024-05-10	E	JN.1.32	0.34531561	2024-05-15
LAB0000080	1000079	2024-05-10	E	JN.1.11.1	0.10836262	2024-05-15
LAB0000080	1000079	2024-05-10	E	JN.1.4.5	0.09642569	2024-05-15
LAB0000080	1000079	2024-05-10	E	KP.3	0.0989898	2024-05-15
LAB0000080	1000079	2024-05-10	E	KP.1.2	0.01459729	2024-05-15
LAB0000080	1000079	2024-05-10	E	KV.2	0.00719703	2024-05-15
LAB0000080	1000079	2024-05-10	E	JN.1.20	0.00678788	2024-05-15
LAB0000080	1000079	2024-05-10	E	JN.1.15	0.00589459	2024-05-15
LAB0000080	1000079	2024-05-10	E	JN.1.40	0.00524952	2024-05-15
LAB0000080	1000079	2024-05-10	E	JN.1.37	0.00531323	2024-05-15
LAB0000080	1000079	2024-05-10	E	JN.1	0.00750911	2024-05-15
LAB0000080	1000079	2024-05-10	E	KP.1	0.00546327	2024-05-15
LAB0000080	1000079	2024-05-10	E	JN.1.1.2	0.00243954	2024-05-15
LAB0000080	1000079	2024-05-10	E	JN.1.8.4	0.00135144	2024-05-15
LAB0000080	1000079	2024-05-10	E	JN.1.35	0.00166884	2024-05-15
LAB0000080	1000079	2024-05-10	E	JN.1.46	0.00155076	2024-05-15
LAB0000080	1000079	2024-05-10	E	KP.1.1.1	0.00127676	2024-05-15
LAB0000080	1000079	2024-05-10	E	KY.1	0.00097622	2024-05-15
LAB0000080	1000079	2024-05-10	E	JN.1.28.1	0.00118429	2024-05-15
LAB0000080	1000079	2024-05-10	E	JN.1.19	0.00150552	2024-05-15
LAB0000080	1000079	2024-05-10	E	KV.1	0.0007521	2024-05-15
LAB0000080	1000079	2024-05-10	E	unreportable	0.00564131	2024-05-15
LAB0000081	1000080	2024-05-10	I	JN.1.11.1	0.4200318	2024-05-15
LAB0000081	1000080	2024-05-10	I	KP.2	0.57199042	2024-05-15
LAB0000081	1000080	2024-05-10	I	JN.1.1.6	0.00121631	2024-05-15
LAB0000081	1000080	2024-05-10	I	unreportable	0.00676147	2024-05-15
LAB0000082	1000081	2024-03-19	C	XBB.2.3	0.52497131	2024-03-27
LAB0000082	1000081	2024-03-19	C	GE.1.2.1	0.22843446	2024-03-27
LAB0000082	1000081	2024-03-19	C	JN.1.18	0.21808124	2024-03-27
LAB0000082	1000081	2024-03-19	C	XBB.2.9	0.00198297	2024-03-27
LAB0000082	1000081	2024-03-19	C	GE.1.3	0.00207647	2024-03-27
LAB0000082	1000081	2024-03-19	C	JN.1.7	0.00146928	2024-03-27
LAB0000082	1000081	2024-03-19	C	KT.1.1	0.00241778	2024-03-27
LAB0000082	1000081	2024-03-19	C	JN.1.28	0.00152119	2024-03-27
LAB0000082	1000081	2024-03-19	C	unreportable	0.01904529	2024-03-27
LAB0000083	1000082	2024-03-21	B	JN.1.7.2	0.41242941	2024-03-27
LAB0000083	1000082	2024-03-21	B	JN.1.36	0.22548539	2024-03-27
LAB0000083	1000082	2024-03-21	B	JN.1.30	0.047131	2024-03-27
LAB0000083	1000082	2024-03-21	B	JN.1.32	0.04820843	2024-03-27
LAB0000083	1000082	2024-03-21	B	JN.1.15	0.04704582	2024-03-27
LAB0000083	1000082	2024-03-21	B	JN.1.1	0.048917	2024-03-27
LAB0000083	1000082	2024-03-21	B	JN.1	0.05611543	2024-03-27
LAB0000083	1000082	2024-03-21	B	JN.1.20	0.04474075	2024-03-27
LAB0000083	1000082	2024-03-21	B	JN.1.10	0.04956977	2024-03-27
LAB0000083	1000082	2024-03-21	B	JN.1.8.1	0.0030546	2024-03-27
LAB0000083	1000082	2024-03-21	B	JN.1.35	0.0025186	2024-03-27
LAB0000083	1000082	2024-03-21	B	XDP	0.00137043	2024-03-27
LAB0000083	1000082	2024-03-21	B	JN.1.28	0.00202222	2024-03-27
LAB0000083	1000082	2024-03-21	B	KP.1	0.00129858	2024-03-27
LAB0000083	1000082	2024-03-21	B	JN.1.17	0.00095784	2024-03-27
LAB0000083	1000082	2024-03-21	B	JN.1.26	0.00101532	2024-03-27
LAB0000083	1000082	2024-03-21	B	JN.1.29	0.00110964	2024-03-27
LAB0000083	1000082	2024-03-21	B	unreportable	0.00700977	2024-03-27
LAB0000084	1000083	2024-03-21	W	JN.1.4.6	0.45241689	2024-03-27
LAB0000084	1000083	2024-03-21	W	JN.1.36	0.24854067	2024-03-27
LAB0000084	1000083	2024-03-21	W	KQ.1	0.13653788	2024-03-27
LAB0000084	1000083	2024-03-21	W	BA.2.86	0.04333047	2024-03-27
LAB0000084	1000083	2024-03-21	W	JN.1.18	0.05774147	2024-03-27
LAB0000084	1000083	2024-03-21	W	JN.1.16.1	0.02309871	2024-03-27
LAB0000084	1000083	2024-03-21	W	JN.1.7	0.01013581	2024-03-27
LAB0000084	1000083	2024-03-21	W	JN.1.29	0.00296688	2024-03-27
LAB0000084	1000083	2024-03-21	W	XDP	0.00169492	2024-03-27
LAB0000084	1000083	2024-03-21	W	JN.1.8.2	0.00175264	2024-03-27
LAB0000084	1000083	2024-03-21	W	JN.1.23	0.00081423	2024-03-27
LAB0000084	1000083	2024-03-21	W	XDH	0.00092779	2024-03-27
LAB0000084	1000083	2024-03-21	W	EG.2.3	0.0014766	2024-03-27
LAB0000084	1000083	2024-03-21	W	BA.2.86.5	0.00137836	2024-03-27
LAB0000084	1000083	2024-03-21	W	JN.1.19	0.0012374	2024-03-27
LAB0000084	1000083	2024-03-21	W	JN.1.4.5	0.00088287	2024-03-27
LAB0000084	1000083	2024-03-21	W	unreportable	0.01506642	2024-03-27
LAB0000085	1000084	2024-03-21	A	JN.1.16	0.63911575	2024-03-27
LAB0000085	1000084	2024-03-21	A	JN.1.7	0.22303965	2024-03-27
LAB0000085	1000084	2024-03-21	A	JN.1.11.1	0.12176617	2024-03-27
LAB0000085	1000084	2024-03-21	A	JN.1.4.5	0.00268586	2024-03-27
LAB0000085	1000084	2024-03-21	A	KP.1	0.00212838	2024-03-27
LAB0000085	1000084	2024-03-21	A	JN.1.7.1	0.00230898	2024-03-27
LAB0000085	1000084	2024-03-21	A	JN.1.19	0.00138256	2024-03-27
LAB0000085	1000084	2024-03-21	A	unreportable	0.00757265	2024-03-27
LAB0000086	1000085	2024-03-21	C	JN.1.8	0.51369807	2024-03-27
LAB0000086	1000085	2024-03-21	C	JN.1	0.22716753	2024-03-27
LAB0000086	1000085	2024-03-21	C	JN.1.20	0.23556506	2024-03-27
LAB0000086	1000085	2024-03-21	C	JN.1.7	0.00865006	2024-03-27
LAB0000086	1000085	2024-03-21	C	JN.1.26	0.00157392	2024-03-27
LAB0000086	1000085	2024-03-21	C	JN.1.35	0.00115616	2024-03-27
LAB0000086	1000085	2024-03-21	C	JN.1.28	0.00157832	2024-03-27
LAB0000086	1000085	2024-03-21	C	JN.1.5	0.00164241	2024-03-27
LAB0000086	1000085	2024-03-21	C	JN.1.19	0.00135892	2024-03-27
LAB0000086	1000085	2024-03-21	C	JN.1.12	0.00121944	2024-03-27
LAB0000086	1000085	2024-03-21	C	unreportable	0.0063901	2024-03-27
LAB0000087	1000086	2024-03-22	X	JN.1.8	0.34584661	2024-03-27
LAB0000087	1000086	2024-03-22	X	JN.1	0.1076148	2024-03-27
LAB0000087	1000086	2024-03-22	X	JN.1.29	0.16309218	2024-03-27
LAB0000087	1000086	2024-03-22	X	JN.1.4	0.12940498	2024-03-27
LAB0000087	1000086	2024-03-22	X	JN.1.15	0.1015491	2024-03-27
LAB0000087	1000086	2024-03-22	X	JN.1.2	0.12765034	2024-03-27
LAB0000087	1000086	2024-03-22	X	JN.1.8.2	0.00352339	2024-03-27
LAB0000087	1000086	2024-03-22	X	JN.1.26	0.00236351	2024-03-27
LAB0000087	1000086	2024-03-22	X	JN.1.2.1	0.00275759	2024-03-27
LAB0000087	1000086	2024-03-22	X	JN.1.23	0.00208019	2024-03-27
LAB0000087	1000086	2024-03-22	X	JN.1.16	0.00157557	2024-03-27
LAB0000087	1000086	2024-03-22	X	JN.1.28	0.00180701	2024-03-27
LAB0000087	1000086	2024-03-22	X	JN.1.35	0.0010113	2024-03-27
LAB0000087	1000086	2024-03-22	X	JN.1.19	0.00135258	2024-03-27
LAB0000087	1000086	2024-03-22	X	JN.1.4.5	0.00123998	2024-03-27
LAB0000087	1000086	2024-03-22	X	unreportable	0.00713086	2024-03-27
LAB0000088	1000087	2024-03-21	N	JN.1.4.4	0.34517446	2024-03-27
LAB0000088	1000087	2024-03-21	N	JN.1.4	0.32768267	2024-03-27
LAB0000088	1000087	2024-03-21	N	JN.1.26	0.25355075	2024-03-27
LAB0000088	1000087	2024-03-21	N	JN.1.4.3	0.02413839	2024-03-27
LAB0000088	1000087	2024-03-21	N	KQ.1	0.03496437	2024-03-27
LAB0000088	1000087	2024-03-21	N	JN.1.28	0.00340081	2024-03-27
LAB0000088	1000087	2024-03-21	N	KS.1	0.00483652	2024-03-27
LAB0000088	1000087	2024-03-21	N	JN.1.4.5	0.00084524	2024-03-27
LAB0000088	1000087	2024-03-21	N	JN.1.5	0.00125535	2024-03-27
LAB0000088	1000087	2024-03-21	N	unreportable	0.00415144	2024-03-27
LAB0000089	1000088	2024-03-21	O	JN.1.16.1	0.61618667	2024-03-27
LAB0000089	1000088	2024-03-21	O	JN.1.7.2	0.18456181	2024-03-27
LAB0000089	1000088	2024-03-21	O	JN.1.7	0.19085059	2024-03-27
LAB0000089	1000088	2024-03-21	O	KP.1.1	0.00532537	2024-03-27
LAB0000089	1000088	2024-03-21	O	unreportable	0.00307557	2024-03-27
LAB0000090	1000089	2024-03-20	V	JN.1.16	0.38553798	2024-03-27
LAB0000090	1000089	2024-03-20	V	JN.1.7.2	0.26044871	2024-03-27
LAB0000090	1000089	2024-03-20	V	JN.1.8	0.17802784	2024-03-27
LAB0000090	1000089	2024-03-20	V	JN.1.7	0.09619434	2024-03-27
LAB0000090	1000089	2024-03-20	V	JN.1.4.5	0.02983143	2024-03-27
LAB0000090	1000089	2024-03-20	V	JN.1	0.01255898	2024-03-27
LAB0000090	1000089	2024-03-20	V	JN.1.21	0.01937068	2024-03-27
LAB0000090	1000089	2024-03-20	V	JN.1.29	0.00366614	2024-03-27
LAB0000090	1000089	2024-03-20	V	JN.1.20	0.00232574	2024-03-27
LAB0000090	1000089	2024-03-20	V	JN.1.28	0.00177512	2024-03-27
LAB0000090	1000089	2024-03-20	V	JN.1.35	0.00134382	2024-03-27
LAB0000090	1000089	2024-03-20	V	JN.1.19	0.00179831	2024-03-27
LAB0000090	1000089	2024-03-20	V	JN.1.5	0.00096175	2024-03-27
LAB0000090	1000089	2024-03-20	V	unreportable	0.00615917	2024-03-27
LAB0000091	1000090	2024-03-21	Z	JN.1.4	0.46504719	2024-03-27
LAB0000091	1000090	2024-03-21	Z	JN.1	0.29379729	2024-03-27
LAB0000091	1000090	2024-03-21	Z	JN.1.11	0.0906872	2024-03-27
LAB0000091	1000090	2024-03-21	Z	JN.1.4.4	0.04990584	2024-03-27
LAB0000091	1000090	2024-03-21	Z	JN.1.18	0.05288752	2024-03-27
LAB0000091	1000090	2024-03-21	Z	JN.1.8.2	0.00888437	2024-03-27
LAB0000091	1000090	2024-03-21	Z	JN.1.26	0.0130516	2024-03-27
LAB0000091	1000090	2024-03-21	Z	JN.1.21	0.0019892	2024-03-27
LAB0000091	1000090	2024-03-21	Z	JN.1.23	0.00143716	2024-03-27
LAB0000091	1000090	2024-03-21	Z	JN.1.29	0.00218892	2024-03-27
LAB0000091	1000090	2024-03-21	Z	JN.1.35	0.00130133	2024-03-27
LAB0000091	1000090	2024-03-21	Z	JN.1.28	0.00192913	2024-03-27
LAB0000091	1000090	2024-03-21	Z	JN.1.17	0.00136448	2024-03-27
LAB0000091	1000090	2024-03-21	Z	JN.1.19	0.0007022	2024-03-27
LAB0000091	1000090	2024-03-21	Z	JN.1.4.5	0.00101004	2024-03-27
LAB0000091	1000090	2024-03-21	Z	unreportable	0.01381654	2024-03-27
LAB0000092	1000091	2024-03-21	L	JN.1.16	0.5802887	2024-03-27
LAB0000092	1000091	2024-03-21	L	JN.1.7	0.36886883	2024-03-27
LAB0000092	1000091	2024-03-21	L	JN.1.9	0.0048381	2024-03-27
LAB0000092	1000091	2024-03-21	L	JN.1.4	0.00664181	2024-03-27
LAB0000092	1000091	2024-03-21	L	JN.1	0.00782962	2024-03-27
LAB0000092	1000091	2024-03-21	L	JN.1.14	0.00376389	2024-03-27
LAB0000092	1000091	2024-03-21	L	JN.1.6	0.0042377	2024-03-27
LAB0000092	1000091	2024-03-21	L	JN.1.28	0.00256228	2024-03-27
LAB0000092	1000091	2024-03-21	L	JN.1.8.1	0.00259322	2024-03-27
LAB0000092	1000091	2024-03-21	L	JN.1.29	0.00148699	2024-03-27
LAB0000092	1000091	2024-03-21	L	JN.1.12	0.00147535	2024-03-27
LAB0000092	1000091	2024-03-21	L	JN.1.4.2	0.00141189	2024-03-27
LAB0000092	1000091	2024-03-21	L	unreportable	0.01400163	2024-03-27
LAB0000093	1000092	2024-03-20	U	JN.1.7.2	0.255558	2024-03-27
LAB0000093	1000092	2024-03-20	U	JN.1.4.4	0.15870507	2024-03-27
LAB0000093	1000092	2024-03-20	U	JN.1.18	0.10162653	2024-03-27
LAB0000093	1000092	2024-03-20	U	JN.1.20	0.16838776	2024-03-27
LAB0000093	1000092	2024-03-20	U	JN.1.4	0.16517072	2024-03-27
LAB0000093	1000092	2024-03-20	U	JN.1	0.11059211	2024-03-27
LAB0000093	1000092	2024-03-20	U	JN.1.26	0.02325236	2024-03-27
LAB0000093	1000092	2024-03-20	U	JN.1.8.2	0.00293983	2024-03-27
LAB0000093	1000092	2024-03-20	U	JN.1.19	0.0021751	2024-03-27
LAB0000093	1000092	2024-03-20	U	JN.1.4.5	0.00136293	2024-03-27
LAB0000093	1000092	2024-03-20	U	JN.2.5	0.00117637	2024-03-27
LAB0000093	1000092	2024-03-20	U	JN.1.28	0.00093846	2024-03-27
LAB0000093	1000092	2024-03-20	U	unreportable	0.00811476	2024-03-27
LAB0000094	1000093	2024-03-21	R	JN.1.4.6	0.56571822	2024-03-27
LAB0000094	1000093	2024-03-21	R	JN.1.8.1	0.22625431	2024-03-27
LAB0000094	1000093	2024-03-21	R	JN.1.8	0.19950392	2024-03-27
LAB0000094	1000093	2024-03-21	R	JN.1.35	0.00171222	2024-03-27
LAB0000094	1000093	2024-03-21	R	JN.1.28	0.00126183	2024-03-27
LAB0000094	1000093	2024-03-21	R	unreportable	0.0055495	2024-03-27
LAB0000095	1000094	2024-03-21	P	JN.1.33	0.30911618	2024-03-27
LAB0000095	1000094	2024-03-21	P	JN.1.4	0.14985512	2024-03-27
LAB0000095	1000094	2024-03-21	P	JN.1.20	0.3333292	2024-03-27
LAB0000095	1000094	2024-03-21	P	JN.1	0.18706099	2024-03-27
LAB0000095	1000094	2024-03-21	P	JN.1.19	0.00577246	2024-03-27
LAB0000095	1000094	2024-03-21	P	JN.1.4.2	0.0017947	2024-03-27
LAB0000095	1000094	2024-03-21	P	XDR	0.0014779	2024-03-27
LAB0000095	1000094	2024-03-21	P	JN.1.17	0.00227023	2024-03-27
LAB0000095	1000094	2024-03-21	P	JN.1.28	0.00150841	2024-03-27
LAB0000095	1000094	2024-03-21	P	JN.1.2	0.00147067	2024-03-27
LAB0000095	1000094	2024-03-21	P	JN.1.16	0.00135594	2024-03-27
LAB0000095	1000094	2024-03-21	P	unreportable	0.0049882	2024-03-27
LAB0000096	1000095	2024-03-22	Y	JN.1.16	0.34361836	2024-03-27
LAB0000096	1000095	2024-03-22	Y	JN.1.4.6	0.39754959	2024-03-27
LAB0000096	1000095	2024-03-22	Y	JN.1.36	0.24398354	2024-03-27
LAB0000096	1000095	2024-03-22	Y	JN.1.23	0.00163271	2024-03-27
LAB0000096	1000095	2024-03-22	Y	JN.1.29	0.00145743	2024-03-27
LAB0000096	1000095	2024-03-22	Y	JN.1.33	0.00089771	2024-03-27
LAB0000096	1000095	2024-03-22	Y	JN.1.10	0.00139047	2024-03-27
LAB0000096	1000095	2024-03-22	Y	KR.1	0.00097922	2024-03-27
LAB0000096	1000095	2024-03-22	Y	unreportable	0.00849097	2024-03-27
LAB0000097	1000096	2024-03-22	I	JN.1.4.4	0.36226252	2024-03-27
LAB0000097	1000096	2024-03-22	I	JN.1.4	0.45398424	2024-03-27
LAB0000097	1000096	2024-03-22	I	JN.1.7	0.0871965	2024-03-27
LAB0000097	1000096	2024-03-22	I	JN.1.7.1	0.07655861	2024-03-27
LAB0000097	1000096	2024-03-22	I	JN.1.4.5	0.00389839	2024-03-27
LAB0000097	1000096	2024-03-22	I	JN.1.23	0.0028829	2024-03-27
LAB0000097	1000096	2024-03-22	I	JN.1.28	0.00249083	2024-03-27
LAB0000097	1000096	2024-03-22	I	XDK.1	0.00351127	2024-03-27
LAB0000097	1000096	2024-03-22	I	JN.1.5	0.00184603	2024-03-27
LAB0000097	1000096	2024-03-22	I	JN.1.19	0.00159477	2024-03-27
LAB0000097	1000096	2024-03-22	I	unreportable	0.00377392	2024-03-27
LAB0000098	1000097	2024-03-22	E	JN.1.4	0.3563233	2024-03-27
LAB0000098	1000097	2024-03-22	E	JN.1	0.3767197	2024-03-27
LAB0000098	1000097	2024-03-22	E	JN.1.8	0.14990035	2024-03-27
LAB0000098	1000097	2024-03-22	E	JN.1.11	0.10004265	2024-03-27
LAB0000098	1000097	2024-03-22	E	JN.1.4.5	0.00320528	2024-03-27
LAB0000098	1000097	2024-03-22	E	JN.1.35	0.00275423	2024-03-27
LAB0000098	1000097	2024-03-22	E	JN.1.8.2	0.00164103	2024-03-27
LAB0000098	1000097	2024-03-22	E	JN.1.25	0.00163161	2024-03-27
LAB0000098	1000097	2024-03-22	E	XDR	0.0013958	2024-03-27
LAB0000098	1000097	2024-03-22	E	JN.1.19	0.00158432	2024-03-27
LAB0000098	1000097	2024-03-22	E	unreportable	0.00480172	2024-03-27
LAB0000099	1000098	2024-03-22	K	JN.1.7	0.34389197	2024-03-27
LAB0000099	1000098	2024-03-22	K	JN.1.7.1	0.50150592	2024-03-27
LAB0000099	1000098	2024-03-22	K	JN.1.4.6	0.1513834	2024-03-27
LAB0000099	1000098	2024-03-22	K	JN.1.4.5	0.00103298	2024-03-27
LAB0000099	1000098	2024-03-22	K	unreportable	0.00218573	2024-03-27
LAB0000100	1000099	2024-04-04	F	JN.1.7	0.73740818	2024-04-11
LAB0000100	1000099	2024-04-04	F	JN.1.4.2	0.08332662	2024-04-11
LAB0000100	1000099	2024-04-04	F	JN.1.4.6	0.07992126	2024-04-11
LAB0000100	1000099	2024-04-04	F	JN.1	0.07352383	2024-04-11
LAB0000100	1000099	2024-04-04	F	JN.1.3	0.00413937	2024-04-11
LAB0000100	1000099	2024-04-04	F	JN.1.20	0.00200018	2024-04-11
LAB0000100	1000099	2024-04-04	F	JN.1.19	0.00178008	2024-04-11
LAB0000100	1000099	2024-04-04	F	JN.1.35	0.00167479	2024-04-11
LAB0000100	1000099	2024-04-04	F	JN.1.29	0.00116271	2024-04-11
LAB0000100	1000099	2024-04-04	F	JN.1.16	0.00096454	2024-04-11
LAB0000100	1000099	2024-04-04	F	JN.1.23	0.00130059	2024-04-11
LAB0000100	1000099	2024-04-04	F	KY.1	0.00081595	2024-04-11
LAB0000100	1000099	2024-04-04	F	JN.1.2.1	0.00097155	2024-04-11
LAB0000100	1000099	2024-04-04	F	unreportable	0.01101037	2024-04-11
LAB0000101	1000100	2024-04-04	L	JN.1.16.1	0.60499382	2024-04-11
LAB0000101	1000100	2024-04-04	L	KP.2	0.38712141	2024-04-11
LAB0000101	1000100	2024-04-04	L	JN.1.18.2	0.00198201	2024-04-11
LAB0000101	1000100	2024-04-04	L	KV.2	0.00062831	2024-04-11
LAB0000101	1000100	2024-04-04	L	KP.1.1.1	0.00077781	2024-04-11
LAB0000101	1000100	2024-04-04	L	unreportable	0.00449663	2024-04-11
LAB0000102	1000101	2024-04-03	U	JN.1.15	0.57626173	2024-04-11
LAB0000102	1000101	2024-04-03	U	JN.1.7	0.24460676	2024-04-11
LAB0000102	1000101	2024-04-03	U	JN.1.4.2	0.15323606	2024-04-11
LAB0000102	1000101	2024-04-03	U	JN.1.40	0.00632154	2024-04-11
LAB0000102	1000101	2024-04-03	U	JN.1.16	0.00098893	2024-04-11
LAB0000102	1000101	2024-04-03	U	KY.1	0.00117132	2024-04-11
LAB0000102	1000101	2024-04-03	U	JN.1.21	0.00093132	2024-04-11
LAB0000102	1000101	2024-04-03	U	JN.1.2.1	0.00122296	2024-04-11
LAB0000102	1000101	2024-04-03	U	JN.1.17	0.00085964	2024-04-11
LAB0000102	1000101	2024-04-03	U	JN.1.28.1	0.00089999	2024-04-11
LAB0000102	1000101	2024-04-03	U	JN.1.43.1	0.0014931	2024-04-11
LAB0000102	1000101	2024-04-03	U	JN.1.10	0.00087757	2024-04-11
LAB0000102	1000101	2024-04-03	U	unreportable	0.01112907	2024-04-11
LAB0000103	1000102	2024-04-04	P	JN.1.8	0.38235234	2024-04-11
LAB0000103	1000102	2024-04-04	P	JN.1.7	0.41199773	2024-04-11
LAB0000103	1000102	2024-04-04	P	JN.1.8.1	0.16171567	2024-04-11
LAB0000103	1000102	2024-04-04	P	JN.1.39	0.00716286	2024-04-11
LAB0000103	1000102	2024-04-04	P	JN.1	0.00490808	2024-04-11
LAB0000103	1000102	2024-04-04	P	JN.1.32	0.00727031	2024-04-11
LAB0000103	1000102	2024-04-04	P	JN.1.29	0.00404817	2024-04-11
LAB0000103	1000102	2024-04-04	P	JN.1.16	0.00175834	2024-04-11
LAB0000103	1000102	2024-04-04	P	JN.1.35	0.00155097	2024-04-11
LAB0000103	1000102	2024-04-04	P	KY.1	0.00126278	2024-04-11
LAB0000103	1000102	2024-04-04	P	JN.1.6	0.00100272	2024-04-11
LAB0000103	1000102	2024-04-04	P	JN.1.23	0.00112175	2024-04-11
LAB0000103	1000102	2024-04-04	P	unreportable	0.01384827	2024-04-11
LAB0000104	1000103	2024-04-05	X	JN.1.7	0.9814694	2024-04-11
LAB0000104	1000103	2024-04-05	X	JN.1.16	0.0014125	2024-04-11
LAB0000104	1000103	2024-04-05	X	JN.1.5	0.00180818	2024-04-11
LAB0000104	1000103	2024-04-05	X	JN.1.23	0.00134467	2024-04-11
LAB0000104	1000103	2024-04-05	X	JN.1.19	0.00136139	2024-04-11
LAB0000104	1000103	2024-04-05	X	JN.1.4.7	0.00127468	2024-04-11
LAB0000104	1000103	2024-04-05	X	JN.1.4.2	0.00078395	2024-04-11
LAB0000104	1000103	2024-04-05	X	unreportable	0.01054523	2024-04-11
LAB0000105	1000104	2024-02-29	R	JN.1.4	0.53147137	2024-03-07
LAB0000105	1000104	2024-02-29	R	JN.1	0.33744921	2024-03-07
LAB0000105	1000104	2024-02-29	R	JN.1.7	0.11349547	2024-03-07
LAB0000105	1000104	2024-02-29	R	JN.1.16	0.00423992	2024-03-07
LAB0000105	1000104	2024-02-29	R	JN.1.23	0.00258143	2024-03-07
LAB0000105	1000104	2024-02-29	R	JN.1.19	0.00110103	2024-03-07
LAB0000105	1000104	2024-02-29	R	JN.1.4.2	0.00095146	2024-03-07
LAB0000105	1000104	2024-02-29	R	unreportable	0.00871011	2024-03-07
LAB0000106	1000105	2024-02-29	F	JN.1.4.2	0.82299687	2024-03-07
LAB0000106	1000105	2024-02-29	F	JN.1.1	0.16032963	2024-03-07
LAB0000106	1000105	2024-02-29	F	JN.1.4	0.00259938	2024-03-07
LAB0000106	1000105	2024-02-29	F	JN.1.17	0.00143813	2024-03-07
LAB0000106	1000105	2024-02-29	F	JN.1.16	0.00091127	2024-03-07
LAB0000106	1000105	2024-02-29	F	JN.1.1.2	0.00129259	2024-03-07
LAB0000106	1000105	2024-02-29	F	JN.1.1.1	0.001242	2024-03-07
LAB0000106	1000105	2024-02-29	F	unreportable	0.00919012	2024-03-07
LAB0000107	1000106	2024-02-29	L	JN.1.4.3	0.45604415	2024-03-07
LAB0000107	1000106	2024-02-29	L	JN.1.7	0.24797982	2024-03-07
LAB0000107	1000106	2024-02-29	L	JN.1.8	0.15861744	2024-03-07
LAB0000107	1000106	2024-02-29	L	JN.1	0.10607403	2024-03-07
LAB0000107	1000106	2024-02-29	L	JN.1.8.1	0.01472986	2024-03-07
LAB0000107	1000106	2024-02-29	L	JN.1.16	0.0022648	2024-03-07
LAB0000107	1000106	2024-02-29	L	JN.1.21	0.00185844	2024-03-07
LAB0000107	1000106	2024-02-29	L	JN.1.15	0.00142991	2024-03-07
LAB0000107	1000106	2024-02-29	L	JN.1.4.2	0.00112665	2024-03-07
LAB0000107	1000106	2024-02-29	L	unreportable	0.00987491	2024-03-07
LAB0000108	1000107	2024-02-28	U	JN.1	0.54692301	2024-03-07
LAB0000108	1000107	2024-02-28	U	JN.1.11	0.20861311	2024-03-07
LAB0000108	1000107	2024-02-28	U	JN.1.4.3	0.15111721	2024-03-07
LAB0000108	1000107	2024-02-28	U	JN.1.4.2	0.02906573	2024-03-07
LAB0000108	1000107	2024-02-28	U	XDP	0.02610862	2024-03-07
LAB0000108	1000107	2024-02-28	U	JN.1.11.1	0.01684878	2024-03-07
LAB0000108	1000107	2024-02-28	U	JN.1.9.1	0.00418861	2024-03-07
LAB0000108	1000107	2024-02-28	U	JN.1.8.1	0.00259932	2024-03-07
LAB0000108	1000107	2024-02-28	U	KP.1	0.00108454	2024-03-07
LAB0000108	1000107	2024-02-28	U	JN.1.3	0.00139083	2024-03-07
LAB0000108	1000107	2024-02-28	U	JN.1.19	0.00129259	2024-03-07
LAB0000108	1000107	2024-02-28	U	unreportable	0.01076765	2024-03-07
LAB0000109	1000108	2024-03-01	Q	JN.1.7	0.99690493	2024-03-07
LAB0000109	1000108	2024-03-01	Q	unreportable	0.00309507	2024-03-07
LAB0000110	1000109	2024-03-01	X	JN.1.4.2	0.61550342	2024-03-07
LAB0000110	1000109	2024-03-01	X	JN.1	0.28017862	2024-03-07
LAB0000110	1000109	2024-03-01	X	XDP	0.08784964	2024-03-07
LAB0000110	1000109	2024-03-01	X	KP.1	0.0015961	2024-03-07
LAB0000110	1000109	2024-03-01	X	JN.1.21	0.0019786	2024-03-07
LAB0000110	1000109	2024-03-01	X	JN.1.23	0.00145795	2024-03-07
LAB0000110	1000109	2024-03-01	X	JN.1.19	0.00139826	2024-03-07
LAB0000110	1000109	2024-03-01	X	unreportable	0.0100374	2024-03-07
LAB0000111	1000110	2024-02-29	A	JN.1	0.46755079	2024-03-07
LAB0000111	1000110	2024-02-29	A	JN.1.16	0.26225257	2024-03-07
LAB0000111	1000110	2024-02-29	A	JN.1.8.1	0.09705054	2024-03-07
LAB0000111	1000110	2024-02-29	A	JN.1.7	0.06527817	2024-03-07
LAB0000111	1000110	2024-02-29	A	JN.1.4.3	0.06235184	2024-03-07
LAB0000111	1000110	2024-02-29	A	JN.1.8	0.03295962	2024-03-07
LAB0000111	1000110	2024-02-29	A	JN.1.4.2	0.00183967	2024-03-07
LAB0000111	1000110	2024-02-29	A	JN.1.17	0.0008739	2024-03-07
LAB0000111	1000110	2024-02-29	A	JN.1.19	0.00117463	2024-03-07
LAB0000111	1000110	2024-02-29	A	unreportable	0.00866829	2024-03-07
LAB0000112	1000111	2024-02-29	C	JN.1	0.88202059	2024-03-07
LAB0000112	1000111	2024-02-29	C	JN.1.4.3	0.06866365	2024-03-07
LAB0000112	1000111	2024-02-29	C	JN.1.16	0.02971438	2024-03-07
LAB0000112	1000111	2024-02-29	C	JN.1.21	0.00302474	2024-03-07
LAB0000112	1000111	2024-02-29	C	JN.1.8.1	0.0037635	2024-03-07
LAB0000112	1000111	2024-02-29	C	JN.1.14	0.00144031	2024-03-07
LAB0000112	1000111	2024-02-29	C	KP.1	0.001173	2024-03-07
LAB0000112	1000111	2024-02-29	C	JN.1.23	0.0008985	2024-03-07
LAB0000112	1000111	2024-02-29	C	JN.1.15	0.00119777	2024-03-07
LAB0000112	1000111	2024-02-29	C	JN.1.4.2	0.00099575	2024-03-07
LAB0000112	1000111	2024-02-29	C	unreportable	0.00710779	2024-03-07
LAB0000113	1000112	2024-02-29	W	JN.1	0.63214952	2024-03-07
LAB0000113	1000112	2024-02-29	W	JN.1.4	0.31211933	2024-03-07
LAB0000113	1000112	2024-02-29	W	JN.1.8	0.04071113	2024-03-07
LAB0000113	1000112	2024-02-29	W	JN.1.6	0.00206207	2024-03-07
LAB0000113	1000112	2024-02-29	W	JN.1.23	0.00066543	2024-03-07
LAB0000113	1000112	2024-02-29	W	JN.1.19	0.00101013	2024-03-07
LAB0000113	1000112	2024-02-29	W	JN.1.4.3	0.00107733	2024-03-07
LAB0000113	1000112	2024-02-29	W	JN.1.4.2	0.00075593	2024-03-07
LAB0000113	1000112	2024-02-29	W	JN.1.8.1	0.00048003	2024-03-07
LAB0000113	1000112	2024-02-29	W	unreportable	0.00896909	2024-03-07
LAB0000114	1000113	2024-02-29	B	JN.1	0.98017727	2024-03-07
LAB0000114	1000113	2024-02-29	B	XDP	0.00626268	2024-03-07
LAB0000114	1000113	2024-02-29	B	JN.1.19	0.00194097	2024-03-07
LAB0000114	1000113	2024-02-29	B	BA.2.86.3	0.00212551	2024-03-07
LAB0000114	1000113	2024-02-29	B	JN.9	0.00078736	2024-03-07
LAB0000114	1000113	2024-02-29	B	JN.1.25	0.00061309	2024-03-07
LAB0000114	1000113	2024-02-29	B	unreportable	0.00809312	2024-03-07
LAB0000115	1000114	2024-03-01	E	JN.1.4.2	0.48475157	2024-03-07
LAB0000115	1000114	2024-03-01	E	JN.1.4.3	0.28550207	2024-03-07
LAB0000115	1000114	2024-03-01	E	JN.1	0.09310123	2024-03-07
LAB0000115	1000114	2024-03-01	E	JN.1.16	0.10243003	2024-03-07
LAB0000115	1000114	2024-03-01	E	JN.1.7	0.02202526	2024-03-07
LAB0000115	1000114	2024-03-01	E	JN.1.8.1	0.00234289	2024-03-07
LAB0000115	1000114	2024-03-01	E	XDP	0.00179012	2024-03-07
LAB0000115	1000114	2024-03-01	E	JN.1.23	0.00157417	2024-03-07
LAB0000115	1000114	2024-03-01	E	KP.1	0.00115354	2024-03-07
LAB0000115	1000114	2024-03-01	E	JN.1.19	0.00122771	2024-03-07
LAB0000115	1000114	2024-03-01	E	unreportable	0.00410141	2024-03-07
LAB0000116	1000115	2024-03-01	K	JN.1.7	0.4566244	2024-03-07
LAB0000116	1000115	2024-03-01	K	JN.1.15	0.23122035	2024-03-07
LAB0000116	1000115	2024-03-01	K	JN.1	0.22317876	2024-03-07
LAB0000116	1000115	2024-03-01	K	JN.1.8.1	0.04243611	2024-03-07
LAB0000116	1000115	2024-03-01	K	JN.1.8	0.03538719	2024-03-07
LAB0000116	1000115	2024-03-01	K	JN.1.5	0.00104926	2024-03-07
LAB0000116	1000115	2024-03-01	K	unreportable	0.01010393	2024-03-07
LAB0000117	1000116	2024-03-01	Y	JN.1.18	0.74952812	2024-03-07
LAB0000117	1000116	2024-03-01	Y	JN.1.9	0.07621922	2024-03-07
LAB0000117	1000116	2024-03-01	Y	KQ.1	0.0960729	2024-03-07
LAB0000117	1000116	2024-03-01	Y	JN.1.8	0.05928751	2024-03-07
LAB0000117	1000116	2024-03-01	Y	JN.1.1.3	0.00214738	2024-03-07
LAB0000117	1000116	2024-03-01	Y	JN.1.16	0.00224468	2024-03-07
LAB0000117	1000116	2024-03-01	Y	JN.1.13.1	0.00231318	2024-03-07
LAB0000117	1000116	2024-03-01	Y	JN.1.4.2	0.00277515	2024-03-07
LAB0000117	1000116	2024-03-01	Y	JN.1.8.1	0.00135238	2024-03-07
LAB0000117	1000116	2024-03-01	Y	unreportable	0.00805949	2024-03-07
LAB0000118	1000117	2024-02-28	V	JN.1	0.35424818	2024-03-07
LAB0000118	1000117	2024-02-28	V	JN.1.9	0.11666973	2024-03-07
LAB0000118	1000117	2024-02-28	V	JN.1.8	0.17361526	2024-03-07
LAB0000118	1000117	2024-02-28	V	JN.1.4.3	0.11814763	2024-03-07
LAB0000118	1000117	2024-02-28	V	JN.1.7.2	0.12543074	2024-03-07
LAB0000118	1000117	2024-02-28	V	JN.1.5	0.04923811	2024-03-07
LAB0000118	1000117	2024-02-28	V	XDP	0.03378418	2024-03-07
LAB0000118	1000117	2024-02-28	V	JN.1.9.1	0.00595841	2024-03-07
LAB0000118	1000117	2024-02-28	V	JN.1.16	0.00418912	2024-03-07
LAB0000118	1000117	2024-02-28	V	JN.1.3	0.00287816	2024-03-07
LAB0000118	1000117	2024-02-28	V	JN.1.14	0.00206614	2024-03-07
LAB0000118	1000117	2024-02-28	V	KP.1	0.00183176	2024-03-07
LAB0000118	1000117	2024-02-28	V	JN.1.4.2	0.00168837	2024-03-07
LAB0000118	1000117	2024-02-28	V	XDK.1	0.00094234	2024-03-07
LAB0000118	1000117	2024-02-28	V	JN.1.8.1	0.00113399	2024-03-07
LAB0000118	1000117	2024-02-28	V	JN.1.19	0.0015805	2024-03-07
LAB0000118	1000117	2024-02-28	V	unreportable	0.00659738	2024-03-07
LAB0000119	1000118	2024-01-03	U	JN.1	0.59621653	2024-01-10
LAB0000119	1000118	2024-01-03	U	JN.1.1.1	0.06555598	2024-01-10
LAB0000119	1000118	2024-01-03	U	JD.1	0.06334527	2024-01-10
LAB0000119	1000118	2024-01-03	U	EG.5.1.8	0.05158011	2024-01-10
LAB0000119	1000118	2024-01-03	U	JN.1.1	0.01963092	2024-01-10
LAB0000119	1000118	2024-01-03	U	EG.5.1.6	0.01764736	2024-01-10
LAB0000119	1000118	2024-01-03	U	GK.1.1	0.01155488	2024-01-10
LAB0000119	1000118	2024-01-03	U	BA.2.86.1	0.01177808	2024-01-10
LAB0000119	1000118	2024-01-03	U	BA.2.12	0.00966643	2024-01-10
LAB0000119	1000118	2024-01-03	U	XBB.1.16.6	0.01192304	2024-01-10
LAB0000119	1000118	2024-01-03	U	JF.1.1	0.0071138	2024-01-10
LAB0000119	1000118	2024-01-03	U	EG.2.3	0.00253579	2024-01-10
LAB0000119	1000118	2024-01-03	U	JD.1.1.6	0.002819	2024-01-10
LAB0000119	1000118	2024-01-03	U	FW.1	0.00294152	2024-01-10
LAB0000119	1000118	2024-01-03	U	EG.5.2.3	0.0024894	2024-01-10
LAB0000119	1000118	2024-01-03	U	HV.1.7	0.00234013	2024-01-10
LAB0000119	1000118	2024-01-03	U	XBB.1.48	0.00163346	2024-01-10
LAB0000119	1000118	2024-01-03	U	XAJ	0.00163991	2024-01-10
LAB0000119	1000118	2024-01-03	U	KB.3	0.00123933	2024-01-10
LAB0000119	1000118	2024-01-03	U	XBB.1.16.27	0.00224311	2024-01-10
LAB0000119	1000118	2024-01-03	U	GK.1.10	0.00112654	2024-01-10
LAB0000119	1000118	2024-01-03	U	XDF	0.00124756	2024-01-10
LAB0000119	1000118	2024-01-03	U	JD.1.1.1	0.00121921	2024-01-10
LAB0000119	1000118	2024-01-03	U	JG.3.4	0.00168203	2024-01-10
LAB0000119	1000118	2024-01-03	U	XBB.1.21	0.00131139	2024-01-10
LAB0000119	1000118	2024-01-03	U	BA.2.72	0.00178119	2024-01-10
LAB0000119	1000118	2024-01-03	U	GK.1.11.1	0.00120065	2024-01-10
LAB0000119	1000118	2024-01-03	U	BG.1	0.0014453	2024-01-10
LAB0000119	1000118	2024-01-03	U	GK.1.1.1	0.00111041	2024-01-10
LAB0000119	1000118	2024-01-03	U	BA.2.68	0.00195303	2024-01-10
LAB0000119	1000118	2024-01-03	U	EG.2.4	0.00099181	2024-01-10
LAB0000119	1000118	2024-01-03	U	FE.1.1.4	0.0012957	2024-01-10
LAB0000119	1000118	2024-01-03	U	HK.11.1	0.00133352	2024-01-10
LAB0000119	1000118	2024-01-03	U	KJ.1	0.00124912	2024-01-10
LAB0000119	1000118	2024-01-03	U	XBB.2.10	0.00110182	2024-01-10
LAB0000119	1000118	2024-01-03	U	JD.1.1.5	0.00109805	2024-01-10
LAB0000119	1000118	2024-01-03	U	BA.2.86.3	0.001121	2024-01-10
LAB0000119	1000118	2024-01-03	U	JN.9	0.00107634	2024-01-10
LAB0000119	1000118	2024-01-03	U	BA.2.37	0.00133641	2024-01-10
LAB0000119	1000118	2024-01-03	U	FP.2.1.1	0.00169335	2024-01-10
LAB0000119	1000118	2024-01-03	U	unreportable	0.08773153	2024-01-10
LAB0000120	1000119	2024-01-04	L	JN.1	0.70538813	2024-01-10
LAB0000120	1000119	2024-01-04	L	XDD	0.05834311	2024-01-10
LAB0000120	1000119	2024-01-04	L	HV.1	0.03611868	2024-01-10
LAB0000120	1000119	2024-01-04	L	HV.1.1	0.04510349	2024-01-10
LAB0000120	1000119	2024-01-04	L	XDK	0.05980937	2024-01-10
LAB0000120	1000119	2024-01-04	L	HK.23	0.02479726	2024-01-10
LAB0000120	1000119	2024-01-04	L	EG.5.1.4	0.01018464	2024-01-10
LAB0000120	1000119	2024-01-04	L	JN.2	0.01006435	2024-01-10
LAB0000120	1000119	2024-01-04	L	JN.7	0.00156773	2024-01-10
LAB0000120	1000119	2024-01-04	L	XCM	0.00187443	2024-01-10
LAB0000120	1000119	2024-01-04	L	HK.17	0.00227949	2024-01-10
LAB0000120	1000119	2024-01-04	L	EG.2.3	0.00129863	2024-01-10
LAB0000120	1000119	2024-01-04	L	FL.2.2	0.00126469	2024-01-10
LAB0000120	1000119	2024-01-04	L	KB.1	0.00097559	2024-01-10
LAB0000120	1000119	2024-01-04	L	HK.22	0.00083692	2024-01-10
LAB0000120	1000119	2024-01-04	L	EG.2.4	0.00089247	2024-01-10
LAB0000120	1000119	2024-01-04	L	HK.20	0.00076254	2024-01-10
LAB0000120	1000119	2024-01-04	L	FL.35.1	0.00093319	2024-01-10
LAB0000120	1000119	2024-01-04	L	XCY	0.0007444	2024-01-10
LAB0000120	1000119	2024-01-04	L	unreportable	0.03676088	2024-01-10
LAB0000121	1000120	2024-01-04	W	JN.1	0.70094827	2024-01-10
LAB0000121	1000120	2024-01-04	W	HV.1	0.07214714	2024-01-10
LAB0000121	1000120	2024-01-04	W	XDD	0.02809854	2024-01-10
LAB0000121	1000120	2024-01-04	W	EG.5.1.6	0.03705522	2024-01-10
LAB0000121	1000120	2024-01-04	W	EG.5.1	0.03890453	2024-01-10
LAB0000121	1000120	2024-01-04	W	XDF	0.01546626	2024-01-10
LAB0000121	1000120	2024-01-04	W	JN.2	0.01869671	2024-01-10
LAB0000121	1000120	2024-01-04	W	HK.30	0.0168841	2024-01-10
LAB0000121	1000120	2024-01-04	W	EG.2	0.00404491	2024-01-10
LAB0000121	1000120	2024-01-04	W	HK.23	0.00462167	2024-01-10
LAB0000121	1000120	2024-01-04	W	EG.2.3	0.00267931	2024-01-10
LAB0000121	1000120	2024-01-04	W	HK.9	0.00229097	2024-01-10
LAB0000121	1000120	2024-01-04	W	FL.22	0.00155188	2024-01-10
LAB0000121	1000120	2024-01-04	W	EG.5.1.10	0.00162625	2024-01-10
LAB0000121	1000120	2024-01-04	W	FL.29	0.00180929	2024-01-10
LAB0000121	1000120	2024-01-04	W	HK.17	0.00163274	2024-01-10
LAB0000121	1000120	2024-01-04	W	JG.1	0.00155044	2024-01-10
LAB0000121	1000120	2024-01-04	W	JN.1.3	0.00113902	2024-01-10
LAB0000121	1000120	2024-01-04	W	HK.15	0.00134661	2024-01-10
LAB0000121	1000120	2024-01-04	W	EG.2.4	0.00095445	2024-01-10
LAB0000121	1000120	2024-01-04	W	EG.5.1.18	0.00118954	2024-01-10
LAB0000121	1000120	2024-01-04	W	FL.1.5.2	0.00099201	2024-01-10
LAB0000121	1000120	2024-01-04	W	HK.7	0.00097191	2024-01-10
LAB0000121	1000120	2024-01-04	W	EG.9	0.00122949	2024-01-10
LAB0000121	1000120	2024-01-04	W	HU.2	0.00118216	2024-01-10
LAB0000121	1000120	2024-01-04	W	EG.6	0.00105481	2024-01-10
LAB0000121	1000120	2024-01-04	W	EG.5.1.9	0.00073432	2024-01-10
LAB0000121	1000120	2024-01-04	W	FL.4.9	0.00080262	2024-01-10
LAB0000121	1000120	2024-01-04	W	EG.8	0.0010648	2024-01-10
LAB0000121	1000120	2024-01-04	W	BA.2.86.5	0.00093809	2024-01-10
LAB0000121	1000120	2024-01-04	W	unreportable	0.03639196	2024-01-10
LAB0000122	1000121	2024-01-04	B	JN.1	0.5845703	2024-01-10
LAB0000122	1000121	2024-01-04	B	HV.1	0.14035698	2024-01-10
LAB0000122	1000121	2024-01-04	B	XDD	0.15151466	2024-01-10
LAB0000122	1000121	2024-01-04	B	JN.2	0.05157935	2024-01-10
LAB0000122	1000121	2024-01-04	B	HV.1.1	0.02966217	2024-01-10
LAB0000122	1000121	2024-01-04	B	XBB.1.41	0.00169663	2024-01-10
LAB0000122	1000121	2024-01-04	B	EG.10	0.00155425	2024-01-10
LAB0000122	1000121	2024-01-04	B	XBB.2.9	0.00135672	2024-01-10
LAB0000122	1000121	2024-01-04	B	EG.2.3	0.00152502	2024-01-10
LAB0000122	1000121	2024-01-04	B	EG.5.1.4	0.00148434	2024-01-10
LAB0000122	1000121	2024-01-04	B	GN.5	0.0009722	2024-01-10
LAB0000122	1000121	2024-01-04	B	XBB.1.19	0.00085469	2024-01-10
LAB0000122	1000121	2024-01-04	B	XBB.1.15.1	0.00075168	2024-01-10
LAB0000122	1000121	2024-01-04	B	XBB.1.41.2	0.00118271	2024-01-10
LAB0000122	1000121	2024-01-04	B	EG.2.4	0.00084126	2024-01-10
LAB0000122	1000121	2024-01-04	B	EG.14	0.00061825	2024-01-10
LAB0000122	1000121	2024-01-04	B	XBB.1.5.43	0.00102332	2024-01-10
LAB0000122	1000121	2024-01-04	B	GC.1	0.00152515	2024-01-10
LAB0000122	1000121	2024-01-04	B	XDK	0.00088673	2024-01-10
LAB0000122	1000121	2024-01-04	B	BA.2.86.3	0.00129866	2024-01-10
LAB0000122	1000121	2024-01-04	B	unreportable	0.02474495	2024-01-10
LAB0000123	1000122	2024-01-04	H	JN.1	0.71621804	2024-01-10
LAB0000123	1000122	2024-01-04	H	EG.5.1.13	0.05057948	2024-01-10
LAB0000123	1000122	2024-01-04	H	EG.5.1.8	0.04656585	2024-01-10
LAB0000123	1000122	2024-01-04	H	JN.1.1	0.05346825	2024-01-10
LAB0000123	1000122	2024-01-04	H	JN.1.1.1	0.02689549	2024-01-10
LAB0000123	1000122	2024-01-04	H	HV.1.1	0.02429318	2024-01-10
LAB0000123	1000122	2024-01-04	H	HV.1	0.01810059	2024-01-10
LAB0000123	1000122	2024-01-04	H	JN.10	0.01180385	2024-01-10
LAB0000123	1000122	2024-01-04	H	EG.5.1.9	0.01514542	2024-01-10
LAB0000123	1000122	2024-01-04	H	EG.5.1.4	0.00537997	2024-01-10
LAB0000123	1000122	2024-01-04	H	JN.3	0.00418578	2024-01-10
LAB0000123	1000122	2024-01-04	H	JD.1.1.6	0.00189625	2024-01-10
LAB0000123	1000122	2024-01-04	H	EG.2.3	0.00114652	2024-01-10
LAB0000123	1000122	2024-01-04	H	HV.1.7	0.00116501	2024-01-10
LAB0000123	1000122	2024-01-04	H	XCP	0.00113896	2024-01-10
LAB0000123	1000122	2024-01-04	H	JF.1.1.1	0.00134808	2024-01-10
LAB0000123	1000122	2024-01-04	H	JN.1.3	0.00112389	2024-01-10
LAB0000123	1000122	2024-01-04	H	unreportable	0.0195454	2024-01-10
LAB0000124	1000123	2024-01-04	A	JN.1	0.77134345	2024-01-10
LAB0000124	1000123	2024-01-04	A	HN.1	0.08409642	2024-01-10
LAB0000124	1000123	2024-01-04	A	FL.1.4	0.05466293	2024-01-10
LAB0000124	1000123	2024-01-04	A	FL.1.5.1	0.03237045	2024-01-10
LAB0000124	1000123	2024-01-04	A	HN.5	0.00993976	2024-01-10
LAB0000124	1000123	2024-01-04	A	JN.3	0.00371833	2024-01-10
LAB0000124	1000123	2024-01-04	A	JN.2.1	0.00273201	2024-01-10
LAB0000124	1000123	2024-01-04	A	XDD	0.002847	2024-01-10
LAB0000124	1000123	2024-01-04	A	HN.2	0.00139926	2024-01-10
LAB0000124	1000123	2024-01-04	A	FL.35.1	0.00114505	2024-01-10
LAB0000124	1000123	2024-01-04	A	EG.2.3	0.00122667	2024-01-10
LAB0000124	1000123	2024-01-04	A	JN.9	0.00128584	2024-01-10
LAB0000124	1000123	2024-01-04	A	HN.3	0.00138079	2024-01-10
LAB0000124	1000123	2024-01-04	A	FL.38	0.00117409	2024-01-10
LAB0000124	1000123	2024-01-04	A	HN.7	0.00118098	2024-01-10
LAB0000124	1000123	2024-01-04	A	unreportable	0.02949699	2024-01-10
LAB0000125	1000124	2024-01-05	X	JN.1	0.67713197	2024-01-10
LAB0000125	1000124	2024-01-05	X	XDK	0.07311146	2024-01-10
LAB0000125	1000124	2024-01-05	X	HV.1.1	0.03933617	2024-01-10
LAB0000125	1000124	2024-01-05	X	JD.1	0.04282465	2024-01-10
LAB0000125	1000124	2024-01-05	X	EG.5.1.8	0.03062434	2024-01-10
LAB0000125	1000124	2024-01-05	X	JD.1.1	0.02346536	2024-01-10
LAB0000125	1000124	2024-01-05	X	XBB.1.16.24	0.00436881	2024-01-10
LAB0000125	1000124	2024-01-05	X	JD.1.1.1	0.00444797	2024-01-10
LAB0000125	1000124	2024-01-05	X	XBB.2.9	0.003909	2024-01-10
LAB0000125	1000124	2024-01-05	X	FW.1	0.00286288	2024-01-10
LAB0000125	1000124	2024-01-05	X	FL.1.5.2	0.00398233	2024-01-10
LAB0000125	1000124	2024-01-05	X	JD.1.1.6	0.00275479	2024-01-10
LAB0000125	1000124	2024-01-05	X	JD.1.1.5	0.00244054	2024-01-10
LAB0000125	1000124	2024-01-05	X	XCY	0.00198346	2024-01-10
LAB0000125	1000124	2024-01-05	X	JD.1.1.2	0.00182428	2024-01-10
LAB0000125	1000124	2024-01-05	X	JD.1.1.4	0.0017522	2024-01-10
LAB0000125	1000124	2024-01-05	X	FL.2.3.1	0.0018505	2024-01-10
LAB0000125	1000124	2024-01-05	X	FL.29	0.00160293	2024-01-10
LAB0000125	1000124	2024-01-05	X	XBB.2.10	0.00154771	2024-01-10
LAB0000125	1000124	2024-01-05	X	FL.22	0.00166935	2024-01-10
LAB0000125	1000124	2024-01-05	X	HV.1.5	0.0019066	2024-01-10
LAB0000125	1000124	2024-01-05	X	FE.1.1.5	0.00180703	2024-01-10
LAB0000125	1000124	2024-01-05	X	JF.1	0.00101161	2024-01-10
LAB0000125	1000124	2024-01-05	X	JN.9	0.00077384	2024-01-10
LAB0000125	1000124	2024-01-05	X	HV.1.6	0.00141164	2024-01-10
LAB0000125	1000124	2024-01-05	X	FL.9	0.00086391	2024-01-10
LAB0000125	1000124	2024-01-05	X	XCV	0.00103303	2024-01-10
LAB0000125	1000124	2024-01-05	X	unreportable	0.06770165	2024-01-10
LAB0000126	1000125	2024-01-05	Q	JN.1	0.97354827	2024-01-10
LAB0000126	1000125	2024-01-05	Q	XDD	0.01252826	2024-01-10
LAB0000126	1000125	2024-01-05	Q	HV.1.7	0.0013733	2024-01-10
LAB0000126	1000125	2024-01-05	Q	JN.1.3	0.00162359	2024-01-10
LAB0000126	1000125	2024-01-05	Q	JN.9	0.00115154	2024-01-10
LAB0000126	1000125	2024-01-05	Q	FL.1.5.2	0.00083802	2024-01-10
LAB0000126	1000125	2024-01-05	Q	unreportable	0.00893702	2024-01-10
LAB0000127	1000126	2024-01-04	C	JN.1	0.91338918	2024-01-10
LAB0000127	1000126	2024-01-04	C	HV.1	0.01311367	2024-01-10
LAB0000127	1000126	2024-01-04	C	BA.2.86.1	0.01109489	2024-01-10
LAB0000127	1000126	2024-01-04	C	EG.2	0.01193433	2024-01-10
LAB0000127	1000126	2024-01-04	C	HF.1	0.00316852	2024-01-10
LAB0000127	1000126	2024-01-04	C	JN.2.1	0.00441235	2024-01-10
LAB0000127	1000126	2024-01-04	C	EG.2.2	0.00220662	2024-01-10
LAB0000127	1000126	2024-01-04	C	HV.1.6	0.00224063	2024-01-10
LAB0000127	1000126	2024-01-04	C	EG.5.1.9	0.00202777	2024-01-10
LAB0000127	1000126	2024-01-04	C	EG.2.3	0.00153331	2024-01-10
LAB0000127	1000126	2024-01-04	C	BA.2.86.3	0.00208038	2024-01-10
LAB0000127	1000126	2024-01-04	C	KJ.1	0.00142884	2024-01-10
LAB0000127	1000126	2024-01-04	C	JR.1.1	0.00145831	2024-01-10
LAB0000127	1000126	2024-01-04	C	EG.2.4	0.00113031	2024-01-10
LAB0000127	1000126	2024-01-04	C	unreportable	0.02878089	2024-01-10
LAB0000128	1000127	2024-01-04	O	JN.1	0.72264728	2024-01-10
LAB0000128	1000127	2024-01-04	O	XDD	0.07720924	2024-01-10
LAB0000128	1000127	2024-01-04	O	JN.1.1	0.05418933	2024-01-10
LAB0000128	1000127	2024-01-04	O	JD.1.1	0.04797645	2024-01-10
LAB0000128	1000127	2024-01-04	O	JN.10	0.02226739	2024-01-10
LAB0000128	1000127	2024-01-04	O	JD.1	0.00698797	2024-01-10
LAB0000128	1000127	2024-01-04	O	FL.22	0.00488328	2024-01-10
LAB0000128	1000127	2024-01-04	O	HV.1	0.00254277	2024-01-10
LAB0000128	1000127	2024-01-04	O	JD.1.1.6	0.00223967	2024-01-10
LAB0000128	1000127	2024-01-04	O	FL.1.5.2	0.00256436	2024-01-10
LAB0000128	1000127	2024-01-04	O	JN.1.1.1	0.00178797	2024-01-10
LAB0000128	1000127	2024-01-04	O	JD.1.2.2	0.00264424	2024-01-10
LAB0000128	1000127	2024-01-04	O	BA.2.86.5	0.00204993	2024-01-10
LAB0000128	1000127	2024-01-04	O	KC.1	0.00150812	2024-01-10
LAB0000128	1000127	2024-01-04	O	FL.2.3.1	0.00251927	2024-01-10
LAB0000128	1000127	2024-01-04	O	FL.35	0.00144567	2024-01-10
LAB0000128	1000127	2024-01-04	O	FL.27	0.00182181	2024-01-10
LAB0000128	1000127	2024-01-04	O	FL.29	0.00158946	2024-01-10
LAB0000128	1000127	2024-01-04	O	XCP	0.00190589	2024-01-10
LAB0000128	1000127	2024-01-04	O	JD.1.2.1	0.00192126	2024-01-10
LAB0000128	1000127	2024-01-04	O	HV.1.7	0.00138606	2024-01-10
LAB0000128	1000127	2024-01-04	O	FL.6	0.00116635	2024-01-10
LAB0000128	1000127	2024-01-04	O	FL.4.6	0.00145966	2024-01-10
LAB0000128	1000127	2024-01-04	O	FL.18	0.00113539	2024-01-10
LAB0000128	1000127	2024-01-04	O	FL.30	0.00187438	2024-01-10
LAB0000128	1000127	2024-01-04	O	BA.2.86.3	0.00112265	2024-01-10
LAB0000128	1000127	2024-01-04	O	unreportable	0.02915414	2024-01-10
LAB0000129	1000128	2024-01-03	N	JN.1	0.4653678	2024-01-10
LAB0000129	1000128	2024-01-03	N	HV.1	0.14190847	2024-01-10
LAB0000129	1000128	2024-01-03	N	XDA	0.08025599	2024-01-10
LAB0000129	1000128	2024-01-03	N	JN.1.1	0.07446764	2024-01-10
LAB0000129	1000128	2024-01-03	N	BA.2.86	0.06834694	2024-01-10
LAB0000129	1000128	2024-01-03	N	XDK	0.0464172	2024-01-10
LAB0000129	1000128	2024-01-03	N	FW.1	0.02184787	2024-01-10
LAB0000129	1000128	2024-01-03	N	XDD	0.02380148	2024-01-10
LAB0000129	1000128	2024-01-03	N	XBB.1.16.12	0.02404944	2024-01-10
LAB0000129	1000128	2024-01-03	N	EG.5.1.6	0.01281723	2024-01-10
LAB0000129	1000128	2024-01-03	N	XDJ	0.0056984	2024-01-10
LAB0000129	1000128	2024-01-03	N	XBB.1.16.25	0.00257311	2024-01-10
LAB0000129	1000128	2024-01-03	N	XBB.1.37.1	0.00132629	2024-01-10
LAB0000129	1000128	2024-01-03	N	HV.1.6	0.00191897	2024-01-10
LAB0000129	1000128	2024-01-03	N	KJ.1	0.00130776	2024-01-10
LAB0000129	1000128	2024-01-03	N	FW.3	0.0012448	2024-01-10
LAB0000129	1000128	2024-01-03	N	JQ.1	0.00161874	2024-01-10
LAB0000129	1000128	2024-01-03	N	FU.5	0.00133024	2024-01-10
LAB0000129	1000128	2024-01-03	N	BA.2.86.5	0.00125689	2024-01-10
LAB0000129	1000128	2024-01-03	N	XBB.1.16.18	0.0017063	2024-01-10
LAB0000129	1000128	2024-01-03	N	unreportable	0.02073846	2024-01-10
LAB0000130	1000129	2024-01-03	V	JN.1	0.66285243	2024-01-10
LAB0000130	1000129	2024-01-03	V	XDK	0.04608563	2024-01-10
LAB0000130	1000129	2024-01-03	V	JN.1.1	0.05240908	2024-01-10
LAB0000130	1000129	2024-01-03	V	HV.1.1	0.04078389	2024-01-10
LAB0000130	1000129	2024-01-03	V	EG.5.1.4	0.03604851	2024-01-10
LAB0000130	1000129	2024-01-03	V	FL.35.1	0.03985862	2024-01-10
LAB0000130	1000129	2024-01-03	V	XDD	0.03056305	2024-01-10
LAB0000130	1000129	2024-01-03	V	HV.1	0.02105592	2024-01-10
LAB0000130	1000129	2024-01-03	V	EG.5.1.6	0.02035071	2024-01-10
LAB0000130	1000129	2024-01-03	V	EG.2	0.01414717	2024-01-10
LAB0000130	1000129	2024-01-03	V	EG.2.3	0.00301238	2024-01-10
LAB0000130	1000129	2024-01-03	V	EG.6.1	0.00195984	2024-01-10
LAB0000130	1000129	2024-01-03	V	XCV	0.0010663	2024-01-10
LAB0000130	1000129	2024-01-03	V	EG.2.4	0.00181506	2024-01-10
LAB0000130	1000129	2024-01-03	V	JR.1.1	0.00090101	2024-01-10
LAB0000130	1000129	2024-01-03	V	EG.2.5	0.00100587	2024-01-10
LAB0000130	1000129	2024-01-03	V	KJ.1	0.0009645	2024-01-10
LAB0000130	1000129	2024-01-03	V	FY.1.4.1	0.00108291	2024-01-10
LAB0000130	1000129	2024-01-03	V	unreportable	0.0240371	2024-01-10
LAB0000131	1000130	2024-01-04	N	JN.1	0.49200434	2024-01-10
LAB0000131	1000130	2024-01-04	N	XDD	0.17349247	2024-01-10
LAB0000131	1000130	2024-01-04	N	HV.1	0.1578735	2024-01-10
LAB0000131	1000130	2024-01-04	N	XDK	0.04100952	2024-01-10
LAB0000131	1000130	2024-01-04	N	XDA	0.02283542	2024-01-10
LAB0000131	1000130	2024-01-04	N	HK.12	0.03301297	2024-01-10
LAB0000131	1000130	2024-01-04	N	HK.6	0.01785975	2024-01-10
LAB0000131	1000130	2024-01-04	N	XDJ	0.00344616	2024-01-10
LAB0000131	1000130	2024-01-04	N	HK.7	0.00174171	2024-01-10
LAB0000131	1000130	2024-01-04	N	FE.1.1.5	0.00185462	2024-01-10
LAB0000131	1000130	2024-01-04	N	XBB.1.37.1	0.00129834	2024-01-10
LAB0000131	1000130	2024-01-04	N	FW.3	0.00163453	2024-01-10
LAB0000131	1000130	2024-01-04	N	HK.15	0.00159469	2024-01-10
LAB0000131	1000130	2024-01-04	N	FZ.2	0.00133751	2024-01-10
LAB0000131	1000130	2024-01-04	N	XBB.1.16.27	0.00174189	2024-01-10
LAB0000131	1000130	2024-01-04	N	JN.1.3	0.00138757	2024-01-10
LAB0000131	1000130	2024-01-04	N	HK.17	0.00131313	2024-01-10
LAB0000131	1000130	2024-01-04	N	XBB.1.24.2	0.0012533	2024-01-10
LAB0000131	1000130	2024-01-04	N	XBB.1.5.105	0.00135881	2024-01-10
LAB0000131	1000130	2024-01-04	N	unreportable	0.04194978	2024-01-10
LAB0000132	1000131	2024-01-04	F	HV.1	0.82290106	2024-01-10
LAB0000132	1000131	2024-01-04	F	JN.1	0.13265796	2024-01-10
LAB0000132	1000131	2024-01-04	F	EG.5.1.6	0.00350362	2024-01-10
LAB0000132	1000131	2024-01-04	F	JG.3.4	0.00361521	2024-01-10
LAB0000132	1000131	2024-01-04	F	JN.1.3	0.0022781	2024-01-10
LAB0000132	1000131	2024-01-04	F	EG.2.3	0.00132975	2024-01-10
LAB0000132	1000131	2024-01-04	F	XBB.1.5.27	0.00127314	2024-01-10
LAB0000132	1000131	2024-01-04	F	GW.2	0.0015712	2024-01-10
LAB0000132	1000131	2024-01-04	F	HV.1.1	0.0017203	2024-01-10
LAB0000132	1000131	2024-01-04	F	JC.2	0.00110624	2024-01-10
LAB0000132	1000131	2024-01-04	F	XBB.1.34	0.00114274	2024-01-10
LAB0000132	1000131	2024-01-04	F	XBB.1.5.57	0.00148882	2024-01-10
LAB0000132	1000131	2024-01-04	F	unreportable	0.02541186	2024-01-10
LAB0000133	1000132	2024-01-04	R	HV.1	0.64915089	2024-01-10
LAB0000133	1000132	2024-01-04	R	XDD	0.22140497	2024-01-10
LAB0000133	1000132	2024-01-04	R	JN.1	0.03965154	2024-01-10
LAB0000133	1000132	2024-01-04	R	XDF	0.04723781	2024-01-10
LAB0000133	1000132	2024-01-04	R	JN.1.2	0.00953034	2024-01-10
LAB0000133	1000132	2024-01-04	R	EG.5.1.8	0.00627318	2024-01-10
LAB0000133	1000132	2024-01-04	R	JG.3.2	0.00274502	2024-01-10
LAB0000133	1000132	2024-01-04	R	EG.5.1.9	0.00246666	2024-01-10
LAB0000133	1000132	2024-01-04	R	JJ.1	0.00169304	2024-01-10
LAB0000133	1000132	2024-01-04	R	EG.2.3	0.00103694	2024-01-10
LAB0000133	1000132	2024-01-04	R	KC.1	0.00070929	2024-01-10
LAB0000133	1000132	2024-01-04	R	unreportable	0.01810032	2024-01-10
LAB0000134	1000133	2024-01-04	Z	JN.1	0.72638081	2024-01-10
LAB0000134	1000133	2024-01-04	Z	XDD	0.09831194	2024-01-10
LAB0000134	1000133	2024-01-04	Z	JN.1.1	0.04459592	2024-01-10
LAB0000134	1000133	2024-01-04	Z	JG.3.2	0.02011933	2024-01-10
LAB0000134	1000133	2024-01-04	Z	HV.1	0.02313482	2024-01-10
LAB0000134	1000133	2024-01-04	Z	BA.2.86.1	0.01318723	2024-01-10
LAB0000134	1000133	2024-01-04	Z	EG.5.1.6	0.0091739	2024-01-10
LAB0000134	1000133	2024-01-04	Z	EG.5.1.8	0.00543119	2024-01-10
LAB0000134	1000133	2024-01-04	Z	JG.3.1	0.00584271	2024-01-10
LAB0000134	1000133	2024-01-04	Z	FL.1.5.2	0.00347065	2024-01-10
LAB0000134	1000133	2024-01-04	Z	FL.29	0.00164623	2024-01-10
LAB0000134	1000133	2024-01-04	Z	FL.9	0.00152746	2024-01-10
LAB0000134	1000133	2024-01-04	Z	FL.13.4	0.00148188	2024-01-10
LAB0000134	1000133	2024-01-04	Z	HV.1.7	0.001216	2024-01-10
LAB0000134	1000133	2024-01-04	Z	FL.22	0.00151038	2024-01-10
LAB0000134	1000133	2024-01-04	Z	XBB.1.16.27	0.00119129	2024-01-10
LAB0000134	1000133	2024-01-04	Z	JN.3.1	0.00131737	2024-01-10
LAB0000134	1000133	2024-01-04	Z	JN.4	0.00095662	2024-01-10
LAB0000134	1000133	2024-01-04	Z	BA.2.86.4	0.00103108	2024-01-10
LAB0000134	1000133	2024-01-04	Z	FL.13.3.1	0.00129571	2024-01-10
LAB0000134	1000133	2024-01-04	Z	FL.3.3	0.00094423	2024-01-10
LAB0000134	1000133	2024-01-04	Z	XDA.1	0.00142995	2024-01-10
LAB0000134	1000133	2024-01-04	Z	GA.8.1	0.0008994	2024-01-10
LAB0000134	1000133	2024-01-04	Z	unreportable	0.03390389	2024-01-10
LAB0000135	1000134	2024-01-04	P	JN.1	0.45863074	2024-01-10
LAB0000135	1000134	2024-01-04	P	EG.5.1.8	0.11843606	2024-01-10
LAB0000135	1000134	2024-01-04	P	HV.1	0.11242388	2024-01-10
LAB0000135	1000134	2024-01-04	P	EG.5.1.11	0.03947925	2024-01-10
LAB0000135	1000134	2024-01-04	P	HV.1.1	0.03618519	2024-01-10
LAB0000135	1000134	2024-01-04	P	FY.5.1	0.02244559	2024-01-10
LAB0000135	1000134	2024-01-04	P	XBB.1.5.23	0.03569612	2024-01-10
LAB0000135	1000134	2024-01-04	P	JR.1	0.01146722	2024-01-10
LAB0000135	1000134	2024-01-04	P	JD.1.1.2	0.01653258	2024-01-10
LAB0000135	1000134	2024-01-04	P	FW.1	0.00871041	2024-01-10
LAB0000135	1000134	2024-01-04	P	XBB.1.16.26	0.00991643	2024-01-10
LAB0000135	1000134	2024-01-04	P	GV.1	0.0106139	2024-01-10
LAB0000135	1000134	2024-01-04	P	JD.1.1	0.01066767	2024-01-10
LAB0000135	1000134	2024-01-04	P	HK.3.11	0.01070524	2024-01-10
LAB0000135	1000134	2024-01-04	P	FL.24.1	0.00891786	2024-01-10
LAB0000135	1000134	2024-01-04	P	EG.2.4	0.00820222	2024-01-10
LAB0000135	1000134	2024-01-04	P	JD.1.1.6	0.00656817	2024-01-10
LAB0000135	1000134	2024-01-04	P	EG.5.1.4	0.00637832	2024-01-10
LAB0000135	1000134	2024-01-04	P	JC.4	0.0037544	2024-01-10
LAB0000135	1000134	2024-01-04	P	FL.2.2.1	0.00343431	2024-01-10
LAB0000135	1000134	2024-01-04	P	EG.5.1.15	0.00403718	2024-01-10
LAB0000135	1000134	2024-01-04	P	XBB.2.3	0.00388505	2024-01-10
LAB0000135	1000134	2024-01-04	P	XBB.2.9	0.00297687	2024-01-10
LAB0000135	1000134	2024-01-04	P	JF.1.1.1	0.00360412	2024-01-10
LAB0000135	1000134	2024-01-04	P	KB.1	0.00342253	2024-01-10
LAB0000135	1000134	2024-01-04	P	XBB.1.5.82	0.00238083	2024-01-10
LAB0000135	1000134	2024-01-04	P	FL.29	0.00269696	2024-01-10
LAB0000135	1000134	2024-01-04	P	EG.5.1.9	0.00153766	2024-01-10
LAB0000135	1000134	2024-01-04	P	HV.1.7	0.00181471	2024-01-10
LAB0000135	1000134	2024-01-04	P	HK.24.1	0.00162918	2024-01-10
LAB0000135	1000134	2024-01-04	P	FY.5.5.1	0.00112143	2024-01-10
LAB0000135	1000134	2024-01-04	P	XBL.1	0.00158526	2024-01-10
LAB0000135	1000134	2024-01-04	P	XCY	0.00147477	2024-01-10
LAB0000135	1000134	2024-01-04	P	FL.4.5	0.00179884	2024-01-10
LAB0000135	1000134	2024-01-04	P	XBB.1.16.6	0.00150655	2024-01-10
LAB0000135	1000134	2024-01-04	P	HK.22	0.00103355	2024-01-10
LAB0000135	1000134	2024-01-04	P	unreportable	0.02432896	2024-01-10
LAB0000136	1000135	2024-01-05	K	JN.1	0.38768557	2024-01-10
LAB0000136	1000135	2024-01-05	K	EG.5.1.8	0.22350637	2024-01-10
LAB0000136	1000135	2024-01-05	K	FL.35.1	0.11828888	2024-01-10
LAB0000136	1000135	2024-01-05	K	JG.3	0.09730991	2024-01-10
LAB0000136	1000135	2024-01-05	K	BA.2.86.1	0.04067312	2024-01-10
LAB0000136	1000135	2024-01-05	K	JG.3.4	0.03321737	2024-01-10
LAB0000136	1000135	2024-01-05	K	XBB.1.16.26	0.01507204	2024-01-10
LAB0000136	1000135	2024-01-05	K	JF.1	0.01774261	2024-01-10
LAB0000136	1000135	2024-01-05	K	JN.10	0.01503018	2024-01-10
LAB0000136	1000135	2024-01-05	K	FL.4.10	0.00309738	2024-01-10
LAB0000136	1000135	2024-01-05	K	FL.24.1	0.00150567	2024-01-10
LAB0000136	1000135	2024-01-05	K	FL.29	0.00121714	2024-01-10
LAB0000136	1000135	2024-01-05	K	FY.5.5.1	0.00147123	2024-01-10
LAB0000136	1000135	2024-01-05	K	HK.3.3	0.00084072	2024-01-10
LAB0000136	1000135	2024-01-05	K	HU.2	0.00118821	2024-01-10
LAB0000136	1000135	2024-01-05	K	FL.22	0.00106553	2024-01-10
LAB0000136	1000135	2024-01-05	K	HK.24.1	0.00096928	2024-01-10
LAB0000136	1000135	2024-01-05	K	unreportable	0.0401188	2024-01-10
LAB0000137	1000136	2024-01-05	I	JN.1	0.52002137	2024-01-10
LAB0000137	1000136	2024-01-05	I	JN.2.1	0.13399144	2024-01-10
LAB0000137	1000136	2024-01-05	I	HV.1.1	0.09932351	2024-01-10
LAB0000137	1000136	2024-01-05	I	HV.1	0.07742833	2024-01-10
LAB0000137	1000136	2024-01-05	I	JG.3	0.02301152	2024-01-10
LAB0000137	1000136	2024-01-05	I	FL.1.6	0.02895193	2024-01-10
LAB0000137	1000136	2024-01-05	I	JG.3.2	0.04019709	2024-01-10
LAB0000137	1000136	2024-01-05	I	FL.1.5.2	0.00879696	2024-01-10
LAB0000137	1000136	2024-01-05	I	BA.2.86	0.00366839	2024-01-10
LAB0000137	1000136	2024-01-05	I	BA.2.86.4	0.00348884	2024-01-10
LAB0000137	1000136	2024-01-05	I	EG.5.1.13	0.00270702	2024-01-10
LAB0000137	1000136	2024-01-05	I	XBB.1.37.1	0.00145183	2024-01-10
LAB0000137	1000136	2024-01-05	I	FL.1.8	0.00186066	2024-01-10
LAB0000137	1000136	2024-01-05	I	GN.3	0.00196967	2024-01-10
LAB0000137	1000136	2024-01-05	I	HV.1.5	0.0018969	2024-01-10
LAB0000137	1000136	2024-01-05	I	EG.2.3	0.00136317	2024-01-10
LAB0000137	1000136	2024-01-05	I	KB.3	0.00132874	2024-01-10
LAB0000137	1000136	2024-01-05	I	GW.2	0.00113756	2024-01-10
LAB0000137	1000136	2024-01-05	I	HV.1.6.1	0.00110343	2024-01-10
LAB0000137	1000136	2024-01-05	I	unreportable	0.04630162	2024-01-10
LAB0000138	1000137	2024-01-05	E	JN.1	0.77367286	2024-01-10
LAB0000138	1000137	2024-01-05	E	HV.1.1	0.07885651	2024-01-10
LAB0000138	1000137	2024-01-05	E	EG.5.1.6	0.04197685	2024-01-10
LAB0000138	1000137	2024-01-05	E	JN.1.1.1	0.02399189	2024-01-10
LAB0000138	1000137	2024-01-05	E	BA.2.86	0.01063669	2024-01-10
LAB0000138	1000137	2024-01-05	E	FL.35.1	0.01320176	2024-01-10
LAB0000138	1000137	2024-01-05	E	HV.1	0.00604187	2024-01-10
LAB0000138	1000137	2024-01-05	E	JD.1	0.00406426	2024-01-10
LAB0000138	1000137	2024-01-05	E	EG.5.1.13	0.00341954	2024-01-10
LAB0000138	1000137	2024-01-05	E	JR.1	0.00137526	2024-01-10
LAB0000138	1000137	2024-01-05	E	JD.1.1.6	0.00210741	2024-01-10
LAB0000138	1000137	2024-01-05	E	HV.1.6.1	0.00196565	2024-01-10
LAB0000138	1000137	2024-01-05	E	XBB.1.27	0.001196	2024-01-10
LAB0000138	1000137	2024-01-05	E	XBB.1.5.109	0.00120697	2024-01-10
LAB0000138	1000137	2024-01-05	E	FL.1.5.1	0.00130398	2024-01-10
LAB0000138	1000137	2024-01-05	E	FP.2.1.1	0.00085124	2024-01-10
LAB0000138	1000137	2024-01-05	E	JC.4	0.00102923	2024-01-10
LAB0000138	1000137	2024-01-05	E	XBB.1.45.1	0.00123567	2024-01-10
LAB0000138	1000137	2024-01-05	E	EG.5.1.16	0.00072306	2024-01-10
LAB0000138	1000137	2024-01-05	E	XBB.1.16.27	0.00097763	2024-01-10
LAB0000138	1000137	2024-01-05	E	unreportable	0.03016569	2024-01-10
LAB0000139	1000138	2024-01-05	Y	JN.1	0.56828451	2024-01-10
LAB0000139	1000138	2024-01-05	Y	EG.5.1.6	0.20659734	2024-01-10
LAB0000139	1000138	2024-01-05	Y	XBB.1.42.1	0.0569451	2024-01-10
LAB0000139	1000138	2024-01-05	Y	FL.35.1	0.02310807	2024-01-10
LAB0000139	1000138	2024-01-05	Y	JN.1.1	0.03503008	2024-01-10
LAB0000139	1000138	2024-01-05	Y	BA.2.86.1	0.02235736	2024-01-10
LAB0000139	1000138	2024-01-05	Y	HV.1	0.01882287	2024-01-10
LAB0000139	1000138	2024-01-05	Y	HF.1	0.00488796	2024-01-10
LAB0000139	1000138	2024-01-05	Y	XBB.1.5.27	0.0037367	2024-01-10
LAB0000139	1000138	2024-01-05	Y	EG.2.3	0.00180774	2024-01-10
LAB0000139	1000138	2024-01-05	Y	JN.3.1	0.00221067	2024-01-10
LAB0000139	1000138	2024-01-05	Y	XDA.1	0.00218678	2024-01-10
LAB0000139	1000138	2024-01-05	Y	HV.2	0.00221467	2024-01-10
LAB0000139	1000138	2024-01-05	Y	JF.1	0.00177046	2024-01-10
LAB0000139	1000138	2024-01-05	Y	XDA	0.00145828	2024-01-10
LAB0000139	1000138	2024-01-05	Y	HV.1.7	0.00113353	2024-01-10
LAB0000139	1000138	2024-01-05	Y	JM.2	0.00132604	2024-01-10
LAB0000139	1000138	2024-01-05	Y	XBB.1.9.6	0.00104303	2024-01-10
LAB0000139	1000138	2024-01-05	Y	EG.2.4	0.00070932	2024-01-10
LAB0000139	1000138	2024-01-05	Y	XDH	0.00134086	2024-01-10
LAB0000139	1000138	2024-01-05	Y	XBB.1.16.24	0.00147173	2024-01-10
LAB0000139	1000138	2024-01-05	Y	unreportable	0.04155691	2024-01-10
LAB0000140	1000139	2024-02-13	C	XDP	0.28580385	2024-02-23
LAB0000140	1000139	2024-02-13	C	JN.1.4.3	0.33264657	2024-02-23
LAB0000140	1000139	2024-02-13	C	JN.1.8.1	0.35835151	2024-02-23
LAB0000140	1000139	2024-02-13	C	JN.1.8	0.00727602	2024-02-23
LAB0000140	1000139	2024-02-13	C	JN.1.11.1	0.00416313	2024-02-23
LAB0000140	1000139	2024-02-13	C	XDQ	0.00101522	2024-02-23
LAB0000140	1000139	2024-02-13	C	JN.1.4.2	0.00089478	2024-02-23
LAB0000140	1000139	2024-02-13	C	unreportable	0.00984892	2024-02-23
LAB0000141	1000140	2024-02-15	O	JN.1	0.31626805	2024-02-23
LAB0000141	1000140	2024-02-15	O	JN.1.11	0.25838739	2024-02-23
LAB0000141	1000140	2024-02-15	O	JN.1.4.2	0.26754283	2024-02-23
LAB0000141	1000140	2024-02-15	O	JN.1.7	0.08570897	2024-02-23
LAB0000141	1000140	2024-02-15	O	JN.1.4.3	0.05280833	2024-02-23
LAB0000141	1000140	2024-02-15	O	JN.1.8.1	0.00529555	2024-02-23
LAB0000141	1000140	2024-02-15	O	JN.1.10	0.00361173	2024-02-23
LAB0000141	1000140	2024-02-15	O	JN.1.14	0.00165199	2024-02-23
LAB0000141	1000140	2024-02-15	O	JN.1.1.3	0.00165149	2024-02-23
LAB0000141	1000140	2024-02-15	O	JN.1.19	0.0010849	2024-02-23
LAB0000141	1000140	2024-02-15	O	JN.1.5	0.00093352	2024-02-23
LAB0000141	1000140	2024-02-15	O	unreportable	0.00505526	2024-02-23
LAB0000142	1000141	2024-02-15	N	JN.1	0.35536255	2024-02-23
LAB0000142	1000141	2024-02-15	N	JN.1.11	0.26177693	2024-02-23
LAB0000142	1000141	2024-02-15	N	JN.1.4	0.24783036	2024-02-23
LAB0000142	1000141	2024-02-15	N	JN.1.4.2	0.06370394	2024-02-23
LAB0000142	1000141	2024-02-15	N	JN.1.8	0.04757822	2024-02-23
LAB0000142	1000141	2024-02-15	N	JN.1.7	0.00963724	2024-02-23
LAB0000142	1000141	2024-02-15	N	JN.1.16	0.00151661	2024-02-23
LAB0000142	1000141	2024-02-15	N	JN.1.11.1	0.00131794	2024-02-23
LAB0000142	1000141	2024-02-15	N	JN.1.10	0.00128836	2024-02-23
LAB0000142	1000141	2024-02-15	N	JN.1.14	0.00107189	2024-02-23
LAB0000142	1000141	2024-02-15	N	JN.1.1.3	0.00102898	2024-02-23
LAB0000142	1000141	2024-02-15	N	JN.1.5	0.00149866	2024-02-23
LAB0000142	1000141	2024-02-15	N	unreportable	0.00638832	2024-02-23
LAB0000143	1000142	2024-02-14	V	JN.1.4.2	0.37416484	2024-02-23
LAB0000143	1000142	2024-02-14	V	JN.1	0.32819989	2024-02-23
LAB0000143	1000142	2024-02-14	V	JN.1.4.3	0.14749523	2024-02-23
LAB0000143	1000142	2024-02-14	V	JN.1.11	0.09855278	2024-02-23
LAB0000143	1000142	2024-02-14	V	JN.1.9	0.01103007	2024-02-23
LAB0000143	1000142	2024-02-14	V	JN.1.19	0.01332331	2024-02-23
LAB0000143	1000142	2024-02-14	V	JN.1.9.1	0.00542599	2024-02-23
LAB0000143	1000142	2024-02-14	V	JN.1.16	0.00407144	2024-02-23
LAB0000143	1000142	2024-02-14	V	JN.1.8.1	0.0036437	2024-02-23
LAB0000143	1000142	2024-02-14	V	JN.1.1.3	0.00252936	2024-02-23
LAB0000143	1000142	2024-02-14	V	JN.1.21	0.00224938	2024-02-23
LAB0000143	1000142	2024-02-14	V	JN.1.3	0.00161397	2024-02-23
LAB0000143	1000142	2024-02-14	V	JN.1.12	0.00117194	2024-02-23
LAB0000143	1000142	2024-02-14	V	JN.1.17	0.00113763	2024-02-23
LAB0000143	1000142	2024-02-14	V	unreportable	0.00539047	2024-02-23
LAB0000144	1000143	2024-02-15	Z	JN.1.11	0.38657482	2024-02-23
LAB0000144	1000143	2024-02-15	Z	JN.1	0.33540259	2024-02-23
LAB0000144	1000143	2024-02-15	Z	XDK	0.26071326	2024-02-23
LAB0000144	1000143	2024-02-15	Z	JN.1.4.2	0.00850242	2024-02-23
LAB0000144	1000143	2024-02-15	Z	JN.1.22	0.00073058	2024-02-23
LAB0000144	1000143	2024-02-15	Z	unreportable	0.00807633	2024-02-23
LAB0000145	1000144	2024-02-16	X	JN.1	0.72214657	2024-02-23
LAB0000145	1000144	2024-02-16	X	JN.1.11	0.24630081	2024-02-23
LAB0000145	1000144	2024-02-16	X	JN.1.15	0.00579386	2024-02-23
LAB0000145	1000144	2024-02-16	X	JN.1.16	0.00546799	2024-02-23
LAB0000145	1000144	2024-02-16	X	JN.1.1.3	0.00291459	2024-02-23
LAB0000145	1000144	2024-02-16	X	JN.1.3	0.00231098	2024-02-23
LAB0000145	1000144	2024-02-16	X	JN.1.21	0.00287885	2024-02-23
LAB0000145	1000144	2024-02-16	X	JN.1.19	0.00248448	2024-02-23
LAB0000145	1000144	2024-02-16	X	JN.1.8.1	0.00095559	2024-02-23
LAB0000145	1000144	2024-02-16	X	unreportable	0.0087463	2024-02-23
LAB0000146	1000145	2024-02-16	Q	JN.1.11	0.1997116	2024-02-23
LAB0000146	1000145	2024-02-16	Q	JN.1.6.1	0.15519844	2024-02-23
LAB0000146	1000145	2024-02-16	Q	JN.1.20	0.16063908	2024-02-23
LAB0000146	1000145	2024-02-16	Q	JN.1.6	0.11298216	2024-02-23
LAB0000146	1000145	2024-02-16	Q	JN.1.18	0.18782644	2024-02-23
LAB0000146	1000145	2024-02-16	Q	JN.1	0.17445335	2024-02-23
LAB0000146	1000145	2024-02-16	Q	JN.1.19	0.00217549	2024-02-23
LAB0000146	1000145	2024-02-16	Q	JN.1.8.1	0.00141473	2024-02-23
LAB0000146	1000145	2024-02-16	Q	JN.1.5	0.00129484	2024-02-23
LAB0000146	1000145	2024-02-16	Q	unreportable	0.00430387	2024-02-23
LAB0000147	1000146	2024-02-15	R	JN.1.4	0.69118355	2024-02-23
LAB0000147	1000146	2024-02-15	R	JN.1.11	0.1824535	2024-02-23
LAB0000147	1000146	2024-02-15	R	JN.1.8	0.11487314	2024-02-23
LAB0000147	1000146	2024-02-15	R	JN.1.16	0.00276475	2024-02-23
LAB0000147	1000146	2024-02-15	R	JN.1.19	0.00087144	2024-02-23
LAB0000147	1000146	2024-02-15	R	JN.1.8.1	0.00118241	2024-02-23
LAB0000147	1000146	2024-02-15	R	BA.2.86.3	0.00083757	2024-02-23
LAB0000147	1000146	2024-02-15	R	unreportable	0.00583363	2024-02-23
LAB0000148	1000147	2024-02-15	F	JN.1.4.2	0.57131614	2024-02-23
LAB0000148	1000147	2024-02-15	F	JN.1.11	0.38559981	2024-02-23
LAB0000148	1000147	2024-02-15	F	JN.1.8	0.02534968	2024-02-23
LAB0000148	1000147	2024-02-15	F	XDP	0.00676821	2024-02-23
LAB0000148	1000147	2024-02-15	F	JN.1.16	0.00232316	2024-02-23
LAB0000148	1000147	2024-02-15	F	JN.1.8.1	0.00241149	2024-02-23
LAB0000148	1000147	2024-02-15	F	JN.1.17	0.00126354	2024-02-23
LAB0000148	1000147	2024-02-15	F	unreportable	0.00496798	2024-02-23
LAB0000149	1000148	2024-02-15	B	JN.1.4.2	0.53066097	2024-02-23
LAB0000149	1000148	2024-02-15	B	JN.1.11	0.29049989	2024-02-23
LAB0000149	1000148	2024-02-15	B	JN.1.8	0.12308451	2024-02-23
LAB0000149	1000148	2024-02-15	B	XDP	0.04517732	2024-02-23
LAB0000149	1000148	2024-02-15	B	XDR	0.00273852	2024-02-23
LAB0000149	1000148	2024-02-15	B	JN.1.19	0.00295657	2024-02-23
LAB0000149	1000148	2024-02-15	B	JN.1.16	0.00136413	2024-02-23
LAB0000149	1000148	2024-02-15	B	JN.1.21	0.0015918	2024-02-23
LAB0000149	1000148	2024-02-15	B	unreportable	0.00192631	2024-02-23
LAB0000150	1000149	2024-02-15	W	JN.1.11	0.5282575	2024-02-23
LAB0000150	1000149	2024-02-15	W	JN.1.4.2	0.22067169	2024-02-23
LAB0000150	1000149	2024-02-15	W	JN.1	0.1590369	2024-02-23
LAB0000150	1000149	2024-02-15	W	JN.1.8.1	0.03601769	2024-02-23
LAB0000150	1000149	2024-02-15	W	JN.1.1	0.04346109	2024-02-23
LAB0000150	1000149	2024-02-15	W	JN.1.7	0.00206761	2024-02-23
LAB0000150	1000149	2024-02-15	W	JN.1.16	0.00145812	2024-02-23
LAB0000150	1000149	2024-02-15	W	unreportable	0.0090294	2024-02-23
LAB0000151	1000150	2024-02-15	A	JN.1.4.3	0.55642668	2024-02-23
LAB0000151	1000150	2024-02-15	A	JN.1.11	0.23283725	2024-02-23
LAB0000151	1000150	2024-02-15	A	JN.1.7	0.16145351	2024-02-23
LAB0000151	1000150	2024-02-15	A	JN.1.8	0.02973066	2024-02-23
LAB0000151	1000150	2024-02-15	A	JN.1.4.2	0.00257799	2024-02-23
LAB0000151	1000150	2024-02-15	A	JN.1.8.1	0.00128309	2024-02-23
LAB0000151	1000150	2024-02-15	A	JN.1.10	0.00169822	2024-02-23
LAB0000151	1000150	2024-02-15	A	JN.1.15	0.00162373	2024-02-23
LAB0000151	1000150	2024-02-15	A	JN.1.11.1	0.00154323	2024-02-23
LAB0000151	1000150	2024-02-15	A	JN.1.19	0.00137738	2024-02-23
LAB0000151	1000150	2024-02-15	A	unreportable	0.00944824	2024-02-23
LAB0000152	1000151	2024-02-15	C	JN.1.7	0.35750665	2024-02-23
LAB0000152	1000151	2024-02-15	C	JN.1.4	0.34062892	2024-02-23
LAB0000152	1000151	2024-02-15	C	JN.1.11	0.2257645	2024-02-23
LAB0000152	1000151	2024-02-15	C	JN.1.4.2	0.05702532	2024-02-23
LAB0000152	1000151	2024-02-15	C	JN.1.21	0.00383946	2024-02-23
LAB0000152	1000151	2024-02-15	C	JN.1.6	0.00229042	2024-02-23
LAB0000152	1000151	2024-02-15	C	JN.1.16	0.00239295	2024-02-23
LAB0000152	1000151	2024-02-15	C	JN.1.5	0.0021236	2024-02-23
LAB0000152	1000151	2024-02-15	C	JN.1.15	0.00108404	2024-02-23
LAB0000152	1000151	2024-02-15	C	unreportable	0.00734414	2024-02-23
LAB0000153	1000152	2024-02-14	U	JN.1	0.4793584	2024-02-23
LAB0000153	1000152	2024-02-14	U	JN.1.11	0.19278318	2024-02-23
LAB0000153	1000152	2024-02-14	U	JN.1.4.2	0.16043285	2024-02-23
LAB0000153	1000152	2024-02-14	U	JN.1.7	0.10528817	2024-02-23
LAB0000153	1000152	2024-02-14	U	JN.1.8	0.04068193	2024-02-23
LAB0000153	1000152	2024-02-14	U	JN.1.4.3	0.00388926	2024-02-23
LAB0000153	1000152	2024-02-14	U	JN.1.15	0.0025206	2024-02-23
LAB0000153	1000152	2024-02-14	U	JN.1.8.1	0.00228425	2024-02-23
LAB0000153	1000152	2024-02-14	U	JN.1.16	0.00082796	2024-02-23
LAB0000153	1000152	2024-02-14	U	JN.1.5	0.00131147	2024-02-23
LAB0000153	1000152	2024-02-14	U	unreportable	0.01062192	2024-02-23
LAB0000154	1000153	2024-02-15	H	JN.1.4.2	0.59020794	2024-02-23
LAB0000154	1000153	2024-02-15	H	JN.1.8	0.27593091	2024-02-23
LAB0000154	1000153	2024-02-15	H	JN.1	0.10139262	2024-02-23
LAB0000154	1000153	2024-02-15	H	JN.1.7	0.02107363	2024-02-23
LAB0000154	1000153	2024-02-15	H	JN.1.2.1	0.00166901	2024-02-23
LAB0000154	1000153	2024-02-15	H	JN.1.15	0.00113442	2024-02-23
LAB0000154	1000153	2024-02-15	H	BA.2.86.3	0.00094684	2024-02-23
LAB0000154	1000153	2024-02-15	H	JN.1.10	0.00079162	2024-02-23
LAB0000154	1000153	2024-02-15	H	unreportable	0.00685302	2024-02-23
LAB0000155	1000154	2024-02-15	P	JN.1	0.55557377	2024-02-23
LAB0000155	1000154	2024-02-15	P	JN.1.18	0.24604169	2024-02-23
LAB0000155	1000154	2024-02-15	P	JN.1.11	0.0576873	2024-02-23
LAB0000155	1000154	2024-02-15	P	JN.1.15	0.01847842	2024-02-23
LAB0000155	1000154	2024-02-15	P	JN.1.7	0.01331402	2024-02-23
LAB0000155	1000154	2024-02-15	P	JN.1.8	0.01135101	2024-02-23
LAB0000155	1000154	2024-02-15	P	FL.35.1	0.00914191	2024-02-23
LAB0000155	1000154	2024-02-15	P	EG.4.5	0.00717277	2024-02-23
LAB0000155	1000154	2024-02-15	P	XDP	0.00479724	2024-02-23
LAB0000155	1000154	2024-02-15	P	JJ.1	0.00317045	2024-02-23
LAB0000155	1000154	2024-02-15	P	JG.3.4	0.00389723	2024-02-23
LAB0000155	1000154	2024-02-15	P	JN.1.21	0.00521249	2024-02-23
LAB0000155	1000154	2024-02-15	P	JN.1.8.1	0.00387348	2024-02-23
LAB0000155	1000154	2024-02-15	P	EG.5.1.8	0.00366771	2024-02-23
LAB0000155	1000154	2024-02-15	P	JN.1.4.2	0.00223314	2024-02-23
LAB0000155	1000154	2024-02-15	P	EG.2.3	0.00274018	2024-02-23
LAB0000155	1000154	2024-02-15	P	GA.4.1	0.00163798	2024-02-23
LAB0000155	1000154	2024-02-15	P	JN.1.14	0.00139628	2024-02-23
LAB0000155	1000154	2024-02-15	P	unreportable	0.04861295	2024-02-23
LAB0000156	1000155	2024-02-16	K	JN.1.4.2	0.37003145	2024-02-23
LAB0000156	1000155	2024-02-16	K	JN.1.11	0.22262426	2024-02-23
LAB0000156	1000155	2024-02-16	K	JN.1.7	0.11628069	2024-02-23
LAB0000156	1000155	2024-02-16	K	JN.1	0.1289152	2024-02-23
LAB0000156	1000155	2024-02-16	K	JN.1.4	0.14084519	2024-02-23
LAB0000156	1000155	2024-02-16	K	JN.1.20	0.00984562	2024-02-23
LAB0000156	1000155	2024-02-16	K	JN.1.11.1	0.00293497	2024-02-23
LAB0000156	1000155	2024-02-16	K	JN.1.19	0.00192881	2024-02-23
LAB0000156	1000155	2024-02-16	K	JN.1.8.1	0.00124139	2024-02-23
LAB0000156	1000155	2024-02-16	K	unreportable	0.00535243	2024-02-23
LAB0000157	1000156	2024-02-16	I	JN.1	0.32227237	2024-02-23
LAB0000157	1000156	2024-02-16	I	JN.1.7	0.26164878	2024-02-23
LAB0000157	1000156	2024-02-16	I	JN.1.11	0.15083331	2024-02-23
LAB0000157	1000156	2024-02-16	I	JN.1.9	0.05414652	2024-02-23
LAB0000157	1000156	2024-02-16	I	JN.1.8	0.08748108	2024-02-23
LAB0000157	1000156	2024-02-16	I	JN.1.4.2	0.05441976	2024-02-23
LAB0000157	1000156	2024-02-16	I	JN.1.16	0.01023705	2024-02-23
LAB0000157	1000156	2024-02-16	I	XDD	0.00874144	2024-02-23
LAB0000157	1000156	2024-02-16	I	BA.2.86.1	0.00754293	2024-02-23
LAB0000157	1000156	2024-02-16	I	JN.1.8.1	0.0027761	2024-02-23
LAB0000157	1000156	2024-02-16	I	JN.1.20	0.00230483	2024-02-23
LAB0000157	1000156	2024-02-16	I	JN.1.19	0.00211504	2024-02-23
LAB0000157	1000156	2024-02-16	I	JN.1.11.1	0.00133953	2024-02-23
LAB0000157	1000156	2024-02-16	I	JN.1.4.1	0.00151843	2024-02-23
LAB0000157	1000156	2024-02-16	I	BA.2.86.5	0.00120293	2024-02-23
LAB0000157	1000156	2024-02-16	I	JF.4	0.00144947	2024-02-23
LAB0000157	1000156	2024-02-16	I	JN.1.10	0.00103019	2024-02-23
LAB0000157	1000156	2024-02-16	I	unreportable	0.02894024	2024-02-23
LAB0000158	1000157	2024-02-16	E	JN.1.4.2	0.37126734	2024-02-23
LAB0000158	1000157	2024-02-16	E	JN.1	0.2017865	2024-02-23
LAB0000158	1000157	2024-02-16	E	JN.1.16	0.16650866	2024-02-23
LAB0000158	1000157	2024-02-16	E	JN.1.4.3	0.14044614	2024-02-23
LAB0000158	1000157	2024-02-16	E	JN.1.11	0.05522009	2024-02-23
LAB0000158	1000157	2024-02-16	E	XDP	0.04635637	2024-02-23
LAB0000158	1000157	2024-02-16	E	JN.1.18	0.00262633	2024-02-23
LAB0000158	1000157	2024-02-16	E	JN.1.8.1	0.00353878	2024-02-23
LAB0000158	1000157	2024-02-16	E	JN.1.3	0.00299441	2024-02-23
LAB0000158	1000157	2024-02-16	E	JN.1.7	0.00223586	2024-02-23
LAB0000158	1000157	2024-02-16	E	JN.1.19	0.00146868	2024-02-23
LAB0000158	1000157	2024-02-16	E	unreportable	0.00555083	2024-02-23
LAB0000159	1000158	2024-02-16	Y	JN.1.11	0.27826697	2024-02-23
LAB0000159	1000158	2024-02-16	Y	JN.1.4.2	0.39348255	2024-02-23
LAB0000159	1000158	2024-02-16	Y	JN.1.4.3	0.1862918	2024-02-23
LAB0000159	1000158	2024-02-16	Y	JN.1.8	0.11570418	2024-02-23
LAB0000159	1000158	2024-02-16	Y	JN.1.8.1	0.01857529	2024-02-23
LAB0000159	1000158	2024-02-16	Y	XDK	0.00166768	2024-02-23
LAB0000159	1000158	2024-02-16	Y	unreportable	0.00601152	2024-02-23
LAB0000160	1000159	2024-02-07	D	JN.1.11	0.2651428	2024-02-15
LAB0000160	1000159	2024-02-07	D	JN.1.4	0.23602045	2024-02-15
LAB0000160	1000159	2024-02-07	D	JN.1.4.2	0.27525743	2024-02-15
LAB0000160	1000159	2024-02-07	D	JN.1.8.1	0.06383248	2024-02-15
LAB0000160	1000159	2024-02-07	D	JN.1.5	0.0381992	2024-02-15
LAB0000160	1000159	2024-02-07	D	JN.1.19	0.02623566	2024-02-15
LAB0000160	1000159	2024-02-07	D	XDP	0.03198145	2024-02-15
LAB0000160	1000159	2024-02-07	D	XDR	0.0174238	2024-02-15
LAB0000160	1000159	2024-02-07	D	JN.2.5	0.02004482	2024-02-15
LAB0000160	1000159	2024-02-07	D	JN.1.7	0.00973905	2024-02-15
LAB0000160	1000159	2024-02-07	D	BA.2.86.1	0.00269604	2024-02-15
LAB0000160	1000159	2024-02-07	D	unreportable	0.01342683	2024-02-15
LAB0000161	1000160	2024-02-06	W	JN.1	0.63060847	2024-02-15
LAB0000161	1000160	2024-02-06	W	JN.1.11	0.20023609	2024-02-15
LAB0000161	1000160	2024-02-06	W	JN.1.4.2	0.11716879	2024-02-15
LAB0000161	1000160	2024-02-06	W	JN.1.1.1	0.03897024	2024-02-15
LAB0000161	1000160	2024-02-06	W	JN.1.16	0.00203905	2024-02-15
LAB0000161	1000160	2024-02-06	W	JN.1.15	0.00073997	2024-02-15
LAB0000161	1000160	2024-02-06	W	unreportable	0.0102374	2024-02-15
LAB0000162	1000161	2024-02-08	R	JN.1.4.2	0.4319592	2024-02-15
LAB0000162	1000161	2024-02-08	R	JN.1.11	0.55658098	2024-02-15
LAB0000162	1000161	2024-02-08	R	XDP	0.00285464	2024-02-15
LAB0000162	1000161	2024-02-08	R	JN.1.14	0.00302279	2024-02-15
LAB0000162	1000161	2024-02-08	R	unreportable	0.00558238	2024-02-15
LAB0000163	1000162	2024-02-07	U	JN.1	0.53948055	2024-02-15
LAB0000163	1000162	2024-02-07	U	JN.1.16	0.08988084	2024-02-15
LAB0000163	1000162	2024-02-07	U	JN.10	0.06708614	2024-02-15
LAB0000163	1000162	2024-02-07	U	FL.15.1.1	0.06936349	2024-02-15
LAB0000163	1000162	2024-02-07	U	JN.1.11	0.0408917	2024-02-15
LAB0000163	1000162	2024-02-07	U	FL.15.1	0.02703704	2024-02-15
LAB0000163	1000162	2024-02-07	U	JN.1.7	0.02884046	2024-02-15
LAB0000163	1000162	2024-02-07	U	JN.1.18	0.01116572	2024-02-15
LAB0000163	1000162	2024-02-07	U	JN.1.1.1	0.00771081	2024-02-15
LAB0000163	1000162	2024-02-07	U	JN.1.8	0.01043145	2024-02-15
LAB0000163	1000162	2024-02-07	U	XDP	0.00899291	2024-02-15
LAB0000163	1000162	2024-02-07	U	KF.2	0.00478324	2024-02-15
LAB0000163	1000162	2024-02-07	U	XBB.1.5.100	0.00350293	2024-02-15
LAB0000163	1000162	2024-02-07	U	EG.6	0.00290583	2024-02-15
LAB0000163	1000162	2024-02-07	U	JN.1.19	0.00221102	2024-02-15
LAB0000163	1000162	2024-02-07	U	FL.29	0.0018878	2024-02-15
LAB0000163	1000162	2024-02-07	U	JN.1.8.1	0.00241628	2024-02-15
LAB0000163	1000162	2024-02-07	U	FE.1.1.5	0.00196938	2024-02-15
LAB0000163	1000162	2024-02-07	U	EG.1.8	0.00228124	2024-02-15
LAB0000163	1000162	2024-02-07	U	EG.2.3	0.00143133	2024-02-15
LAB0000163	1000162	2024-02-07	U	JN.1.17	0.0011241	2024-02-15
LAB0000163	1000162	2024-02-07	U	XBB.1.5.31	0.00130466	2024-02-15
LAB0000163	1000162	2024-02-07	U	JN.2	0.00108672	2024-02-15
LAB0000163	1000162	2024-02-07	U	XBB.1.5.82	0.00162111	2024-02-15
LAB0000163	1000162	2024-02-07	U	FY.2.1	0.00126363	2024-02-15
LAB0000163	1000162	2024-02-07	U	GW.2	0.00083567	2024-02-15
LAB0000163	1000162	2024-02-07	U	JN.1.15	0.00133984	2024-02-15
LAB0000163	1000162	2024-02-07	U	JN.1.4.2	0.00118014	2024-02-15
LAB0000163	1000162	2024-02-07	U	FL.30	0.00134336	2024-02-15
LAB0000163	1000162	2024-02-07	U	XBB.1.5.75	0.00096393	2024-02-15
LAB0000163	1000162	2024-02-07	U	unreportable	0.06366665	2024-02-15
LAB0000164	1000163	2024-02-08	N	JN.1.4.2	0.2572223	2024-02-15
LAB0000164	1000163	2024-02-08	N	JN.1	0.26026802	2024-02-15
LAB0000164	1000163	2024-02-08	N	JN.1.8.1	0.19890382	2024-02-15
LAB0000164	1000163	2024-02-08	N	JN.1.14	0.12062448	2024-02-15
LAB0000164	1000163	2024-02-08	N	JN.1.11	0.06422717	2024-02-15
LAB0000164	1000163	2024-02-08	N	JN.2	0.03851551	2024-02-15
LAB0000164	1000163	2024-02-08	N	JN.2.5	0.01619715	2024-02-15
LAB0000164	1000163	2024-02-08	N	XDP	0.00802167	2024-02-15
LAB0000164	1000163	2024-02-08	N	XDD.1	0.00663875	2024-02-15
LAB0000164	1000163	2024-02-08	N	XDD.1.1	0.00358071	2024-02-15
LAB0000164	1000163	2024-02-08	N	JN.1.1.2	0.00154717	2024-02-15
LAB0000164	1000163	2024-02-08	N	JN.1.19	0.00163025	2024-02-15
LAB0000164	1000163	2024-02-08	N	XDQ	0.00144389	2024-02-15
LAB0000164	1000163	2024-02-08	N	JN.1.16	0.00107246	2024-02-15
LAB0000164	1000163	2024-02-08	N	unreportable	0.02010665	2024-02-15
LAB0000165	1000164	2024-02-07	V	JN.1	0.35596984	2024-02-15
LAB0000165	1000164	2024-02-07	V	JN.1.11	0.22228966	2024-02-15
LAB0000165	1000164	2024-02-07	V	JN.1.4.2	0.28828099	2024-02-15
LAB0000165	1000164	2024-02-07	V	JN.1.1	0.09461764	2024-02-15
LAB0000165	1000164	2024-02-07	V	JN.1.8	0.01566529	2024-02-15
LAB0000165	1000164	2024-02-07	V	JN.1.8.1	0.00414623	2024-02-15
LAB0000165	1000164	2024-02-07	V	JN.1.1.2	0.00313402	2024-02-15
LAB0000165	1000164	2024-02-07	V	JN.1.1.3	0.00253278	2024-02-15
LAB0000165	1000164	2024-02-07	V	JN.1.6	0.00195251	2024-02-15
LAB0000165	1000164	2024-02-07	V	JN.1.11.1	0.00154165	2024-02-15
LAB0000165	1000164	2024-02-07	V	JN.1.19	0.00184627	2024-02-15
LAB0000165	1000164	2024-02-07	V	unreportable	0.00802313	2024-02-15
LAB0000166	1000165	2024-02-08	F	JN.1.4.2	0.52255019	2024-02-15
LAB0000166	1000165	2024-02-08	F	JN.1.9	0.33715034	2024-02-15
LAB0000166	1000165	2024-02-08	F	JN.1.7	0.10018014	2024-02-15
LAB0000166	1000165	2024-02-08	F	JN.1.8.1	0.01484251	2024-02-15
LAB0000166	1000165	2024-02-08	F	JN.1.9.1	0.01293188	2024-02-15
LAB0000166	1000165	2024-02-08	F	JN.1.16	0.00098147	2024-02-15
LAB0000166	1000165	2024-02-08	F	BA.2.86.5	0.00166304	2024-02-15
LAB0000166	1000165	2024-02-08	F	unreportable	0.00970043	2024-02-15
LAB0000167	1000166	2024-02-08	Z	JN.1	0.46807057	2024-02-15
LAB0000167	1000166	2024-02-08	Z	JN.1.9	0.20253093	2024-02-15
LAB0000167	1000166	2024-02-08	Z	JN.1.16	0.11421626	2024-02-15
LAB0000167	1000166	2024-02-08	Z	JN.1.8	0.09003847	2024-02-15
LAB0000167	1000166	2024-02-08	Z	JN.1.11	0.08040434	2024-02-15
LAB0000167	1000166	2024-02-08	Z	JN.10	0.01015755	2024-02-15
LAB0000167	1000166	2024-02-08	Z	XBB.2.4	0.00294182	2024-02-15
LAB0000167	1000166	2024-02-08	Z	XBB.2.9	0.00182595	2024-02-15
LAB0000167	1000166	2024-02-08	Z	JN.1.19	0.00089982	2024-02-15
LAB0000167	1000166	2024-02-08	Z	unreportable	0.02891429	2024-02-15
LAB0000168	1000167	2024-02-08	L	JN.1	0.49402814	2024-02-15
LAB0000168	1000167	2024-02-08	L	JN.1.11	0.2483913	2024-02-15
LAB0000168	1000167	2024-02-08	L	JN.2.5	0.13864471	2024-02-15
LAB0000168	1000167	2024-02-08	L	JN.1.4.2	0.10389738	2024-02-15
LAB0000168	1000167	2024-02-08	L	JN.1.20	0.00197591	2024-02-15
LAB0000168	1000167	2024-02-08	L	JN.1.16	0.00133632	2024-02-15
LAB0000168	1000167	2024-02-08	L	JN.1.19	0.00109976	2024-02-15
LAB0000168	1000167	2024-02-08	L	unreportable	0.01062648	2024-02-15
LAB0000169	1000168	2024-02-08	P	JN.1.11	0.68165159	2024-02-15
LAB0000169	1000168	2024-02-08	P	JN.1.7	0.14402105	2024-02-15
LAB0000169	1000168	2024-02-08	P	JN.1.18	0.07423341	2024-02-15
LAB0000169	1000168	2024-02-08	P	XDP	0.03656621	2024-02-15
LAB0000169	1000168	2024-02-08	P	JN.1.4.2	0.02140111	2024-02-15
LAB0000169	1000168	2024-02-08	P	HV.1.10	0.00733878	2024-02-15
LAB0000169	1000168	2024-02-08	P	JN.1.8.1	0.00274023	2024-02-15
LAB0000169	1000168	2024-02-08	P	EG.5.1.9	0.00163852	2024-02-15
LAB0000169	1000168	2024-02-08	P	EG.5.1.4	0.001673	2024-02-15
LAB0000169	1000168	2024-02-08	P	JN.1.1.3	0.00084207	2024-02-15
LAB0000169	1000168	2024-02-08	P	EG.9	0.00074096	2024-02-15
LAB0000169	1000168	2024-02-08	P	JN.1.11.1	0.00109239	2024-02-15
LAB0000169	1000168	2024-02-08	P	unreportable	0.02606068	2024-02-15
LAB0000170	1000169	2024-02-09	X	JN.1.4.2	0.41292401	2024-02-15
LAB0000170	1000169	2024-02-09	X	JN.1.8	0.16194472	2024-02-15
LAB0000170	1000169	2024-02-09	X	XDP	0.17682678	2024-02-15
LAB0000170	1000169	2024-02-09	X	JN.1.8.1	0.10058788	2024-02-15
LAB0000170	1000169	2024-02-09	X	JN.1.7	0.13133893	2024-02-15
LAB0000170	1000169	2024-02-09	X	JN.1.20	0.00387636	2024-02-15
LAB0000170	1000169	2024-02-09	X	JN.1.11.1	0.0025262	2024-02-15
LAB0000170	1000169	2024-02-09	X	JN.1.19	0.00147933	2024-02-15
LAB0000170	1000169	2024-02-09	X	unreportable	0.00849579	2024-02-15
LAB0000171	1000170	2024-02-09	Q	JN.1.11	0.31993766	2024-02-15
LAB0000171	1000170	2024-02-09	Q	JN.1	0.38820328	2024-02-15
LAB0000171	1000170	2024-02-09	Q	JN.1.4	0.28141788	2024-02-15
LAB0000171	1000170	2024-02-09	Q	JN.1.7	0.00212535	2024-02-15
LAB0000171	1000170	2024-02-09	Q	JN.1.4.2	0.0017407	2024-02-15
LAB0000171	1000170	2024-02-09	Q	JN.1.19	0.00153173	2024-02-15
LAB0000171	1000170	2024-02-09	Q	unreportable	0.00504341	2024-02-15
LAB0000172	1000171	2024-02-08	A	JN.1.11	0.69727902	2024-02-15
LAB0000172	1000171	2024-02-08	A	JN.1.4.2	0.28015775	2024-02-15
LAB0000172	1000171	2024-02-08	A	JN.2.5	0.00326323	2024-02-15
LAB0000172	1000171	2024-02-08	A	JN.1.8.1	0.0010737	2024-02-15
LAB0000172	1000171	2024-02-08	A	JQ.1	0.0016382	2024-02-15
LAB0000172	1000171	2024-02-08	A	XDP	0.00091322	2024-02-15
LAB0000172	1000171	2024-02-08	A	JN.1.17	0.00087494	2024-02-15
LAB0000172	1000171	2024-02-08	A	JN.1.3	0.0009348	2024-02-15
LAB0000172	1000171	2024-02-08	A	unreportable	0.01386514	2024-02-15
LAB0000173	1000172	2024-02-08	W	JN.1.4.2	0.46758306	2024-02-15
LAB0000173	1000172	2024-02-08	W	JN.1	0.27241908	2024-02-15
LAB0000173	1000172	2024-02-08	W	JN.1.11	0.14317499	2024-02-15
LAB0000173	1000172	2024-02-08	W	JN.1.7	0.08348655	2024-02-15
LAB0000173	1000172	2024-02-08	W	JN.1.16	0.01252934	2024-02-15
LAB0000173	1000172	2024-02-08	W	JN.1.4	0.00936139	2024-02-15
LAB0000173	1000172	2024-02-08	W	JN.1.8.1	0.00101393	2024-02-15
LAB0000173	1000172	2024-02-08	W	JN.1.19	0.0013908	2024-02-15
LAB0000173	1000172	2024-02-08	W	XDK	0.00123055	2024-02-15
LAB0000173	1000172	2024-02-08	W	JN.1.5	0.00104725	2024-02-15
LAB0000173	1000172	2024-02-08	W	unreportable	0.00676306	2024-02-15
LAB0000174	1000173	2024-02-08	H	JN.1	0.52222632	2024-02-15
LAB0000174	1000173	2024-02-08	H	BA.2.86	0.14952318	2024-02-15
LAB0000174	1000173	2024-02-08	H	JN.1.18	0.12666371	2024-02-15
LAB0000174	1000173	2024-02-08	H	HV.1.1	0.08389866	2024-02-15
LAB0000174	1000173	2024-02-08	H	JN.1.11	0.02774408	2024-02-15
LAB0000174	1000173	2024-02-08	H	XDR	0.05058575	2024-02-15
LAB0000174	1000173	2024-02-08	H	XDD	0.01613259	2024-02-15
LAB0000174	1000173	2024-02-08	H	JN.1.4.2	0.00526059	2024-02-15
LAB0000174	1000173	2024-02-08	H	BA.2.86.4	0.00211856	2024-02-15
LAB0000174	1000173	2024-02-08	H	JN.1.8.1	0.00259997	2024-02-15
LAB0000174	1000173	2024-02-08	H	JN.1.16	0.00147453	2024-02-15
LAB0000174	1000173	2024-02-08	H	unreportable	0.01177206	2024-02-15
LAB0000175	1000174	2024-02-08	B	JN.1	0.65195187	2024-02-15
LAB0000175	1000174	2024-02-08	B	JN.1.11	0.18264139	2024-02-15
LAB0000175	1000174	2024-02-08	B	JN.1.8.1	0.14543653	2024-02-15
LAB0000175	1000174	2024-02-08	B	JN.1.4.2	0.01043902	2024-02-15
LAB0000175	1000174	2024-02-08	B	JN.1.9.1	0.00165647	2024-02-15
LAB0000175	1000174	2024-02-08	B	JN.1.3	0.00133691	2024-02-15
LAB0000175	1000174	2024-02-08	B	unreportable	0.00653781	2024-02-15
LAB0000176	1000175	2024-02-09	I	JN.1	0.55444435	2024-02-15
LAB0000176	1000175	2024-02-09	I	JN.1.4.2	0.18629094	2024-02-15
LAB0000176	1000175	2024-02-09	I	JN.1.11	0.06734474	2024-02-15
LAB0000176	1000175	2024-02-09	I	JN.1.8	0.06869789	2024-02-15
LAB0000176	1000175	2024-02-09	I	FL.35.1	0.03207262	2024-02-15
LAB0000176	1000175	2024-02-09	I	HV.1.7	0.0214197	2024-02-15
LAB0000176	1000175	2024-02-09	I	JN.1.22	0.01812461	2024-02-15
LAB0000176	1000175	2024-02-09	I	JN.1.10	0.0063257	2024-02-15
LAB0000176	1000175	2024-02-09	I	JN.1.8.1	0.00384481	2024-02-15
LAB0000176	1000175	2024-02-09	I	GJ.5	0.0042025	2024-02-15
LAB0000176	1000175	2024-02-09	I	HV.1.8	0.00191099	2024-02-15
LAB0000176	1000175	2024-02-09	I	XBB.2.9	0.00135398	2024-02-15
LAB0000176	1000175	2024-02-09	I	XBB.1.5.27	0.00143751	2024-02-15
LAB0000176	1000175	2024-02-09	I	JR.1	0.00114405	2024-02-15
LAB0000176	1000175	2024-02-09	I	unreportable	0.03138559	2024-02-15
LAB0000177	1000176	2024-02-09	E	JN.1	0.54617439	2024-02-15
LAB0000177	1000176	2024-02-09	E	JN.1.11	0.25918415	2024-02-15
LAB0000177	1000176	2024-02-09	E	JN.1.8	0.05217356	2024-02-15
LAB0000177	1000176	2024-02-09	E	JN.1.4.2	0.04145916	2024-02-15
LAB0000177	1000176	2024-02-09	E	JN.1.1.1	0.03256675	2024-02-15
LAB0000177	1000176	2024-02-09	E	JN.1.1	0.03953992	2024-02-15
LAB0000177	1000176	2024-02-09	E	JN.1.7	0.0106595	2024-02-15
LAB0000177	1000176	2024-02-09	E	JN.1.8.1	0.00626955	2024-02-15
LAB0000177	1000176	2024-02-09	E	JN.1.16	0.00240942	2024-02-15
LAB0000177	1000176	2024-02-09	E	JN.1.2.1	0.00109728	2024-02-15
LAB0000177	1000176	2024-02-09	E	JN.1.14	0.00109057	2024-02-15
LAB0000177	1000176	2024-02-09	E	JN.1.17	0.00098743	2024-02-15
LAB0000177	1000176	2024-02-09	E	unreportable	0.00638833	2024-02-15
LAB0000178	1000177	2024-02-09	K	JN.1.1.1	0.23102556	2024-02-15
LAB0000178	1000177	2024-02-09	K	JN.1.7	0.1623788	2024-02-15
LAB0000178	1000177	2024-02-09	K	JN.1.11	0.23647964	2024-02-15
LAB0000178	1000177	2024-02-09	K	JN.1	0.13964102	2024-02-15
LAB0000178	1000177	2024-02-09	K	JN.1.4.2	0.15234375	2024-02-15
LAB0000178	1000177	2024-02-09	K	XDP	0.06028989	2024-02-15
LAB0000178	1000177	2024-02-09	K	JN.1.10	0.00370656	2024-02-15
LAB0000178	1000177	2024-02-09	K	JN.1.1.3	0.00402228	2024-02-15
LAB0000178	1000177	2024-02-09	K	JN.1.8	0.00276895	2024-02-15
LAB0000178	1000177	2024-02-09	K	JN.3	0.00233972	2024-02-15
LAB0000178	1000177	2024-02-09	K	GG.1	0.00076704	2024-02-15
LAB0000178	1000177	2024-02-09	K	unreportable	0.00423679	2024-02-15
LAB0000179	1000178	2024-02-09	Y	JN.1.11	0.29934979	2024-02-15
LAB0000179	1000178	2024-02-09	Y	JN.1.4	0.24073439	2024-02-15
LAB0000179	1000178	2024-02-09	Y	JN.1.4.2	0.24865616	2024-02-15
LAB0000179	1000178	2024-02-09	Y	JN.1.7	0.12656419	2024-02-15
LAB0000179	1000178	2024-02-09	Y	JN.1.8	0.04518295	2024-02-15
LAB0000179	1000178	2024-02-09	Y	JN.1.8.1	0.03323315	2024-02-15
LAB0000179	1000178	2024-02-09	Y	JN.1.15	0.00122133	2024-02-15
LAB0000179	1000178	2024-02-09	Y	unreportable	0.00505805	2024-02-15
LAB0000180	1000179	2024-01-03	T	JN.1.10	0.51164257	2024-04-19
LAB0000180	1000179	2024-01-03	T	JN.1.16	0.14789844	2024-04-19
LAB0000180	1000179	2024-01-03	T	XDR	0.06794101	2024-04-19
LAB0000180	1000179	2024-01-03	T	XBB.1.5.33	0.05114142	2024-04-19
LAB0000180	1000179	2024-01-03	T	EG.5.1.8	0.04816546	2024-04-19
LAB0000180	1000179	2024-01-03	T	JN.1.36	0.023304	2024-04-19
LAB0000180	1000179	2024-01-03	T	HV.1	0.032473	2024-04-19
LAB0000180	1000179	2024-01-03	T	JD.1.1	0.00637142	2024-04-19
LAB0000180	1000179	2024-01-03	T	JN.1.4.2	0.00290422	2024-04-19
LAB0000180	1000179	2024-01-03	T	JN.1.40	0.00349648	2024-04-19
LAB0000180	1000179	2024-01-03	T	FL.1.5.2	0.00253869	2024-04-19
LAB0000180	1000179	2024-01-03	T	FL.29	0.00221467	2024-04-19
LAB0000180	1000179	2024-01-03	T	FL.18	0.00257585	2024-04-19
LAB0000180	1000179	2024-01-03	T	JN.1.28	0.00301829	2024-04-19
LAB0000180	1000179	2024-01-03	T	XCY	0.00158049	2024-04-19
LAB0000180	1000179	2024-01-03	T	XBB.2.9	0.00234564	2024-04-19
LAB0000180	1000179	2024-01-03	T	FE.1.2	0.00218263	2024-04-19
LAB0000180	1000179	2024-01-03	T	KY.1	0.00304124	2024-04-19
LAB0000180	1000179	2024-01-03	T	JN.1.43	0.00238426	2024-04-19
LAB0000180	1000179	2024-01-03	T	XBB.1.45.1	0.0019392	2024-04-19
LAB0000180	1000179	2024-01-03	T	HV.1.7	0.00159328	2024-04-19
LAB0000180	1000179	2024-01-03	T	JN.1.3	0.00171557	2024-04-19
LAB0000180	1000179	2024-01-03	T	JN.1.23	0.00161705	2024-04-19
LAB0000180	1000179	2024-01-03	T	FL.4.9	0.00133599	2024-04-19
LAB0000180	1000179	2024-01-03	T	JZ.1	0.0019427	2024-04-19
LAB0000180	1000179	2024-01-03	T	FP.1	0.00155522	2024-04-19
LAB0000180	1000179	2024-01-03	T	XBB.1.37.1	0.00225523	2024-04-19
LAB0000180	1000179	2024-01-03	T	XBB.1.5.23	0.0014759	2024-04-19
LAB0000180	1000179	2024-01-03	T	JD.1.1.6	0.00125727	2024-04-19
LAB0000180	1000179	2024-01-03	T	FL.6	0.00091279	2024-04-19
LAB0000180	1000179	2024-01-03	T	XBB.1.5.72	0.00085736	2024-04-19
LAB0000180	1000179	2024-01-03	T	FL.3.2	0.00082975	2024-04-19
LAB0000180	1000179	2024-01-03	T	JN.1.38	0.00118431	2024-04-19
LAB0000180	1000179	2024-01-03	T	EG.14	0.00123394	2024-04-19
LAB0000180	1000179	2024-01-03	T	EG.2.3	0.00079191	2024-04-19
LAB0000180	1000179	2024-01-03	T	HD.1	0.00129945	2024-04-19
LAB0000180	1000179	2024-01-03	T	unreportable	0.05898327	2024-04-19
LAB0000181	1000180	2024-01-08	T	JN.1	0.79386952	2024-04-19
LAB0000181	1000180	2024-01-08	T	XBB.1.22	0.04551154	2024-04-19
LAB0000181	1000180	2024-01-08	T	EG.5.1.6	0.02934941	2024-04-19
LAB0000181	1000180	2024-01-08	T	XDP	0.02998329	2024-04-19
LAB0000181	1000180	2024-01-08	T	FW.1	0.00631078	2024-04-19
LAB0000181	1000180	2024-01-08	T	JN.1.26	0.00378187	2024-04-19
LAB0000181	1000180	2024-01-08	T	FL.6	0.00275136	2024-04-19
LAB0000181	1000180	2024-01-08	T	JN.1.42.1	0.0030076	2024-04-19
LAB0000181	1000180	2024-01-08	T	XCV	0.00211987	2024-04-19
LAB0000181	1000180	2024-01-08	T	FL.29	0.002004	2024-04-19
LAB0000181	1000180	2024-01-08	T	FL.7	0.00134305	2024-04-19
LAB0000181	1000180	2024-01-08	T	FL.22	0.00177728	2024-04-19
LAB0000181	1000180	2024-01-08	T	EG.5.1.4	0.00192779	2024-04-19
LAB0000181	1000180	2024-01-08	T	XBB.1.22.3	0.00158581	2024-04-19
LAB0000181	1000180	2024-01-08	T	JN.1.8.3	0.00180333	2024-04-19
LAB0000181	1000180	2024-01-08	T	FL.4.5	0.00186689	2024-04-19
LAB0000181	1000180	2024-01-08	T	JN.1.1.5	0.0017112	2024-04-19
LAB0000181	1000180	2024-01-08	T	JN.1.35	0.00165355	2024-04-19
LAB0000181	1000180	2024-01-08	T	JN.1.4.5	0.00167331	2024-04-19
LAB0000181	1000180	2024-01-08	T	JN.1.46	0.00228763	2024-04-19
LAB0000181	1000180	2024-01-08	T	JN.1.29	0.00190388	2024-04-19
LAB0000181	1000180	2024-01-08	T	XBB.2.9	0.00159976	2024-04-19
LAB0000181	1000180	2024-01-08	T	XDF	0.00116913	2024-04-19
LAB0000181	1000180	2024-01-08	T	FL.2.3.1	0.00128198	2024-04-19
LAB0000181	1000180	2024-01-08	T	JN.1.4.2	0.00091704	2024-04-19
LAB0000181	1000180	2024-01-08	T	XBB.3.1	0.00131441	2024-04-19
LAB0000181	1000180	2024-01-08	T	JN.1.28	0.00151495	2024-04-19
LAB0000181	1000180	2024-01-08	T	JN.1.8.4	0.0008834	2024-04-19
LAB0000181	1000180	2024-01-08	T	EG.5.2.4	0.00136936	2024-04-19
LAB0000181	1000180	2024-01-08	T	FL.37	0.00096627	2024-04-19
LAB0000181	1000180	2024-01-08	T	unreportable	0.05076075	2024-04-19
LAB0000182	1000181	2024-01-10	T	JN.1.18	0.26834909	2024-04-19
LAB0000182	1000181	2024-01-10	T	JN.1.46	0.31486573	2024-04-19
LAB0000182	1000181	2024-01-10	T	JN.1.39	0.19770922	2024-04-19
LAB0000182	1000181	2024-01-10	T	JN.1.36	0.05649081	2024-04-19
LAB0000182	1000181	2024-01-10	T	JN.1.16.1	0.06949721	2024-04-19
LAB0000182	1000181	2024-01-10	T	JN.10	0.03239649	2024-04-19
LAB0000182	1000181	2024-01-10	T	JN.1.7.3	0.01712903	2024-04-19
LAB0000182	1000181	2024-01-10	T	JN.1.40	0.00436604	2024-04-19
LAB0000182	1000181	2024-01-10	T	JN.1.18.2	0.00224076	2024-04-19
LAB0000182	1000181	2024-01-10	T	JN.1.19	0.00134962	2024-04-19
LAB0000182	1000181	2024-01-10	T	JN.9	0.00153887	2024-04-19
LAB0000182	1000181	2024-01-10	T	JN.1.8.2	0.00102384	2024-04-19
LAB0000182	1000181	2024-01-10	T	JN.1.2.1	0.00116846	2024-04-19
LAB0000182	1000181	2024-01-10	T	JN.1.23	0.00101913	2024-04-19
LAB0000182	1000181	2024-01-10	T	KY.1	0.00144971	2024-04-19
LAB0000182	1000181	2024-01-10	T	JN.3.2.1	0.0009683	2024-04-19
LAB0000182	1000181	2024-01-10	T	FZ.2	0.00092268	2024-04-19
LAB0000182	1000181	2024-01-10	T	XDQ	0.00090791	2024-04-19
LAB0000182	1000181	2024-01-10	T	BA.2.86.4	0.00063622	2024-04-19
LAB0000182	1000181	2024-01-10	T	unreportable	0.02597089	2024-04-19
LAB0000183	1000182	2024-01-17	T	JN.1.4.2	0.18960049	2024-04-19
LAB0000183	1000182	2024-01-17	T	JN.1	0.24952684	2024-04-19
LAB0000183	1000182	2024-01-17	T	JN.1.43	0.24902028	2024-04-19
LAB0000183	1000182	2024-01-17	T	JN.1.6	0.13436948	2024-04-19
LAB0000183	1000182	2024-01-17	T	HV.1.1	0.09500166	2024-04-19
LAB0000183	1000182	2024-01-17	T	JN.1.8.2	0.03402016	2024-04-19
LAB0000183	1000182	2024-01-17	T	JN.1.43.1	0.00550683	2024-04-19
LAB0000183	1000182	2024-01-17	T	JN.1.4.5	0.00421699	2024-04-19
LAB0000183	1000182	2024-01-17	T	JN.1.2.1	0.0026636	2024-04-19
LAB0000183	1000182	2024-01-17	T	JN.1.16.2	0.00219155	2024-04-19
LAB0000183	1000182	2024-01-17	T	JN.1.35	0.0018611	2024-04-19
LAB0000183	1000182	2024-01-17	T	JN.1.21	0.00132129	2024-04-19
LAB0000183	1000182	2024-01-17	T	KY.1	0.00222351	2024-04-19
LAB0000183	1000182	2024-01-17	T	KV.2	0.00257675	2024-04-19
LAB0000183	1000182	2024-01-17	T	JN.1.23	0.00146407	2024-04-19
LAB0000183	1000182	2024-01-17	T	JN.1.29	0.00176325	2024-04-19
LAB0000183	1000182	2024-01-17	T	JN.5	0.00183028	2024-04-19
LAB0000183	1000182	2024-01-17	T	JN.1.1.2	0.00112483	2024-04-19
LAB0000183	1000182	2024-01-17	T	JN.1.28	0.0015543	2024-04-19
LAB0000183	1000182	2024-01-17	T	JN.1.1.3	0.0013374	2024-04-19
LAB0000183	1000182	2024-01-17	T	unreportable	0.01682534	2024-04-19
LAB0000184	1000183	2024-01-22	T	JN.1	0.41567533	2024-04-19
LAB0000184	1000183	2024-01-22	T	JN.1.4.5	0.12694943	2024-04-19
LAB0000184	1000183	2024-01-22	T	JN.1.16	0.12406863	2024-04-19
LAB0000184	1000183	2024-01-22	T	JN.1.4.2	0.08588665	2024-04-19
LAB0000184	1000183	2024-01-22	T	JN.1.36	0.08453058	2024-04-19
LAB0000184	1000183	2024-01-22	T	JN.1.8	0.06860782	2024-04-19
LAB0000184	1000183	2024-01-22	T	EG.5.1.8	0.01316287	2024-04-19
LAB0000184	1000183	2024-01-22	T	JN.1.31	0.00577414	2024-04-19
LAB0000184	1000183	2024-01-22	T	JN.1.29	0.00590442	2024-04-19
LAB0000184	1000183	2024-01-22	T	JN.1.35	0.00458526	2024-04-19
LAB0000184	1000183	2024-01-22	T	JN.9	0.00227655	2024-04-19
LAB0000184	1000183	2024-01-22	T	FL.29	0.00177221	2024-04-19
LAB0000184	1000183	2024-01-22	T	FL.2.3.1	0.00174472	2024-04-19
LAB0000184	1000183	2024-01-22	T	JN.1.20	0.00136196	2024-04-19
LAB0000184	1000183	2024-01-22	T	EG.5.1.4	0.0014063	2024-04-19
LAB0000184	1000183	2024-01-22	T	FY.2.1	0.00192361	2024-04-19
LAB0000184	1000183	2024-01-22	T	JN.1.19	0.00109468	2024-04-19
LAB0000184	1000183	2024-01-22	T	JN.1.42.1	0.00115726	2024-04-19
LAB0000184	1000183	2024-01-22	T	JN.1.15	0.00116761	2024-04-19
LAB0000184	1000183	2024-01-22	T	FL.37	0.00112622	2024-04-19
LAB0000184	1000183	2024-01-22	T	KU.1	0.00083577	2024-04-19
LAB0000184	1000183	2024-01-22	T	XBB.1.9.6	0.00122847	2024-04-19
LAB0000184	1000183	2024-01-22	T	unreportable	0.04775953	2024-04-19
LAB0000185	1000184	2024-01-24	T	JN.1.8.1	0.33686003	2024-04-19
LAB0000185	1000184	2024-01-24	T	JN.1	0.08008761	2024-04-19
LAB0000185	1000184	2024-01-24	T	JN.1.39	0.08051665	2024-04-19
LAB0000185	1000184	2024-01-24	T	JN.1.20	0.06141018	2024-04-19
LAB0000185	1000184	2024-01-24	T	JN.1.10	0.0641331	2024-04-19
LAB0000185	1000184	2024-01-24	T	JN.1.40	0.07027982	2024-04-19
LAB0000185	1000184	2024-01-24	T	JN.1.45	0.08536512	2024-04-19
LAB0000185	1000184	2024-01-24	T	JN.1.4	0.08038946	2024-04-19
LAB0000185	1000184	2024-01-24	T	JN.1.32	0.04874382	2024-04-19
LAB0000185	1000184	2024-01-24	T	JN.1.4.3	0.04967863	2024-04-19
LAB0000185	1000184	2024-01-24	T	JN.1.46	0.00641628	2024-04-19
LAB0000185	1000184	2024-01-24	T	JN.1.19	0.00360583	2024-04-19
LAB0000185	1000184	2024-01-24	T	JN.1.12	0.00538327	2024-04-19
LAB0000185	1000184	2024-01-24	T	XDK	0.00241852	2024-04-19
LAB0000185	1000184	2024-01-24	T	JN.1.35	0.00164087	2024-04-19
LAB0000185	1000184	2024-01-24	T	JN.1.16	0.00164146	2024-04-19
LAB0000185	1000184	2024-01-24	T	JN.1.44	0.00150011	2024-04-19
LAB0000185	1000184	2024-01-24	T	JN.1.8.3	0.00122829	2024-04-19
LAB0000185	1000184	2024-01-24	T	JN.1.33	0.00129437	2024-04-19
LAB0000185	1000184	2024-01-24	T	JN.1.28	0.00146495	2024-04-19
LAB0000185	1000184	2024-01-24	T	JN.1.43.1	0.00114313	2024-04-19
LAB0000185	1000184	2024-01-24	T	KV.2	0.0015893	2024-04-19
LAB0000185	1000184	2024-01-24	T	unreportable	0.01320919	2024-04-19
LAB0000186	1000185	2024-01-29	T	JN.1	0.47952229	2024-04-19
LAB0000186	1000185	2024-01-29	T	JN.1.10	0.23591837	2024-04-19
LAB0000186	1000185	2024-01-29	T	XDP	0.15213977	2024-04-19
LAB0000186	1000185	2024-01-29	T	BA.2.86.1	0.04136879	2024-04-19
LAB0000186	1000185	2024-01-29	T	JN.1.6	0.03456379	2024-04-19
LAB0000186	1000185	2024-01-29	T	XDR	0.02235415	2024-04-19
LAB0000186	1000185	2024-01-29	T	JN.1.29	0.00326433	2024-04-19
LAB0000186	1000185	2024-01-29	T	JN.1.18.2	0.00191199	2024-04-19
LAB0000186	1000185	2024-01-29	T	JN.1.40	0.00171431	2024-04-19
LAB0000186	1000185	2024-01-29	T	JN.1.20	0.00148974	2024-04-19
LAB0000186	1000185	2024-01-29	T	KY.1	0.00220236	2024-04-19
LAB0000186	1000185	2024-01-29	T	JN.1.15	0.00118102	2024-04-19
LAB0000186	1000185	2024-01-29	T	JN.1.35	0.00117816	2024-04-19
LAB0000186	1000185	2024-01-29	T	JN.1.23	0.00111053	2024-04-19
LAB0000186	1000185	2024-01-29	T	JN.1.19	0.00084274	2024-04-19
LAB0000186	1000185	2024-01-29	T	JN.1.17	0.00110203	2024-04-19
LAB0000186	1000185	2024-01-29	T	unreportable	0.01813564	2024-04-19
LAB0000187	1000186	2024-01-31	T	JN.1.4	0.71241376	2024-04-19
LAB0000187	1000186	2024-01-31	T	JN.1.45	0.12713761	2024-04-19
LAB0000187	1000186	2024-01-31	T	JN.1	0.11927762	2024-04-19
LAB0000187	1000186	2024-01-31	T	JN.1.8	0.01560838	2024-04-19
LAB0000187	1000186	2024-01-31	T	JN.1.40	0.00256449	2024-04-19
LAB0000187	1000186	2024-01-31	T	JN.1.23	0.00171497	2024-04-19
LAB0000187	1000186	2024-01-31	T	KY.1	0.00228686	2024-04-19
LAB0000187	1000186	2024-01-31	T	JN.1.44	0.00156208	2024-04-19
LAB0000187	1000186	2024-01-31	T	JN.1.8.3	0.00134023	2024-04-19
LAB0000187	1000186	2024-01-31	T	JN.1.2.1	0.00097172	2024-04-19
LAB0000187	1000186	2024-01-31	T	JN.1.16	0.00094173	2024-04-19
LAB0000187	1000186	2024-01-31	T	JN.1.15	0.0008871	2024-04-19
LAB0000187	1000186	2024-01-31	T	unreportable	0.01329346	2024-04-19
LAB0000188	1000187	2024-02-12	D	JN.1.4.5	0.24240855	2024-04-19
LAB0000188	1000187	2024-02-12	D	JN.1.8	0.2118394	2024-04-19
LAB0000188	1000187	2024-02-12	D	JN.1.4	0.17406622	2024-04-19
LAB0000188	1000187	2024-02-12	D	JN.1.4.4	0.15553999	2024-04-19
LAB0000188	1000187	2024-02-12	D	JN.1.4.2	0.13380085	2024-04-19
LAB0000188	1000187	2024-02-12	D	JN.1.16	0.02374107	2024-04-19
LAB0000188	1000187	2024-02-12	D	JN.1.16.1	0.02092163	2024-04-19
LAB0000188	1000187	2024-02-12	D	JN.1.29	0.00924572	2024-04-19
LAB0000188	1000187	2024-02-12	D	KY.1	0.00317274	2024-04-19
LAB0000188	1000187	2024-02-12	D	JN.1.1.5	0.00178889	2024-04-19
LAB0000188	1000187	2024-02-12	D	JN.1.1.2	0.00206267	2024-04-19
LAB0000188	1000187	2024-02-12	D	JN.1.47	0.00111466	2024-04-19
LAB0000188	1000187	2024-02-12	D	JN.1.43	0.00182137	2024-04-19
LAB0000188	1000187	2024-02-12	D	JN.1.44	0.0017756	2024-04-19
LAB0000188	1000187	2024-02-12	D	XDK	0.00084634	2024-04-19
LAB0000188	1000187	2024-02-12	D	JN.1.4.6	0.00111836	2024-04-19
LAB0000188	1000187	2024-02-12	D	unreportable	0.01473595	2024-04-19
LAB0000189	1000188	2024-02-14	D	JN.1.4.2	0.3536908	2024-04-19
LAB0000189	1000188	2024-02-14	D	JN.1.11	0.26510463	2024-04-19
LAB0000189	1000188	2024-02-14	D	JN.1.4.6	0.21519108	2024-04-19
LAB0000189	1000188	2024-02-14	D	JN.1.8	0.07871707	2024-04-19
LAB0000189	1000188	2024-02-14	D	JN.1.7	0.01691184	2024-04-19
LAB0000189	1000188	2024-02-14	D	JN.1	0.02579484	2024-04-19
LAB0000189	1000188	2024-02-14	D	JN.1.40	0.00545728	2024-04-19
LAB0000189	1000188	2024-02-14	D	JN.5	0.00315167	2024-04-19
LAB0000189	1000188	2024-02-14	D	JN.9	0.00178058	2024-04-19
LAB0000189	1000188	2024-02-14	D	JN.1.35	0.00219979	2024-04-19
LAB0000189	1000188	2024-02-14	D	JN.1.8.1	0.00151397	2024-04-19
LAB0000189	1000188	2024-02-14	D	JN.1.29	0.00193554	2024-04-19
LAB0000189	1000188	2024-02-14	D	JN.13	0.00176838	2024-04-19
LAB0000189	1000188	2024-02-14	D	JN.1.4.5	0.00132847	2024-04-19
LAB0000189	1000188	2024-02-14	D	JN.1.15	0.00137289	2024-04-19
LAB0000189	1000188	2024-02-14	D	JN.1.42.1	0.00107751	2024-04-19
LAB0000189	1000188	2024-02-14	D	JN.1.47.2	0.00127381	2024-04-19
LAB0000189	1000188	2024-02-14	D	JN.2	0.00137169	2024-04-19
LAB0000189	1000188	2024-02-14	D	JN.1.7.1	0.00131684	2024-04-19
LAB0000189	1000188	2024-02-14	D	JN.1.19	0.0008276	2024-04-19
LAB0000189	1000188	2024-02-14	D	unreportable	0.01821374	2024-04-19
LAB0000190	1000189	2024-02-19	D	JN.1.4	0.47893873	2024-04-19
LAB0000190	1000189	2024-02-19	D	JN.1.4.6	0.14461876	2024-04-19
LAB0000190	1000189	2024-02-19	D	JN.1.4.2	0.12870293	2024-04-19
LAB0000190	1000189	2024-02-19	D	JN.1.8	0.1179775	2024-04-19
LAB0000190	1000189	2024-02-19	D	JN.1.11	0.05159724	2024-04-19
LAB0000190	1000189	2024-02-19	D	JN.1.2	0.04729314	2024-04-19
LAB0000190	1000189	2024-02-19	D	JN.1.28	0.00239705	2024-04-19
LAB0000190	1000189	2024-02-19	D	JN.1.16	0.00195907	2024-04-19
LAB0000190	1000189	2024-02-19	D	JN.1.2.1	0.00209145	2024-04-19
LAB0000190	1000189	2024-02-19	D	JN.1.35	0.00182785	2024-04-19
LAB0000190	1000189	2024-02-19	D	JN.1.17	0.00113947	2024-04-19
LAB0000190	1000189	2024-02-19	D	JN.1.11.1	0.00135173	2024-04-19
LAB0000190	1000189	2024-02-19	D	JN.1.23	0.00091272	2024-04-19
LAB0000190	1000189	2024-02-19	D	KY.1	0.00121	2024-04-19
LAB0000190	1000189	2024-02-19	D	KV.2	0.00088761	2024-04-19
LAB0000190	1000189	2024-02-19	D	JN.1.5	0.00108907	2024-04-19
LAB0000190	1000189	2024-02-19	D	unreportable	0.01600566	2024-04-19
LAB0000191	1000190	2024-02-20	D	JN.1	0.43555346	2024-04-19
LAB0000191	1000190	2024-02-20	D	JN.1.46	0.21420533	2024-04-19
LAB0000191	1000190	2024-02-20	D	JN.1.11.1	0.13491662	2024-04-19
LAB0000191	1000190	2024-02-20	D	JN.1.4.6	0.10773185	2024-04-19
LAB0000191	1000190	2024-02-20	D	JN.1.1	0.02402637	2024-04-19
LAB0000191	1000190	2024-02-20	D	JN.1.6	0.0282476	2024-04-19
LAB0000191	1000190	2024-02-20	D	JN.1.7	0.01085963	2024-04-19
LAB0000191	1000190	2024-02-20	D	JN.1.8	0.01044136	2024-04-19
LAB0000191	1000190	2024-02-20	D	JN.1.40	0.00273468	2024-04-19
LAB0000191	1000190	2024-02-20	D	JN.1.35	0.00282536	2024-04-19
LAB0000191	1000190	2024-02-20	D	JN.1.28	0.00183354	2024-04-19
LAB0000191	1000190	2024-02-20	D	JN.1.29	0.00182593	2024-04-19
LAB0000191	1000190	2024-02-20	D	JN.1.43	0.00218373	2024-04-19
LAB0000191	1000190	2024-02-20	D	JN.1.19	0.00137132	2024-04-19
LAB0000191	1000190	2024-02-20	D	KY.1	0.00140485	2024-04-19
LAB0000191	1000190	2024-02-20	D	KV.2	0.00100977	2024-04-19
LAB0000191	1000190	2024-02-20	D	JN.1.8.4	0.00086635	2024-04-19
LAB0000191	1000190	2024-02-20	D	JN.1.23	0.00078092	2024-04-19
LAB0000191	1000190	2024-02-20	D	JN.1.4.2	0.0011314	2024-04-19
LAB0000191	1000190	2024-02-20	D	JN.1.18.2	0.00085355	2024-04-19
LAB0000191	1000190	2024-02-20	D	JN.1.4.7	0.00088355	2024-04-19
LAB0000191	1000190	2024-02-20	D	unreportable	0.01431283	2024-04-19
LAB0000192	1000191	2024-02-26	D	JN.1.4.3	0.82921861	2024-04-19
LAB0000192	1000191	2024-02-26	D	JN.1.7	0.14995062	2024-04-19
LAB0000192	1000191	2024-02-26	D	JN.1.7.4	0.00699142	2024-04-19
LAB0000192	1000191	2024-02-26	D	JN.1.8.1	0.00153251	2024-04-19
LAB0000192	1000191	2024-02-26	D	JN.1.46	0.00138092	2024-04-19
LAB0000192	1000191	2024-02-26	D	unreportable	0.01092592	2024-04-19
LAB0000193	1000192	2024-02-27	D	JN.1	0.62905789	2024-04-19
LAB0000193	1000192	2024-02-27	D	JN.1.7	0.08003523	2024-04-19
LAB0000193	1000192	2024-02-27	D	JN.1.4.6	0.0804206	2024-04-19
LAB0000193	1000192	2024-02-27	D	JN.1.4	0.06736524	2024-04-19
LAB0000193	1000192	2024-02-27	D	JN.1.8	0.06264079	2024-04-19
LAB0000193	1000192	2024-02-27	D	XDP	0.03386168	2024-04-19
LAB0000193	1000192	2024-02-27	D	JN.1.29	0.00714525	2024-04-19
LAB0000193	1000192	2024-02-27	D	JN.1.18	0.00249347	2024-04-19
LAB0000193	1000192	2024-02-27	D	JN.1.7.3	0.00312307	2024-04-19
LAB0000193	1000192	2024-02-27	D	JN.1.4.4	0.00331936	2024-04-19
LAB0000193	1000192	2024-02-27	D	JN.1.35	0.00242729	2024-04-19
LAB0000193	1000192	2024-02-27	D	JN.1.43	0.00272154	2024-04-19
LAB0000193	1000192	2024-02-27	D	JN.1.33	0.0019225	2024-04-19
LAB0000193	1000192	2024-02-27	D	JN.1.22	0.00206671	2024-04-19
LAB0000193	1000192	2024-02-27	D	KP.1.1.1	0.00141459	2024-04-19
LAB0000193	1000192	2024-02-27	D	JN.1.4.2	0.0014191	2024-04-19
LAB0000193	1000192	2024-02-27	D	JN.1.15	0.00127737	2024-04-19
LAB0000193	1000192	2024-02-27	D	JN.1.19	0.00089347	2024-04-19
LAB0000193	1000192	2024-02-27	D	KY.1	0.0010889	2024-04-19
LAB0000193	1000192	2024-02-27	D	unreportable	0.01530595	2024-04-19
LAB0000194	1000193	2024-03-04	D	JN.1.4.2	0.97002322	2024-04-19
LAB0000194	1000193	2024-03-04	D	BA.2.86.4	0.00762098	2024-04-19
LAB0000194	1000193	2024-03-04	D	JN.1.40	0.00129813	2024-04-19
LAB0000194	1000193	2024-03-04	D	BA.2.86.5	0.00172062	2024-04-19
LAB0000194	1000193	2024-03-04	D	JN.1.44	0.00192476	2024-04-19
LAB0000194	1000193	2024-03-04	D	JN.1.18.2	0.00120723	2024-04-19
LAB0000194	1000193	2024-03-04	D	JN.1.46	0.00163074	2024-04-19
LAB0000194	1000193	2024-03-04	D	JN.1.4.7	0.00098433	2024-04-19
LAB0000194	1000193	2024-03-04	D	unreportable	0.01358999	2024-04-19
LAB0000195	1000194	2024-03-11	D	JN.1.30	0.1799817	2024-04-19
LAB0000195	1000194	2024-03-11	D	JN.1.4	0.1864851	2024-04-19
LAB0000195	1000194	2024-03-11	D	JN.1.2	0.17551048	2024-04-19
LAB0000195	1000194	2024-03-11	D	JN.1	0.23856534	2024-04-19
LAB0000195	1000194	2024-03-11	D	JN.1.8	0.17946065	2024-04-19
LAB0000195	1000194	2024-03-11	D	JN.1.8.2	0.00550236	2024-04-19
LAB0000195	1000194	2024-03-11	D	JN.1.35	0.00352376	2024-04-19
LAB0000195	1000194	2024-03-11	D	JN.1.40	0.00211807	2024-04-19
LAB0000195	1000194	2024-03-11	D	JN.1.38	0.00240778	2024-04-19
LAB0000195	1000194	2024-03-11	D	JN.1.28	0.00215549	2024-04-19
LAB0000195	1000194	2024-03-11	D	JN.1.4.5	0.00200253	2024-04-19
LAB0000195	1000194	2024-03-11	D	JN.1.29	0.00191723	2024-04-19
LAB0000195	1000194	2024-03-11	D	JN.1.8.3	0.00115786	2024-04-19
LAB0000195	1000194	2024-03-11	D	KV.2	0.00091582	2024-04-19
LAB0000195	1000194	2024-03-11	D	JN.1.47	0.0007451	2024-04-19
LAB0000195	1000194	2024-03-11	D	JN.1.44	0.00126152	2024-04-19
LAB0000195	1000194	2024-03-11	D	unreportable	0.0162892	2024-04-19
LAB0000196	1000195	2024-03-13	D	JN.1.11	0.37916602	2024-04-19
LAB0000196	1000195	2024-03-13	D	JN.1.40	0.12079536	2024-04-19
LAB0000196	1000195	2024-03-13	D	JN.1.20	0.15702164	2024-04-19
LAB0000196	1000195	2024-03-13	D	JN.1	0.20086916	2024-04-19
LAB0000196	1000195	2024-03-13	D	JN.1.26	0.10902667	2024-04-19
LAB0000196	1000195	2024-03-13	D	JN.1.8.3	0.00376746	2024-04-19
LAB0000196	1000195	2024-03-13	D	JN.1.1.2	0.00382694	2024-04-19
LAB0000196	1000195	2024-03-13	D	JN.1.8.4	0.00191169	2024-04-19
LAB0000196	1000195	2024-03-13	D	JN.1.35	0.00252122	2024-04-19
LAB0000196	1000195	2024-03-13	D	JN.1.17	0.00148596	2024-04-19
LAB0000196	1000195	2024-03-13	D	JN.1.23	0.00115102	2024-04-19
LAB0000196	1000195	2024-03-13	D	KP.1	0.00203176	2024-04-19
LAB0000196	1000195	2024-03-13	D	JN.1.27	0.00159636	2024-04-19
LAB0000196	1000195	2024-03-13	D	JN.1.19	0.0011373	2024-04-19
LAB0000196	1000195	2024-03-13	D	JN.1.28	0.00121544	2024-04-19
LAB0000196	1000195	2024-03-13	D	JN.1.5	0.00130951	2024-04-19
LAB0000196	1000195	2024-03-13	D	unreportable	0.0111665	2024-04-19
LAB0000197	1000196	2024-03-20	D	JN.1.7.3	0.44659418	2024-04-19
LAB0000197	1000196	2024-03-20	D	JN.1.32	0.25145982	2024-04-19
LAB0000197	1000196	2024-03-20	D	JN.1.4.6	0.17218199	2024-04-19
LAB0000197	1000196	2024-03-20	D	JN.1.7	0.10757952	2024-04-19
LAB0000197	1000196	2024-03-20	D	KP.1.2	0.00228382	2024-04-19
LAB0000197	1000196	2024-03-20	D	JN.1.8.1	0.00145262	2024-04-19
LAB0000197	1000196	2024-03-20	D	JN.1.17	0.00087646	2024-04-19
LAB0000197	1000196	2024-03-20	D	JN.1.9.1	0.00108475	2024-04-19
LAB0000197	1000196	2024-03-20	D	unreportable	0.01648684	2024-04-19
LAB0000198	1000197	2024-03-27	D	JN.1.7.4	0.44735524	2024-04-19
LAB0000198	1000197	2024-03-27	D	KQ.1	0.17724546	2024-04-19
LAB0000198	1000197	2024-03-27	D	JN.1.4.3	0.16306957	2024-04-19
LAB0000198	1000197	2024-03-27	D	JN.1.32	0.19138763	2024-04-19
LAB0000198	1000197	2024-03-27	D	JN.1.35	0.00243637	2024-04-19
LAB0000198	1000197	2024-03-27	D	JN.1.4.7	0.00186715	2024-04-19
LAB0000198	1000197	2024-03-27	D	JN.1.1.3	0.00128638	2024-04-19
LAB0000198	1000197	2024-03-27	D	JN.1.23	0.00092691	2024-04-19
LAB0000198	1000197	2024-03-27	D	JN.1.44	0.00140536	2024-04-19
LAB0000198	1000197	2024-03-27	D	JN.1.19	0.00090801	2024-04-19
LAB0000198	1000197	2024-03-27	D	KP.1.1.1	0.00101583	2024-04-19
LAB0000198	1000197	2024-03-27	D	unreportable	0.01109608	2024-04-19
LAB0000199	1000198	2024-04-03	D	XDK.1	0.47822505	2024-04-19
LAB0000199	1000198	2024-04-03	D	JN.1.16	0.20322165	2024-04-19
LAB0000199	1000198	2024-04-03	D	JN.1.16.1	0.1542219	2024-04-19
LAB0000199	1000198	2024-04-03	D	JN.1.21	0.0204506	2024-04-19
LAB0000199	1000198	2024-04-03	D	JN.1.4	0.01803479	2024-04-19
LAB0000199	1000198	2024-04-03	D	JN.1.39	0.01858999	2024-04-19
LAB0000199	1000198	2024-04-03	D	JN.1	0.02307142	2024-04-19
LAB0000199	1000198	2024-04-03	D	JN.1.4.4	0.02181976	2024-04-19
LAB0000199	1000198	2024-04-03	D	JN.1.18	0.0158346	2024-04-19
LAB0000199	1000198	2024-04-03	D	JN.1.40	0.01069066	2024-04-19
LAB0000199	1000198	2024-04-03	D	KP.2.2	0.00835256	2024-04-19
LAB0000199	1000198	2024-04-03	D	JN.1.4.5	0.00578117	2024-04-19
LAB0000199	1000198	2024-04-03	D	JN.1.46	0.00273448	2024-04-19
LAB0000199	1000198	2024-04-03	D	KU.2	0.0014532	2024-04-19
LAB0000199	1000198	2024-04-03	D	JN.1.44	0.00162766	2024-04-19
LAB0000199	1000198	2024-04-03	D	JN.1.30.1	0.00091248	2024-04-19
LAB0000199	1000198	2024-04-03	D	KY.1	0.00105391	2024-04-19
LAB0000199	1000198	2024-04-03	D	unreportable	0.0139241	2024-04-19
LAB0000200	1000199	2024-04-10	E	KP.2	0.19850895	2024-04-19
LAB0000200	1000199	2024-04-10	E	KP.3	0.29367989	2024-04-19
LAB0000200	1000199	2024-04-10	E	JN.1.4.5	0.22328782	2024-04-19
LAB0000200	1000199	2024-04-10	E	JN.1.8	0.11575244	2024-04-19
LAB0000200	1000199	2024-04-10	E	JN.1.12	0.03565532	2024-04-19
LAB0000200	1000199	2024-04-10	E	JN.1.11	0.04010255	2024-04-19
LAB0000200	1000199	2024-04-10	E	JN.1.7.3	0.0366571	2024-04-19
LAB0000200	1000199	2024-04-10	E	JN.1.26	0.01474929	2024-04-19
LAB0000200	1000199	2024-04-10	E	JN.1.1.5	0.01606994	2024-04-19
LAB0000200	1000199	2024-04-10	E	KP.1.1	0.00351596	2024-04-19
LAB0000200	1000199	2024-04-10	E	JN.1.1.2	0.0016621	2024-04-19
LAB0000200	1000199	2024-04-10	E	JN.1.19	0.00195926	2024-04-19
LAB0000200	1000199	2024-04-10	E	JN.1.38	0.00189647	2024-04-19
LAB0000200	1000199	2024-04-10	E	KP.2.2	0.00193746	2024-04-19
LAB0000200	1000199	2024-04-10	E	KP.4.2	0.0013709	2024-04-19
LAB0000200	1000199	2024-04-10	E	JN.1.23	0.00139257	2024-04-19
LAB0000200	1000199	2024-04-10	E	unreportable	0.01180198	2024-04-19
LAB0000201	1000200	2024-04-10	U	JN.1.4.6	0.62149563	2024-04-19
LAB0000201	1000200	2024-04-10	U	JN.1	0.03054735	2024-04-19
LAB0000201	1000200	2024-04-10	U	JN.1.5	0.04389796	2024-04-19
LAB0000201	1000200	2024-04-10	U	JN.1.45	0.03826591	2024-04-19
LAB0000201	1000200	2024-04-10	U	JN.1.37	0.04540028	2024-04-19
LAB0000201	1000200	2024-04-10	U	JN.1.39	0.02414746	2024-04-19
LAB0000201	1000200	2024-04-10	U	JN.1.15	0.0366123	2024-04-19
LAB0000201	1000200	2024-04-10	U	JN.1.28	0.03026724	2024-04-19
LAB0000201	1000200	2024-04-10	U	JN.1.34	0.03105798	2024-04-19
LAB0000201	1000200	2024-04-10	U	JN.1.18	0.02525722	2024-04-19
LAB0000201	1000200	2024-04-10	U	JN.1.2	0.02957217	2024-04-19
LAB0000201	1000200	2024-04-10	U	JN.1.26	0.00503438	2024-04-19
LAB0000201	1000200	2024-04-10	U	JN.1.4.2	0.00421824	2024-04-19
LAB0000201	1000200	2024-04-10	U	KY.1	0.00270591	2024-04-19
LAB0000201	1000200	2024-04-10	U	KP.1.1	0.00252989	2024-04-19
LAB0000201	1000200	2024-04-10	U	KP.1	0.00224077	2024-04-19
LAB0000201	1000200	2024-04-10	U	JN.1.35	0.00266779	2024-04-19
LAB0000201	1000200	2024-04-10	U	JN.1.2.1	0.00297987	2024-04-19
LAB0000201	1000200	2024-04-10	U	JN.1.8.2	0.00258651	2024-04-19
LAB0000201	1000200	2024-04-10	U	JN.1.43	0.00185586	2024-04-19
LAB0000201	1000200	2024-04-10	U	JN.1.19	0.00203453	2024-04-19
LAB0000201	1000200	2024-04-10	U	JN.1.18.2	0.00097323	2024-04-19
LAB0000201	1000200	2024-04-10	U	JN.1.12	0.00164428	2024-04-19
LAB0000201	1000200	2024-04-10	U	JN.1.4.7	0.00113551	2024-04-19
LAB0000201	1000200	2024-04-10	U	KP.2.2	0.00147473	2024-04-19
LAB0000201	1000200	2024-04-10	U	unreportable	0.00939701	2024-04-19
LAB0000202	1000201	2024-04-11	N	JN.1.2	0.83214361	2024-04-19
LAB0000202	1000201	2024-04-11	N	KP.3	0.14050749	2024-04-19
LAB0000202	1000201	2024-04-11	N	JN.1.6	0.01279663	2024-04-19
LAB0000202	1000201	2024-04-11	N	JN.1.2.1	0.00112012	2024-04-19
LAB0000202	1000201	2024-04-11	N	JN.1.5	0.00185637	2024-04-19
LAB0000202	1000201	2024-04-11	N	JN.1.22	0.00123229	2024-04-19
LAB0000202	1000201	2024-04-11	N	unreportable	0.01034349	2024-04-19
LAB0000203	1000202	2024-04-11	P	JN.1.11.1	0.40666791	2024-04-19
LAB0000203	1000202	2024-04-11	P	JN.1.11	0.3930275	2024-04-19
LAB0000203	1000202	2024-04-11	P	JN.1.32.1	0.18407343	2024-04-19
LAB0000203	1000202	2024-04-11	P	KP.1.2	0.00976409	2024-04-19
LAB0000203	1000202	2024-04-11	P	KP.2.2	0.0010214	2024-04-19
LAB0000203	1000202	2024-04-11	P	unreportable	0.00544567	2024-04-19
LAB0000204	1000203	2024-04-11	O	JN.1.4.6	0.35365515	2024-04-19
LAB0000204	1000203	2024-04-11	O	JN.1	0.20539786	2024-04-19
LAB0000204	1000203	2024-04-11	O	KP.2.1	0.15688655	2024-04-19
LAB0000204	1000203	2024-04-11	O	JN.1.16	0.10002442	2024-04-19
LAB0000204	1000203	2024-04-11	O	JN.1.32	0.07287389	2024-04-19
LAB0000204	1000203	2024-04-11	O	KP.3	0.07091018	2024-04-19
LAB0000204	1000203	2024-04-11	O	JN.1.40	0.00329626	2024-04-19
LAB0000204	1000203	2024-04-11	O	JN.1.29	0.00426218	2024-04-19
LAB0000204	1000203	2024-04-11	O	JN.1.15	0.003107	2024-04-19
LAB0000204	1000203	2024-04-11	O	JN.1.4.2	0.00402457	2024-04-19
LAB0000204	1000203	2024-04-11	O	JN.1.35	0.00291213	2024-04-19
LAB0000204	1000203	2024-04-11	O	JN.1.5	0.00185541	2024-04-19
LAB0000204	1000203	2024-04-11	O	JN.1.8.1	0.0016629	2024-04-19
LAB0000204	1000203	2024-04-11	O	JN.1.3	0.00163396	2024-04-19
LAB0000204	1000203	2024-04-11	O	JN.1.6	0.00163417	2024-04-19
LAB0000204	1000203	2024-04-11	O	JN.1.48.1	0.00109064	2024-04-19
LAB0000204	1000203	2024-04-11	O	JN.1.23	0.00115821	2024-04-19
LAB0000204	1000203	2024-04-11	O	unreportable	0.01361451	2024-04-19
LAB0000205	1000204	2024-04-10	V	JN.1.7.4	0.47171685	2024-04-19
LAB0000205	1000204	2024-04-10	V	JN.1.45	0.17783621	2024-04-19
LAB0000205	1000204	2024-04-10	V	JN.1.7.2	0.15534771	2024-04-19
LAB0000205	1000204	2024-04-10	V	JN.1.7	0.12724224	2024-04-19
LAB0000205	1000204	2024-04-10	V	JN.1.43.1	0.03850254	2024-04-19
LAB0000205	1000204	2024-04-10	V	JN.1.35	0.00291906	2024-04-19
LAB0000205	1000204	2024-04-10	V	JN.1.2.1	0.00259824	2024-04-19
LAB0000205	1000204	2024-04-10	V	JN.1.46	0.00207815	2024-04-19
LAB0000205	1000204	2024-04-10	V	JN.1.19	0.00287397	2024-04-19
LAB0000205	1000204	2024-04-10	V	JN.1.29	0.00161634	2024-04-19
LAB0000205	1000204	2024-04-10	V	JN.1.4.2	0.00204435	2024-04-19
LAB0000205	1000204	2024-04-10	V	JN.1.16.2	0.00171684	2024-04-19
LAB0000205	1000204	2024-04-10	V	JN.1.18.2	0.00128503	2024-04-19
LAB0000205	1000204	2024-04-10	V	JN.1.28	0.00116561	2024-04-19
LAB0000205	1000204	2024-04-10	V	unreportable	0.01105686	2024-04-19
LAB0000206	1000205	2024-04-11	W	JN.1.32	0.73781119	2024-04-19
LAB0000206	1000205	2024-04-11	W	JN.1.8.1	0.24639136	2024-04-19
LAB0000206	1000205	2024-04-11	W	JN.1.38	0.00169277	2024-04-19
LAB0000206	1000205	2024-04-11	W	JN.1.2.1	0.00206501	2024-04-19
LAB0000206	1000205	2024-04-11	W	unreportable	0.01203968	2024-04-19
LAB0000207	1000206	2024-04-12	E	JN.1.18	0.67123016	2024-04-19
LAB0000207	1000206	2024-04-12	E	JN.1.7.2	0.20335307	2024-04-19
LAB0000207	1000206	2024-04-12	E	JN.1.8	0.10230975	2024-04-19
LAB0000207	1000206	2024-04-12	E	JN.1.8.2	0.00327445	2024-04-19
LAB0000207	1000206	2024-04-12	E	JN.1.23	0.00298859	2024-04-19
LAB0000207	1000206	2024-04-12	E	JN.1.28	0.00301167	2024-04-19
LAB0000207	1000206	2024-04-12	E	LA.1	0.0020968	2024-04-19
LAB0000207	1000206	2024-04-12	E	JN.1.17	0.00198518	2024-04-19
LAB0000207	1000206	2024-04-12	E	JN.1.21	0.00155679	2024-04-19
LAB0000207	1000206	2024-04-12	E	KY.1	0.00104122	2024-04-19
LAB0000207	1000206	2024-04-12	E	unreportable	0.00715231	2024-04-19
LAB0000208	1000207	2024-02-05	T	JN.1.4	0.46497621	2024-05-22
LAB0000208	1000207	2024-02-05	T	JN.1.4.2	0.13457766	2024-05-22
LAB0000208	1000207	2024-02-05	T	JN.1.4.6	0.07757271	2024-05-22
LAB0000208	1000207	2024-02-05	T	JN.1.4.4	0.08074445	2024-05-22
LAB0000208	1000207	2024-02-05	T	JN.1.37	0.06840348	2024-05-22
LAB0000208	1000207	2024-02-05	T	JN.1.36.1	0.03324791	2024-05-22
LAB0000208	1000207	2024-02-05	T	JN.1.7.4	0.02672628	2024-05-22
LAB0000208	1000207	2024-02-05	T	JN.1.38	0.02418944	2024-05-22
LAB0000208	1000207	2024-02-05	T	JN.1.8	0.02134586	2024-05-22
LAB0000208	1000207	2024-02-05	T	JN.1.46	0.02327436	2024-05-22
LAB0000208	1000207	2024-02-05	T	JN.1.31	0.00589853	2024-05-22
LAB0000208	1000207	2024-02-05	T	JN.1.16	0.00332417	2024-05-22
LAB0000208	1000207	2024-02-05	T	JN.1.16.1	0.00415435	2024-05-22
LAB0000208	1000207	2024-02-05	T	JN.1.19	0.00158434	2024-05-22
LAB0000208	1000207	2024-02-05	T	KY.1	0.00230453	2024-05-22
LAB0000208	1000207	2024-02-05	T	JN.1.28	0.00191736	2024-05-22
LAB0000208	1000207	2024-02-05	T	JN.1.3	0.00131565	2024-05-22
LAB0000208	1000207	2024-02-05	T	JN.1.8.4	0.00104847	2024-05-22
LAB0000208	1000207	2024-02-05	T	KR.1	0.00162216	2024-05-22
LAB0000208	1000207	2024-02-05	T	LB.1	0.0021562	2024-05-22
LAB0000208	1000207	2024-02-05	T	JN.1.16.2	0.00117772	2024-05-22
LAB0000208	1000207	2024-02-05	T	LA.1	0.00137499	2024-05-22
LAB0000208	1000207	2024-02-05	T	JN.1.47.1	0.00122169	2024-05-22
LAB0000208	1000207	2024-02-05	T	unreportable	0.01584149	2024-05-22
LAB0000209	1000208	2024-02-07	T	JN.1.39	0.27083762	2024-05-22
LAB0000209	1000208	2024-02-07	T	JN.1.4.2	0.14301293	2024-05-22
LAB0000209	1000208	2024-02-07	T	JN.1.4.6	0.1183444	2024-05-22
LAB0000209	1000208	2024-02-07	T	JN.1.4.5	0.12471694	2024-05-22
LAB0000209	1000208	2024-02-07	T	JN.1.1	0.12038802	2024-05-22
LAB0000209	1000208	2024-02-07	T	JN.1.9	0.06084329	2024-05-22
LAB0000209	1000208	2024-02-07	T	JN.1.26	0.03559969	2024-05-22
LAB0000209	1000208	2024-02-07	T	JN.1.4	0.04897156	2024-05-22
LAB0000209	1000208	2024-02-07	T	JN.1.8	0.02384788	2024-05-22
LAB0000209	1000208	2024-02-07	T	JN.1.46	0.03241824	2024-05-22
LAB0000209	1000208	2024-02-07	T	JN.1.35	0.00309324	2024-05-22
LAB0000209	1000208	2024-02-07	T	JN.1.47	0.0017634	2024-05-22
LAB0000209	1000208	2024-02-07	T	JN.1.8.4	0.00113159	2024-05-22
LAB0000209	1000208	2024-02-07	T	JN.1.3	0.00112474	2024-05-22
LAB0000209	1000208	2024-02-07	T	JN.1.29	0.00134756	2024-05-22
LAB0000209	1000208	2024-02-07	T	JN.1.19	0.00096153	2024-05-22
LAB0000209	1000208	2024-02-07	T	JN.1.5	0.0009063	2024-05-22
LAB0000209	1000208	2024-02-07	T	unreportable	0.01069107	2024-05-22
LAB0000210	1000209	2024-02-12	T	JN.1.4	0.58676247	2024-05-22
LAB0000210	1000209	2024-02-12	T	JN.1.39	0.13585607	2024-05-22
LAB0000210	1000209	2024-02-12	T	JN.1.49.2	0.09873354	2024-05-22
LAB0000210	1000209	2024-02-12	T	JN.1.4.3	0.04271154	2024-05-22
LAB0000210	1000209	2024-02-12	T	JN.1.4.5	0.0466328	2024-05-22
LAB0000210	1000209	2024-02-12	T	XDP	0.04599888	2024-05-22
LAB0000210	1000209	2024-02-12	T	JN.1.3	0.00865531	2024-05-22
LAB0000210	1000209	2024-02-12	T	JN.1.49	0.01011678	2024-05-22
LAB0000210	1000209	2024-02-12	T	JN.5	0.00189562	2024-05-22
LAB0000210	1000209	2024-02-12	T	JN.1.16.2	0.00139176	2024-05-22
LAB0000210	1000209	2024-02-12	T	KV.2	0.00197999	2024-05-22
LAB0000210	1000209	2024-02-12	T	JN.1.43.1	0.00107876	2024-05-22
LAB0000210	1000209	2024-02-12	T	JN.1.29	0.00123882	2024-05-22
LAB0000210	1000209	2024-02-12	T	JN.1.4.2	0.0007429	2024-05-22
LAB0000210	1000209	2024-02-12	T	unreportable	0.01620476	2024-05-22
LAB0000211	1000210	2024-02-14	T	JN.1.4	0.30279244	2024-05-22
LAB0000211	1000210	2024-02-14	T	JN.1.2	0.19344105	2024-05-22
LAB0000211	1000210	2024-02-14	T	JN.1.7	0.16264426	2024-05-22
LAB0000211	1000210	2024-02-14	T	JN.1.5	0.0879424	2024-05-22
LAB0000211	1000210	2024-02-14	T	JN.1.42	0.10017414	2024-05-22
LAB0000211	1000210	2024-02-14	T	JN.1.36	0.06601451	2024-05-22
LAB0000211	1000210	2024-02-14	T	JN.1.4.5	0.05428343	2024-05-22
LAB0000211	1000210	2024-02-14	T	JN.1.40	0.006217	2024-05-22
LAB0000211	1000210	2024-02-14	T	JN.1.7.4	0.00401801	2024-05-22
LAB0000211	1000210	2024-02-14	T	JN.1.46	0.00430722	2024-05-22
LAB0000211	1000210	2024-02-14	T	JN.1.16.2	0.00288109	2024-05-22
LAB0000211	1000210	2024-02-14	T	JN.1.36.1	0.00141494	2024-05-22
LAB0000211	1000210	2024-02-14	T	JN.1.17	0.0015064	2024-05-22
LAB0000211	1000210	2024-02-14	T	JQ.2.1	0.00122965	2024-05-22
LAB0000211	1000210	2024-02-14	T	JN.1.4.1	0.00101009	2024-05-22
LAB0000211	1000210	2024-02-14	T	unreportable	0.01012337	2024-05-22
LAB0000212	1000211	2024-02-26	T	JN.1.4.2	0.96934238	2024-05-22
LAB0000212	1000211	2024-02-26	T	KY.1	0.00650312	2024-05-22
LAB0000212	1000211	2024-02-26	T	JN.1.21	0.00256681	2024-05-22
LAB0000212	1000211	2024-02-26	T	JN.1.3	0.00149441	2024-05-22
LAB0000212	1000211	2024-02-26	T	JN.1.44	0.00148029	2024-05-22
LAB0000212	1000211	2024-02-26	T	JN.1.5	0.00118738	2024-05-22
LAB0000212	1000211	2024-02-26	T	unreportable	0.01742561	2024-05-22
LAB0000213	1000212	2024-05-15	S	JN.1.7.2	0.99380905	2024-05-22
LAB0000213	1000212	2024-05-15	S	JN.1.7.4	0.00200442	2024-05-22
LAB0000213	1000212	2024-05-15	S	unreportable	0.00418653	2024-05-22
LAB0000214	1000213	2024-05-15	O	JN.1.7	0.50639966	2024-05-22
LAB0000214	1000213	2024-05-15	O	JN.1.32.1	0.17103671	2024-05-22
LAB0000214	1000213	2024-05-15	O	JN.1.32	0.30149886	2024-05-22
LAB0000214	1000213	2024-05-15	O	JN.1.48	0.00409138	2024-05-22
LAB0000214	1000213	2024-05-15	O	JN.1.6	0.00311483	2024-05-22
LAB0000214	1000213	2024-05-15	O	KV.2	0.00256168	2024-05-22
LAB0000214	1000213	2024-05-15	O	JN.1.23	0.00181873	2024-05-22
LAB0000214	1000213	2024-05-15	O	unreportable	0.00947816	2024-05-22
LAB0000215	1000214	2024-05-15	J	KP.1.1	0.93747907	2024-05-22
LAB0000215	1000214	2024-05-15	J	JN.1.16.1	0.04824774	2024-05-22
LAB0000215	1000214	2024-05-15	J	KP.1.1.1	0.00375268	2024-05-22
LAB0000215	1000214	2024-05-15	J	JN.1.36	0.00124292	2024-05-22
LAB0000215	1000214	2024-05-15	J	KP.2.12	0.00134385	2024-05-22
LAB0000215	1000214	2024-05-15	J	unreportable	0.00793374	2024-05-22
LAB0000216	1000215	2024-05-15	T	LB.1	0.92754393	2024-05-22
LAB0000216	1000215	2024-05-15	T	KP.3	0.0635375	2024-05-22
LAB0000216	1000215	2024-05-15	T	KP.2.10	0.00158304	2024-05-22
LAB0000216	1000215	2024-05-15	T	JN.1.8.4	0.0008066	2024-05-22
LAB0000216	1000215	2024-05-15	T	KP.1.1.1	0.00111224	2024-05-22
LAB0000216	1000215	2024-05-15	T	KP.1.1	0.0005942	2024-05-22
LAB0000216	1000215	2024-05-15	T	unreportable	0.00482249	2024-05-22
LAB0000217	1000216	2024-05-15	G	JN.1.32.1	0.37581575	2024-05-22
LAB0000217	1000216	2024-05-15	G	KP.2.9	0.10526958	2024-05-22
LAB0000217	1000216	2024-05-15	G	LB.1	0.17544111	2024-05-22
LAB0000217	1000216	2024-05-15	G	JN.1.11	0.0637103	2024-05-22
LAB0000217	1000216	2024-05-15	G	KP.2.4	0.05045882	2024-05-22
LAB0000217	1000216	2024-05-15	G	JN.1.7.3	0.05532347	2024-05-22
LAB0000217	1000216	2024-05-15	G	JN.1.7.4	0.0703066	2024-05-22
LAB0000217	1000216	2024-05-15	G	KQ.1	0.06328754	2024-05-22
LAB0000217	1000216	2024-05-15	G	KP.2.10	0.00745738	2024-05-22
LAB0000217	1000216	2024-05-15	G	KP.2.2	0.00337226	2024-05-22
LAB0000217	1000216	2024-05-15	G	KP.2.7	0.00366659	2024-05-22
LAB0000217	1000216	2024-05-15	G	KP.2.5	0.00375016	2024-05-22
LAB0000217	1000216	2024-05-15	G	KP.3	0.00289374	2024-05-22
LAB0000217	1000216	2024-05-15	G	KP.1.2	0.00269379	2024-05-22
LAB0000217	1000216	2024-05-15	G	KP.4.2	0.00214847	2024-05-22
LAB0000217	1000216	2024-05-15	G	KU.1	0.00158706	2024-05-22
LAB0000217	1000216	2024-05-15	G	KP.4.2.1	0.00142941	2024-05-22
LAB0000217	1000216	2024-05-15	G	JN.1.19	0.00077192	2024-05-22
LAB0000217	1000216	2024-05-15	G	KV.2	0.00130834	2024-05-22
LAB0000217	1000216	2024-05-15	G	unreportable	0.00930772	2024-05-22
LAB0000218	1000217	2024-05-15	M	JN.1.22	0.13604643	2024-05-22
LAB0000218	1000217	2024-05-15	M	JN.1.4	0.16550638	2024-05-22
LAB0000218	1000217	2024-05-15	M	JN.1.45	0.18053671	2024-05-22
LAB0000218	1000217	2024-05-15	M	JN.1.1	0.16399111	2024-05-22
LAB0000218	1000217	2024-05-15	M	JN.1.28	0.15269479	2024-05-22
LAB0000218	1000217	2024-05-15	M	JN.1	0.17629902	2024-05-22
LAB0000218	1000217	2024-05-15	M	JN.1.46	0.00309263	2024-05-22
LAB0000218	1000217	2024-05-15	M	JN.1.35	0.00191331	2024-05-22
LAB0000218	1000217	2024-05-15	M	JN.1.20	0.00175869	2024-05-22
LAB0000218	1000217	2024-05-15	M	JN.1.1.7	0.0020306	2024-05-22
LAB0000218	1000217	2024-05-15	M	JN.1.19	0.00214421	2024-05-22
LAB0000218	1000217	2024-05-15	M	JN.1.5	0.00145156	2024-05-22
LAB0000218	1000217	2024-05-15	M	JN.1.3	0.00136737	2024-05-22
LAB0000218	1000217	2024-05-15	M	LE.1.2	0.00110668	2024-05-22
LAB0000218	1000217	2024-05-15	M	JN.1.15	0.00095312	2024-05-22
LAB0000218	1000217	2024-05-15	M	JN.1.8	0.00095556	2024-05-22
LAB0000218	1000217	2024-05-15	M	unreportable	0.00815185	2024-05-22
LAB0000219	1000218	2024-05-15	D	KP.1.1	0.2549731	2024-05-22
LAB0000219	1000218	2024-05-15	D	KP.1.2	0.26316057	2024-05-22
LAB0000219	1000218	2024-05-15	D	JN.1.18.2	0.121673	2024-05-22
LAB0000219	1000218	2024-05-15	D	KP.3	0.15892068	2024-05-22
LAB0000219	1000218	2024-05-15	D	LA.1	0.06735425	2024-05-22
LAB0000219	1000218	2024-05-15	D	JN.1.16.1	0.05884178	2024-05-22
LAB0000219	1000218	2024-05-15	D	KP.2.3	0.03697185	2024-05-22
LAB0000219	1000218	2024-05-15	D	JN.1.40	0.01228507	2024-05-22
LAB0000219	1000218	2024-05-15	D	LA.2	0.00461356	2024-05-22
LAB0000219	1000218	2024-05-15	D	KU.1	0.00291931	2024-05-22
LAB0000219	1000218	2024-05-15	D	KP.2.5	0.00196103	2024-05-22
LAB0000219	1000218	2024-05-15	D	JN.1.17	0.00116341	2024-05-22
LAB0000219	1000218	2024-05-15	D	KY.1	0.00155224	2024-05-22
LAB0000219	1000218	2024-05-15	D	LD.1	0.00157916	2024-05-22
LAB0000219	1000218	2024-05-15	D	JN.1.22	0.00126743	2024-05-22
LAB0000219	1000218	2024-05-15	D	unreportable	0.01076354	2024-05-22
LAB0000220	1000219	2024-05-16	L	JN.1.4.3	0.38794851	2024-05-22
LAB0000220	1000219	2024-05-16	L	JN.1.32.1	0.26377309	2024-05-22
LAB0000220	1000219	2024-05-16	L	JN.1.32	0.31232872	2024-05-22
LAB0000220	1000219	2024-05-16	L	JN.1.44	0.01183949	2024-05-22
LAB0000220	1000219	2024-05-16	L	JN.1.6	0.00531985	2024-05-22
LAB0000220	1000219	2024-05-16	L	JN.1.9.1	0.00268642	2024-05-22
LAB0000220	1000219	2024-05-16	L	JN.1.8.1	0.00264125	2024-05-22
LAB0000220	1000219	2024-05-16	L	JN.1.43.1	0.00236975	2024-05-22
LAB0000220	1000219	2024-05-16	L	JN.1.5	0.0018219	2024-05-22
LAB0000220	1000219	2024-05-16	L	JN.1.39.1	0.00141409	2024-05-22
LAB0000220	1000219	2024-05-16	L	JN.1.36	0.00130286	2024-05-22
LAB0000220	1000219	2024-05-16	L	JN.1.36.1	0.00092007	2024-05-22
LAB0000220	1000219	2024-05-16	L	KV.2	0.00071854	2024-05-22
LAB0000220	1000219	2024-05-16	L	unreportable	0.00491546	2024-05-22
LAB0000221	1000220	2024-05-16	R	KQ.1	0.96582471	2024-05-22
LAB0000221	1000220	2024-05-16	R	JN.1.7.3	0.01785449	2024-05-22
LAB0000221	1000220	2024-05-16	R	KP.2.9	0.0011652	2024-05-22
LAB0000221	1000220	2024-05-16	R	KP.4.1	0.00114875	2024-05-22
LAB0000221	1000220	2024-05-16	R	KP.1.1.1	0.00107514	2024-05-22
LAB0000221	1000220	2024-05-16	R	unreportable	0.01293171	2024-05-22
LAB0000222	1000221	2024-05-15	U	JN.1.8	0.45440729	2024-05-22
LAB0000222	1000221	2024-05-15	U	JN.1.16.2	0.28877402	2024-05-22
LAB0000222	1000221	2024-05-15	U	JN.1.16	0.20742553	2024-05-22
LAB0000222	1000221	2024-05-15	U	JN.1.13	0.01132109	2024-05-22
LAB0000222	1000221	2024-05-15	U	JN.1.37	0.00297279	2024-05-22
LAB0000222	1000221	2024-05-15	U	JN.1.49	0.00297578	2024-05-22
LAB0000222	1000221	2024-05-15	U	JN.1.15	0.00239736	2024-05-22
LAB0000222	1000221	2024-05-15	U	JN.1.10	0.00218199	2024-05-22
LAB0000222	1000221	2024-05-15	U	JN.1.34	0.00203366	2024-05-22
LAB0000222	1000221	2024-05-15	U	JN.1.45	0.00250564	2024-05-22
LAB0000222	1000221	2024-05-15	U	JN.1	0.00200023	2024-05-22
LAB0000222	1000221	2024-05-15	U	JN.1.4	0.00298737	2024-05-22
LAB0000222	1000221	2024-05-15	U	JN.1.8.3	0.0015131	2024-05-22
LAB0000222	1000221	2024-05-15	U	KY.1	0.00173124	2024-05-22
LAB0000222	1000221	2024-05-15	U	JN.1.23	0.00166074	2024-05-22
LAB0000222	1000221	2024-05-15	U	JN.1.35	0.00120105	2024-05-22
LAB0000222	1000221	2024-05-15	U	JN.1.19	0.00114729	2024-05-22
LAB0000222	1000221	2024-05-15	U	unreportable	0.01076384	2024-05-22
LAB0000223	1000222	2024-05-16	Z	JN.1.11	0.55016724	2024-05-22
LAB0000223	1000222	2024-05-16	Z	JN.1.16	0.41531857	2024-05-22
LAB0000223	1000222	2024-05-16	Z	JN.1.18.2	0.00539253	2024-05-22
LAB0000223	1000222	2024-05-16	Z	JN.1.29	0.00458174	2024-05-22
LAB0000223	1000222	2024-05-16	Z	KP.1	0.00217227	2024-05-22
LAB0000223	1000222	2024-05-16	Z	JN.1.46	0.00133388	2024-05-22
LAB0000223	1000222	2024-05-16	Z	JN.1.35	0.00214073	2024-05-22
LAB0000223	1000222	2024-05-16	Z	KP.2.10	0.00168594	2024-05-22
LAB0000223	1000222	2024-05-16	Z	JN.1.1.2	0.00185634	2024-05-22
LAB0000223	1000222	2024-05-16	Z	JN.1.17	0.00207333	2024-05-22
LAB0000223	1000222	2024-05-16	Z	JN.1.7.2	0.00196846	2024-05-22
LAB0000223	1000222	2024-05-16	Z	JN.1.19	0.00087113	2024-05-22
LAB0000223	1000222	2024-05-16	Z	unreportable	0.01043785	2024-05-22
LAB0000224	1000223	2024-05-15	V	KP.2.9	0.41209707	2024-05-22
LAB0000224	1000223	2024-05-15	V	JN.1.26	0.26700742	2024-05-22
LAB0000224	1000223	2024-05-15	V	KP.2	0.14850341	2024-05-22
LAB0000224	1000223	2024-05-15	V	KQ.1	0.08917907	2024-05-22
LAB0000224	1000223	2024-05-15	V	JN.1.16.1	0.06611961	2024-05-22
LAB0000224	1000223	2024-05-15	V	KP.1.2	0.00285167	2024-05-22
LAB0000224	1000223	2024-05-15	V	JN.1.6.1	0.00141674	2024-05-22
LAB0000224	1000223	2024-05-15	V	JN.1.42.2	0.00139715	2024-05-22
LAB0000224	1000223	2024-05-15	V	KP.2.2	0.00084216	2024-05-22
LAB0000224	1000223	2024-05-15	V	JN.1.7.4	0.00102114	2024-05-22
LAB0000224	1000223	2024-05-15	V	unreportable	0.00956456	2024-05-22
LAB0000225	1000224	2024-05-16	P	LB.1	0.42759638	2024-05-22
LAB0000225	1000224	2024-05-16	P	JN.1.7.4	0.26003487	2024-05-22
LAB0000225	1000224	2024-05-16	P	JN.1.16.1	0.18058412	2024-05-22
LAB0000225	1000224	2024-05-16	P	JN.1.8.2	0.10702267	2024-05-22
LAB0000225	1000224	2024-05-16	P	KP.4.1	0.00470161	2024-05-22
LAB0000225	1000224	2024-05-16	P	KY.1	0.00201981	2024-05-22
LAB0000225	1000224	2024-05-16	P	KP.2.5	0.00128749	2024-05-22
LAB0000225	1000224	2024-05-16	P	LA.1	0.00195743	2024-05-22
LAB0000225	1000224	2024-05-16	P	KV.2	0.00137868	2024-05-22
LAB0000225	1000224	2024-05-16	P	KP.1.1.2	0.00112201	2024-05-22
LAB0000225	1000224	2024-05-16	P	KP.4.2	0.00063624	2024-05-22
LAB0000225	1000224	2024-05-16	P	unreportable	0.01165869	2024-05-22
LAB0000226	1000225	2024-05-17	Q	JN.1.32	0.29165776	2024-05-22
LAB0000226	1000225	2024-05-17	Q	JN.1.35	0.25787889	2024-05-22
LAB0000226	1000225	2024-05-17	Q	JN.1.8.1	0.16206888	2024-05-22
LAB0000226	1000225	2024-05-17	Q	JN.1.48	0.15217574	2024-05-22
LAB0000226	1000225	2024-05-17	Q	LD.1	0.12073913	2024-05-22
LAB0000226	1000225	2024-05-17	Q	JN.1.26	0.00250676	2024-05-22
LAB0000226	1000225	2024-05-17	Q	JN.1.4.6	0.00179345	2024-05-22
LAB0000226	1000225	2024-05-17	Q	JN.1.6	0.00109433	2024-05-22
LAB0000226	1000225	2024-05-17	Q	JN.1.19	0.00154801	2024-05-22
LAB0000226	1000225	2024-05-17	Q	JN.1.36.1	0.0011209	2024-05-22
LAB0000226	1000225	2024-05-17	Q	JN.1.36	0.00111877	2024-05-22
LAB0000226	1000225	2024-05-17	Q	unreportable	0.00629739	2024-05-22
LAB0000227	1000226	2024-05-17	X	JN.1.4.3	0.32802607	2024-05-22
LAB0000227	1000226	2024-05-17	X	JN.1.32	0.36130056	2024-05-22
LAB0000227	1000226	2024-05-17	X	JN.1.7	0.13704587	2024-05-22
LAB0000227	1000226	2024-05-17	X	JN.1.7.2	0.12957115	2024-05-22
LAB0000227	1000226	2024-05-17	X	JN.1.8.1	0.02414711	2024-05-22
LAB0000227	1000226	2024-05-17	X	JN.1.8.4	0.00165442	2024-05-22
LAB0000227	1000226	2024-05-17	X	JN.1.29	0.00275665	2024-05-22
LAB0000227	1000226	2024-05-17	X	JN.1.7.4	0.00178116	2024-05-22
LAB0000227	1000226	2024-05-17	X	JN.1.43	0.00124047	2024-05-22
LAB0000227	1000226	2024-05-17	X	JN.1.21	0.00184853	2024-05-22
LAB0000227	1000226	2024-05-17	X	JN.1.43.1	0.00101323	2024-05-22
LAB0000227	1000226	2024-05-17	X	unreportable	0.00961477	2024-05-22
LAB0000228	1000227	2024-05-16	A	KQ.1	0.30031118	2024-05-22
LAB0000228	1000227	2024-05-16	A	LB.1	0.35859718	2024-05-22
LAB0000228	1000227	2024-05-16	A	JN.1.9.2	0.1346291	2024-05-22
LAB0000228	1000227	2024-05-16	A	JN.1.16.1	0.09190427	2024-05-22
LAB0000228	1000227	2024-05-16	A	JN.1.18	0.07346399	2024-05-22
LAB0000228	1000227	2024-05-16	A	KP.1.1.1	0.00798655	2024-05-22
LAB0000228	1000227	2024-05-16	A	JN.1.5	0.00259993	2024-05-22
LAB0000228	1000227	2024-05-16	A	KP.2.2	0.00176254	2024-05-22
LAB0000228	1000227	2024-05-16	A	LF.1	0.00147496	2024-05-22
LAB0000228	1000227	2024-05-16	A	JN.1.48.2	0.00155426	2024-05-22
LAB0000228	1000227	2024-05-16	A	KY.1	0.0019647	2024-05-22
LAB0000228	1000227	2024-05-16	A	XDK.1.1	0.00113452	2024-05-22
LAB0000228	1000227	2024-05-16	A	JN.1.43	0.00120967	2024-05-22
LAB0000228	1000227	2024-05-16	A	JN.1.7.3	0.00099195	2024-05-22
LAB0000228	1000227	2024-05-16	A	unreportable	0.0204152	2024-05-22
LAB0000229	1000228	2024-05-16	C	KS.1	0.65055727	2024-05-22
LAB0000229	1000228	2024-05-16	C	KP.3	0.34171471	2024-05-22
LAB0000229	1000228	2024-05-16	C	JN.1.19	0.00136371	2024-05-22
LAB0000229	1000228	2024-05-16	C	unreportable	0.00636431	2024-05-22
LAB0000230	1000229	2024-05-17	I	JN.1.7.4	0.42578602	2024-05-22
LAB0000230	1000229	2024-05-17	I	KP.2.9	0.37970504	2024-05-22
LAB0000230	1000229	2024-05-17	I	KP.1	0.0595542	2024-05-22
LAB0000230	1000229	2024-05-17	I	KP.1.2	0.07566169	2024-05-22
LAB0000230	1000229	2024-05-17	I	JN.1.11.1	0.04932019	2024-05-22
LAB0000230	1000229	2024-05-17	I	KP.2.10	0.00410234	2024-05-22
LAB0000230	1000229	2024-05-17	I	KP.4	0.00167925	2024-05-22
LAB0000230	1000229	2024-05-17	I	unreportable	0.00419126	2024-05-22
LAB0000231	1000230	2024-05-16	Y	JN.1.49.2	0.68113348	2024-05-22
LAB0000231	1000230	2024-05-16	Y	JN.1.37	0.07264233	2024-05-22
LAB0000231	1000230	2024-05-16	Y	JN.1.40	0.06577509	2024-05-22
LAB0000231	1000230	2024-05-16	Y	JN.1.15	0.0541063	2024-05-22
LAB0000231	1000230	2024-05-16	Y	JN.1.20	0.06629256	2024-05-22
LAB0000231	1000230	2024-05-16	Y	JN.1	0.04166585	2024-05-22
LAB0000231	1000230	2024-05-16	Y	JN.1.19	0.00263315	2024-05-22
LAB0000231	1000230	2024-05-16	Y	JN.1.35	0.00171182	2024-05-22
LAB0000231	1000230	2024-05-16	Y	JN.1.34	0.00144995	2024-05-22
LAB0000231	1000230	2024-05-16	Y	JN.1.18.2	0.00105513	2024-05-22
LAB0000231	1000230	2024-05-16	Y	JN.1.10	0.00133927	2024-05-22
LAB0000231	1000230	2024-05-16	Y	JN.1.23	0.00105942	2024-05-22
LAB0000231	1000230	2024-05-16	Y	unreportable	0.00913565	2024-05-22
LAB0000232	1000231	2024-05-17	E	JN.1.8.1	0.63574344	2024-05-22
LAB0000232	1000231	2024-05-17	E	KP.3	0.36008676	2024-05-22
LAB0000232	1000231	2024-05-17	E	unreportable	0.0041698	2024-05-22
LAB0000233	1000232	2024-06-30	U	KP.2	0.28093712	2024-07-10
LAB0000233	1000232	2024-06-30	U	KP.3.1	0.14518966	2024-07-10
LAB0000233	1000232	2024-06-30	U	JN.1.11.1	0.10008297	2024-07-10
LAB0000233	1000232	2024-06-30	U	KP.2.6	0.0940332	2024-07-10
LAB0000233	1000232	2024-06-30	U	LB.1	0.11134539	2024-07-10
LAB0000233	1000232	2024-06-30	U	KP.3.1.1	0.05179211	2024-07-10
LAB0000233	1000232	2024-06-30	U	KP.3.3	0.05653415	2024-07-10
LAB0000233	1000232	2024-06-30	U	KP.2.3	0.04851761	2024-07-10
LAB0000233	1000232	2024-06-30	U	KP.2.10	0.03283291	2024-07-10
LAB0000233	1000232	2024-06-30	U	JN.1.16.1	0.01474439	2024-07-10
LAB0000233	1000232	2024-06-30	U	JN.1.16	0.01132709	2024-07-10
LAB0000233	1000232	2024-06-30	U	JN.1.55.2	0.00562905	2024-07-10
LAB0000233	1000232	2024-06-30	U	KP.2.5	0.00620147	2024-07-10
LAB0000233	1000232	2024-06-30	U	JN.1.58.2	0.00377742	2024-07-10
LAB0000233	1000232	2024-06-30	U	JN.1.58	0.00259423	2024-07-10
LAB0000233	1000232	2024-06-30	U	KP.2.2	0.0031756	2024-07-10
LAB0000233	1000232	2024-06-30	U	JN.1.29.1	0.00284651	2024-07-10
LAB0000233	1000232	2024-06-30	U	KP.3.2.1	0.00158775	2024-07-10
LAB0000233	1000232	2024-06-30	U	KP.2.12	0.003271	2024-07-10
LAB0000233	1000232	2024-06-30	U	JN.1.54.1	0.00211352	2024-07-10
LAB0000233	1000232	2024-06-30	U	KP.1.1	0.00146615	2024-07-10
LAB0000233	1000232	2024-06-30	U	KP.1	0.00129609	2024-07-10
LAB0000233	1000232	2024-06-30	U	KW.1.1	0.00133253	2024-07-10
LAB0000233	1000232	2024-06-30	U	LF.2	0.00172518	2024-07-10
LAB0000233	1000232	2024-06-30	U	JN.1.19	0.00119444	2024-07-10
LAB0000233	1000232	2024-06-30	U	JN.1.57.1	0.0008234	2024-07-10
LAB0000233	1000232	2024-06-30	U	unreportable	0.01362904	2024-07-10
LAB0000234	1000233	2024-03-14	B	JN.1.4.6	0.43002936	2024-03-20
LAB0000234	1000233	2024-03-14	B	JN.1.8	0.13469869	2024-03-20
LAB0000234	1000233	2024-03-14	B	JN.1.7	0.13446901	2024-03-20
LAB0000234	1000233	2024-03-14	B	JN.1.4.3	0.12649973	2024-03-20
LAB0000234	1000233	2024-03-14	B	JN.1.32	0.15521997	2024-03-20
LAB0000234	1000233	2024-03-14	B	JN.1.29	0.0029101	2024-03-20
LAB0000234	1000233	2024-03-14	B	JN.1.8.1	0.00258456	2024-03-20
LAB0000234	1000233	2024-03-14	B	JN.1.16	0.00139428	2024-03-20
LAB0000234	1000233	2024-03-14	B	JN.1.2.1	0.00191303	2024-03-20
LAB0000234	1000233	2024-03-14	B	JN.3.2.1	0.00139496	2024-03-20
LAB0000234	1000233	2024-03-14	B	unreportable	0.0088863	2024-03-20
LAB0000235	1000234	2024-03-14	N	JN.1.32	0.33267654	2024-03-20
LAB0000235	1000234	2024-03-14	N	JN.1	0.29120034	2024-03-20
LAB0000235	1000234	2024-03-14	N	JN.1.4.6	0.29338496	2024-03-20
LAB0000235	1000234	2024-03-14	N	JN.1.4.5	0.03887377	2024-03-20
LAB0000235	1000234	2024-03-14	N	JN.1.4	0.01216823	2024-03-20
LAB0000235	1000234	2024-03-14	N	JN.1.4.3	0.00962869	2024-03-20
LAB0000235	1000234	2024-03-14	N	JN.1.16	0.00719239	2024-03-20
LAB0000235	1000234	2024-03-14	N	JN.1.15	0.00230463	2024-03-20
LAB0000235	1000234	2024-03-14	N	JN.1.8.1	0.00227092	2024-03-20
LAB0000235	1000234	2024-03-14	N	JN.1.28	0.00197907	2024-03-20
LAB0000235	1000234	2024-03-14	N	JN.1.9.1	0.00157149	2024-03-20
LAB0000235	1000234	2024-03-14	N	JN.1.29	0.00117153	2024-03-20
LAB0000235	1000234	2024-03-14	N	JN.1.19	0.0011625	2024-03-20
LAB0000235	1000234	2024-03-14	N	unreportable	0.00441492	2024-03-20
LAB0000236	1000235	2024-03-13	V	JN.1.4.3	0.34216673	2024-03-20
LAB0000236	1000235	2024-03-13	V	JN.1.4.6	0.44648657	2024-03-20
LAB0000236	1000235	2024-03-13	V	JN.1.8	0.16085462	2024-03-20
LAB0000236	1000235	2024-03-13	V	JN.1.32	0.0344501	2024-03-20
LAB0000236	1000235	2024-03-13	V	JN.1.8.1	0.00497257	2024-03-20
LAB0000236	1000235	2024-03-13	V	JN.1.7	0.00179509	2024-03-20
LAB0000236	1000235	2024-03-13	V	unreportable	0.00927432	2024-03-20
LAB0000237	1000236	2024-03-14	Z	JN.1.4.2	0.50106581	2024-03-20
LAB0000237	1000236	2024-03-14	Z	JN.1.7	0.30283217	2024-03-20
LAB0000237	1000236	2024-03-14	Z	JN.1.4.5	0.08338632	2024-03-20
LAB0000237	1000236	2024-03-14	Z	JN.2.5	0.09238218	2024-03-20
LAB0000237	1000236	2024-03-14	Z	JN.1.20	0.00336615	2024-03-20
LAB0000237	1000236	2024-03-14	Z	JN.1.16	0.00195688	2024-03-20
LAB0000237	1000236	2024-03-14	Z	XDP	0.00128095	2024-03-20
LAB0000237	1000236	2024-03-14	Z	JN.1.28	0.00197832	2024-03-20
LAB0000237	1000236	2024-03-14	Z	JN.1.2.1	0.00089427	2024-03-20
LAB0000237	1000236	2024-03-14	Z	unreportable	0.01085694	2024-03-20
LAB0000238	1000237	2024-03-14	R	JN.1.13	0.42522444	2024-03-20
LAB0000238	1000237	2024-03-14	R	JN.1.18	0.21696953	2024-03-20
LAB0000238	1000237	2024-03-14	R	KQ.1	0.17491371	2024-03-20
LAB0000238	1000237	2024-03-14	R	JN.1.26	0.15448619	2024-03-20
LAB0000238	1000237	2024-03-14	R	JN.1.32	0.00684329	2024-03-20
LAB0000238	1000237	2024-03-14	R	JN.1.15	0.00388155	2024-03-20
LAB0000238	1000237	2024-03-14	R	JN.1.13.1	0.00226706	2024-03-20
LAB0000238	1000237	2024-03-14	R	JN.1.29	0.00255585	2024-03-20
LAB0000238	1000237	2024-03-14	R	JN.1.4.2	0.00132329	2024-03-20
LAB0000238	1000237	2024-03-14	R	JN.1.19	0.00085205	2024-03-20
LAB0000238	1000237	2024-03-14	R	JN.1.8.2	0.00098986	2024-03-20
LAB0000238	1000237	2024-03-14	R	JN.1.8.1	0.00119149	2024-03-20
LAB0000238	1000237	2024-03-14	R	unreportable	0.00850169	2024-03-20
LAB0000239	1000238	2024-03-14	L	JN.1.32	0.23342495	2024-03-20
LAB0000239	1000238	2024-03-14	L	JN.1.8	0.23577041	2024-03-20
LAB0000239	1000238	2024-03-14	L	JN.1.18	0.24421618	2024-03-20
LAB0000239	1000238	2024-03-14	L	JN.1.11	0.14471721	2024-03-20
LAB0000239	1000238	2024-03-14	L	JN.1.7	0.04877326	2024-03-20
LAB0000239	1000238	2024-03-14	L	JN.1.7.2	0.07375101	2024-03-20
LAB0000239	1000238	2024-03-14	L	KR.1	0.00287958	2024-03-20
LAB0000239	1000238	2024-03-14	L	JN.1.4.2	0.00152513	2024-03-20
LAB0000239	1000238	2024-03-14	L	JN.1.1.3	0.00141991	2024-03-20
LAB0000239	1000238	2024-03-14	L	JN.1.19	0.00161555	2024-03-20
LAB0000239	1000238	2024-03-14	L	JN.1.3	0.00113408	2024-03-20
LAB0000239	1000238	2024-03-14	L	unreportable	0.01077272	2024-03-20
LAB0000240	1000239	2024-03-14	W	JN.1.4.2	0.27952416	2024-03-20
LAB0000240	1000239	2024-03-14	W	JN.1.4.6	0.22748508	2024-03-20
LAB0000240	1000239	2024-03-14	W	JN.1.8	0.18921217	2024-03-20
LAB0000240	1000239	2024-03-14	W	JN.1.12	0.16616154	2024-03-20
LAB0000240	1000239	2024-03-14	W	JN.1.4	0.05448078	2024-03-20
LAB0000240	1000239	2024-03-14	W	JN.1	0.06182375	2024-03-20
LAB0000240	1000239	2024-03-14	W	JN.1.28	0.00351069	2024-03-20
LAB0000240	1000239	2024-03-14	W	JN.1.16	0.00279882	2024-03-20
LAB0000240	1000239	2024-03-14	W	JN.1.21	0.0011697	2024-03-20
LAB0000240	1000239	2024-03-14	W	JN.1.5	0.00139665	2024-03-20
LAB0000240	1000239	2024-03-14	W	JN.1.3	0.00101445	2024-03-20
LAB0000240	1000239	2024-03-14	W	JN.1.4.5	0.00100467	2024-03-20
LAB0000240	1000239	2024-03-14	W	unreportable	0.01041754	2024-03-20
LAB0000241	1000240	2024-03-14	A	JN.1.16	0.61531784	2024-03-20
LAB0000241	1000240	2024-03-14	A	JN.1.11	0.23605889	2024-03-20
LAB0000241	1000240	2024-03-14	A	JN.1.26	0.08396258	2024-03-20
LAB0000241	1000240	2024-03-14	A	JN.1.14	0.04795191	2024-03-20
LAB0000241	1000240	2024-03-14	A	JN.1.29	0.0053196	2024-03-20
LAB0000241	1000240	2024-03-14	A	JN.1.23	0.00120481	2024-03-20
LAB0000241	1000240	2024-03-14	A	JN.1.10	0.00149819	2024-03-20
LAB0000241	1000240	2024-03-14	A	JN.1.19	0.00115758	2024-03-20
LAB0000241	1000240	2024-03-14	A	unreportable	0.00752861	2024-03-20
LAB0000242	1000241	2024-03-14	C	JN.1	0.15430144	2024-03-20
LAB0000242	1000241	2024-03-14	C	JN.1.18	0.16112796	2024-03-20
LAB0000242	1000241	2024-03-14	C	JN.1.4.4	0.147721	2024-03-20
LAB0000242	1000241	2024-03-14	C	JN.1.18.1	0.24865192	2024-03-20
LAB0000242	1000241	2024-03-14	C	JN.1.4	0.1240956	2024-03-20
LAB0000242	1000241	2024-03-14	C	JN.1.15	0.13506263	2024-03-20
LAB0000242	1000241	2024-03-14	C	JN.1.31	0.01378429	2024-03-20
LAB0000242	1000241	2024-03-14	C	JN.1.8.2	0.0020954	2024-03-20
LAB0000242	1000241	2024-03-14	C	JN.1.28	0.00187412	2024-03-20
LAB0000242	1000241	2024-03-14	C	JN.1.19	0.00119644	2024-03-20
LAB0000242	1000241	2024-03-14	C	JN.1.27	0.00100165	2024-03-20
LAB0000242	1000241	2024-03-14	C	JN.1.4.2	0.00074941	2024-03-20
LAB0000242	1000241	2024-03-14	C	unreportable	0.00833814	2024-03-20
LAB0000243	1000242	2024-03-13	U	JN.1.32	0.39676125	2024-03-20
LAB0000243	1000242	2024-03-13	U	JN.1	0.24102228	2024-03-20
LAB0000243	1000242	2024-03-13	U	JN.1.21	0.22185427	2024-03-20
LAB0000243	1000242	2024-03-13	U	JN.1.8	0.12099046	2024-03-20
LAB0000243	1000242	2024-03-13	U	JN.1.28	0.002071	2024-03-20
LAB0000243	1000242	2024-03-13	U	JN.1.29	0.00224901	2024-03-20
LAB0000243	1000242	2024-03-13	U	JN.1.8.1	0.00215826	2024-03-20
LAB0000243	1000242	2024-03-13	U	JN.1.17	0.0012805	2024-03-20
LAB0000243	1000242	2024-03-13	U	JN.1.19	0.00159614	2024-03-20
LAB0000243	1000242	2024-03-13	U	JN.1.16	0.00100843	2024-03-20
LAB0000243	1000242	2024-03-13	U	unreportable	0.00900838	2024-03-20
LAB0000244	1000243	2024-03-14	H	JN.1.4.3	0.38298865	2024-03-20
LAB0000244	1000243	2024-03-14	H	JN.1.32	0.60609228	2024-03-20
LAB0000244	1000243	2024-03-14	H	JN.1.8.1	0.00149644	2024-03-20
LAB0000244	1000243	2024-03-14	H	JN.1.23	0.00143844	2024-03-20
LAB0000244	1000243	2024-03-14	H	JN.1.16	0.00147212	2024-03-20
LAB0000244	1000243	2024-03-14	H	unreportable	0.00651207	2024-03-20
LAB0000245	1000244	2024-03-14	P	JN.1.1	0.2039935	2024-03-20
LAB0000245	1000244	2024-03-14	P	JN.1.4	0.09995724	2024-03-20
LAB0000245	1000244	2024-03-14	P	JN.1.20	0.2223392	2024-03-20
LAB0000245	1000244	2024-03-14	P	JN.1.10	0.19289503	2024-03-20
LAB0000245	1000244	2024-03-14	P	JN.1.15	0.1444802	2024-03-20
LAB0000245	1000244	2024-03-14	P	JN.1	0.12477452	2024-03-20
LAB0000245	1000244	2024-03-14	P	JN.1.4.5	0.0015535	2024-03-20
LAB0000245	1000244	2024-03-14	P	JN.1.16	0.00150531	2024-03-20
LAB0000245	1000244	2024-03-14	P	JN.1.29	0.00220758	2024-03-20
LAB0000245	1000244	2024-03-14	P	JN.1.23	0.00148139	2024-03-20
LAB0000245	1000244	2024-03-14	P	JN.1.28	0.00097946	2024-03-20
LAB0000245	1000244	2024-03-14	P	unreportable	0.00383307	2024-03-20
LAB0000246	1000245	2024-03-15	X	JN.1.12	0.46350459	2024-03-20
LAB0000246	1000245	2024-03-15	X	JN.1.29	0.39987952	2024-03-20
LAB0000246	1000245	2024-03-15	X	JN.1.1.4	0.12806912	2024-03-20
LAB0000246	1000245	2024-03-15	X	JN.1.13.1	0.0027304	2024-03-20
LAB0000246	1000245	2024-03-15	X	JN.1.28	0.00240244	2024-03-20
LAB0000246	1000245	2024-03-15	X	JN.1.2.1	0.00107982	2024-03-20
LAB0000246	1000245	2024-03-15	X	unreportable	0.0023341	2024-03-20
LAB0000247	1000246	2024-03-15	Q	JN.1.32	0.99078863	2024-03-20
LAB0000247	1000246	2024-03-15	Q	JN.1.10	0.00199392	2024-03-20
LAB0000247	1000246	2024-03-15	Q	JN.1.16	0.00157305	2024-03-20
LAB0000247	1000246	2024-03-15	Q	unreportable	0.0056444	2024-03-20
LAB0000248	1000247	2024-03-15	I	JN.1	0.54011584	2024-03-20
LAB0000248	1000247	2024-03-15	I	JN.1.9	0.44503462	2024-03-20
LAB0000248	1000247	2024-03-15	I	JN.1.16	0.00239966	2024-03-20
LAB0000248	1000247	2024-03-15	I	JN.1.4.5	0.00122945	2024-03-20
LAB0000248	1000247	2024-03-15	I	JN.1.28	0.00121473	2024-03-20
LAB0000248	1000247	2024-03-15	I	unreportable	0.01000571	2024-03-20
LAB0000249	1000248	2024-03-15	E	JN.1.4.6	0.43113343	2024-03-20
LAB0000249	1000248	2024-03-15	E	JN.1.7	0.34934423	2024-03-20
LAB0000249	1000248	2024-03-15	E	JN.1	0.1346683	2024-03-20
LAB0000249	1000248	2024-03-15	E	JN.1.32	0.0618541	2024-03-20
LAB0000249	1000248	2024-03-15	E	JN.1.8.1	0.00401378	2024-03-20
LAB0000249	1000248	2024-03-15	E	JN.1.5	0.00338383	2024-03-20
LAB0000249	1000248	2024-03-15	E	JN.1.16	0.00263143	2024-03-20
LAB0000249	1000248	2024-03-15	E	JN.1.29	0.00118455	2024-03-20
LAB0000249	1000248	2024-03-15	E	JN.1.17	0.00159828	2024-03-20
LAB0000249	1000248	2024-03-15	E	JN.1.3	0.00178415	2024-03-20
LAB0000249	1000248	2024-03-15	E	JN.1.28	0.0019522	2024-03-20
LAB0000249	1000248	2024-03-15	E	JN.1.19	0.00163958	2024-03-20
LAB0000249	1000248	2024-03-15	E	unreportable	0.00481216	2024-03-20
LAB0000250	1000249	2024-03-15	Y	JN.1.4	0.52447009	2024-03-20
LAB0000250	1000249	2024-03-15	Y	JN.1	0.45188415	2024-03-20
LAB0000250	1000249	2024-03-15	Y	JN.1.16	0.00428653	2024-03-20
LAB0000250	1000249	2024-03-15	Y	JN.1.4.2	0.00437355	2024-03-20
LAB0000250	1000249	2024-03-15	Y	JN.1.21	0.00143386	2024-03-20
LAB0000250	1000249	2024-03-15	Y	JN.1.19	0.0022076	2024-03-20
LAB0000250	1000249	2024-03-15	Y	JN.1.3	0.00174105	2024-03-20
LAB0000250	1000249	2024-03-15	Y	JN.1.15	0.00139726	2024-03-20
LAB0000250	1000249	2024-03-15	Y	JN.1.23	0.0012701	2024-03-20
LAB0000250	1000249	2024-03-15	Y	unreportable	0.00693581	2024-03-20
LAB0000251	1000250	2024-06-24	Q	KP.3.3	0.84140971	2024-07-05
LAB0000251	1000250	2024-06-24	Q	KP.3	0.08709165	2024-07-05
LAB0000251	1000250	2024-06-24	Q	KP.5	0.0244932	2024-07-05
LAB0000251	1000250	2024-06-24	Q	KP.2.2	0.02186041	2024-07-05
LAB0000251	1000250	2024-06-24	Q	KP.4.1	0.00804553	2024-07-05
LAB0000251	1000250	2024-06-24	Q	KP.2.3	0.0059065	2024-07-05
LAB0000251	1000250	2024-06-24	Q	KP.2.15	0.00434591	2024-07-05
LAB0000251	1000250	2024-06-24	Q	KP.4.2.2	0.00183475	2024-07-05
LAB0000251	1000250	2024-06-24	Q	unreportable	0.00501233	2024-07-05
LAB0000252	1000251	2024-06-26	M	KP.2.3	0.66944653	2024-07-05
LAB0000252	1000251	2024-06-26	M	KP.3	0.07802386	2024-07-05
LAB0000252	1000251	2024-06-26	M	KP.3.2	0.08917509	2024-07-05
LAB0000252	1000251	2024-06-26	M	KP.3.2.1	0.08845152	2024-07-05
LAB0000252	1000251	2024-06-26	M	KP.2	0.04145454	2024-07-05
LAB0000252	1000251	2024-06-26	M	KP.2.10	0.00850386	2024-07-05
LAB0000252	1000251	2024-06-26	M	KP.3.3	0.01019361	2024-07-05
LAB0000252	1000251	2024-06-26	M	JN.1.11.1	0.00320319	2024-07-05
LAB0000252	1000251	2024-06-26	M	KP.2.15	0.00305458	2024-07-05
LAB0000252	1000251	2024-06-26	M	KP.1.1.1	0.00213408	2024-07-05
LAB0000252	1000251	2024-06-26	M	KP.3.2.2	0.00122731	2024-07-05
LAB0000252	1000251	2024-06-26	M	KP.2.8	0.00103618	2024-07-05
LAB0000252	1000251	2024-06-26	M	unreportable	0.00409564	2024-07-05
LAB0000253	1000252	2024-06-26	G	KP.2.10	0.42081633	2024-07-05
LAB0000253	1000252	2024-06-26	G	KP.3	0.19035876	2024-07-05
LAB0000253	1000252	2024-06-26	G	LB.1	0.21278199	2024-07-05
LAB0000253	1000252	2024-06-26	G	KP.3.1	0.07281399	2024-07-05
LAB0000253	1000252	2024-06-26	G	KP.3.3	0.05506421	2024-07-05
LAB0000253	1000252	2024-06-26	G	JN.1.11	0.01675675	2024-07-05
LAB0000253	1000252	2024-06-26	G	JN.1.42.1	0.01604503	2024-07-05
LAB0000253	1000252	2024-06-26	G	LF.2	0.00297628	2024-07-05
LAB0000253	1000252	2024-06-26	G	KP.4.1	0.00267984	2024-07-05
LAB0000253	1000252	2024-06-26	G	JN.1.54.1	0.00172031	2024-07-05
LAB0000253	1000252	2024-06-26	G	KS.1.1	0.00160186	2024-07-05
LAB0000253	1000252	2024-06-26	G	unreportable	0.00638466	2024-07-05
LAB0000254	1000253	2024-06-26	T	KP.3.1.1	0.23570619	2024-07-05
LAB0000254	1000253	2024-06-26	T	JN.1.16.1	0.27950338	2024-07-05
LAB0000254	1000253	2024-06-26	T	KP.3	0.12088765	2024-07-05
LAB0000254	1000253	2024-06-26	T	KP.1.1	0.13028539	2024-07-05
LAB0000254	1000253	2024-06-26	T	KP.3.3	0.05513976	2024-07-05
LAB0000254	1000253	2024-06-26	T	JN.1.7.4	0.03396765	2024-07-05
LAB0000254	1000253	2024-06-26	T	JN.1.16	0.03900727	2024-07-05
LAB0000254	1000253	2024-06-26	T	KP.1	0.03713873	2024-07-05
LAB0000254	1000253	2024-06-26	T	JN.1.4.6	0.02418444	2024-07-05
LAB0000254	1000253	2024-06-26	T	LF.2	0.00539834	2024-07-05
LAB0000254	1000253	2024-06-26	T	JN.1.55.1	0.00553598	2024-07-05
LAB0000254	1000253	2024-06-26	T	JN.1.4.2	0.00254589	2024-07-05
LAB0000254	1000253	2024-06-26	T	LF.1.1	0.00201017	2024-07-05
LAB0000254	1000253	2024-06-26	T	JN.1.18.4	0.00228683	2024-07-05
LAB0000254	1000253	2024-06-26	T	JN.1.54.1	0.00214638	2024-07-05
LAB0000254	1000253	2024-06-26	T	LF.1	0.00188584	2024-07-05
LAB0000254	1000253	2024-06-26	T	KP.3.2.1	0.00110816	2024-07-05
LAB0000254	1000253	2024-06-26	T	JN.1.29.1	0.00109517	2024-07-05
LAB0000254	1000253	2024-06-26	T	KP.2.2	0.00088374	2024-07-05
LAB0000254	1000253	2024-06-26	T	JN.1.23	0.00110149	2024-07-05
LAB0000254	1000253	2024-06-26	T	JN.1.58.2	0.00112671	2024-07-05
LAB0000254	1000253	2024-06-26	T	JN.1.58	0.00103073	2024-07-05
LAB0000254	1000253	2024-06-26	T	JN.1.48.1	0.00117367	2024-07-05
LAB0000254	1000253	2024-06-26	T	unreportable	0.01485044	2024-07-05
LAB0000255	1000254	2024-06-26	D	KP.2.3	0.19648403	2024-07-05
LAB0000255	1000254	2024-06-26	D	KP.3.1	0.1513227	2024-07-05
LAB0000255	1000254	2024-06-26	D	KP.1.1.3	0.13385848	2024-07-05
LAB0000255	1000254	2024-06-26	D	JN.1.18.2	0.09696395	2024-07-05
LAB0000255	1000254	2024-06-26	D	KP.3.1.1	0.08573614	2024-07-05
LAB0000255	1000254	2024-06-26	D	KS.1	0.07783988	2024-07-05
LAB0000255	1000254	2024-06-26	D	LB.1	0.05536113	2024-07-05
LAB0000255	1000254	2024-06-26	D	JN.1.16.1	0.03706679	2024-07-05
LAB0000255	1000254	2024-06-26	D	KP.2.15	0.02782283	2024-07-05
LAB0000255	1000254	2024-06-26	D	KQ.1	0.03488862	2024-07-05
LAB0000255	1000254	2024-06-26	D	KP.1.1	0.01310211	2024-07-05
LAB0000255	1000254	2024-06-26	D	KP.1.2	0.01953293	2024-07-05
LAB0000255	1000254	2024-06-26	D	JN.1.42.1	0.00993844	2024-07-05
LAB0000255	1000254	2024-06-26	D	KP.3.3	0.00608186	2024-07-05
LAB0000255	1000254	2024-06-26	D	LF.2	0.00427451	2024-07-05
LAB0000255	1000254	2024-06-26	D	KP.1.1.1	0.00310984	2024-07-05
LAB0000255	1000254	2024-06-26	D	JN.1.17	0.00184601	2024-07-05
LAB0000255	1000254	2024-06-26	D	LA.1	0.00253266	2024-07-05
LAB0000255	1000254	2024-06-26	D	JN.1.15	0.00271679	2024-07-05
LAB0000255	1000254	2024-06-26	D	JN.1.54	0.00244408	2024-07-05
LAB0000255	1000254	2024-06-26	D	LF.1	0.00199185	2024-07-05
LAB0000255	1000254	2024-06-26	D	JN.1.22	0.0021997	2024-07-05
LAB0000255	1000254	2024-06-26	D	JN.1.23	0.00136694	2024-07-05
LAB0000255	1000254	2024-06-26	D	JN.1.19	0.00139485	2024-07-05
LAB0000255	1000254	2024-06-26	D	JN.1.54.1	0.00204722	2024-07-05
LAB0000255	1000254	2024-06-26	D	KP.3.2.1	0.00097687	2024-07-05
LAB0000255	1000254	2024-06-26	D	JN.1.21	0.00126456	2024-07-05
LAB0000255	1000254	2024-06-26	D	LE.1	0.00121266	2024-07-05
LAB0000255	1000254	2024-06-26	D	KY.1	0.00126718	2024-07-05
LAB0000255	1000254	2024-06-26	D	JN.1.8.4	0.000876	2024-07-05
LAB0000255	1000254	2024-06-26	D	JN.1.41	0.00160242	2024-07-05
LAB0000255	1000254	2024-06-26	D	JN.1.58.2	0.00105417	2024-07-05
LAB0000255	1000254	2024-06-26	D	LH.1	0.00100929	2024-07-05
LAB0000255	1000254	2024-06-26	D	KS.1.1	0.00126445	2024-07-05
LAB0000255	1000254	2024-06-26	D	unreportable	0.01754803	2024-07-05
LAB0000256	1000255	2024-06-26	S	KP.3.1.1	0.76003066	2024-07-05
LAB0000256	1000255	2024-06-26	S	KP.3.1	0.11957097	2024-07-05
LAB0000256	1000255	2024-06-26	S	JN.1.32.1	0.08380434	2024-07-05
LAB0000256	1000255	2024-06-26	S	JN.1.43	0.00337048	2024-07-05
LAB0000256	1000255	2024-06-26	S	KP.1.2	0.00651557	2024-07-05
LAB0000256	1000255	2024-06-26	S	JN.1.58	0.00233165	2024-07-05
LAB0000256	1000255	2024-06-26	S	JN.1.5	0.00170736	2024-07-05
LAB0000256	1000255	2024-06-26	S	KP.3.2.2	0.00164703	2024-07-05
LAB0000256	1000255	2024-06-26	S	JN.1.54	0.0017646	2024-07-05
LAB0000256	1000255	2024-06-26	S	JN.1.55	0.00101612	2024-07-05
LAB0000256	1000255	2024-06-26	S	KP.1.1.3	0.0015109	2024-07-05
LAB0000256	1000255	2024-06-26	S	JN.1.21	0.00176566	2024-07-05
LAB0000256	1000255	2024-06-26	S	JN.1.51	0.00089473	2024-07-05
LAB0000256	1000255	2024-06-26	S	JN.1.23	0.00111825	2024-07-05
LAB0000256	1000255	2024-06-26	S	unreportable	0.01295167	2024-07-05
LAB0000257	1000256	2024-06-26	J	KW.1.1	0.3815226	2024-07-05
LAB0000257	1000256	2024-06-26	J	KP.1.2	0.16938188	2024-07-05
LAB0000257	1000256	2024-06-26	J	KP.3	0.18016449	2024-07-05
LAB0000257	1000256	2024-06-26	J	KP.5	0.11228746	2024-07-05
LAB0000257	1000256	2024-06-26	J	KP.3.1	0.04784861	2024-07-05
LAB0000257	1000256	2024-06-26	J	KP.3.3	0.02620101	2024-07-05
LAB0000257	1000256	2024-06-26	J	KP.1	0.02236549	2024-07-05
LAB0000257	1000256	2024-06-26	J	JN.1.11.1	0.02057715	2024-07-05
LAB0000257	1000256	2024-06-26	J	KP.4	0.01444121	2024-07-05
LAB0000257	1000256	2024-06-26	J	LF.2	0.00446242	2024-07-05
LAB0000257	1000256	2024-06-26	J	JN.1.29.1	0.00291966	2024-07-05
LAB0000257	1000256	2024-06-26	J	JN.1.58.1	0.00307331	2024-07-05
LAB0000257	1000256	2024-06-26	J	JN.1.54.1	0.00354375	2024-07-05
LAB0000257	1000256	2024-06-26	J	JN.1.4.8	0.00353912	2024-07-05
LAB0000257	1000256	2024-06-26	J	KP.4.2.2	0.00179029	2024-07-05
LAB0000257	1000256	2024-06-26	J	KP.1.1.2	0.00109451	2024-07-05
LAB0000257	1000256	2024-06-26	J	unreportable	0.00478704	2024-07-05
LAB0000258	1000257	2024-06-27	W	KP.2	0.43522984	2024-07-05
LAB0000258	1000257	2024-06-27	W	KP.3.3	0.23684928	2024-07-05
LAB0000258	1000257	2024-06-27	W	KP.3.1	0.16217165	2024-07-05
LAB0000258	1000257	2024-06-27	W	LB.1	0.13938998	2024-07-05
LAB0000258	1000257	2024-06-27	W	KP.2.10	0.00480553	2024-07-05
LAB0000258	1000257	2024-06-27	W	KP.2.12	0.00278378	2024-07-05
LAB0000258	1000257	2024-06-27	W	JN.1.29.1	0.00158927	2024-07-05
LAB0000258	1000257	2024-06-27	W	KP.2.2	0.00233492	2024-07-05
LAB0000258	1000257	2024-06-27	W	KP.1.1.3	0.00165663	2024-07-05
LAB0000258	1000257	2024-06-27	W	JN.1.54.1	0.0019408	2024-07-05
LAB0000258	1000257	2024-06-27	W	unreportable	0.01124832	2024-07-05
LAB0000259	1000258	2024-06-27	B	KP.2.3	0.29299957	2024-07-05
LAB0000259	1000258	2024-06-27	B	LB.1	0.24781005	2024-07-05
LAB0000259	1000258	2024-06-27	B	JN.1.16.2	0.16666401	2024-07-05
LAB0000259	1000258	2024-06-27	B	KP.3	0.1182032	2024-07-05
LAB0000259	1000258	2024-06-27	B	LA.1	0.07811414	2024-07-05
LAB0000259	1000258	2024-06-27	B	KP.2.6	0.06461211	2024-07-05
LAB0000259	1000258	2024-06-27	B	KP.2.2	0.01246601	2024-07-05
LAB0000259	1000258	2024-06-27	B	KP.2.5	0.0041512	2024-07-05
LAB0000259	1000258	2024-06-27	B	KP.4.2	0.0026819	2024-07-05
LAB0000259	1000258	2024-06-27	B	JN.1.54.1	0.00266309	2024-07-05
LAB0000259	1000258	2024-06-27	B	KP.2.15	0.00241396	2024-07-05
LAB0000259	1000258	2024-06-27	B	KP.4.2.2	0.00148407	2024-07-05
LAB0000259	1000258	2024-06-27	B	unreportable	0.00573668	2024-07-05
LAB0000260	1000259	2024-06-27	H	KP.2.15	0.28351933	2024-07-05
LAB0000260	1000259	2024-06-27	H	KP.1.1	0.43722642	2024-07-05
LAB0000260	1000259	2024-06-27	H	KP.2	0.27344532	2024-07-05
LAB0000260	1000259	2024-06-27	H	KP.2.12	0.00172534	2024-07-05
LAB0000260	1000259	2024-06-27	H	XDV	0.00085958	2024-07-05
LAB0000260	1000259	2024-06-27	H	unreportable	0.00322401	2024-07-05
LAB0000261	1000260	2024-06-27	C	KP.1.1.3	0.34449992	2024-07-05
LAB0000261	1000260	2024-06-27	C	KP.2.3	0.36983944	2024-07-05
LAB0000261	1000260	2024-06-27	C	KS.1	0.14545646	2024-07-05
LAB0000261	1000260	2024-06-27	C	KP.1.1	0.07875181	2024-07-05
LAB0000261	1000260	2024-06-27	C	KP.1.1.1	0.04165363	2024-07-05
LAB0000261	1000260	2024-06-27	C	JN.1.58.2	0.001457	2024-07-05
LAB0000261	1000260	2024-06-27	C	LF.2	0.0027275	2024-07-05
LAB0000261	1000260	2024-06-27	C	JN.1.54.1	0.00298475	2024-07-05
LAB0000261	1000260	2024-06-27	C	LA.1	0.0014497	2024-07-05
LAB0000261	1000260	2024-06-27	C	KY.1	0.0013969	2024-07-05
LAB0000261	1000260	2024-06-27	C	JN.1.35	0.00075652	2024-07-05
LAB0000261	1000260	2024-06-27	C	LK.1	0.00086773	2024-07-05
LAB0000261	1000260	2024-06-27	C	unreportable	0.00815864	2024-07-05
LAB0000262	1000261	2024-06-27	A	KR.1	0.26973459	2024-07-05
LAB0000262	1000261	2024-06-27	A	KP.2.15	0.16235567	2024-07-05
LAB0000262	1000261	2024-06-27	A	KP.1.1	0.16385839	2024-07-05
LAB0000262	1000261	2024-06-27	A	KP.3.1.1	0.15472421	2024-07-05
LAB0000262	1000261	2024-06-27	A	KP.3.3	0.03544253	2024-07-05
LAB0000262	1000261	2024-06-27	A	KP.3.1	0.03390775	2024-07-05
LAB0000262	1000261	2024-06-27	A	LB.1	0.0700394	2024-07-05
LAB0000262	1000261	2024-06-27	A	JN.1.58.2	0.02172906	2024-07-05
LAB0000262	1000261	2024-06-27	A	JN.1.16.1	0.01576097	2024-07-05
LAB0000262	1000261	2024-06-27	A	JN.1.9.2	0.01295941	2024-07-05
LAB0000262	1000261	2024-06-27	A	JN.1.18	0.00873779	2024-07-05
LAB0000262	1000261	2024-06-27	A	KR.1.1	0.00777546	2024-07-05
LAB0000262	1000261	2024-06-27	A	JN.1.34	0.00344588	2024-07-05
LAB0000262	1000261	2024-06-27	A	LF.2	0.0044057	2024-07-05
LAB0000262	1000261	2024-06-27	A	LH.1	0.00369221	2024-07-05
LAB0000262	1000261	2024-06-27	A	JN.1.49.1	0.00134074	2024-07-05
LAB0000262	1000261	2024-06-27	A	JN.1.54.1	0.00128492	2024-07-05
LAB0000262	1000261	2024-06-27	A	KP.1.1.1	0.00144468	2024-07-05
LAB0000262	1000261	2024-06-27	A	JN.1.6.1	0.00138467	2024-07-05
LAB0000262	1000261	2024-06-27	A	LE.1	0.00079314	2024-07-05
LAB0000262	1000261	2024-06-27	A	KR.1.2	0.00124001	2024-07-05
LAB0000262	1000261	2024-06-27	A	unreportable	0.02394281	2024-07-05
LAB0000263	1000262	2024-06-27	N	KP.3	0.7579458	2024-07-05
LAB0000263	1000262	2024-06-27	N	KP.3.1	0.08015223	2024-07-05
LAB0000263	1000262	2024-06-27	N	JN.1.11.1	0.08488326	2024-07-05
LAB0000263	1000262	2024-06-27	N	KP.1.1.3	0.0336002	2024-07-05
LAB0000263	1000262	2024-06-27	N	KP.3.3	0.02516938	2024-07-05
LAB0000263	1000262	2024-06-27	N	KP.2.15	0.00338752	2024-07-05
LAB0000263	1000262	2024-06-27	N	JN.1.29.1	0.00260022	2024-07-05
LAB0000263	1000262	2024-06-27	N	KP.2.12	0.00136805	2024-07-05
LAB0000263	1000262	2024-06-27	N	KP.4	0.00184626	2024-07-05
LAB0000263	1000262	2024-06-27	N	KP.3.2.2	0.00109568	2024-07-05
LAB0000263	1000262	2024-06-27	N	JN.1.55.1	0.00080467	2024-07-05
LAB0000263	1000262	2024-06-27	N	JN.1.19	0.00097644	2024-07-05
LAB0000263	1000262	2024-06-27	N	JN.1.54.1	0.00062635	2024-07-05
LAB0000263	1000262	2024-06-27	N	unreportable	0.00554395	2024-07-05
LAB0000264	1000263	2024-06-27	P	KP.3	0.51600475	2024-07-05
LAB0000264	1000263	2024-06-27	P	KP.2.3	0.29623727	2024-07-05
LAB0000264	1000263	2024-06-27	P	KP.3.3	0.0988777	2024-07-05
LAB0000264	1000263	2024-06-27	P	LB.1	0.03202463	2024-07-05
LAB0000264	1000263	2024-06-27	P	JN.1.9	0.01758795	2024-07-05
LAB0000264	1000263	2024-06-27	P	JN.1.58	0.00365601	2024-07-05
LAB0000264	1000263	2024-06-27	P	JN.1.29.1	0.00273186	2024-07-05
LAB0000264	1000263	2024-06-27	P	JN.1.54.1	0.00289287	2024-07-05
LAB0000264	1000263	2024-06-27	P	JN.1.49.2	0.0025055	2024-07-05
LAB0000264	1000263	2024-06-27	P	JN.1.55	0.00299627	2024-07-05
LAB0000264	1000263	2024-06-27	P	JN.1.34	0.00143911	2024-07-05
LAB0000264	1000263	2024-06-27	P	JN.1.18.4	0.00186371	2024-07-05
LAB0000264	1000263	2024-06-27	P	JN.1.19	0.00110124	2024-07-05
LAB0000264	1000263	2024-06-27	P	KY.1	0.00104228	2024-07-05
LAB0000264	1000263	2024-06-27	P	JN.1.23	0.00113857	2024-07-05
LAB0000264	1000263	2024-06-27	P	unreportable	0.01790028	2024-07-05
LAB0000265	1000264	2024-06-28	X	KP.3.3	0.36399323	2024-07-05
LAB0000265	1000264	2024-06-28	X	KP.1.1.3	0.21122986	2024-07-05
LAB0000265	1000264	2024-06-28	X	KP.1.1	0.15475767	2024-07-05
LAB0000265	1000264	2024-06-28	X	LB.1	0.11731966	2024-07-05
LAB0000265	1000264	2024-06-28	X	KP.2	0.04404097	2024-07-05
LAB0000265	1000264	2024-06-28	X	KP.2.6	0.04205763	2024-07-05
LAB0000265	1000264	2024-06-28	X	KP.2.2	0.03864203	2024-07-05
LAB0000265	1000264	2024-06-28	X	KP.2.15	0.00480906	2024-07-05
LAB0000265	1000264	2024-06-28	X	KP.2.5	0.00398739	2024-07-05
LAB0000265	1000264	2024-06-28	X	JN.1.54.1	0.00181738	2024-07-05
LAB0000265	1000264	2024-06-28	X	LF.2	0.00187884	2024-07-05
LAB0000265	1000264	2024-06-28	X	KP.3.2.2	0.0010815	2024-07-05
LAB0000265	1000264	2024-06-28	X	KP.1.1.1	0.00099844	2024-07-05
LAB0000265	1000264	2024-06-28	X	KY.1	0.00118523	2024-07-05
LAB0000265	1000264	2024-06-28	X	JN.1.39.1	0.00109673	2024-07-05
LAB0000265	1000264	2024-06-28	X	unreportable	0.01110439	2024-07-05
LAB0000266	1000265	2024-06-27	O	KP.4	0.23179263	2024-07-05
LAB0000266	1000265	2024-06-27	O	JN.1.11.1	0.20350809	2024-07-05
LAB0000266	1000265	2024-06-27	O	KP.3	0.25490122	2024-07-05
LAB0000266	1000265	2024-06-27	O	KP.3.3	0.13405836	2024-07-05
LAB0000266	1000265	2024-06-27	O	JN.1.39	0.11510989	2024-07-05
LAB0000266	1000265	2024-06-27	O	KP.2.4	0.02410592	2024-07-05
LAB0000266	1000265	2024-06-27	O	KP.2.2	0.00559745	2024-07-05
LAB0000266	1000265	2024-06-27	O	JN.1.39.2	0.00386636	2024-07-05
LAB0000266	1000265	2024-06-27	O	JN.1.29.1	0.00359356	2024-07-05
LAB0000266	1000265	2024-06-27	O	KP.1	0.00152807	2024-07-05
LAB0000266	1000265	2024-06-27	O	LF.2	0.00199181	2024-07-05
LAB0000266	1000265	2024-06-27	O	JN.1.54.1	0.00186758	2024-07-05
LAB0000266	1000265	2024-06-27	O	JN.1.39.1	0.00169602	2024-07-05
LAB0000266	1000265	2024-06-27	O	JN.1.55.1	0.00114185	2024-07-05
LAB0000266	1000265	2024-06-27	O	KP.4.2.2	0.0016011	2024-07-05
LAB0000266	1000265	2024-06-27	O	JN.1.39.3	0.00146766	2024-07-05
LAB0000266	1000265	2024-06-27	O	KP.2.15	0.00091056	2024-07-05
LAB0000266	1000265	2024-06-27	O	unreportable	0.01126188	2024-07-05
LAB0000267	1000266	2024-06-26	U	JN.1.11.1	0.42162615	2024-07-05
LAB0000267	1000266	2024-06-26	U	LB.1	0.33671769	2024-07-05
LAB0000267	1000266	2024-06-26	U	KP.3.1	0.17119354	2024-07-05
LAB0000267	1000266	2024-06-26	U	JN.1.16	0.02426833	2024-07-05
LAB0000267	1000266	2024-06-26	U	KP.2.2	0.01548981	2024-07-05
LAB0000267	1000266	2024-06-26	U	LJ.1	0.00355298	2024-07-05
LAB0000267	1000266	2024-06-26	U	JN.1.58	0.00145583	2024-07-05
LAB0000267	1000266	2024-06-26	U	JN.1.54.1	0.00221299	2024-07-05
LAB0000267	1000266	2024-06-26	U	JN.1.34	0.00163503	2024-07-05
LAB0000267	1000266	2024-06-26	U	LF.1	0.0021578	2024-07-05
LAB0000267	1000266	2024-06-26	U	JN.1.55	0.00113009	2024-07-05
LAB0000267	1000266	2024-06-26	U	JN.1.5	0.00177354	2024-07-05
LAB0000267	1000266	2024-06-26	U	JN.1.38	0.00128536	2024-07-05
LAB0000267	1000266	2024-06-26	U	KP.5	0.00104596	2024-07-05
LAB0000267	1000266	2024-06-26	U	JN.1.55.1	0.00109901	2024-07-05
LAB0000267	1000266	2024-06-26	U	JN.1.28.1	0.00094607	2024-07-05
LAB0000267	1000266	2024-06-26	U	JN.1.28	0.00091918	2024-07-05
LAB0000267	1000266	2024-06-26	U	JN.1.57.1	0.00080557	2024-07-05
LAB0000267	1000266	2024-06-26	U	unreportable	0.01068507	2024-07-05
LAB0000268	1000267	2024-06-27	Z	LB.1	0.47019299	2024-07-05
LAB0000268	1000267	2024-06-27	Z	KP.3.1	0.19725134	2024-07-05
LAB0000268	1000267	2024-06-27	Z	KP.2.3	0.12197591	2024-07-05
LAB0000268	1000267	2024-06-27	Z	KS.1	0.1236933	2024-07-05
LAB0000268	1000267	2024-06-27	Z	KP.3	0.04766527	2024-07-05
LAB0000268	1000267	2024-06-27	Z	KP.3.3	0.0162473	2024-07-05
LAB0000268	1000267	2024-06-27	Z	KS.1.1	0.00648371	2024-07-05
LAB0000268	1000267	2024-06-27	Z	KP.1.1	0.00239914	2024-07-05
LAB0000268	1000267	2024-06-27	Z	LF.2	0.002762	2024-07-05
LAB0000268	1000267	2024-06-27	Z	KP.1.1.1	0.00142916	2024-07-05
LAB0000268	1000267	2024-06-27	Z	JN.1.54.1	0.00113359	2024-07-05
LAB0000268	1000267	2024-06-27	Z	unreportable	0.00876629	2024-07-05
LAB0000269	1000268	2024-06-26	V	KP.2.4	0.19100481	2024-07-05
LAB0000269	1000268	2024-06-26	V	KP.3	0.17932622	2024-07-05
LAB0000269	1000268	2024-06-26	V	KP.2.10	0.12588142	2024-07-05
LAB0000269	1000268	2024-06-26	V	KP.1.1	0.11294983	2024-07-05
LAB0000269	1000268	2024-06-26	V	KP.1.1.1	0.10901579	2024-07-05
LAB0000269	1000268	2024-06-26	V	KP.2.9	0.08835386	2024-07-05
LAB0000269	1000268	2024-06-26	V	JN.1.42.2	0.06308182	2024-07-05
LAB0000269	1000268	2024-06-26	V	KP.3.3	0.05394173	2024-07-05
LAB0000269	1000268	2024-06-26	V	KP.1.2	0.04918741	2024-07-05
LAB0000269	1000268	2024-06-26	V	KP.2.2	0.00466044	2024-07-05
LAB0000269	1000268	2024-06-26	V	KP.2.15	0.00554478	2024-07-05
LAB0000269	1000268	2024-06-26	V	KP.2.11	0.00153777	2024-07-05
LAB0000269	1000268	2024-06-26	V	LA.1	0.0012283	2024-07-05
LAB0000269	1000268	2024-06-26	V	KS.1	0.00112916	2024-07-05
LAB0000269	1000268	2024-06-26	V	JN.1.54.1	0.00194989	2024-07-05
LAB0000269	1000268	2024-06-26	V	KP.4.2.2	0.001261	2024-07-05
LAB0000269	1000268	2024-06-26	V	LF.2	0.0012826	2024-07-05
LAB0000269	1000268	2024-06-26	V	KY.1	0.00106264	2024-07-05
LAB0000269	1000268	2024-06-26	V	LF.3	0.00109258	2024-07-05
LAB0000269	1000268	2024-06-26	V	unreportable	0.00650796	2024-07-05
LAB0000270	1000269	2024-06-27	F	LB.1	0.57914177	2024-07-05
LAB0000270	1000269	2024-06-27	F	KP.2	0.39765952	2024-07-05
LAB0000270	1000269	2024-06-27	F	KP.2.15	0.00871546	2024-07-05
LAB0000270	1000269	2024-06-27	F	JN.1.29.1	0.00249509	2024-07-05
LAB0000270	1000269	2024-06-27	F	KP.1.1.3	0.00117979	2024-07-05
LAB0000270	1000269	2024-06-27	F	JN.1.43.1	0.00093046	2024-07-05
LAB0000270	1000269	2024-06-27	F	unreportable	0.0098779	2024-07-05
LAB0000271	1000270	2024-06-27	L	KP.3.2	0.3225426	2024-07-05
LAB0000271	1000270	2024-06-27	L	KP.1.1.1	0.19123016	2024-07-05
LAB0000271	1000270	2024-06-27	L	KP.3.1.1	0.1814535	2024-07-05
LAB0000271	1000270	2024-06-27	L	KP.3.3	0.18713914	2024-07-05
LAB0000271	1000270	2024-06-27	L	JN.1.16	0.08456953	2024-07-05
LAB0000271	1000270	2024-06-27	L	KP.3.1	0.0054502	2024-07-05
LAB0000271	1000270	2024-06-27	L	JN.1.55.1	0.0028574	2024-07-05
LAB0000271	1000270	2024-06-27	L	JN.1.54.1	0.00198706	2024-07-05
LAB0000271	1000270	2024-06-27	L	JN.1.58	0.00178445	2024-07-05
LAB0000271	1000270	2024-06-27	L	JN.1.23	0.00216445	2024-07-05
LAB0000271	1000270	2024-06-27	L	LH.1	0.00116959	2024-07-05
LAB0000271	1000270	2024-06-27	L	JN.1.15	0.00163859	2024-07-05
LAB0000271	1000270	2024-06-27	L	LF.2	0.00110137	2024-07-05
LAB0000271	1000270	2024-06-27	L	unreportable	0.01491196	2024-07-05
LAB0000272	1000271	2024-06-28	K	KP.3.3	0.55163467	2024-07-05
LAB0000272	1000271	2024-06-28	K	KP.2.3	0.1428936	2024-07-05
LAB0000272	1000271	2024-06-28	K	KP.3.1.1	0.09909753	2024-07-05
LAB0000272	1000271	2024-06-28	K	KP.3.1	0.0408088	2024-07-05
LAB0000272	1000271	2024-06-28	K	JN.1.16	0.05519259	2024-07-05
LAB0000272	1000271	2024-06-28	K	KP.3	0.044688	2024-07-05
LAB0000272	1000271	2024-06-28	K	JN.1.16.1	0.0330867	2024-07-05
LAB0000272	1000271	2024-06-28	K	LF.2	0.00776121	2024-07-05
LAB0000272	1000271	2024-06-28	K	JN.1.54	0.00291012	2024-07-05
LAB0000272	1000271	2024-06-28	K	JN.1.58	0.00157387	2024-07-05
LAB0000272	1000271	2024-06-28	K	JN.1.58.2	0.00315979	2024-07-05
LAB0000272	1000271	2024-06-28	K	KS.1.1	0.00138254	2024-07-05
LAB0000272	1000271	2024-06-28	K	JN.1.51.1	0.00090418	2024-07-05
LAB0000272	1000271	2024-06-28	K	LF.1	0.00077974	2024-07-05
LAB0000272	1000271	2024-06-28	K	JQ.2.1.1	0.00077224	2024-07-05
LAB0000272	1000271	2024-06-28	K	JN.1.47.1	0.00099169	2024-07-05
LAB0000272	1000271	2024-06-28	K	unreportable	0.01236272	2024-07-05
LAB0000273	1000272	2024-06-28	Y	JN.1.11	0.28213164	2024-07-05
LAB0000273	1000272	2024-06-28	Y	KP.2	0.1288864	2024-07-05
LAB0000273	1000272	2024-06-28	Y	KP.2.6	0.13697049	2024-07-05
LAB0000273	1000272	2024-06-28	Y	KP.2.4	0.16673497	2024-07-05
LAB0000273	1000272	2024-06-28	Y	JN.1.11.1	0.14347716	2024-07-05
LAB0000273	1000272	2024-06-28	Y	KP.2.5	0.12454869	2024-07-05
LAB0000273	1000272	2024-06-28	Y	KP.2.15	0.00536226	2024-07-05
LAB0000273	1000272	2024-06-28	Y	KP.3.1.1	0.00336059	2024-07-05
LAB0000273	1000272	2024-06-28	Y	KP.2.2	0.00197019	2024-07-05
LAB0000273	1000272	2024-06-28	Y	KP.3.3	0.00150042	2024-07-05
LAB0000273	1000272	2024-06-28	Y	unreportable	0.0050572	2024-07-05
LAB0000274	1000273	2024-06-28	I	JN.1.11	0.42757241	2024-07-05
LAB0000274	1000273	2024-06-28	I	KP.2.3	0.30538161	2024-07-05
LAB0000274	1000273	2024-06-28	I	JN.1.9	0.15572041	2024-07-05
LAB0000274	1000273	2024-06-28	I	KP.3.3	0.03964521	2024-07-05
LAB0000274	1000273	2024-06-28	I	JN.1	0.00974325	2024-07-05
LAB0000274	1000273	2024-06-28	I	JN.1.4	0.0123036	2024-07-05
LAB0000274	1000273	2024-06-28	I	LF.2	0.00538607	2024-07-05
LAB0000274	1000273	2024-06-28	I	JN.1.44	0.0036742	2024-07-05
LAB0000274	1000273	2024-06-28	I	JN.1.47	0.00331645	2024-07-05
LAB0000274	1000273	2024-06-28	I	JN.1.58	0.00304698	2024-07-05
LAB0000274	1000273	2024-06-28	I	JN.1.39.1	0.0040462	2024-07-05
LAB0000274	1000273	2024-06-28	I	JN.1.18.4	0.00232344	2024-07-05
LAB0000274	1000273	2024-06-28	I	JN.1.29	0.00329649	2024-07-05
LAB0000274	1000273	2024-06-28	I	JN.1.4.8	0.00196918	2024-07-05
LAB0000274	1000273	2024-06-28	I	JN.1.19	0.00186493	2024-07-05
LAB0000274	1000273	2024-06-28	I	KP.1.1.3	0.00163789	2024-07-05
LAB0000274	1000273	2024-06-28	I	JN.1.53	0.00162882	2024-07-05
LAB0000274	1000273	2024-06-28	I	JN.1.54	0.0015436	2024-07-05
LAB0000274	1000273	2024-06-28	I	JN.1.4.2	0.00117447	2024-07-05
LAB0000274	1000273	2024-06-28	I	KP.3.2.2	0.00109171	2024-07-05
LAB0000274	1000273	2024-06-28	I	JN.1.46	0.00133369	2024-07-05
LAB0000274	1000273	2024-06-28	I	JN.1.21	0.00155254	2024-07-05
LAB0000274	1000273	2024-06-28	I	unreportable	0.01074685	2024-07-05
LAB0000275	1000274	2024-06-28	E	KP.3	0.29362234	2024-07-05
LAB0000275	1000274	2024-06-28	E	KP.3.1.1	0.13706648	2024-07-05
LAB0000275	1000274	2024-06-28	E	LB.1	0.1261349	2024-07-05
LAB0000275	1000274	2024-06-28	E	KP.2.3	0.06292519	2024-07-05
LAB0000275	1000274	2024-06-28	E	LA.1	0.07123743	2024-07-05
LAB0000275	1000274	2024-06-28	E	JN.1.11	0.06601084	2024-07-05
LAB0000275	1000274	2024-06-28	E	KP.2.2	0.08281981	2024-07-05
LAB0000275	1000274	2024-06-28	E	JN.1.26	0.03671198	2024-07-05
LAB0000275	1000274	2024-06-28	E	KP.3.3	0.03563968	2024-07-05
LAB0000275	1000274	2024-06-28	E	KP.1.1	0.04928269	2024-07-05
LAB0000275	1000274	2024-06-28	E	JN.1.16.2	0.00532825	2024-07-05
LAB0000275	1000274	2024-06-28	E	KP.1	0.00486249	2024-07-05
LAB0000275	1000274	2024-06-28	E	JN.1.58.1	0.00445376	2024-07-05
LAB0000275	1000274	2024-06-28	E	KP.2.12	0.0035701	2024-07-05
LAB0000275	1000274	2024-06-28	E	JN.1.54.1	0.00256992	2024-07-05
LAB0000275	1000274	2024-06-28	E	KP.2.15	0.00146428	2024-07-05
LAB0000275	1000274	2024-06-28	E	JN.1.29.1	0.00223676	2024-07-05
LAB0000275	1000274	2024-06-28	E	JN.1.46	0.00150338	2024-07-05
LAB0000275	1000274	2024-06-28	E	unreportable	0.01255972	2024-07-05
LAB0000276	1000275	2024-04-10	T	JN.1.7	0.91045868	2024-05-30
LAB0000276	1000275	2024-04-10	T	JN.1.4.5	0.0247764	2024-05-30
LAB0000276	1000275	2024-04-10	T	JN.1.4.6	0.01851278	2024-05-30
LAB0000276	1000275	2024-04-10	T	JN.1	0.02049672	2024-05-30
LAB0000276	1000275	2024-04-10	T	JN.1.46	0.00341716	2024-05-30
LAB0000276	1000275	2024-04-10	T	JN.1.4.2	0.0012876	2024-05-30
LAB0000276	1000275	2024-04-10	T	JN.1.49	0.00132196	2024-05-30
LAB0000276	1000275	2024-04-10	T	JN.1.29	0.00139135	2024-05-30
LAB0000276	1000275	2024-04-10	T	KP.2.2	0.00086463	2024-05-30
LAB0000276	1000275	2024-04-10	T	JN.1.23	0.0010169	2024-05-30
LAB0000276	1000275	2024-04-10	T	JN.1.2.1	0.00104304	2024-05-30
LAB0000276	1000275	2024-04-10	T	KP.2.10	0.00076209	2024-05-30
LAB0000276	1000275	2024-04-10	T	KY.1	0.00118182	2024-05-30
LAB0000276	1000275	2024-04-10	T	unreportable	0.01346887	2024-05-30
LAB0000277	1000276	2024-04-08	T	JN.1.7.4	0.24891196	2024-05-30
LAB0000277	1000276	2024-04-08	T	JN.1.16.1	0.33567302	2024-05-30
LAB0000277	1000276	2024-04-08	T	JN.1.12	0.19655403	2024-05-30
LAB0000277	1000276	2024-04-08	T	JN.1.7.3	0.05528915	2024-05-30
LAB0000277	1000276	2024-04-08	T	JN.1.26	0.03294819	2024-05-30
LAB0000277	1000276	2024-04-08	T	JN.1.16	0.02451156	2024-05-30
LAB0000277	1000276	2024-04-08	T	JN.1.7	0.02085172	2024-05-30
LAB0000277	1000276	2024-04-08	T	JN.1.7.2	0.01464547	2024-05-30
LAB0000277	1000276	2024-04-08	T	JN.1.18	0.01649383	2024-05-30
LAB0000277	1000276	2024-04-08	T	JN.1.21	0.00819764	2024-05-30
LAB0000277	1000276	2024-04-08	T	JN.1	0.01153841	2024-05-30
LAB0000277	1000276	2024-04-08	T	JN.1.40	0.0089801	2024-05-30
LAB0000277	1000276	2024-04-08	T	KP.4.2	0.00309534	2024-05-30
LAB0000277	1000276	2024-04-08	T	JN.1.29	0.00411167	2024-05-30
LAB0000277	1000276	2024-04-08	T	KP.1.1.2	0.00127656	2024-05-30
LAB0000277	1000276	2024-04-08	T	JN.1.23	0.00125379	2024-05-30
LAB0000277	1000276	2024-04-08	T	KP.2.11	0.00110605	2024-05-30
LAB0000277	1000276	2024-04-08	T	JN.1.27	0.00113298	2024-05-30
LAB0000277	1000276	2024-04-08	T	JN.1.15	0.00089908	2024-05-30
LAB0000277	1000276	2024-04-08	T	unreportable	0.01252944	2024-05-30
LAB0000278	1000277	2024-05-20	L	KP.3	0.61446472	2024-05-30
LAB0000278	1000277	2024-05-20	L	KP.4.1	0.2183611	2024-05-30
LAB0000278	1000277	2024-05-20	L	KP.4	0.08886881	2024-05-30
LAB0000278	1000277	2024-05-20	L	JN.1.11.1	0.06603072	2024-05-30
LAB0000278	1000277	2024-05-20	L	KP.1.1.1	0.00238611	2024-05-30
LAB0000278	1000277	2024-05-20	L	KY.1	0.00199308	2024-05-30
LAB0000278	1000277	2024-05-20	L	JN.1.8.2	0.00177662	2024-05-30
LAB0000278	1000277	2024-05-20	L	KP.4.2.1	0.00122559	2024-05-30
LAB0000278	1000277	2024-05-20	L	unreportable	0.00489326	2024-05-30
LAB0000279	1000278	2024-05-20	F	JN.1.16.1	0.34333622	2024-05-30
LAB0000279	1000278	2024-05-20	F	LG.1	0.42928084	2024-05-30
LAB0000279	1000278	2024-05-20	F	KW.1	0.10011873	2024-05-30
LAB0000279	1000278	2024-05-20	F	JN.1.18.1	0.05281233	2024-05-30
LAB0000279	1000278	2024-05-20	F	JN.1.18	0.03783844	2024-05-30
LAB0000279	1000278	2024-05-20	F	KQ.1	0.00668105	2024-05-30
LAB0000279	1000278	2024-05-20	F	KW.1.1	0.00424121	2024-05-30
LAB0000279	1000278	2024-05-20	F	KW.1.1.1	0.00526655	2024-05-30
LAB0000279	1000278	2024-05-20	F	JN.1.18.2	0.00196766	2024-05-30
LAB0000279	1000278	2024-05-20	F	JN.1.46	0.002085	2024-05-30
LAB0000279	1000278	2024-05-20	F	KY.1	0.0014003	2024-05-30
LAB0000279	1000278	2024-05-20	F	JN.1.39.1	0.00148027	2024-05-30
LAB0000279	1000278	2024-05-20	F	JN.1.21	0.0013864	2024-05-30
LAB0000279	1000278	2024-05-20	F	JN.1.23	0.00116149	2024-05-30
LAB0000279	1000278	2024-05-20	F	JN.1.4.5	0.00088013	2024-05-30
LAB0000279	1000278	2024-05-20	F	unreportable	0.01006338	2024-05-30
LAB0000280	1000279	2024-05-20	V	JN.1.16.1	0.25354508	2024-05-30
LAB0000280	1000279	2024-05-20	V	KP.2.1	0.19468759	2024-05-30
LAB0000280	1000279	2024-05-20	V	JN.1.18	0.24056254	2024-05-30
LAB0000280	1000279	2024-05-20	V	KP.2	0.08537125	2024-05-30
LAB0000280	1000279	2024-05-20	V	JN.1.11	0.0491081	2024-05-30
LAB0000280	1000279	2024-05-20	V	KP.3	0.07091024	2024-05-30
LAB0000280	1000279	2024-05-20	V	KQ.1	0.04462343	2024-05-30
LAB0000280	1000279	2024-05-20	V	JN.1.40	0.00483532	2024-05-30
LAB0000280	1000279	2024-05-20	V	XDK.1	0.00364106	2024-05-30
LAB0000280	1000279	2024-05-20	V	KP.2.2	0.00233074	2024-05-30
LAB0000280	1000279	2024-05-20	V	KP.1.1.1	0.00463984	2024-05-30
LAB0000280	1000279	2024-05-20	V	JN.1.43	0.00337614	2024-05-30
LAB0000280	1000279	2024-05-20	V	KP.3.2	0.00260495	2024-05-30
LAB0000280	1000279	2024-05-20	V	KP.2.12	0.00229164	2024-05-30
LAB0000280	1000279	2024-05-20	V	KP.4.2	0.00135103	2024-05-30
LAB0000280	1000279	2024-05-20	V	JN.1.7.3	0.00196435	2024-05-30
LAB0000280	1000279	2024-05-20	V	JN.1.5	0.00177002	2024-05-30
LAB0000280	1000279	2024-05-20	V	JN.1.6.1	0.0014071	2024-05-30
LAB0000280	1000279	2024-05-20	V	JN.1.15	0.00145504	2024-05-30
LAB0000280	1000279	2024-05-20	V	JN.2.5	0.0015188	2024-05-30
LAB0000280	1000279	2024-05-20	V	KR.1	0.00134617	2024-05-30
LAB0000280	1000279	2024-05-20	V	JN.1.19	0.0017378	2024-05-30
LAB0000280	1000279	2024-05-20	V	unreportable	0.02492176	2024-05-30
LAB0000281	1000280	2024-05-21	A	LB.1	0.46344954	2024-05-30
LAB0000281	1000280	2024-05-21	A	JN.1.11	0.25758788	2024-05-30
LAB0000281	1000280	2024-05-21	A	KP.3.3	0.13217179	2024-05-30
LAB0000281	1000280	2024-05-21	A	KP.4	0.0890111	2024-05-30
LAB0000281	1000280	2024-05-21	A	XDV.1	0.02845801	2024-05-30
LAB0000281	1000280	2024-05-21	A	KP.2.10	0.00945877	2024-05-30
LAB0000281	1000280	2024-05-21	A	KP.4.2	0.00156507	2024-05-30
LAB0000281	1000280	2024-05-21	A	KP.2.2	0.00125198	2024-05-30
LAB0000281	1000280	2024-05-21	A	KP.1.1.1	0.00112957	2024-05-30
LAB0000281	1000280	2024-05-21	A	JN.1.49.2	0.00122094	2024-05-30
LAB0000281	1000280	2024-05-21	A	KP.1.1.2	0.00105358	2024-05-30
LAB0000281	1000280	2024-05-21	A	KY.1	0.00137502	2024-05-30
LAB0000281	1000280	2024-05-21	A	unreportable	0.01226676	2024-05-30
LAB0000282	1000281	2024-05-21	H	KP.3.1	0.99663096	2024-05-30
LAB0000282	1000281	2024-05-21	H	unreportable	0.00336904	2024-05-30
LAB0000283	1000282	2024-05-22	T	KP.2	0.70120824	2024-05-30
LAB0000283	1000282	2024-05-22	T	KP.2.3	0.22518909	2024-05-30
LAB0000283	1000282	2024-05-22	T	KP.2.10	0.05810653	2024-05-30
LAB0000283	1000282	2024-05-22	T	KP.4	0.00462313	2024-05-30
LAB0000283	1000282	2024-05-22	T	KP.2.12	0.00138949	2024-05-30
LAB0000283	1000282	2024-05-22	T	LF.1	0.00200299	2024-05-30
LAB0000283	1000282	2024-05-22	T	unreportable	0.00748053	2024-05-30
LAB0000284	1000283	2024-05-22	G	KP.3	0.45593151	2024-05-30
LAB0000284	1000283	2024-05-22	G	JN.1.16	0.36021623	2024-05-30
LAB0000284	1000283	2024-05-22	G	JN.1.11.1	0.07222891	2024-05-30
LAB0000284	1000283	2024-05-22	G	JN.1.37	0.03006348	2024-05-30
LAB0000284	1000283	2024-05-22	G	JN.1.15	0.02419662	2024-05-30
LAB0000284	1000283	2024-05-22	G	JN.1	0.03234964	2024-05-30
LAB0000284	1000283	2024-05-22	G	JN.1.8.2	0.00357686	2024-05-30
LAB0000284	1000283	2024-05-22	G	JN.1.35	0.00360015	2024-05-30
LAB0000284	1000283	2024-05-22	G	JN.1.34	0.00160403	2024-05-30
LAB0000284	1000283	2024-05-22	G	KY.1	0.0008557	2024-05-30
LAB0000284	1000283	2024-05-22	G	JN.1.25	0.00140733	2024-05-30
LAB0000284	1000283	2024-05-22	G	JN.1.4.5	0.00114822	2024-05-30
LAB0000284	1000283	2024-05-22	G	unreportable	0.01282132	2024-05-30
LAB0000285	1000284	2024-05-22	J	JN.1.7.3	0.33038709	2024-05-30
LAB0000285	1000284	2024-05-22	J	KP.1.2	0.18050553	2024-05-30
LAB0000285	1000284	2024-05-22	J	JN.1.26	0.13405876	2024-05-30
LAB0000285	1000284	2024-05-22	J	KP.1.1	0.09314347	2024-05-30
LAB0000285	1000284	2024-05-22	J	KP.5	0.07092825	2024-05-30
LAB0000285	1000284	2024-05-22	J	KQ.1	0.05525378	2024-05-30
LAB0000285	1000284	2024-05-22	J	KP.2	0.07108418	2024-05-30
LAB0000285	1000284	2024-05-22	J	JN.1.7	0.00376404	2024-05-30
LAB0000285	1000284	2024-05-22	J	KP.1	0.0059048	2024-05-30
LAB0000285	1000284	2024-05-22	J	JN.1.32	0.00279422	2024-05-30
LAB0000285	1000284	2024-05-22	J	JN.1.4.3	0.00432552	2024-05-30
LAB0000285	1000284	2024-05-22	J	JN.1.11.1	0.00546277	2024-05-30
LAB0000285	1000284	2024-05-22	J	JN.1.4.4	0.00318523	2024-05-30
LAB0000285	1000284	2024-05-22	J	JN.1.18	0.00298579	2024-05-30
LAB0000285	1000284	2024-05-22	J	JN.1.44	0.00252975	2024-05-30
LAB0000285	1000284	2024-05-22	J	JN.1.46	0.0019157	2024-05-30
LAB0000285	1000284	2024-05-22	J	JN.1.4	0.00151198	2024-05-30
LAB0000285	1000284	2024-05-22	J	JN.1	0.00212813	2024-05-30
LAB0000285	1000284	2024-05-22	J	LA.2	0.00239422	2024-05-30
LAB0000285	1000284	2024-05-22	J	JN.1.35	0.00130496	2024-05-30
LAB0000285	1000284	2024-05-22	J	JN.1.23	0.00141126	2024-05-30
LAB0000285	1000284	2024-05-22	J	JN.1.29	0.00146705	2024-05-30
LAB0000285	1000284	2024-05-22	J	JN.1.19	0.00101749	2024-05-30
LAB0000285	1000284	2024-05-22	J	JN.1.21	0.00151092	2024-05-30
LAB0000285	1000284	2024-05-22	J	KP.2.9	0.0009636	2024-05-30
LAB0000285	1000284	2024-05-22	J	KY.1	0.00077244	2024-05-30
LAB0000285	1000284	2024-05-22	J	JN.1.5	0.00070427	2024-05-30
LAB0000285	1000284	2024-05-22	J	unreportable	0.0165848	2024-05-30
LAB0000286	1000285	2024-05-23	O	LB.1	0.70314224	2024-05-30
LAB0000286	1000285	2024-05-23	O	KP.4.1	0.27204999	2024-05-30
LAB0000286	1000285	2024-05-23	O	JN.1.7.4	0.01957933	2024-05-30
LAB0000286	1000285	2024-05-23	O	JN.1.8.4	0.00106457	2024-05-30
LAB0000286	1000285	2024-05-23	O	unreportable	0.00416386	2024-05-30
LAB0000287	1000286	2024-05-23	N	KP.3.1	0.99697669	2024-05-30
LAB0000287	1000286	2024-05-23	N	unreportable	0.00302331	2024-05-30
LAB0000288	1000287	2024-05-23	Z	JN.1.3	0.35290001	2024-05-30
LAB0000288	1000287	2024-05-23	Z	JN.1.11	0.25428001	2024-05-30
LAB0000288	1000287	2024-05-23	Z	JN.1.4.7	0.11089045	2024-05-30
LAB0000288	1000287	2024-05-23	Z	LE.1	0.08433432	2024-05-30
LAB0000288	1000287	2024-05-23	Z	JN.1.16.1	0.08583579	2024-05-30
LAB0000288	1000287	2024-05-23	Z	JN.1.16	0.08965031	2024-05-30
LAB0000288	1000287	2024-05-23	Z	KP.2.11	0.00317913	2024-05-30
LAB0000288	1000287	2024-05-23	Z	LE.1.2	0.00235207	2024-05-30
LAB0000288	1000287	2024-05-23	Z	JN.1.43	0.0028906	2024-05-30
LAB0000288	1000287	2024-05-23	Z	JN.1.2.1	0.00102451	2024-05-30
LAB0000288	1000287	2024-05-23	Z	unreportable	0.01266281	2024-05-30
LAB0000289	1000288	2024-05-24	X	JN.1	0.59245808	2024-05-30
LAB0000289	1000288	2024-05-24	X	JN.1.32	0.16790083	2024-05-30
LAB0000289	1000288	2024-05-24	X	JN.1.7	0.16146043	2024-05-30
LAB0000289	1000288	2024-05-24	X	KP.3	0.05207408	2024-05-30
LAB0000289	1000288	2024-05-24	X	KY.1	0.00410963	2024-05-30
LAB0000289	1000288	2024-05-24	X	JN.1.35	0.00247509	2024-05-30
LAB0000289	1000288	2024-05-24	X	JN.1.16.2	0.00194966	2024-05-30
LAB0000289	1000288	2024-05-24	X	JN.1.9.1	0.00169442	2024-05-30
LAB0000289	1000288	2024-05-24	X	KR.1	0.00179362	2024-05-30
LAB0000289	1000288	2024-05-24	X	JN.1.26	0.00112237	2024-05-30
LAB0000289	1000288	2024-05-24	X	JN.1.2.1	0.00128535	2024-05-30
LAB0000289	1000288	2024-05-24	X	JN.1.23	0.00104127	2024-05-30
LAB0000289	1000288	2024-05-24	X	unreportable	0.01063515	2024-05-30
LAB0000290	1000289	2024-05-23	R	KP.3.1	0.65256995	2024-05-30
LAB0000290	1000289	2024-05-23	R	KP.3	0.21280677	2024-05-30
LAB0000290	1000289	2024-05-23	R	JN.1.4	0.03796264	2024-05-30
LAB0000290	1000289	2024-05-23	R	JN.1.45	0.02548175	2024-05-30
LAB0000290	1000289	2024-05-23	R	JN.1.38	0.02100387	2024-05-30
LAB0000290	1000289	2024-05-23	R	JN.1	0.02410377	2024-05-30
LAB0000290	1000289	2024-05-23	R	JN.1.4.5	0.00554287	2024-05-30
LAB0000290	1000289	2024-05-23	R	JN.1.4.7	0.00268694	2024-05-30
LAB0000290	1000289	2024-05-23	R	KP.2.11	0.00157334	2024-05-30
LAB0000290	1000289	2024-05-23	R	JN.1.28.1	0.00113645	2024-05-30
LAB0000290	1000289	2024-05-23	R	JN.1.17	0.00136464	2024-05-30
LAB0000290	1000289	2024-05-23	R	JN.1.21	0.00123533	2024-05-30
LAB0000290	1000289	2024-05-23	R	JN.1.1	0.00125307	2024-05-30
LAB0000290	1000289	2024-05-23	R	JN.1.29	0.00136957	2024-05-30
LAB0000290	1000289	2024-05-23	R	unreportable	0.00990904	2024-05-30
LAB0000291	1000290	2024-05-23	B	BA.2.86.1	0.45086813	2024-05-30
LAB0000291	1000290	2024-05-23	B	XDK.1	0.12554168	2024-05-30
LAB0000291	1000290	2024-05-23	B	LA.1	0.09352387	2024-05-30
LAB0000291	1000290	2024-05-23	B	JN.1.16.1	0.08624596	2024-05-30
LAB0000291	1000290	2024-05-23	B	JN.1.18.1	0.09776383	2024-05-30
LAB0000291	1000290	2024-05-23	B	JN.1.18	0.11381742	2024-05-30
LAB0000291	1000290	2024-05-23	B	JN.1.8.2	0.00367941	2024-05-30
LAB0000291	1000290	2024-05-23	B	JN.1.25.1	0.00528897	2024-05-30
LAB0000291	1000290	2024-05-23	B	KY.1	0.00133007	2024-05-30
LAB0000291	1000290	2024-05-23	B	JN.1.43.1	0.00160877	2024-05-30
LAB0000291	1000290	2024-05-23	B	JN.1.43	0.00107879	2024-05-30
LAB0000291	1000290	2024-05-23	B	JN.1.17	0.00086522	2024-05-30
LAB0000291	1000290	2024-05-23	B	JN.18	0.00079624	2024-05-30
LAB0000291	1000290	2024-05-23	B	JN.4	0.00094401	2024-05-30
LAB0000291	1000290	2024-05-23	B	unreportable	0.01664762	2024-05-30
LAB0000292	1000291	2024-05-23	W	KP.3.2	0.1781017	2024-05-30
LAB0000292	1000291	2024-05-23	W	KP.3	0.23781842	2024-05-30
LAB0000292	1000291	2024-05-23	W	JN.1.4.6	0.17549351	2024-05-30
LAB0000292	1000291	2024-05-23	W	JN.1.4.3	0.21109608	2024-05-30
LAB0000292	1000291	2024-05-23	W	JN.1.32	0.17168846	2024-05-30
LAB0000292	1000291	2024-05-23	W	KP.3.1	0.00315917	2024-05-30
LAB0000292	1000291	2024-05-23	W	KV.1	0.00196733	2024-05-30
LAB0000292	1000291	2024-05-23	W	KV.2	0.00225311	2024-05-30
LAB0000292	1000291	2024-05-23	W	JN.1.49	0.00207129	2024-05-30
LAB0000292	1000291	2024-05-23	W	JN.1.8.1	0.00102473	2024-05-30
LAB0000292	1000291	2024-05-23	W	JN.1.9.1	0.00113229	2024-05-30
LAB0000292	1000291	2024-05-23	W	XDK.3	0.00099836	2024-05-30
LAB0000292	1000291	2024-05-23	W	JN.1.19	0.0011431	2024-05-30
LAB0000292	1000291	2024-05-23	W	JN.1.7	0.00093809	2024-05-30
LAB0000292	1000291	2024-05-23	W	JN.1.4.5	0.00079584	2024-05-30
LAB0000292	1000291	2024-05-23	W	unreportable	0.01031853	2024-05-30
LAB0000293	1000292	2024-05-23	C	KP.3	0.3095865	2024-05-30
LAB0000293	1000292	2024-05-23	C	JN.1.11.1	0.34656172	2024-05-30
LAB0000293	1000292	2024-05-23	C	JN.1.11	0.33259932	2024-05-30
LAB0000293	1000292	2024-05-23	C	KP.3.1	0.00277902	2024-05-30
LAB0000293	1000292	2024-05-23	C	KP.2.5	0.00096345	2024-05-30
LAB0000293	1000292	2024-05-23	C	KP.2.2	0.00113546	2024-05-30
LAB0000293	1000292	2024-05-23	C	unreportable	0.00637453	2024-05-30
LAB0000294	1000293	2024-05-24	K	JN.1.32.1	0.04319311	2024-05-30
LAB0000294	1000293	2024-05-24	K	JN.1.22	0.0499828	2024-05-30
LAB0000294	1000293	2024-05-24	K	JN.1.2	0.04862289	2024-05-30
LAB0000294	1000293	2024-05-24	K	JN.1.28	0.04150766	2024-05-30
LAB0000294	1000293	2024-05-24	K	JN.1.20	0.04571558	2024-05-30
LAB0000294	1000293	2024-05-24	K	JN.1.32	0.04967937	2024-05-30
LAB0000294	1000293	2024-05-24	K	JN.1.10	0.04233845	2024-05-30
LAB0000294	1000293	2024-05-24	K	JN.1.1	0.04298665	2024-05-30
LAB0000294	1000293	2024-05-24	K	JN.1.40	0.04541737	2024-05-30
LAB0000294	1000293	2024-05-24	K	JN.1.4	0.05349415	2024-05-30
LAB0000294	1000293	2024-05-24	K	JN.1.9	0.06701497	2024-05-30
LAB0000294	1000293	2024-05-24	K	JN.1.18	0.06269726	2024-05-30
LAB0000294	1000293	2024-05-24	K	JN.1.16	0.05050994	2024-05-30
LAB0000294	1000293	2024-05-24	K	JN.1	0.04896304	2024-05-30
LAB0000294	1000293	2024-05-24	K	JN.1.4.4	0.03697749	2024-05-30
LAB0000294	1000293	2024-05-24	K	JN.1.4.3	0.05660923	2024-05-30
LAB0000294	1000293	2024-05-24	K	JN.1.9.2	0.05640201	2024-05-30
LAB0000294	1000293	2024-05-24	K	JN.1.16.1	0.03726478	2024-05-30
LAB0000294	1000293	2024-05-24	K	KQ.1	0.03811367	2024-05-30
LAB0000294	1000293	2024-05-24	K	LB.1	0.04207946	2024-05-30
LAB0000294	1000293	2024-05-24	K	JN.1.29	0.00402144	2024-05-30
LAB0000294	1000293	2024-05-24	K	JN.1.14	0.00469169	2024-05-30
LAB0000294	1000293	2024-05-24	K	KY.1	0.00179565	2024-05-30
LAB0000294	1000293	2024-05-24	K	JN.1.8.1	0.00151857	2024-05-30
LAB0000294	1000293	2024-05-24	K	JN.1.8.2	0.00209148	2024-05-30
LAB0000294	1000293	2024-05-24	K	JN.1.23	0.00103216	2024-05-30
LAB0000294	1000293	2024-05-24	K	JN.1.19	0.00146597	2024-05-30
LAB0000294	1000293	2024-05-24	K	JN.1.46	0.00094358	2024-05-30
LAB0000294	1000293	2024-05-24	K	JN.1.5	0.00093588	2024-05-30
LAB0000294	1000293	2024-05-24	K	LE.1.2	0.00126934	2024-05-30
LAB0000294	1000293	2024-05-24	K	unreportable	0.02066436	2024-05-30
LAB0000295	1000294	2024-05-24	Y	JN.1.42	0.09448101	2024-05-30
LAB0000295	1000294	2024-05-24	Y	JN.1.42.2	0.09992252	2024-05-30
LAB0000295	1000294	2024-05-24	Y	JN.1.11.1	0.09165525	2024-05-30
LAB0000295	1000294	2024-05-24	Y	KP.1	0.0861476	2024-05-30
LAB0000295	1000294	2024-05-24	Y	KP.5	0.08701525	2024-05-30
LAB0000295	1000294	2024-05-24	Y	KP.2.5	0.07956348	2024-05-30
LAB0000295	1000294	2024-05-24	Y	KP.2.4	0.10651267	2024-05-30
LAB0000295	1000294	2024-05-24	Y	KP.1.1	0.07756743	2024-05-30
LAB0000295	1000294	2024-05-24	Y	KP.1.2	0.06172258	2024-05-30
LAB0000295	1000294	2024-05-24	Y	KP.2	0.08233446	2024-05-30
LAB0000295	1000294	2024-05-24	Y	KP.2.7	0.09922677	2024-05-30
LAB0000295	1000294	2024-05-24	Y	KP.2.2	0.00921607	2024-05-30
LAB0000295	1000294	2024-05-24	Y	KP.2.8	0.00386977	2024-05-30
LAB0000295	1000294	2024-05-24	Y	JN.1.46	0.0035035	2024-05-30
LAB0000295	1000294	2024-05-24	Y	JN.1.24	0.00248328	2024-05-30
LAB0000295	1000294	2024-05-24	Y	JN.1.24.1	0.00257735	2024-05-30
LAB0000295	1000294	2024-05-24	Y	KP.4	0.00127742	2024-05-30
LAB0000295	1000294	2024-05-24	Y	KP.4.2	0.00237303	2024-05-30
LAB0000295	1000294	2024-05-24	Y	JN.1.42.1	0.00108194	2024-05-30
LAB0000295	1000294	2024-05-24	Y	KP.2.10	0.00109319	2024-05-30
LAB0000295	1000294	2024-05-24	Y	unreportable	0.00637541	2024-05-30
LAB0000296	1000295	2024-05-24	I	JN.1.16.1	0.46936014	2024-05-30
LAB0000296	1000295	2024-05-24	I	JN.1.16	0.51455401	2024-05-30
LAB0000296	1000295	2024-05-24	I	KU.2	0.00261726	2024-05-30
LAB0000296	1000295	2024-05-24	I	JN.1.35	0.00170829	2024-05-30
LAB0000296	1000295	2024-05-24	I	JN.1.39.1	0.00190603	2024-05-30
LAB0000296	1000295	2024-05-24	I	JN.1.18.2	0.00100092	2024-05-30
LAB0000296	1000295	2024-05-24	I	KP.2.11	0.0011421	2024-05-30
LAB0000296	1000295	2024-05-24	I	unreportable	0.00771126	2024-05-30
LAB0000297	1000296	2024-05-23	P	LB.1	0.55463105	2024-05-30
LAB0000297	1000296	2024-05-23	P	KP.2	0.16510399	2024-05-30
LAB0000297	1000296	2024-05-23	P	KP.3	0.18376765	2024-05-30
LAB0000297	1000296	2024-05-23	P	JN.1.7.4	0.07857015	2024-05-30
LAB0000297	1000296	2024-05-23	P	KP.2.2	0.00191595	2024-05-30
LAB0000297	1000296	2024-05-23	P	KP.1.1.1	0.00229578	2024-05-30
LAB0000297	1000296	2024-05-23	P	KP.2.12	0.00189057	2024-05-30
LAB0000297	1000296	2024-05-23	P	KS.1	0.00151636	2024-05-30
LAB0000297	1000296	2024-05-23	P	KV.2	0.00117902	2024-05-30
LAB0000297	1000296	2024-05-23	P	LF.1	0.00112644	2024-05-30
LAB0000297	1000296	2024-05-23	P	LA.1	0.00111543	2024-05-30
LAB0000297	1000296	2024-05-23	P	KP.4.2	0.0007003	2024-05-30
LAB0000297	1000296	2024-05-23	P	unreportable	0.00618729	2024-05-30
LAB0000298	1000297	2024-05-24	E	KP.3.2	0.37524523	2024-05-30
LAB0000298	1000297	2024-05-24	E	KP.5	0.27812684	2024-05-30
LAB0000298	1000297	2024-05-24	E	KP.4	0.20526914	2024-05-30
LAB0000298	1000297	2024-05-24	E	KP.4.2.1	0.13826498	2024-05-30
LAB0000298	1000297	2024-05-24	E	JN.1.5	0.0016306	2024-05-30
LAB0000298	1000297	2024-05-24	E	unreportable	0.00146322	2024-05-30
LAB0000299	1000298	2024-02-02	N	JN.1.4.2	0.7241201	2024-02-29
LAB0000299	1000298	2024-02-02	N	JN.1.8.1	0.12476595	2024-02-29
LAB0000299	1000298	2024-02-02	N	JN.1.11	0.1031531	2024-02-29
LAB0000299	1000298	2024-02-02	N	JN.1	0.03111076	2024-02-29
LAB0000299	1000298	2024-02-02	N	JN.1.19	0.00366549	2024-02-29
LAB0000299	1000298	2024-02-02	N	JN.1.3	0.00318626	2024-02-29
LAB0000299	1000298	2024-02-02	N	KP.1	0.00174191	2024-02-29
LAB0000299	1000298	2024-02-02	N	JN.1.15	0.0010945	2024-02-29
LAB0000299	1000298	2024-02-02	N	unreportable	0.00716192	2024-02-29
LAB0000300	1000299	2024-02-22	L	JN.1.4	0.36844945	2024-02-29
LAB0000300	1000299	2024-02-22	L	JN.1.4.2	0.32962662	2024-02-29
LAB0000300	1000299	2024-02-22	L	JN.1.11	0.28253354	2024-02-29
LAB0000300	1000299	2024-02-22	L	KP.1	0.00161945	2024-02-29
LAB0000300	1000299	2024-02-22	L	JN.8	0.00090293	2024-02-29
LAB0000300	1000299	2024-02-22	L	JN.1.5	0.00123317	2024-02-29
LAB0000300	1000299	2024-02-22	L	JN.1.19	0.0013436	2024-02-29
LAB0000300	1000299	2024-02-22	L	XDK	0.00189693	2024-02-29
LAB0000300	1000299	2024-02-22	L	JN.1.10	0.00146521	2024-02-29
LAB0000300	1000299	2024-02-22	L	JN.1.8.1	0.00126359	2024-02-29
LAB0000300	1000299	2024-02-22	L	JN.1.17	0.00132458	2024-02-29
LAB0000300	1000299	2024-02-22	L	unreportable	0.00834093	2024-02-29
LAB0000301	1000300	2024-02-22	O	JN.1	0.4284589	2024-02-29
LAB0000301	1000300	2024-02-22	O	JN.1.4	0.36154942	2024-02-29
LAB0000301	1000300	2024-02-22	O	JN.1.11	0.1952496	2024-02-29
LAB0000301	1000300	2024-02-22	O	KP.1	0.00150205	2024-02-29
LAB0000301	1000300	2024-02-22	O	JN.1.14	0.00139892	2024-02-29
LAB0000301	1000300	2024-02-22	O	JN.1.5	0.00129948	2024-02-29
LAB0000301	1000300	2024-02-22	O	JN.1.23	0.00140032	2024-02-29
LAB0000301	1000300	2024-02-22	O	JN.1.4.2	0.00187012	2024-02-29
LAB0000301	1000300	2024-02-22	O	JN.1.17	0.00132343	2024-02-29
LAB0000301	1000300	2024-02-22	O	unreportable	0.00594777	2024-02-29
LAB0000302	1000301	2024-02-22	N	JN.1	0.58261964	2024-02-29
LAB0000302	1000301	2024-02-22	N	JN.1.11	0.20510842	2024-02-29
LAB0000302	1000301	2024-02-22	N	JN.1.4.3	0.08737695	2024-02-29
LAB0000302	1000301	2024-02-22	N	JN.1.8	0.06223268	2024-02-29
LAB0000302	1000301	2024-02-22	N	JN.1.7	0.03135698	2024-02-29
LAB0000302	1000301	2024-02-22	N	JN.1.8.1	0.01010666	2024-02-29
LAB0000302	1000301	2024-02-22	N	JN.1.15	0.00562969	2024-02-29
LAB0000302	1000301	2024-02-22	N	KP.1	0.00261829	2024-02-29
LAB0000302	1000301	2024-02-22	N	JN.1.4.2	0.00156477	2024-02-29
LAB0000302	1000301	2024-02-22	N	JN.1.19	0.00187187	2024-02-29
LAB0000302	1000301	2024-02-22	N	JN.1.22	0.00169777	2024-02-29
LAB0000302	1000301	2024-02-22	N	JN.1.3	0.0017966	2024-02-29
LAB0000302	1000301	2024-02-22	N	JN.1.21	0.00142384	2024-02-29
LAB0000302	1000301	2024-02-22	N	unreportable	0.00459585	2024-02-29
LAB0000303	1000302	2024-02-21	U	JN.1.8	0.33045195	2024-02-29
LAB0000303	1000302	2024-02-21	U	JN.1.11	0.2205872	2024-02-29
LAB0000303	1000302	2024-02-21	U	JN.1.4	0.22056304	2024-02-29
LAB0000303	1000302	2024-02-21	U	JN.1.8.1	0.12404101	2024-02-29
LAB0000303	1000302	2024-02-21	U	XDP	0.05403307	2024-02-29
LAB0000303	1000302	2024-02-21	U	JN.1	0.01858974	2024-02-29
LAB0000303	1000302	2024-02-21	U	JN.1.7	0.0119404	2024-02-29
LAB0000303	1000302	2024-02-21	U	KP.1	0.00165271	2024-02-29
LAB0000303	1000302	2024-02-21	U	JN.1.21	0.00137895	2024-02-29
LAB0000303	1000302	2024-02-21	U	JN.1.1.2	0.00165466	2024-02-29
LAB0000303	1000302	2024-02-21	U	JN.1.3	0.00162788	2024-02-29
LAB0000303	1000302	2024-02-21	U	BA.2.86.5	0.00152815	2024-02-29
LAB0000303	1000302	2024-02-21	U	XDD	0.00110126	2024-02-29
LAB0000303	1000302	2024-02-21	U	JN.1.19	0.00114603	2024-02-29
LAB0000303	1000302	2024-02-21	U	XDD.2	0.00082545	2024-02-29
LAB0000303	1000302	2024-02-21	U	unreportable	0.0088785	2024-02-29
LAB0000304	1000303	2024-02-21	V	JN.1.8	0.44949471	2024-02-29
LAB0000304	1000303	2024-02-21	V	JN.1.11	0.16205227	2024-02-29
LAB0000304	1000303	2024-02-21	V	JN.1.18	0.18802129	2024-02-29
LAB0000304	1000303	2024-02-21	V	JN.1.4.3	0.09406558	2024-02-29
LAB0000304	1000303	2024-02-21	V	JN.1.7	0.0393865	2024-02-29
LAB0000304	1000303	2024-02-21	V	JN.1.4.2	0.04620623	2024-02-29
LAB0000304	1000303	2024-02-21	V	JN.1.17	0.00329002	2024-02-29
LAB0000304	1000303	2024-02-21	V	KP.1	0.00313032	2024-02-29
LAB0000304	1000303	2024-02-21	V	JN.1.16	0.00230645	2024-02-29
LAB0000304	1000303	2024-02-21	V	JN.1.8.1	0.00129213	2024-02-29
LAB0000304	1000303	2024-02-21	V	JN.7	0.00103048	2024-02-29
LAB0000304	1000303	2024-02-21	V	JN.1.2.1	0.00121547	2024-02-29
LAB0000304	1000303	2024-02-21	V	JN.1.21	0.00168908	2024-02-29
LAB0000304	1000303	2024-02-21	V	unreportable	0.00681947	2024-02-29
LAB0000305	1000304	2024-02-22	Z	JN.1	0.63335259	2024-02-29
LAB0000305	1000304	2024-02-22	Z	JN.1.18	0.22009354	2024-02-29
LAB0000305	1000304	2024-02-22	Z	JN.1.8	0.12496374	2024-02-29
LAB0000305	1000304	2024-02-22	Z	JN.1.10	0.00260485	2024-02-29
LAB0000305	1000304	2024-02-22	Z	JN.1.12	0.00253027	2024-02-29
LAB0000305	1000304	2024-02-22	Z	JN.1.8.1	0.00168181	2024-02-29
LAB0000305	1000304	2024-02-22	Z	KP.1	0.00113871	2024-02-29
LAB0000305	1000304	2024-02-22	Z	JN.1.3	0.00137927	2024-02-29
LAB0000305	1000304	2024-02-22	Z	JN.1.15	0.00095205	2024-02-29
LAB0000305	1000304	2024-02-22	Z	unreportable	0.01130318	2024-02-29
LAB0000306	1000305	2024-02-22	R	JN.1.11	0.41800394	2024-02-29
LAB0000306	1000305	2024-02-22	R	JN.1	0.24965328	2024-02-29
LAB0000306	1000305	2024-02-22	R	JN.1.15	0.32188922	2024-02-29
LAB0000306	1000305	2024-02-22	R	KP.1	0.00225183	2024-02-29
LAB0000306	1000305	2024-02-22	R	JN.1.19	0.00127804	2024-02-29
LAB0000306	1000305	2024-02-22	R	JN.1.4.2	0.00091995	2024-02-29
LAB0000306	1000305	2024-02-22	R	unreportable	0.00600375	2024-02-29
LAB0000307	1000306	2024-02-22	F	JN.1.9	0.41073523	2024-02-29
LAB0000307	1000306	2024-02-22	F	JN.1.11	0.39571276	2024-02-29
LAB0000307	1000306	2024-02-22	F	JN.1	0.03936909	2024-02-29
LAB0000307	1000306	2024-02-22	F	JN.1.18	0.02364638	2024-02-29
LAB0000307	1000306	2024-02-22	F	JN.1.15	0.03309199	2024-02-29
LAB0000307	1000306	2024-02-22	F	JN.1.21	0.02846175	2024-02-29
LAB0000307	1000306	2024-02-22	F	JN.1.4	0.03067377	2024-02-29
LAB0000307	1000306	2024-02-22	F	JN.1.11.1	0.01339546	2024-02-29
LAB0000307	1000306	2024-02-22	F	JN.1.16	0.00510039	2024-02-29
LAB0000307	1000306	2024-02-22	F	JN.2.5	0.00471124	2024-02-29
LAB0000307	1000306	2024-02-22	F	JN.1.1.2	0.00146403	2024-02-29
LAB0000307	1000306	2024-02-22	F	JN.1.20	0.00144194	2024-02-29
LAB0000307	1000306	2024-02-22	F	KP.1	0.00148963	2024-02-29
LAB0000307	1000306	2024-02-22	F	JN.1.8.1	0.00123108	2024-02-29
LAB0000307	1000306	2024-02-22	F	JN.1.23	0.00124941	2024-02-29
LAB0000307	1000306	2024-02-22	F	unreportable	0.00822585	2024-02-29
LAB0000308	1000307	2024-02-22	A	JN.1.4	0.58480424	2024-02-29
LAB0000308	1000307	2024-02-22	A	JN.1	0.28937276	2024-02-29
LAB0000308	1000307	2024-02-22	A	JN.1.4.2	0.10393452	2024-02-29
LAB0000308	1000307	2024-02-22	A	JN.1.16	0.00572342	2024-02-29
LAB0000308	1000307	2024-02-22	A	KP.1	0.00246384	2024-02-29
LAB0000308	1000307	2024-02-22	A	JN.1.19	0.00151305	2024-02-29
LAB0000308	1000307	2024-02-22	A	XDP	0.00095421	2024-02-29
LAB0000308	1000307	2024-02-22	A	JN.1.23	0.00068155	2024-02-29
LAB0000308	1000307	2024-02-22	A	JN.1.8.1	0.00074005	2024-02-29
LAB0000308	1000307	2024-02-22	A	JN.1.3	0.00101276	2024-02-29
LAB0000308	1000307	2024-02-22	A	unreportable	0.0087996	2024-02-29
LAB0000309	1000308	2024-02-22	C	JN.1.7	0.26617969	2024-02-29
LAB0000309	1000308	2024-02-22	C	JN.1.16	0.32925916	2024-02-29
LAB0000309	1000308	2024-02-22	C	JN.1.11	0.23394727	2024-02-29
LAB0000309	1000308	2024-02-22	C	JN.1.4.3	0.10805633	2024-02-29
LAB0000309	1000308	2024-02-22	C	JN.1.8	0.03806191	2024-02-29
LAB0000309	1000308	2024-02-22	C	JN.1	0.00963267	2024-02-29
LAB0000309	1000308	2024-02-22	C	KP.1	0.00368291	2024-02-29
LAB0000309	1000308	2024-02-22	C	JN.1.4.2	0.00154695	2024-02-29
LAB0000309	1000308	2024-02-22	C	XDP	0.00082594	2024-02-29
LAB0000309	1000308	2024-02-22	C	JN.1.3	0.0013626	2024-02-29
LAB0000309	1000308	2024-02-22	C	unreportable	0.00744458	2024-02-29
LAB0000310	1000309	2024-02-22	H	JN.1.4.3	0.66126439	2024-02-29
LAB0000310	1000309	2024-02-22	H	JN.1.8.1	0.32586721	2024-02-29
LAB0000310	1000309	2024-02-22	H	JN.1.15	0.00240533	2024-02-29
LAB0000310	1000309	2024-02-22	H	KP.1	0.00153038	2024-02-29
LAB0000310	1000309	2024-02-22	H	JN.1.5	0.00142271	2024-02-29
LAB0000310	1000309	2024-02-22	H	unreportable	0.00750998	2024-02-29
LAB0000311	1000310	2024-02-22	W	JN.1.4.2	0.20574104	2024-02-29
LAB0000311	1000310	2024-02-22	W	JN.1.11	0.29659353	2024-02-29
LAB0000311	1000310	2024-02-22	W	JN.1.8.1	0.09510512	2024-02-29
LAB0000311	1000310	2024-02-22	W	JN.1.1	0.12398883	2024-02-29
LAB0000311	1000310	2024-02-22	W	JN.1.8	0.08228309	2024-02-29
LAB0000311	1000310	2024-02-22	W	JN.1.12	0.0624137	2024-02-29
LAB0000311	1000310	2024-02-22	W	JN.1.7	0.03749568	2024-02-29
LAB0000311	1000310	2024-02-22	W	JN.1.4.3	0.04470573	2024-02-29
LAB0000311	1000310	2024-02-22	W	XDP	0.02704482	2024-02-29
LAB0000311	1000310	2024-02-22	W	JN.1	0.00858042	2024-02-29
LAB0000311	1000310	2024-02-22	W	KP.1	0.00326696	2024-02-29
LAB0000311	1000310	2024-02-22	W	JN.1.21	0.0021542	2024-02-29
LAB0000311	1000310	2024-02-22	W	JN.1.19	0.00228959	2024-02-29
LAB0000311	1000310	2024-02-22	W	JN.1.22	0.00137025	2024-02-29
LAB0000311	1000310	2024-02-22	W	JN.1.23	0.00084604	2024-02-29
LAB0000311	1000310	2024-02-22	W	unreportable	0.00612101	2024-02-29
LAB0000312	1000311	2024-02-22	B	JN.1	0.55371106	2024-02-29
LAB0000312	1000311	2024-02-22	B	XDD	0.24954855	2024-02-29
LAB0000312	1000311	2024-02-22	B	JN.1.11	0.08941267	2024-02-29
LAB0000312	1000311	2024-02-22	B	JN.1.16	0.0503849	2024-02-29
LAB0000312	1000311	2024-02-22	B	XDP	0.02245956	2024-02-29
LAB0000312	1000311	2024-02-22	B	JN.1.4	0.00811896	2024-02-29
LAB0000312	1000311	2024-02-22	B	HV.1	0.00533482	2024-02-29
LAB0000312	1000311	2024-02-22	B	JN.1.12	0.00268342	2024-02-29
LAB0000312	1000311	2024-02-22	B	JN.1.22	0.00162124	2024-02-29
LAB0000312	1000311	2024-02-22	B	KP.1	0.00185897	2024-02-29
LAB0000312	1000311	2024-02-22	B	HV.1.7	0.0013852	2024-02-29
LAB0000312	1000311	2024-02-22	B	JN.1.23	0.00160884	2024-02-29
LAB0000312	1000311	2024-02-22	B	XDQ	0.00129777	2024-02-29
LAB0000312	1000311	2024-02-22	B	unreportable	0.01057403	2024-02-29
LAB0000313	1000312	2024-02-22	P	JN.1.18	0.40551782	2024-02-29
LAB0000313	1000312	2024-02-22	P	JN.1.8.1	0.30103555	2024-02-29
LAB0000313	1000312	2024-02-22	P	JN.1.11	0.1260629	2024-02-29
LAB0000313	1000312	2024-02-22	P	JN.1.4.3	0.08180225	2024-02-29
LAB0000313	1000312	2024-02-22	P	JN.1.16	0.02907818	2024-02-29
LAB0000313	1000312	2024-02-22	P	JN.1.1.1	0.02338958	2024-02-29
LAB0000313	1000312	2024-02-22	P	JN.1.7	0.01652398	2024-02-29
LAB0000313	1000312	2024-02-22	P	KP.1	0.00329876	2024-02-29
LAB0000313	1000312	2024-02-22	P	JN.1.1.2	0.00121226	2024-02-29
LAB0000313	1000312	2024-02-22	P	JN.1.10	0.00140618	2024-02-29
LAB0000313	1000312	2024-02-22	P	JN.1.3	0.00093721	2024-02-29
LAB0000313	1000312	2024-02-22	P	JN.1.19	0.00110408	2024-02-29
LAB0000313	1000312	2024-02-22	P	JN.1.6.1	0.00100957	2024-02-29
LAB0000313	1000312	2024-02-22	P	unreportable	0.00762167	2024-02-29
LAB0000314	1000313	2024-02-23	I	JN.1	0.66463232	2024-02-29
LAB0000314	1000313	2024-02-23	I	JN.1.8	0.10932535	2024-02-29
LAB0000314	1000313	2024-02-23	I	JN.1.11	0.06211888	2024-02-29
LAB0000314	1000313	2024-02-23	I	JN.1.7	0.06866278	2024-02-29
LAB0000314	1000313	2024-02-23	I	JN.10	0.03836048	2024-02-29
LAB0000314	1000313	2024-02-23	I	JN.1.4.2	0.02302146	2024-02-29
LAB0000314	1000313	2024-02-23	I	JN.1.21	0.00495079	2024-02-29
LAB0000314	1000313	2024-02-23	I	JN.1.23	0.00175037	2024-02-29
LAB0000314	1000313	2024-02-23	I	JN.1.9	0.00130269	2024-02-29
LAB0000314	1000313	2024-02-23	I	JN.1.19	0.00153963	2024-02-29
LAB0000314	1000313	2024-02-23	I	unreportable	0.02433525	2024-02-29
LAB0000315	1000314	2024-02-23	X	HV.1	0.13850237	2024-02-29
LAB0000315	1000314	2024-02-23	X	JN.1.4.2	0.10773538	2024-02-29
LAB0000315	1000314	2024-02-23	X	XDD	0.17081118	2024-02-29
LAB0000315	1000314	2024-02-23	X	JN.1.7	0.13744942	2024-02-29
LAB0000315	1000314	2024-02-23	X	JN.1.19	0.1176814	2024-02-29
LAB0000315	1000314	2024-02-23	X	JN.1.1.1	0.05763983	2024-02-29
LAB0000315	1000314	2024-02-23	X	JN.1	0.06183656	2024-02-29
LAB0000315	1000314	2024-02-23	X	JN.1.1	0.06016247	2024-02-29
LAB0000315	1000314	2024-02-23	X	JN.1.18	0.02923804	2024-02-29
LAB0000315	1000314	2024-02-23	X	JN.1.4.3	0.02534786	2024-02-29
LAB0000315	1000314	2024-02-23	X	BA.2.86	0.03588454	2024-02-29
LAB0000315	1000314	2024-02-23	X	JN.1.8	0.01612582	2024-02-29
LAB0000315	1000314	2024-02-23	X	JN.1.11	0.00557322	2024-02-29
LAB0000315	1000314	2024-02-23	X	JN.2.5	0.00520629	2024-02-29
LAB0000315	1000314	2024-02-23	X	HV.1.8	0.00150764	2024-02-29
LAB0000315	1000314	2024-02-23	X	BA.2.86.5	0.0015197	2024-02-29
LAB0000315	1000314	2024-02-23	X	HV.1.5	0.00168799	2024-02-29
LAB0000315	1000314	2024-02-23	X	BA.2.86.3	0.00156416	2024-02-29
LAB0000315	1000314	2024-02-23	X	KP.1	0.00119693	2024-02-29
LAB0000315	1000314	2024-02-23	X	XDN	0.00111246	2024-02-29
LAB0000315	1000314	2024-02-23	X	JN.1.23	0.00116785	2024-02-29
LAB0000315	1000314	2024-02-23	X	JN.1.9	0.00112996	2024-02-29
LAB0000315	1000314	2024-02-23	X	JN.1.15	0.0010052	2024-02-29
LAB0000315	1000314	2024-02-23	X	unreportable	0.01891374	2024-02-29
LAB0000316	1000315	2024-02-23	Q	JN.1.7	0.89667883	2024-02-29
LAB0000316	1000315	2024-02-23	Q	JN.1.20	0.05615706	2024-02-29
LAB0000316	1000315	2024-02-23	Q	JN.1.8.1	0.0372449	2024-02-29
LAB0000316	1000315	2024-02-23	Q	JN.1.4.2	0.00143953	2024-02-29
LAB0000316	1000315	2024-02-23	Q	unreportable	0.00847968	2024-02-29
LAB0000317	1000316	2024-02-23	E	JN.1.4.2	0.33501965	2024-02-29
LAB0000317	1000316	2024-02-23	E	JN.1.11	0.21163043	2024-02-29
LAB0000317	1000316	2024-02-23	E	JN.1.8	0.17248158	2024-02-29
LAB0000317	1000316	2024-02-23	E	JN.1.7	0.1546692	2024-02-29
LAB0000317	1000316	2024-02-23	E	JN.1.6	0.05011515	2024-02-29
LAB0000317	1000316	2024-02-23	E	JN.1.8.1	0.02846585	2024-02-29
LAB0000317	1000316	2024-02-23	E	JN.1	0.01704073	2024-02-29
LAB0000317	1000316	2024-02-23	E	JN.1.4	0.01611811	2024-02-29
LAB0000317	1000316	2024-02-23	E	KP.1	0.00233705	2024-02-29
LAB0000317	1000316	2024-02-23	E	JN.1.19	0.00272927	2024-02-29
LAB0000317	1000316	2024-02-23	E	JN.1.11.1	0.00139339	2024-02-29
LAB0000317	1000316	2024-02-23	E	JN.1.20	0.00150057	2024-02-29
LAB0000317	1000316	2024-02-23	E	XDP	0.00139277	2024-02-29
LAB0000317	1000316	2024-02-23	E	JN.1.14	0.00094594	2024-02-29
LAB0000317	1000316	2024-02-23	E	unreportable	0.00416032	2024-02-29
LAB0000318	1000317	2024-02-23	Y	JN.1.11	0.3510171	2024-02-29
LAB0000318	1000317	2024-02-23	Y	JN.1.8.1	0.28192024	2024-02-29
LAB0000318	1000317	2024-02-23	Y	JN.1.4	0.12925936	2024-02-29
LAB0000318	1000317	2024-02-23	Y	JN.1	0.09812519	2024-02-29
LAB0000318	1000317	2024-02-23	Y	JN.1.7	0.12135346	2024-02-29
LAB0000318	1000317	2024-02-23	Y	JN.1.5	0.00136501	2024-02-29
LAB0000318	1000317	2024-02-23	Y	KP.1	0.00213872	2024-02-29
LAB0000318	1000317	2024-02-23	Y	JN.1.19	0.00210235	2024-02-29
LAB0000318	1000317	2024-02-23	Y	JN.1.4.2	0.00188252	2024-02-29
LAB0000318	1000317	2024-02-23	Y	JN.1.23	0.00111201	2024-02-29
LAB0000318	1000317	2024-02-23	Y	JN.1.2.1	0.00108126	2024-02-29
LAB0000318	1000317	2024-02-23	Y	unreportable	0.00864279	2024-02-29
LAB0000319	1000318	2024-02-23	K	JN.1.4.3	0.32985725	2024-02-29
LAB0000319	1000318	2024-02-23	K	JN.1.11	0.25812461	2024-02-29
LAB0000319	1000318	2024-02-23	K	XDP	0.25781871	2024-02-29
LAB0000319	1000318	2024-02-23	K	JN.1.8	0.08060262	2024-02-29
LAB0000319	1000318	2024-02-23	K	JN.1.7	0.0574585	2024-02-29
LAB0000319	1000318	2024-02-23	K	JN.1.2.1	0.00141273	2024-02-29
LAB0000319	1000318	2024-02-23	K	JN.1.4.2	0.00189527	2024-02-29
LAB0000319	1000318	2024-02-23	K	JN.1.14	0.00157123	2024-02-29
LAB0000319	1000318	2024-02-23	K	KP.1	0.00118605	2024-02-29
LAB0000319	1000318	2024-02-23	K	JN.1.8.1	0.00127026	2024-02-29
LAB0000319	1000318	2024-02-23	K	unreportable	0.00880278	2024-02-29
LAB0000320	1000319	2024-03-25	V	JN.1.4.6	0.31884175	2024-04-05
LAB0000320	1000319	2024-03-25	V	JN.1.16	0.26143199	2024-04-05
LAB0000320	1000319	2024-03-25	V	JN.1.32	0.14516606	2024-04-05
LAB0000320	1000319	2024-03-25	V	JN.1	0.17553857	2024-04-05
LAB0000320	1000319	2024-03-25	V	JN.1.34	0.07760839	2024-04-05
LAB0000320	1000319	2024-03-25	V	JN.1.19	0.00256331	2024-04-05
LAB0000320	1000319	2024-03-25	V	JN.1.4.2	0.00191874	2024-04-05
LAB0000320	1000319	2024-03-25	V	JN.1.22	0.00219773	2024-04-05
LAB0000320	1000319	2024-03-25	V	JN.1.4.5	0.00125182	2024-04-05
LAB0000320	1000319	2024-03-25	V	JN.1.35	0.00119522	2024-04-05
LAB0000320	1000319	2024-03-25	V	JN.1.1.2	0.001144	2024-04-05
LAB0000320	1000319	2024-03-25	V	unreportable	0.01114243	2024-04-05
LAB0000321	1000320	2024-03-29	X	JN.1.4.2	0.39469859	2024-04-05
LAB0000321	1000320	2024-03-29	X	JN.1.4.5	0.37305446	2024-04-05
LAB0000321	1000320	2024-03-29	X	JN.1.4.6	0.21999953	2024-04-05
LAB0000321	1000320	2024-03-29	X	JN.1.8.1	0.00368962	2024-04-05
LAB0000321	1000320	2024-03-29	X	JN.1.16	0.00118354	2024-04-05
LAB0000321	1000320	2024-03-29	X	JN.1.19	0.00135549	2024-04-05
LAB0000321	1000320	2024-03-29	X	unreportable	0.00601876	2024-04-05
LAB0000322	1000321	2024-03-28	C	JN.1.35	0.92145388	2024-04-05
LAB0000322	1000321	2024-03-28	C	JN.1.16	0.0485087	2024-04-05
LAB0000322	1000321	2024-03-28	C	JN.1.19	0.00390402	2024-04-05
LAB0000322	1000321	2024-03-28	C	JN.1.29	0.00421872	2024-04-05
LAB0000322	1000321	2024-03-28	C	JN.1.21	0.00160564	2024-04-05
LAB0000322	1000321	2024-03-28	C	JN.1.8.1	0.00261239	2024-04-05
LAB0000322	1000321	2024-03-28	C	JN.1.4.5	0.00230239	2024-04-05
LAB0000322	1000321	2024-03-28	C	unreportable	0.01539427	2024-04-05
LAB0000323	1000322	2024-03-28	W	JN.1.36	0.43885635	2024-04-05
LAB0000323	1000322	2024-03-28	W	JN.1	0.5078695	2024-04-05
LAB0000323	1000322	2024-03-28	W	JN.1.7	0.0322246	2024-04-05
LAB0000323	1000322	2024-03-28	W	JN.1.29	0.00173898	2024-04-05
LAB0000323	1000322	2024-03-28	W	JN.1.16	0.0016174	2024-04-05
LAB0000323	1000322	2024-03-28	W	JN.1.35	0.00157585	2024-04-05
LAB0000323	1000322	2024-03-28	W	JN.1.28	0.00153782	2024-04-05
LAB0000323	1000322	2024-03-28	W	unreportable	0.01457949	2024-04-05
LAB0000324	1000323	2024-03-28	A	JN.1.8	0.41964502	2024-04-05
LAB0000324	1000323	2024-03-28	A	JN.1.4.3	0.3602602	2024-04-05
LAB0000324	1000323	2024-03-28	A	JN.1.7	0.20690682	2024-04-05
LAB0000324	1000323	2024-03-28	A	JN.1.8.1	0.00260869	2024-04-05
LAB0000324	1000323	2024-03-28	A	JN.1.3	0.00129787	2024-04-05
LAB0000324	1000323	2024-03-28	A	JN.1.23	0.00068387	2024-04-05
LAB0000324	1000323	2024-03-28	A	JN.1.6	0.00107696	2024-04-05
LAB0000324	1000323	2024-03-28	A	unreportable	0.00752057	2024-04-05
LAB0000325	1000324	2024-03-29	E	JN.1.36	0.21536147	2024-04-05
LAB0000325	1000324	2024-03-29	E	JN.1	0.15392466	2024-04-05
LAB0000325	1000324	2024-03-29	E	JN.1.18.1	0.15647032	2024-04-05
LAB0000325	1000324	2024-03-29	E	JN.1.18	0.11035295	2024-04-05
LAB0000325	1000324	2024-03-29	E	JN.1.10	0.14299394	2024-04-05
LAB0000325	1000324	2024-03-29	E	JN.1.3	0.14502886	2024-04-05
LAB0000325	1000324	2024-03-29	E	JN.1.7.1	0.02554053	2024-04-05
LAB0000325	1000324	2024-03-29	E	JN.1.7	0.02550631	2024-04-05
LAB0000325	1000324	2024-03-29	E	JN.1.28	0.00630851	2024-04-05
LAB0000325	1000324	2024-03-29	E	JN.1.4.5	0.00306609	2024-04-05
LAB0000325	1000324	2024-03-29	E	JN.1.29	0.00138752	2024-04-05
LAB0000325	1000324	2024-03-29	E	JN.1.8.2	0.00151293	2024-04-05
LAB0000325	1000324	2024-03-29	E	JN.1.35	0.0017712	2024-04-05
LAB0000325	1000324	2024-03-29	E	JN.1.21	0.00126355	2024-04-05
LAB0000325	1000324	2024-03-29	E	JN.1.41	0.00153305	2024-04-05
LAB0000325	1000324	2024-03-29	E	JN.1.16	0.00150559	2024-04-05
LAB0000325	1000324	2024-03-29	E	JN.1.16.1	0.00100302	2024-04-05
LAB0000325	1000324	2024-03-29	E	JN.1.23	0.00116364	2024-04-05
LAB0000325	1000324	2024-03-29	E	unreportable	0.00430586	2024-04-05
LAB0000326	1000325	2024-03-27	U	JN.1.1	0.45756329	2024-04-05
LAB0000326	1000325	2024-03-27	U	JN.1.11	0.52798645	2024-04-05
LAB0000326	1000325	2024-03-27	U	KP.1	0.00303036	2024-04-05
LAB0000326	1000325	2024-03-27	U	KP.2.2	0.00172761	2024-04-05
LAB0000326	1000325	2024-03-27	U	unreportable	0.00969229	2024-04-05
LAB0000327	1000326	2024-03-28	O	JN.1.7	0.94209074	2024-04-05
LAB0000327	1000326	2024-03-28	O	JN.1.4.6	0.05167293	2024-04-05
LAB0000327	1000326	2024-03-28	O	unreportable	0.00623632	2024-04-05
LAB0000328	1000327	2024-03-28	L	JN.1.13.1	0.21991229	2024-04-05
LAB0000328	1000327	2024-03-28	L	KS.1	0.20789707	2024-04-05
LAB0000328	1000327	2024-03-28	L	JN.1.26	0.12555439	2024-04-05
LAB0000328	1000327	2024-03-28	L	JN.1.16	0.0201303	2024-04-05
LAB0000328	1000327	2024-03-28	L	JN.1.37	0.02180845	2024-04-05
LAB0000328	1000327	2024-03-28	L	JN.1.32	0.02208358	2024-04-05
LAB0000328	1000327	2024-03-28	L	JN.1.15	0.02798766	2024-04-05
LAB0000328	1000327	2024-03-28	L	JN.1.21	0.0240521	2024-04-05
LAB0000328	1000327	2024-03-28	L	JN.1.10	0.03649941	2024-04-05
LAB0000328	1000327	2024-03-28	L	JN.1.18	0.02508379	2024-04-05
LAB0000328	1000327	2024-03-28	L	JN.1.6	0.03602326	2024-04-05
LAB0000328	1000327	2024-03-28	L	JN.1	0.0317153	2024-04-05
LAB0000328	1000327	2024-03-28	L	JN.1.28	0.02346717	2024-04-05
LAB0000328	1000327	2024-03-28	L	JN.1.35	0.04639531	2024-04-05
LAB0000328	1000327	2024-03-28	L	JN.1.6.1	0.03299366	2024-04-05
LAB0000328	1000327	2024-03-28	L	JN.1.18.1	0.02601113	2024-04-05
LAB0000328	1000327	2024-03-28	L	JN.1.16.1	0.03140545	2024-04-05
LAB0000328	1000327	2024-03-28	L	JN.1.8.1	0.01272552	2024-04-05
LAB0000328	1000327	2024-03-28	L	JN.1.8.2	0.01276506	2024-04-05
LAB0000328	1000327	2024-03-28	L	JN.1.29	0.00120284	2024-04-05
LAB0000328	1000327	2024-03-28	L	unreportable	0.01428627	2024-04-05
LAB0000329	1000328	2024-03-27	V	JN.1	0.21594081	2024-04-05
LAB0000329	1000328	2024-03-27	V	JN.1.4	0.1656141	2024-04-05
LAB0000329	1000328	2024-03-27	V	JN.1.1	0.26124099	2024-04-05
LAB0000329	1000328	2024-03-27	V	JN.1.4.6	0.17279791	2024-04-05
LAB0000329	1000328	2024-03-27	V	JN.1.4.2	0.11424758	2024-04-05
LAB0000329	1000328	2024-03-27	V	JN.1.16	0.03992481	2024-04-05
LAB0000329	1000328	2024-03-27	V	JN.1.40	0.0078496	2024-04-05
LAB0000329	1000328	2024-03-27	V	JN.1.35	0.00317394	2024-04-05
LAB0000329	1000328	2024-03-27	V	JN.1.10	0.00149415	2024-04-05
LAB0000329	1000328	2024-03-27	V	JN.1.29	0.00170331	2024-04-05
LAB0000329	1000328	2024-03-27	V	JN.1.3	0.00154373	2024-04-05
LAB0000329	1000328	2024-03-27	V	JN.1.6	0.00120811	2024-04-05
LAB0000329	1000328	2024-03-27	V	JN.1.37	0.00096818	2024-04-05
LAB0000329	1000328	2024-03-27	V	unreportable	0.01229279	2024-04-05
LAB0000330	1000329	2024-03-28	Z	JN.1.4	0.19785629	2024-04-05
LAB0000330	1000329	2024-03-28	Z	JN.1.39	0.21270536	2024-04-05
LAB0000330	1000329	2024-03-28	Z	JN.1	0.21838036	2024-04-05
LAB0000330	1000329	2024-03-28	Z	JN.1.4.4	0.12002341	2024-04-05
LAB0000330	1000329	2024-03-28	Z	JN.1.18	0.13987791	2024-04-05
LAB0000330	1000329	2024-03-28	Z	JN.1.8.2	0.02685446	2024-04-05
LAB0000330	1000329	2024-03-28	Z	JN.1.16	0.03036362	2024-04-05
LAB0000330	1000329	2024-03-28	Z	JN.1.16.1	0.02791217	2024-04-05
LAB0000330	1000329	2024-03-28	Z	JN.1.40	0.00534172	2024-04-05
LAB0000330	1000329	2024-03-28	Z	JN.1.28	0.00312939	2024-04-05
LAB0000330	1000329	2024-03-28	Z	JN.1.29	0.00181699	2024-04-05
LAB0000330	1000329	2024-03-28	Z	JN.1.7.1	0.00117442	2024-04-05
LAB0000330	1000329	2024-03-28	Z	JN.1.18.2	0.00130172	2024-04-05
LAB0000330	1000329	2024-03-28	Z	unreportable	0.01326219	2024-04-05
LAB0000331	1000330	2024-03-28	N	JN.1	0.72707571	2024-04-05
LAB0000331	1000330	2024-03-28	N	JN.1.5	0.25433542	2024-04-05
LAB0000331	1000330	2024-03-28	N	JN.1.35	0.00395432	2024-04-05
LAB0000331	1000330	2024-03-28	N	JN.1.16	0.00297995	2024-04-05
LAB0000331	1000330	2024-03-28	N	JN.1.19	0.00230377	2024-04-05
LAB0000331	1000330	2024-03-28	N	JN.1.28	0.00138762	2024-04-05
LAB0000331	1000330	2024-03-28	N	JN.1.4.2	0.00109561	2024-04-05
LAB0000331	1000330	2024-03-28	N	unreportable	0.0068676	2024-04-05
LAB0000332	1000331	2024-03-28	F	JN.1.7	0.99574851	2024-04-05
LAB0000332	1000331	2024-03-28	F	unreportable	0.00425149	2024-04-05
LAB0000333	1000332	2024-03-28	P	JN.1.4	0.3876235	2024-04-05
LAB0000333	1000332	2024-03-28	P	JN.1.3	0.12302486	2024-04-05
LAB0000333	1000332	2024-03-28	P	JN.1.24	0.15410038	2024-04-05
LAB0000333	1000332	2024-03-28	P	JN.1.2	0.17379842	2024-04-05
LAB0000333	1000332	2024-03-28	P	JN.1	0.1145089	2024-04-05
LAB0000333	1000332	2024-03-28	P	JN.1.16	0.00815216	2024-04-05
LAB0000333	1000332	2024-03-28	P	JN.1.19	0.00428807	2024-04-05
LAB0000333	1000332	2024-03-28	P	JN.1.8.1	0.00434426	2024-04-05
LAB0000333	1000332	2024-03-28	P	JN.1.23	0.0042106	2024-04-05
LAB0000333	1000332	2024-03-28	P	JN.1.22	0.00255379	2024-04-05
LAB0000333	1000332	2024-03-28	P	JN.1.35	0.00233618	2024-04-05
LAB0000333	1000332	2024-03-28	P	JN.1.28	0.00196807	2024-04-05
LAB0000333	1000332	2024-03-28	P	JN.1.4.2	0.00162587	2024-04-05
LAB0000333	1000332	2024-03-28	P	JN.1.10	0.00198835	2024-04-05
LAB0000333	1000332	2024-03-28	P	JN.1.37	0.00191152	2024-04-05
LAB0000333	1000332	2024-03-28	P	unreportable	0.01356508	2024-04-05
LAB0000334	1000333	2024-03-29	Y	JN.1.4	0.32885479	2024-04-05
LAB0000334	1000333	2024-03-29	Y	JN.1.4.4	0.37809622	2024-04-05
LAB0000334	1000333	2024-03-29	Y	JN.1.4.5	0.06288999	2024-04-05
LAB0000334	1000333	2024-03-29	Y	JN.1.4.6	0.09358001	2024-04-05
LAB0000334	1000333	2024-03-29	Y	JN.1.20	0.01926041	2024-04-05
LAB0000334	1000333	2024-03-29	Y	JN.1	0.01210545	2024-04-05
LAB0000334	1000333	2024-03-29	Y	JN.1.6	0.01516534	2024-04-05
LAB0000334	1000333	2024-03-29	Y	JN.1.6.1	0.01339245	2024-04-05
LAB0000334	1000333	2024-03-29	Y	JN.1.18	0.01501181	2024-04-05
LAB0000334	1000333	2024-03-29	Y	JN.1.40	0.01911007	2024-04-05
LAB0000334	1000333	2024-03-29	Y	JN.11	0.00434232	2024-04-05
LAB0000334	1000333	2024-03-29	Y	JN.1.18.2	0.0035162	2024-04-05
LAB0000334	1000333	2024-03-29	Y	JN.1.4.2	0.00406745	2024-04-05
LAB0000334	1000333	2024-03-29	Y	JN.1.8.2	0.00547484	2024-04-05
LAB0000334	1000333	2024-03-29	Y	JN.1.7	0.0023513	2024-04-05
LAB0000334	1000333	2024-03-29	Y	JN.1.7.1	0.00254944	2024-04-05
LAB0000334	1000333	2024-03-29	Y	JN.1.35	0.00229569	2024-04-05
LAB0000334	1000333	2024-03-29	Y	KP.2.2	0.00147278	2024-04-05
LAB0000334	1000333	2024-03-29	Y	JN.1.19	0.00171238	2024-04-05
LAB0000334	1000333	2024-03-29	Y	JN.1.30.1	0.00124402	2024-04-05
LAB0000334	1000333	2024-03-29	Y	JN.1.28	0.00146091	2024-04-05
LAB0000334	1000333	2024-03-29	Y	JN.1.12	0.00121994	2024-04-05
LAB0000334	1000333	2024-03-29	Y	unreportable	0.01082618	2024-04-05
LAB0000335	1000334	2024-03-29	K	JN.1.7	0.43043086	2024-04-05
LAB0000335	1000334	2024-03-29	K	JN.1.10	0.31351056	2024-04-05
LAB0000335	1000334	2024-03-29	K	JN.1.32	0.14584639	2024-04-05
LAB0000335	1000334	2024-03-29	K	JN.1.16	0.08916277	2024-04-05
LAB0000335	1000334	2024-03-29	K	KP.1	0.00607135	2024-04-05
LAB0000335	1000334	2024-03-29	K	JN.1.8.1	0.00262301	2024-04-05
LAB0000335	1000334	2024-03-29	K	XDP	0.00255959	2024-04-05
LAB0000335	1000334	2024-03-29	K	JN.1.28	0.00109009	2024-04-05
LAB0000335	1000334	2024-03-29	K	unreportable	0.0087054	2024-04-05
LAB0000336	1000335	2024-03-29	I	JN.1.7	0.52926083	2024-04-05
LAB0000336	1000335	2024-03-29	I	JN.1.4	0.27038675	2024-04-05
LAB0000336	1000335	2024-03-29	I	JN.1.4.3	0.18058038	2024-04-05
LAB0000336	1000335	2024-03-29	I	JN.1.40	0.00642868	2024-04-05
LAB0000336	1000335	2024-03-29	I	JN.1.38	0.00238659	2024-04-05
LAB0000336	1000335	2024-03-29	I	KP.1	0.00125729	2024-04-05
LAB0000336	1000335	2024-03-29	I	JN.1.19	0.00128265	2024-04-05
LAB0000336	1000335	2024-03-29	I	JN.1.5	0.00123145	2024-04-05
LAB0000336	1000335	2024-03-29	I	JN.1.4.5	0.00084403	2024-04-05
LAB0000336	1000335	2024-03-29	I	unreportable	0.00634136	2024-04-05
LAB0000337	1000336	2024-03-04	T	JN.1	0.64160014	2024-05-09
LAB0000337	1000336	2024-03-04	T	JN.1.4.6	0.33146917	2024-05-09
LAB0000337	1000336	2024-03-04	T	JN.1.4.2	0.00468825	2024-05-09
LAB0000337	1000336	2024-03-04	T	JN.1.19	0.00384839	2024-05-09
LAB0000337	1000336	2024-03-04	T	JN.1.29	0.0030796	2024-05-09
LAB0000337	1000336	2024-03-04	T	JN.1.8.4	0.0018223	2024-05-09
LAB0000337	1000336	2024-03-04	T	JN.1.4.5	0.00155372	2024-05-09
LAB0000337	1000336	2024-03-04	T	JN.1.16	0.00139644	2024-05-09
LAB0000337	1000336	2024-03-04	T	unreportable	0.01054199	2024-05-09
LAB0000338	1000337	2024-03-06	T	JN.1.7	0.49315807	2024-05-09
LAB0000338	1000337	2024-03-06	T	JN.1.7.4	0.30652082	2024-05-09
LAB0000338	1000337	2024-03-06	T	JN.1.8	0.17428647	2024-05-09
LAB0000338	1000337	2024-03-06	T	JN.1.11	0.01106806	2024-05-09
LAB0000338	1000337	2024-03-06	T	JN.1.29	0.00293147	2024-05-09
LAB0000338	1000337	2024-03-06	T	unreportable	0.01203512	2024-05-09
LAB0000339	1000338	2024-03-11	T	JN.1.32	0.42352616	2024-05-09
LAB0000339	1000338	2024-03-11	T	JN.1.1	0.42305933	2024-05-09
LAB0000339	1000338	2024-03-11	T	JN.1.1.1	0.05724316	2024-05-09
LAB0000339	1000338	2024-03-11	T	JN.1.7	0.07883812	2024-05-09
LAB0000339	1000338	2024-03-11	T	JN.1.43	0.00279987	2024-05-09
LAB0000339	1000338	2024-03-11	T	JN.1.8.3	0.00200002	2024-05-09
LAB0000339	1000338	2024-03-11	T	JN.1.8.1	0.00229599	2024-05-09
LAB0000339	1000338	2024-03-11	T	JN.1.7.4	0.0014702	2024-05-09
LAB0000339	1000338	2024-03-11	T	JN.1.18.2	0.00122094	2024-05-09
LAB0000339	1000338	2024-03-11	T	unreportable	0.00754621	2024-05-09
LAB0000340	1000339	2024-03-13	T	JN.1.4.6	0.11749959	2024-05-09
LAB0000340	1000339	2024-03-13	T	JN.1.16.2	0.11926082	2024-05-09
LAB0000340	1000339	2024-03-13	T	JN.1.16	0.10954866	2024-05-09
LAB0000340	1000339	2024-03-13	T	JN.1.8	0.09353076	2024-05-09
LAB0000340	1000339	2024-03-13	T	JN.1	0.10509423	2024-05-09
LAB0000340	1000339	2024-03-13	T	JN.1.21	0.0746658	2024-05-09
LAB0000340	1000339	2024-03-13	T	JN.1.45	0.11201958	2024-05-09
LAB0000340	1000339	2024-03-13	T	JN.1.4	0.10549032	2024-05-09
LAB0000340	1000339	2024-03-13	T	JN.1.4.5	0.07741886	2024-05-09
LAB0000340	1000339	2024-03-13	T	JN.1.4.2	0.04905815	2024-05-09
LAB0000340	1000339	2024-03-13	T	JN.1.44	0.00609046	2024-05-09
LAB0000340	1000339	2024-03-13	T	JN.1.43.1	0.00275645	2024-05-09
LAB0000340	1000339	2024-03-13	T	JN.1.35	0.00224353	2024-05-09
LAB0000340	1000339	2024-03-13	T	JN.1.10	0.00188961	2024-05-09
LAB0000340	1000339	2024-03-13	T	JN.1.1.3	0.00229268	2024-05-09
LAB0000340	1000339	2024-03-13	T	KV.2	0.00254217	2024-05-09
LAB0000340	1000339	2024-03-13	T	JN.1.43	0.00174197	2024-05-09
LAB0000340	1000339	2024-03-13	T	KY.1	0.00194719	2024-05-09
LAB0000340	1000339	2024-03-13	T	JN.1.19	0.00100698	2024-05-09
LAB0000340	1000339	2024-03-13	T	JN.1.33	0.00114416	2024-05-09
LAB0000340	1000339	2024-03-13	T	JN.1.1.2	0.00091016	2024-05-09
LAB0000340	1000339	2024-03-13	T	JN.1.14	0.00108956	2024-05-09
LAB0000340	1000339	2024-03-13	T	unreportable	0.01075832	2024-05-09
LAB0000341	1000340	2024-03-18	D	JN.1	0.25402848	2024-05-09
LAB0000341	1000340	2024-03-18	D	JN.1.4	0.19857254	2024-05-09
LAB0000341	1000340	2024-03-18	D	JN.1.7	0.15963571	2024-05-09
LAB0000341	1000340	2024-03-18	D	JN.1.4.2	0.22163222	2024-05-09
LAB0000341	1000340	2024-03-18	D	JN.1.4.5	0.0825426	2024-05-09
LAB0000341	1000340	2024-03-18	D	JN.1.8	0.04445689	2024-05-09
LAB0000341	1000340	2024-03-18	D	JN.1.40	0.00283445	2024-05-09
LAB0000341	1000340	2024-03-18	D	JN.1.8.2	0.00368708	2024-05-09
LAB0000341	1000340	2024-03-18	D	JN.1.3	0.00169143	2024-05-09
LAB0000341	1000340	2024-03-18	D	JN.1.19	0.00142053	2024-05-09
LAB0000341	1000340	2024-03-18	D	KP.1.1.1	0.00166691	2024-05-09
LAB0000341	1000340	2024-03-18	D	JN.1.4.7	0.0016729	2024-05-09
LAB0000341	1000340	2024-03-18	D	JN.1.22	0.00164928	2024-05-09
LAB0000341	1000340	2024-03-18	D	JN.1.35	0.00163164	2024-05-09
LAB0000341	1000340	2024-03-18	D	JN.1.15	0.00173133	2024-05-09
LAB0000341	1000340	2024-03-18	D	JN.1.6	0.00190683	2024-05-09
LAB0000341	1000340	2024-03-18	D	JN.1.25	0.00151559	2024-05-09
LAB0000341	1000340	2024-03-18	D	JN.1.29	0.00128629	2024-05-09
LAB0000341	1000340	2024-03-18	D	JN.1.23	0.00088569	2024-05-09
LAB0000341	1000340	2024-03-18	D	unreportable	0.0155516	2024-05-09
LAB0000342	1000341	2024-03-18	T	JN.1.7	0.96304325	2024-05-09
LAB0000342	1000341	2024-03-18	T	JN.1.32	0.00544752	2024-05-09
LAB0000342	1000341	2024-03-18	T	JN.1.36	0.00415492	2024-05-09
LAB0000342	1000341	2024-03-18	T	JN.1.34	0.00340236	2024-05-09
LAB0000342	1000341	2024-03-18	T	JN.1.7.1	0.00152868	2024-05-09
LAB0000342	1000341	2024-03-18	T	JN.1.23	0.00161524	2024-05-09
LAB0000342	1000341	2024-03-18	T	JN.1.5	0.0012407	2024-05-09
LAB0000342	1000341	2024-03-18	T	KP.1.2	0.00087959	2024-05-09
LAB0000342	1000341	2024-03-18	T	JN.1.19	0.00106247	2024-05-09
LAB0000342	1000341	2024-03-18	T	JN.1.3	0.00106905	2024-05-09
LAB0000342	1000341	2024-03-18	T	JN.1.36.1	0.00073585	2024-05-09
LAB0000342	1000341	2024-03-18	T	KY.1	0.0013517	2024-05-09
LAB0000342	1000341	2024-03-18	T	JN.1.35	0.00091464	2024-05-09
LAB0000342	1000341	2024-03-18	T	JN.1.4.7	0.00076284	2024-05-09
LAB0000342	1000341	2024-03-18	T	unreportable	0.01279119	2024-05-09
LAB0000343	1000342	2024-03-25	D	JN.1	0.54063516	2024-05-09
LAB0000343	1000342	2024-03-25	D	JN.1.7	0.23571756	2024-05-09
LAB0000343	1000342	2024-03-25	D	XDP	0.15305279	2024-05-09
LAB0000343	1000342	2024-03-25	D	JN.1.8	0.02982263	2024-05-09
LAB0000343	1000342	2024-03-25	D	JN.1.14	0.00656799	2024-05-09
LAB0000343	1000342	2024-03-25	D	JN.1.40	0.00342581	2024-05-09
LAB0000343	1000342	2024-03-25	D	JN.1.8.1	0.00210675	2024-05-09
LAB0000343	1000342	2024-03-25	D	JN.1.15	0.00325231	2024-05-09
LAB0000343	1000342	2024-03-25	D	JN.1.26	0.00220738	2024-05-09
LAB0000343	1000342	2024-03-25	D	JN.1.23	0.00157729	2024-05-09
LAB0000343	1000342	2024-03-25	D	JN.1.38	0.0019875	2024-05-09
LAB0000343	1000342	2024-03-25	D	KY.1	0.00192878	2024-05-09
LAB0000343	1000342	2024-03-25	D	XDP.1	0.0010838	2024-05-09
LAB0000343	1000342	2024-03-25	D	JN.1.35	0.0011033	2024-05-09
LAB0000343	1000342	2024-03-25	D	JN.1.16	0.0009856	2024-05-09
LAB0000343	1000342	2024-03-25	D	JN.1.7.4	0.0011808	2024-05-09
LAB0000343	1000342	2024-03-25	D	JN.1.19	0.00083068	2024-05-09
LAB0000343	1000342	2024-03-25	D	unreportable	0.01253387	2024-05-09
LAB0000344	1000343	2024-04-01	D	JN.1.7.4	0.75652374	2024-05-09
LAB0000344	1000343	2024-04-01	D	KP.3	0.23478163	2024-05-09
LAB0000344	1000343	2024-04-01	D	KP.1.1.1	0.00138864	2024-05-09
LAB0000344	1000343	2024-04-01	D	KS.1	0.00086517	2024-05-09
LAB0000344	1000343	2024-04-01	D	KP.4.2	0.00111188	2024-05-09
LAB0000344	1000343	2024-04-01	D	unreportable	0.00532894	2024-05-09
LAB0000345	1000344	2024-04-29	X	JN.1.34	0.98995572	2024-05-09
LAB0000345	1000344	2024-04-29	X	JN.1.19	0.00125136	2024-05-09
LAB0000345	1000344	2024-04-29	X	JN.1.16.2	0.00116556	2024-05-09
LAB0000345	1000344	2024-04-29	X	JN.1.1.6	0.00078248	2024-05-09
LAB0000345	1000344	2024-04-29	X	unreportable	0.00684489	2024-05-09
LAB0000346	1000345	2024-04-29	L	KS.1	0.53126884	2024-05-09
LAB0000346	1000345	2024-04-29	L	JN.1.16.1	0.44902916	2024-05-09
LAB0000346	1000345	2024-04-29	L	JN.1.19	0.0072579	2024-05-09
LAB0000346	1000345	2024-04-29	L	JN.1.4.5	0.00550967	2024-05-09
LAB0000346	1000345	2024-04-29	L	JN.1.18.2	0.00477199	2024-05-09
LAB0000346	1000345	2024-04-29	L	JN.1.47.2	0.00216153	2024-05-09
LAB0000346	1000345	2024-04-29	L	unreportable	9e-07	2024-05-09
LAB0000347	1000346	2024-04-29	K	JN.1.16	0.62534734	2024-05-09
LAB0000347	1000346	2024-04-29	K	JN.1.16.1	0.27383538	2024-05-09
LAB0000347	1000346	2024-04-29	K	JN.1.11.1	0.03141051	2024-05-09
LAB0000347	1000346	2024-04-29	K	KP.2	0.04632462	2024-05-09
LAB0000347	1000346	2024-04-29	K	KP.2.2	0.00844531	2024-05-09
LAB0000347	1000346	2024-04-29	K	unreportable	0.01463684	2024-05-09
LAB0000348	1000347	2024-04-28	U	KP.1.2	0.31007669	2024-05-09
LAB0000348	1000347	2024-04-28	U	JN.1.4.6	0.21525299	2024-05-09
LAB0000348	1000347	2024-04-28	U	JN.1.34	0.14561749	2024-05-09
LAB0000348	1000347	2024-04-28	U	JN.1.11	0.14296194	2024-05-09
LAB0000348	1000347	2024-04-28	U	KP.1	0.0826816	2024-05-09
LAB0000348	1000347	2024-04-28	U	KP.3	0.0486311	2024-05-09
LAB0000348	1000347	2024-04-28	U	JN.1.7.4	0.02186779	2024-05-09
LAB0000348	1000347	2024-04-28	U	JN.1.43	0.00313072	2024-05-09
LAB0000348	1000347	2024-04-28	U	JN.1.19	0.00313835	2024-05-09
LAB0000348	1000347	2024-04-28	U	JN.1.29	0.00246682	2024-05-09
LAB0000348	1000347	2024-04-28	U	JN.1.4.2	0.00156784	2024-05-09
LAB0000348	1000347	2024-04-28	U	JN.1.7	0.00201604	2024-05-09
LAB0000348	1000347	2024-04-28	U	JN.1.21	0.00096544	2024-05-09
LAB0000348	1000347	2024-04-28	U	unreportable	0.0196252	2024-05-09
LAB0000349	1000348	2024-05-01	M	JN.1.46	0.82900127	2024-05-09
LAB0000349	1000348	2024-05-01	M	JN.1.34	0.16373519	2024-05-09
LAB0000349	1000348	2024-05-01	M	KS.1	0.00228504	2024-05-09
LAB0000349	1000348	2024-05-01	M	unreportable	0.00497851	2024-05-09
LAB0000350	1000349	2024-05-01	G	JN.1.4.4	0.50567068	2024-05-09
LAB0000350	1000349	2024-05-01	G	JN.1.18	0.35204893	2024-05-09
LAB0000350	1000349	2024-05-01	G	KP.1.1.1	0.08824679	2024-05-09
LAB0000350	1000349	2024-05-01	G	KP.4.2	0.02255699	2024-05-09
LAB0000350	1000349	2024-05-01	G	JN.1.4.5	0.00579102	2024-05-09
LAB0000350	1000349	2024-05-01	G	JN.1.33	0.00236981	2024-05-09
LAB0000350	1000349	2024-05-01	G	JN.1.42.1	0.00241729	2024-05-09
LAB0000350	1000349	2024-05-01	G	JN.1.30.1	0.00308306	2024-05-09
LAB0000350	1000349	2024-05-01	G	JN.1.29	0.0035768	2024-05-09
LAB0000350	1000349	2024-05-01	G	LA.1	0.00313756	2024-05-09
LAB0000350	1000349	2024-05-01	G	JN.1.10	0.00139339	2024-05-09
LAB0000350	1000349	2024-05-01	G	JN.1.23	0.00083279	2024-05-09
LAB0000350	1000349	2024-05-01	G	unreportable	0.00887491	2024-05-09
LAB0000351	1000350	2024-05-01	D	JN.1.8	0.27040394	2024-05-09
LAB0000351	1000350	2024-05-01	D	KP.2	0.31403242	2024-05-09
LAB0000351	1000350	2024-05-01	D	LB.1	0.16700742	2024-05-09
LAB0000351	1000350	2024-05-01	D	JN.1.32.1	0.10256242	2024-05-09
LAB0000351	1000350	2024-05-01	D	JN.1.7.3	0.08595436	2024-05-09
LAB0000351	1000350	2024-05-01	D	JN.1.7.4	0.02040772	2024-05-09
LAB0000351	1000350	2024-05-01	D	KP.4.2	0.01062777	2024-05-09
LAB0000351	1000350	2024-05-01	D	JN.1.42.1	0.00392526	2024-05-09
LAB0000351	1000350	2024-05-01	D	KP.1.2	0.00423276	2024-05-09
LAB0000351	1000350	2024-05-01	D	KV.2	0.00149866	2024-05-09
LAB0000351	1000350	2024-05-01	D	XDK.1	0.00220956	2024-05-09
LAB0000351	1000350	2024-05-01	D	KP.2.2	0.00157233	2024-05-09
LAB0000351	1000350	2024-05-01	D	KY.1	0.0011575	2024-05-09
LAB0000351	1000350	2024-05-01	D	KP.3	0.00117381	2024-05-09
LAB0000351	1000350	2024-05-01	D	unreportable	0.01323407	2024-05-09
LAB0000352	1000351	2024-05-01	T	KQ.1	0.59954496	2024-05-09
LAB0000352	1000351	2024-05-01	T	JN.1.11	0.09285297	2024-05-09
LAB0000352	1000351	2024-05-01	T	JN.1.30	0.12612167	2024-05-09
LAB0000352	1000351	2024-05-01	T	KP.2.3	0.06740031	2024-05-09
LAB0000352	1000351	2024-05-01	T	JN.1.4.4	0.05009489	2024-05-09
LAB0000352	1000351	2024-05-01	T	JN.1.18	0.03819869	2024-05-09
LAB0000352	1000351	2024-05-01	T	JN.1.16.1	0.00627788	2024-05-09
LAB0000352	1000351	2024-05-01	T	KP.2.2	0.00139812	2024-05-09
LAB0000352	1000351	2024-05-01	T	KV.1	0.00091689	2024-05-09
LAB0000352	1000351	2024-05-01	T	LA.1	0.00142397	2024-05-09
LAB0000352	1000351	2024-05-01	T	JN.1.8.2	0.00077468	2024-05-09
LAB0000352	1000351	2024-05-01	T	JN.1.19	0.00085714	2024-05-09
LAB0000352	1000351	2024-05-01	T	JN.1.44	0.00101093	2024-05-09
LAB0000352	1000351	2024-05-01	T	JN.1.12	0.0012304	2024-05-09
LAB0000352	1000351	2024-05-01	T	JN.1.43	0.00103141	2024-05-09
LAB0000352	1000351	2024-05-01	T	unreportable	0.01086508	2024-05-09
LAB0000353	1000352	2024-04-29	V	JN.1.16.1	0.4593401	2024-05-09
LAB0000353	1000352	2024-04-29	V	JN.1.24.1	0.27004767	2024-05-09
LAB0000353	1000352	2024-04-29	V	JN.1.18	0.24742022	2024-05-09
LAB0000353	1000352	2024-04-29	V	JN.1.20	0.00478025	2024-05-09
LAB0000353	1000352	2024-04-29	V	KU.1	0.00080474	2024-05-09
LAB0000353	1000352	2024-04-29	V	JN.13	0.00118376	2024-05-09
LAB0000353	1000352	2024-04-29	V	JN.1.17	0.00112217	2024-05-09
LAB0000353	1000352	2024-04-29	V	KY.1	0.00104988	2024-05-09
LAB0000353	1000352	2024-04-29	V	JN.1.4.2	0.0011848	2024-05-09
LAB0000353	1000352	2024-04-29	V	unreportable	0.01306642	2024-05-09
LAB0000354	1000353	2024-04-30	Z	LB.1	0.50006406	2024-05-09
LAB0000354	1000353	2024-04-30	Z	JN.1.32.1	0.16699357	2024-05-09
LAB0000354	1000353	2024-04-30	Z	JN.1.4.6	0.14116697	2024-05-09
LAB0000354	1000353	2024-04-30	Z	KP.2	0.17281985	2024-05-09
LAB0000354	1000353	2024-04-30	Z	KP.4.2	0.00627187	2024-05-09
LAB0000354	1000353	2024-04-30	Z	KP.2.2	0.00272679	2024-05-09
LAB0000354	1000353	2024-04-30	Z	KP.1.2	0.00256055	2024-05-09
LAB0000354	1000353	2024-04-30	Z	unreportable	0.00739633	2024-05-09
LAB0000355	1000354	2024-04-30	A	JN.1.11	0.48833948	2024-05-09
LAB0000355	1000354	2024-04-30	A	JN.1.16.1	0.24263447	2024-05-09
LAB0000355	1000354	2024-04-30	A	JN.1.18	0.15693174	2024-05-09
LAB0000355	1000354	2024-04-30	A	KP.2	0.07171031	2024-05-09
LAB0000355	1000354	2024-04-30	A	KP.2.2	0.00372742	2024-05-09
LAB0000355	1000354	2024-04-30	A	KP.4.2	0.003062	2024-05-09
LAB0000355	1000354	2024-04-30	A	KP.1.1.1	0.00313244	2024-05-09
LAB0000355	1000354	2024-04-30	A	JN.1.7.3	0.00233905	2024-05-09
LAB0000355	1000354	2024-04-30	A	LA.1	0.00229845	2024-05-09
LAB0000355	1000354	2024-04-30	A	JN.1.40	0.00194083	2024-05-09
LAB0000355	1000354	2024-04-30	A	KY.1	0.00206397	2024-05-09
LAB0000355	1000354	2024-04-30	A	JN.1.6.1	0.00162802	2024-05-09
LAB0000355	1000354	2024-04-30	A	JN.1.5	0.00119683	2024-05-09
LAB0000355	1000354	2024-04-30	A	unreportable	0.01899498	2024-05-09
LAB0000356	1000355	2024-04-30	W	JN.1	0.79124919	2024-05-09
LAB0000356	1000355	2024-04-30	W	KP.3	0.08533901	2024-05-09
LAB0000356	1000355	2024-04-30	W	JN.1.8	0.05126449	2024-05-09
LAB0000356	1000355	2024-04-30	W	JN.1.16	0.05273023	2024-05-09
LAB0000356	1000355	2024-04-30	W	JN.1.35	0.00199724	2024-05-09
LAB0000356	1000355	2024-04-30	W	JN.1.8.1	0.0008518	2024-05-09
LAB0000356	1000355	2024-04-30	W	JN.1.16.2	0.0015591	2024-05-09
LAB0000356	1000355	2024-04-30	W	JN.1.3	0.00103789	2024-05-09
LAB0000356	1000355	2024-04-30	W	unreportable	0.01397105	2024-05-09
LAB0000357	1000356	2024-05-01	E	JN.1.26	0.29796264	2024-05-09
LAB0000357	1000356	2024-05-01	E	KS.1	0.23611791	2024-05-09
LAB0000357	1000356	2024-05-01	E	JN.1.7.4	0.24894904	2024-05-09
LAB0000357	1000356	2024-05-01	E	KP.3	0.19932125	2024-05-09
LAB0000357	1000356	2024-05-01	E	KP.2.2	0.0082777	2024-05-09
LAB0000357	1000356	2024-05-01	E	KP.1.1.1	0.00230602	2024-05-09
LAB0000357	1000356	2024-05-01	E	unreportable	0.00706545	2024-05-09
LAB0000358	1000357	2024-05-01	S	KP.3	0.99553664	2024-05-09
LAB0000358	1000357	2024-05-01	S	unreportable	0.00446336	2024-05-09
LAB0000359	1000358	2024-05-01	I	JN.1.7.2	0.37807413	2024-05-09
LAB0000359	1000358	2024-05-01	I	JN.1.7	0.61420403	2024-05-09
LAB0000359	1000358	2024-05-01	I	JN.1.7.1	0.00255862	2024-05-09
LAB0000359	1000358	2024-05-01	I	JN.1.43.1	0.0010041	2024-05-09
LAB0000359	1000358	2024-05-01	I	unreportable	0.00415912	2024-05-09
LAB0000360	1000359	2024-03-20	T	JN.1	0.55922844	2024-04-24
LAB0000360	1000359	2024-03-20	T	JN.1.7	0.29974523	2024-04-24
LAB0000360	1000359	2024-03-20	T	JN.1.34	0.11722788	2024-04-24
LAB0000360	1000359	2024-03-20	T	JN.1.8	0.00915667	2024-04-24
LAB0000360	1000359	2024-03-20	T	JN.1.47.2	0.00216652	2024-04-24
LAB0000360	1000359	2024-03-20	T	JN.1.35	0.00222792	2024-04-24
LAB0000360	1000359	2024-03-20	T	JN.1.43.1	0.00227817	2024-04-24
LAB0000360	1000359	2024-03-20	T	JN.1.25	0.00135571	2024-04-24
LAB0000360	1000359	2024-03-20	T	JN.1.4.6	0.00125181	2024-04-24
LAB0000360	1000359	2024-03-20	T	JN.1.26	0.00100294	2024-04-24
LAB0000360	1000359	2024-03-20	T	XDP	0.00159472	2024-04-24
LAB0000360	1000359	2024-03-20	T	JN.1.48	0.00091078	2024-04-24
LAB0000360	1000359	2024-03-20	T	JN.1.28	0.00117608	2024-04-24
LAB0000360	1000359	2024-03-20	T	unreportable	0.00067713	2024-04-24
LAB0000361	1000360	2024-03-25	T	JN.1.4.3	0.98642247	2024-04-24
LAB0000361	1000360	2024-03-25	T	JN.1.7.4	0.00209917	2024-04-24
LAB0000361	1000360	2024-03-25	T	JN.1.7.1	0.00178499	2024-04-24
LAB0000361	1000360	2024-03-25	T	JN.1.1.1	0.00144009	2024-04-24
LAB0000361	1000360	2024-03-25	T	JN.1.8.1	0.00205943	2024-04-24
LAB0000361	1000360	2024-03-25	T	unreportable	0.00619385	2024-04-24
LAB0000362	1000361	2024-03-27	T	XDP	0.39791921	2024-04-24
LAB0000362	1000361	2024-03-27	T	JN.1.4.2	0.11318867	2024-04-24
LAB0000362	1000361	2024-03-27	T	JN.1.4	0.05150556	2024-04-24
LAB0000362	1000361	2024-03-27	T	JN.1.3	0.04200619	2024-04-24
LAB0000362	1000361	2024-03-27	T	JN.1.44	0.04743529	2024-04-24
LAB0000362	1000361	2024-03-27	T	JN.1.20	0.03934553	2024-04-24
LAB0000362	1000361	2024-03-27	T	JN.1.40	0.04502831	2024-04-24
LAB0000362	1000361	2024-03-27	T	JN.1.39	0.05158705	2024-04-24
LAB0000362	1000361	2024-03-27	T	JN.1.30	0.04840246	2024-04-24
LAB0000362	1000361	2024-03-27	T	JN.1	0.05131217	2024-04-24
LAB0000362	1000361	2024-03-27	T	JN.1.47	0.04740552	2024-04-24
LAB0000362	1000361	2024-03-27	T	JN.1.25	0.04126471	2024-04-24
LAB0000362	1000361	2024-03-27	T	JN.1.35	0.0060528	2024-04-24
LAB0000362	1000361	2024-03-27	T	JN.1.23	0.00211111	2024-04-24
LAB0000362	1000361	2024-03-27	T	JN.1.29	0.00202127	2024-04-24
LAB0000362	1000361	2024-03-27	T	JN.1.17	0.00182912	2024-04-24
LAB0000362	1000361	2024-03-27	T	JN.1.37	0.00138872	2024-04-24
LAB0000362	1000361	2024-03-27	T	JN.1.33	0.0009839	2024-04-24
LAB0000362	1000361	2024-03-27	T	unreportable	0.00921241	2024-04-24
LAB0000363	1000362	2024-04-01	T	JN.1.16.1	0.77176604	2024-04-24
LAB0000363	1000362	2024-04-01	T	JN.1.42	0.14585602	2024-04-24
LAB0000363	1000362	2024-04-01	T	JN.1.8.2	0.06571788	2024-04-24
LAB0000363	1000362	2024-04-01	T	JN.1.42.1	0.00571737	2024-04-24
LAB0000363	1000362	2024-04-01	T	KP.2.2	0.00147226	2024-04-24
LAB0000363	1000362	2024-04-01	T	JN.1.4.5	0.00135351	2024-04-24
LAB0000363	1000362	2024-04-01	T	JN.1.23	0.0008744	2024-04-24
LAB0000363	1000362	2024-04-01	T	unreportable	0.00724253	2024-04-24
LAB0000364	1000363	2024-04-03	T	KP.4.1	0.21383264	2024-04-24
LAB0000364	1000363	2024-04-03	T	JN.1.13	0.16864767	2024-04-24
LAB0000364	1000363	2024-04-03	T	JN.1.8	0.08678665	2024-04-24
LAB0000364	1000363	2024-04-03	T	JN.1	0.0515974	2024-04-24
LAB0000364	1000363	2024-04-03	T	JN.1.2	0.05031443	2024-04-24
LAB0000364	1000363	2024-04-03	T	JN.1.32	0.03937169	2024-04-24
LAB0000364	1000363	2024-04-03	T	JN.1.15	0.04466812	2024-04-24
LAB0000364	1000363	2024-04-03	T	JN.1.6	0.04034333	2024-04-24
LAB0000364	1000363	2024-04-03	T	JN.1.37	0.05557879	2024-04-24
LAB0000364	1000363	2024-04-03	T	JN.1.18	0.04519295	2024-04-24
LAB0000364	1000363	2024-04-03	T	JN.1.18.1	0.04295903	2024-04-24
LAB0000364	1000363	2024-04-03	T	JN.1.6.1	0.04536853	2024-04-24
LAB0000364	1000363	2024-04-03	T	JN.1.11	0.02651145	2024-04-24
LAB0000364	1000363	2024-04-03	T	JN.1.7.1	0.01560847	2024-04-24
LAB0000364	1000363	2024-04-03	T	JN.1.7	0.02135193	2024-04-24
LAB0000364	1000363	2024-04-03	T	JN.1.7.3	0.02053056	2024-04-24
LAB0000364	1000363	2024-04-03	T	JN.1.47	0.00669877	2024-04-24
LAB0000364	1000363	2024-04-03	T	JN.1.8.3	0.00316948	2024-04-24
LAB0000364	1000363	2024-04-03	T	JN.1.40	0.00191434	2024-04-24
LAB0000364	1000363	2024-04-03	T	JN.1.10	0.00143062	2024-04-24
LAB0000364	1000363	2024-04-03	T	KP.1.1.1	0.00175393	2024-04-24
LAB0000364	1000363	2024-04-03	T	JN.1.35	0.00133517	2024-04-24
LAB0000364	1000363	2024-04-03	T	KY.1	0.00182309	2024-04-24
LAB0000364	1000363	2024-04-03	T	JN.1.47.2	0.00078696	2024-04-24
LAB0000364	1000363	2024-04-03	T	unreportable	0.01242398	2024-04-24
LAB0000365	1000364	2024-04-11	F	JN.1.7	0.99532031	2024-04-24
LAB0000365	1000364	2024-04-11	F	JN.1.7.4	0.00065565	2024-04-24
LAB0000365	1000364	2024-04-11	F	unreportable	0.00402405	2024-04-24
LAB0000366	1000365	2024-04-15	L	JN.1.7	0.37487065	2024-04-24
LAB0000366	1000365	2024-04-15	L	JN.1.13	0.33556751	2024-04-24
LAB0000366	1000365	2024-04-15	L	JN.1.32	0.26781471	2024-04-24
LAB0000366	1000365	2024-04-15	L	JN.1.35	0.00612115	2024-04-24
LAB0000366	1000365	2024-04-15	L	JN.1.25	0.00119722	2024-04-24
LAB0000366	1000365	2024-04-15	L	unreportable	0.01442876	2024-04-24
LAB0000367	1000366	2024-04-14	U	JN.1.7	0.84601721	2024-04-24
LAB0000367	1000366	2024-04-14	U	JN.1.35	0.01518972	2024-04-24
LAB0000367	1000366	2024-04-14	U	JN.1.37	0.02060173	2024-04-24
LAB0000367	1000366	2024-04-14	U	JN.1.45	0.0173643	2024-04-24
LAB0000367	1000366	2024-04-14	U	JN.1.10	0.0151214	2024-04-24
LAB0000367	1000366	2024-04-14	U	JN.1.15	0.01661392	2024-04-24
LAB0000367	1000366	2024-04-14	U	JN.1.32	0.01577996	2024-04-24
LAB0000367	1000366	2024-04-14	U	JN.1.44	0.02653344	2024-04-24
LAB0000367	1000366	2024-04-14	U	JN.1	0.01386177	2024-04-24
LAB0000367	1000366	2024-04-14	U	JN.1.29	0.00247071	2024-04-24
LAB0000367	1000366	2024-04-14	U	JN.1.7.1	0.00067739	2024-04-24
LAB0000367	1000366	2024-04-14	U	JN.1.19	0.0008897	2024-04-24
LAB0000367	1000366	2024-04-14	U	unreportable	0.00887874	2024-04-24
LAB0000368	1000367	2024-04-15	Y	JN.1.16	0.96858192	2024-04-24
LAB0000368	1000367	2024-04-15	Y	JN.1.18.2	0.00545911	2024-04-24
LAB0000368	1000367	2024-04-15	Y	JN.1.43	0.00664793	2024-04-24
LAB0000368	1000367	2024-04-15	Y	JN.1.29	0.00216588	2024-04-24
LAB0000368	1000367	2024-04-15	Y	JN.1.10	0.00274636	2024-04-24
LAB0000368	1000367	2024-04-15	Y	JN.1.8.4	0.00207785	2024-04-24
LAB0000368	1000367	2024-04-15	Y	unreportable	0.01232095	2024-04-24
LAB0000369	1000368	2024-04-15	D	JN.1.11	0.32189887	2024-04-24
LAB0000369	1000368	2024-04-15	D	JN.1.4.4	0.22986395	2024-04-24
LAB0000369	1000368	2024-04-15	D	JN.1.18	0.16681229	2024-04-24
LAB0000369	1000368	2024-04-15	D	JN.1.16.1	0.15875889	2024-04-24
LAB0000369	1000368	2024-04-15	D	KP.2	0.09206341	2024-04-24
LAB0000369	1000368	2024-04-15	D	KP.2.2	0.00331381	2024-04-24
LAB0000369	1000368	2024-04-15	D	KP.1.1.1	0.00248287	2024-04-24
LAB0000369	1000368	2024-04-15	D	JN.1.43	0.00307673	2024-04-24
LAB0000369	1000368	2024-04-15	D	JN.1.38	0.00171721	2024-04-24
LAB0000369	1000368	2024-04-15	D	JN.1.29	0.00161041	2024-04-24
LAB0000369	1000368	2024-04-15	D	KY.1	0.00180928	2024-04-24
LAB0000369	1000368	2024-04-15	D	LA.1	0.00162891	2024-04-24
LAB0000369	1000368	2024-04-15	D	JN.1.23	0.00098512	2024-04-24
LAB0000369	1000368	2024-04-15	D	unreportable	0.01397824	2024-04-24
LAB0000370	1000369	2024-04-15	X	JN.1.5	0.99116084	2024-04-24
LAB0000370	1000369	2024-04-15	X	JN.1.8.4	0.00089696	2024-04-24
LAB0000370	1000369	2024-04-15	X	JN.1.28.1	0.00108918	2024-04-24
LAB0000370	1000369	2024-04-15	X	JN.1.4.5	0.00108406	2024-04-24
LAB0000370	1000369	2024-04-15	X	JN.1.7.4	0.00109775	2024-04-24
LAB0000370	1000369	2024-04-15	X	unreportable	0.00467123	2024-04-24
LAB0000371	1000370	2024-01-11	F	JN.1.13	0.29462503	2024-09-18
LAB0000371	1000370	2024-01-11	F	JN.1.34	0.24393258	2024-09-18
LAB0000371	1000370	2024-01-11	F	HK.12	0.16440373	2024-09-18
LAB0000371	1000370	2024-01-11	F	JN.1.49.2	0.13720891	2024-09-18
LAB0000371	1000370	2024-01-11	F	XDR	0.06206698	2024-09-18
LAB0000371	1000370	2024-01-11	F	JN.18	0.0335668	2024-09-18
LAB0000371	1000370	2024-01-11	F	BA.2.86	0.01316086	2024-09-18
LAB0000371	1000370	2024-01-11	F	BA.2.86.1	0.00932611	2024-09-18
LAB0000371	1000370	2024-01-11	F	BA.2.86.3	0.0023481	2024-09-18
LAB0000371	1000370	2024-01-11	F	HK.3.11	0.00277572	2024-09-18
LAB0000371	1000370	2024-01-11	F	HK.20.1	0.00187091	2024-09-18
LAB0000371	1000370	2024-01-11	F	XDD.1.1	0.0017009	2024-09-18
LAB0000371	1000370	2024-01-11	F	XDJ	0.00219992	2024-09-18
LAB0000371	1000370	2024-01-11	F	HK.26	0.00152104	2024-09-18
LAB0000371	1000370	2024-01-11	F	FL.9	0.00131741	2024-09-18
LAB0000371	1000370	2024-01-11	F	HK.11.1	0.00133933	2024-09-18
LAB0000371	1000370	2024-01-11	F	HK.3.4	0.00155488	2024-09-18
LAB0000371	1000370	2024-01-11	F	XDH	0.00078802	2024-09-18
LAB0000371	1000370	2024-01-11	F	LL.1	0.00092591	2024-09-18
LAB0000371	1000370	2024-01-11	F	FL.2.3.1	0.00095359	2024-09-18
LAB0000371	1000370	2024-01-11	F	HK.22	0.00116024	2024-09-18
LAB0000371	1000370	2024-01-11	F	unreportable	0.02125303	2024-09-18
LAB0000372	1000371	2024-01-18	F	JN.1.4.2	0.58856151	2024-09-18
LAB0000372	1000371	2024-01-18	F	JN.1.34	0.12019055	2024-09-18
LAB0000372	1000371	2024-01-18	F	JN.1.4.4	0.07334065	2024-09-18
LAB0000372	1000371	2024-01-18	F	HK.3.11	0.07765114	2024-09-18
LAB0000372	1000371	2024-01-18	F	EG.5.1.8	0.01740759	2024-09-18
LAB0000372	1000371	2024-01-18	F	BA.2.86	0.01324209	2024-09-18
LAB0000372	1000371	2024-01-18	F	XBB.2.4	0.00543959	2024-09-18
LAB0000372	1000371	2024-01-18	F	HA.1	0.00332493	2024-09-18
LAB0000372	1000371	2024-01-18	F	JN.1.40	0.0036459	2024-09-18
LAB0000372	1000371	2024-01-18	F	JN.13	0.00252765	2024-09-18
LAB0000372	1000371	2024-01-18	F	BA.2.86.4	0.00241448	2024-09-18
LAB0000372	1000371	2024-01-18	F	EG.11	0.00222748	2024-09-18
LAB0000372	1000371	2024-01-18	F	JN.1.58.1	0.00237498	2024-09-18
LAB0000372	1000371	2024-01-18	F	JN.1.55	0.00169719	2024-09-18
LAB0000372	1000371	2024-01-18	F	JN.1.18.4	0.00183092	2024-09-18
LAB0000372	1000371	2024-01-18	F	XBB.1.37.1	0.00116479	2024-09-18
LAB0000372	1000371	2024-01-18	F	JQ.1	0.00215214	2024-09-18
LAB0000372	1000371	2024-01-18	F	XBB.2.9	0.00221383	2024-09-18
LAB0000372	1000371	2024-01-18	F	KY.1	0.00136653	2024-09-18
LAB0000372	1000371	2024-01-18	F	JN.1.54	0.00179574	2024-09-18
LAB0000372	1000371	2024-01-18	F	LF.2	0.00148767	2024-09-18
LAB0000372	1000371	2024-01-18	F	XCV	0.00120332	2024-09-18
LAB0000372	1000371	2024-01-18	F	XDL	0.00139873	2024-09-18
LAB0000372	1000371	2024-01-18	F	JN.19	0.00138304	2024-09-18
LAB0000372	1000371	2024-01-18	F	GW.3	0.001458	2024-09-18
LAB0000372	1000371	2024-01-18	F	JN.1.8.4	0.00146998	2024-09-18
LAB0000372	1000371	2024-01-18	F	FL.29	0.00107686	2024-09-18
LAB0000372	1000371	2024-01-18	F	EG.9	0.00125165	2024-09-18
LAB0000372	1000371	2024-01-18	F	JN.1.25.1	0.00133814	2024-09-18
LAB0000372	1000371	2024-01-18	F	JN.1.43	0.00145503	2024-09-18
LAB0000372	1000371	2024-01-18	F	XBB.1.5.82	0.00123744	2024-09-18
LAB0000372	1000371	2024-01-18	F	EG.14	0.00115827	2024-09-18
LAB0000372	1000371	2024-01-18	F	JN.18	0.00123897	2024-09-18
LAB0000372	1000371	2024-01-18	F	unreportable	0.05827324	2024-09-18
LAB0000373	1000372	2024-01-25	F	JN.1	0.50168363	2024-09-18
LAB0000373	1000372	2024-01-25	F	JN.1.4.5	0.28198152	2024-09-18
LAB0000373	1000372	2024-01-25	F	HK.3.11	0.12976708	2024-09-18
LAB0000373	1000372	2024-01-25	F	JN.1.43	0.01444104	2024-09-18
LAB0000373	1000372	2024-01-25	F	JN.1.55	0.00196205	2024-09-18
LAB0000373	1000372	2024-01-25	F	XDR.1	0.00222609	2024-09-18
LAB0000373	1000372	2024-01-25	F	JN.1.4.2	0.00217766	2024-09-18
LAB0000373	1000372	2024-01-25	F	JN.1.35	0.00245761	2024-09-18
LAB0000373	1000372	2024-01-25	F	JN.1.29	0.00156968	2024-09-18
LAB0000373	1000372	2024-01-25	F	FL.29	0.00159805	2024-09-18
LAB0000373	1000372	2024-01-25	F	FL.4.9	0.00218467	2024-09-18
LAB0000373	1000372	2024-01-25	F	KY.1	0.00122167	2024-09-18
LAB0000373	1000372	2024-01-25	F	JN.1.14	0.00151981	2024-09-18
LAB0000373	1000372	2024-01-25	F	JN.1.15	0.00160359	2024-09-18
LAB0000373	1000372	2024-01-25	F	FL.4.7	0.00116481	2024-09-18
LAB0000373	1000372	2024-01-25	F	FL.2.3.1	0.00136255	2024-09-18
LAB0000373	1000372	2024-01-25	F	HK.3.4	0.00151689	2024-09-18
LAB0000373	1000372	2024-01-25	F	JN.1.26	0.00116832	2024-09-18
LAB0000373	1000372	2024-01-25	F	JN.1.18	0.00095032	2024-09-18
LAB0000373	1000372	2024-01-25	F	LH.1	0.0014912	2024-09-18
LAB0000373	1000372	2024-01-25	F	JN.1.10	0.00124877	2024-09-18
LAB0000373	1000372	2024-01-25	F	EG.5.1.9	0.0009534	2024-09-18
LAB0000373	1000372	2024-01-25	F	EG.2.3	0.00090368	2024-09-18
LAB0000373	1000372	2024-01-25	F	LF.2	0.00095765	2024-09-18
LAB0000373	1000372	2024-01-25	F	FL.22	0.00086625	2024-09-18
LAB0000373	1000372	2024-01-25	F	JN.1.19	0.0009617	2024-09-18
LAB0000373	1000372	2024-01-25	F	JN.1.53.1	0.00097963	2024-09-18
LAB0000373	1000372	2024-01-25	F	JN.1.18.2	0.00097804	2024-09-18
LAB0000373	1000372	2024-01-25	F	LF.1	0.000991	2024-09-18
LAB0000373	1000372	2024-01-25	F	unreportable	0.03711163	2024-09-18
LAB0000374	1000373	2024-02-01	C	JN.1.11	0.68197455	2024-02-09
LAB0000374	1000373	2024-02-01	C	JN.1.8.1	0.1626003	2024-02-09
LAB0000374	1000373	2024-02-01	C	JN.1.8	0.07772108	2024-02-09
LAB0000374	1000373	2024-02-01	C	JN.2.5	0.0635416	2024-02-09
LAB0000374	1000373	2024-02-01	C	JN.1.4.2	0.00204017	2024-02-09
LAB0000374	1000373	2024-02-01	C	XDQ	0.00166834	2024-02-09
LAB0000374	1000373	2024-02-01	C	BA.2.86.3	0.00226449	2024-02-09
LAB0000374	1000373	2024-02-01	C	JN.1.11.1	0.00124655	2024-02-09
LAB0000374	1000373	2024-02-01	C	unreportable	0.00694291	2024-02-09
LAB0000375	1000374	2024-02-01	H	JN.1.8	0.48717736	2024-02-09
LAB0000375	1000374	2024-02-01	H	JN.1	0.13528989	2024-02-09
LAB0000375	1000374	2024-02-01	H	JN.1.15	0.10660052	2024-02-09
LAB0000375	1000374	2024-02-01	H	JN.1.21	0.11900673	2024-02-09
LAB0000375	1000374	2024-02-01	H	JN.1.4	0.12175165	2024-02-09
LAB0000375	1000374	2024-02-01	H	JN.1.11	0.02670421	2024-02-09
LAB0000375	1000374	2024-02-01	H	XDK	0.00213286	2024-02-09
LAB0000375	1000374	2024-02-01	H	unreportable	0.00133677	2024-02-09
LAB0000376	1000375	2024-02-01	W	JN.1	0.38863661	2024-02-09
LAB0000376	1000375	2024-02-01	W	JN.2.5	0.25249336	2024-02-09
LAB0000376	1000375	2024-02-01	W	JN.1.11	0.21158437	2024-02-09
LAB0000376	1000375	2024-02-01	W	JN.1.1.1	0.12977667	2024-02-09
LAB0000376	1000375	2024-02-01	W	BA.2.86.1	0.00215369	2024-02-09
LAB0000376	1000375	2024-02-01	W	XDK	0.00217138	2024-02-09
LAB0000376	1000375	2024-02-01	W	JN.1.8.1	0.00102881	2024-02-09
LAB0000376	1000375	2024-02-01	W	JN.1.19	0.00173594	2024-02-09
LAB0000376	1000375	2024-02-01	W	BA.2.86.3	0.00153934	2024-02-09
LAB0000376	1000375	2024-02-01	W	XDN	0.0006595	2024-02-09
LAB0000376	1000375	2024-02-01	W	unreportable	0.00822033	2024-02-09
LAB0000377	1000376	2024-02-01	B	JN.1	0.47027551	2024-02-09
LAB0000377	1000376	2024-02-01	B	JN.1.11	0.2574138	2024-02-09
LAB0000377	1000376	2024-02-01	B	JN.1.1	0.24332545	2024-02-09
LAB0000377	1000376	2024-02-01	B	JN.1.7	0.01318535	2024-02-09
LAB0000377	1000376	2024-02-01	B	JN.1.1.2	0.00306773	2024-02-09
LAB0000377	1000376	2024-02-01	B	JN.1.12	0.00280175	2024-02-09
LAB0000377	1000376	2024-02-01	B	JN.1.2.1	0.0022334	2024-02-09
LAB0000377	1000376	2024-02-01	B	XDN	0.00218685	2024-02-09
LAB0000377	1000376	2024-02-01	B	JN.1.17	0.00108984	2024-02-09
LAB0000377	1000376	2024-02-01	B	unreportable	0.00442032	2024-02-09
LAB0000378	1000377	2024-02-01	A	JN.1	0.79826453	2024-02-09
LAB0000378	1000377	2024-02-01	A	JN.1.11	0.17008727	2024-02-09
LAB0000378	1000377	2024-02-01	A	JN.1.8	0.0053422	2024-02-09
LAB0000378	1000377	2024-02-01	A	JN.2.5	0.00457938	2024-02-09
LAB0000378	1000377	2024-02-01	A	JN.1.8.1	0.00164954	2024-02-09
LAB0000378	1000377	2024-02-01	A	JN.1.22	0.00165373	2024-02-09
LAB0000378	1000377	2024-02-01	A	XDN	0.00100449	2024-02-09
LAB0000378	1000377	2024-02-01	A	JN.1.17	0.00088958	2024-02-09
LAB0000378	1000377	2024-02-01	A	JN.1.10	0.00105	2024-02-09
LAB0000378	1000377	2024-02-01	A	unreportable	0.01547927	2024-02-09
LAB0000379	1000378	2024-02-01	N	JN.1	0.25772439	2024-02-09
LAB0000379	1000378	2024-02-01	N	JN.1.11	0.19588425	2024-02-09
LAB0000379	1000378	2024-02-01	N	JN.1.15	0.13755111	2024-02-09
LAB0000379	1000378	2024-02-01	N	JN.1.8	0.12905678	2024-02-09
LAB0000379	1000378	2024-02-01	N	XDP	0.10614575	2024-02-09
LAB0000379	1000378	2024-02-01	N	JN.1.14	0.06167617	2024-02-09
LAB0000379	1000378	2024-02-01	N	XDD	0.05542189	2024-02-09
LAB0000379	1000378	2024-02-01	N	JN.1.4.2	0.01818705	2024-02-09
LAB0000379	1000378	2024-02-01	N	JN.1.8.1	0.0207434	2024-02-09
LAB0000379	1000378	2024-02-01	N	JN.1.5	0.00274062	2024-02-09
LAB0000379	1000378	2024-02-01	N	JN.1.3	0.00210606	2024-02-09
LAB0000379	1000378	2024-02-01	N	BA.2.86.5	0.00162328	2024-02-09
LAB0000379	1000378	2024-02-01	N	JN.1.19	0.00148116	2024-02-09
LAB0000379	1000378	2024-02-01	N	XDD.2	0.00116862	2024-02-09
LAB0000379	1000378	2024-02-01	N	JN.1.21	0.00102752	2024-02-09
LAB0000379	1000378	2024-02-01	N	unreportable	0.00746196	2024-02-09
LAB0000380	1000379	2024-02-01	P	JN.1	0.59320352	2024-02-09
LAB0000380	1000379	2024-02-01	P	JN.1.14	0.0770857	2024-02-09
LAB0000380	1000379	2024-02-01	P	JN.1.8	0.07755838	2024-02-09
LAB0000380	1000379	2024-02-01	P	JN.1.4.2	0.05014033	2024-02-09
LAB0000380	1000379	2024-02-01	P	XDP	0.03362642	2024-02-09
LAB0000380	1000379	2024-02-01	P	HV.1.10	0.02231566	2024-02-09
LAB0000380	1000379	2024-02-01	P	XDD	0.02079635	2024-02-09
LAB0000380	1000379	2024-02-01	P	JN.1.8.1	0.01691844	2024-02-09
LAB0000380	1000379	2024-02-01	P	JN.1.11	0.01784528	2024-02-09
LAB0000380	1000379	2024-02-01	P	FW.1	0.00896591	2024-02-09
LAB0000380	1000379	2024-02-01	P	XDQ	0.00188375	2024-02-09
LAB0000380	1000379	2024-02-01	P	EG.2.4	0.00254914	2024-02-09
LAB0000380	1000379	2024-02-01	P	JN.1.2.1	0.00192206	2024-02-09
LAB0000380	1000379	2024-02-01	P	FL.29	0.00270304	2024-02-09
LAB0000380	1000379	2024-02-01	P	JC.2	0.00151218	2024-02-09
LAB0000380	1000379	2024-02-01	P	EG.2.3	0.00182876	2024-02-09
LAB0000380	1000379	2024-02-01	P	XBB.1.15.1	0.00158	2024-02-09
LAB0000380	1000379	2024-02-01	P	FW.3	0.00184641	2024-02-09
LAB0000380	1000379	2024-02-01	P	FL.9	0.00117403	2024-02-09
LAB0000380	1000379	2024-02-01	P	FL.2.3.1	0.00187107	2024-02-09
LAB0000380	1000379	2024-02-01	P	JN.1.19	0.00128031	2024-02-09
LAB0000380	1000379	2024-02-01	P	unreportable	0.06139325	2024-02-09
LAB0000381	1000380	2024-02-01	F	JN.1.4	0.70659554	2024-02-09
LAB0000381	1000380	2024-02-01	F	JN.1.11	0.2815304	2024-02-09
LAB0000381	1000380	2024-02-01	F	JN.1.16	0.00217518	2024-02-09
LAB0000381	1000380	2024-02-01	F	BA.2.86.5	0.00174226	2024-02-09
LAB0000381	1000380	2024-02-01	F	JN.1.6	0.00119243	2024-02-09
LAB0000381	1000380	2024-02-01	F	JN.1.5	0.00132092	2024-02-09
LAB0000381	1000380	2024-02-01	F	unreportable	0.00544328	2024-02-09
LAB0000382	1000381	2024-01-31	U	JN.1.11	0.38730892	2024-02-09
LAB0000382	1000381	2024-01-31	U	JN.1.4	0.23820732	2024-02-09
LAB0000382	1000381	2024-01-31	U	JN.1.4.2	0.14964116	2024-02-09
LAB0000382	1000381	2024-01-31	U	JN.1.18	0.10584825	2024-02-09
LAB0000382	1000381	2024-01-31	U	XDD	0.05002768	2024-02-09
LAB0000382	1000381	2024-01-31	U	JN.1.7	0.05422183	2024-02-09
LAB0000382	1000381	2024-01-31	U	JN.1.8.1	0.00286685	2024-02-09
LAB0000382	1000381	2024-01-31	U	JN.1.16	0.00133792	2024-02-09
LAB0000382	1000381	2024-01-31	U	JN.1.14	0.00151269	2024-02-09
LAB0000382	1000381	2024-01-31	U	JN.1.10	0.00134981	2024-02-09
LAB0000382	1000381	2024-01-31	U	unreportable	0.00767757	2024-02-09
LAB0000383	1000382	2024-01-31	V	JN.1.4.2	0.5475787	2024-02-09
LAB0000383	1000382	2024-01-31	V	JN.1.18	0.18394787	2024-02-09
LAB0000383	1000382	2024-01-31	V	JN.1.11	0.13149927	2024-02-09
LAB0000383	1000382	2024-01-31	V	JN.1.8	0.08474763	2024-02-09
LAB0000383	1000382	2024-01-31	V	XDK	0.01677894	2024-02-09
LAB0000383	1000382	2024-01-31	V	JN.1.7	0.0109721	2024-02-09
LAB0000383	1000382	2024-01-31	V	JN.1.8.1	0.00196807	2024-02-09
LAB0000383	1000382	2024-01-31	V	XBB.1.5.82	0.00140094	2024-02-09
LAB0000383	1000382	2024-01-31	V	unreportable	0.02110649	2024-02-09
LAB0000384	1000383	2024-02-01	Z	JN.1.11	0.44878971	2024-02-09
LAB0000384	1000383	2024-02-01	Z	JN.1	0.29548112	2024-02-09
LAB0000384	1000383	2024-02-01	Z	JN.1.7	0.09073328	2024-02-09
LAB0000384	1000383	2024-02-01	Z	XDP	0.06751769	2024-02-09
LAB0000384	1000383	2024-02-01	Z	JN.1.4.2	0.08503134	2024-02-09
LAB0000384	1000383	2024-02-01	Z	JN.1.15	0.00169833	2024-02-09
LAB0000384	1000383	2024-02-01	Z	JN.1.16	0.00178174	2024-02-09
LAB0000384	1000383	2024-02-01	Z	JN.1.19	0.00073177	2024-02-09
LAB0000384	1000383	2024-02-01	Z	unreportable	0.00823502	2024-02-09
LAB0000385	1000384	2024-02-01	O	JN.1.4.2	0.55217543	2024-02-09
LAB0000385	1000384	2024-02-01	O	JN.1.11	0.3049218	2024-02-09
LAB0000385	1000384	2024-02-01	O	XDK	0.05121359	2024-02-09
LAB0000385	1000384	2024-02-01	O	XDD.1	0.05906102	2024-02-09
LAB0000385	1000384	2024-02-01	O	XDD	0.02153943	2024-02-09
LAB0000385	1000384	2024-02-01	O	JN.1.16	0.00305512	2024-02-09
LAB0000385	1000384	2024-02-01	O	JN.1.17	0.00187085	2024-02-09
LAB0000385	1000384	2024-02-01	O	JN.1.5	0.00124575	2024-02-09
LAB0000385	1000384	2024-02-01	O	JN.1.11.1	0.00070767	2024-02-09
LAB0000385	1000384	2024-02-01	O	unreportable	0.00420933	2024-02-09
LAB0000386	1000385	2024-02-01	R	JN.1	0.25103481	2024-02-09
LAB0000386	1000385	2024-02-01	R	JN.1.18	0.22481037	2024-02-09
LAB0000386	1000385	2024-02-01	R	JN.1.3	0.25536528	2024-02-09
LAB0000386	1000385	2024-02-01	R	JN.1.11	0.25076838	2024-02-09
LAB0000386	1000385	2024-02-01	R	JN.1.4.2	0.0021473	2024-02-09
LAB0000386	1000385	2024-02-01	R	JN.1.15	0.00235289	2024-02-09
LAB0000386	1000385	2024-02-01	R	JN.1.19	0.00120688	2024-02-09
LAB0000386	1000385	2024-02-01	R	JN.1.8.1	0.0018013	2024-02-09
LAB0000386	1000385	2024-02-01	R	JN.1.16	0.00160455	2024-02-09
LAB0000386	1000385	2024-02-01	R	JN.1.2.1	0.00115958	2024-02-09
LAB0000386	1000385	2024-02-01	R	JN.1.17	0.00114449	2024-02-09
LAB0000386	1000385	2024-02-01	R	unreportable	0.00660418	2024-02-09
LAB0000387	1000386	2024-02-01	L	JN.1	0.56197121	2024-02-09
LAB0000387	1000386	2024-02-01	L	JN.1.1	0.27911811	2024-02-09
LAB0000387	1000386	2024-02-01	L	JN.1.11	0.14472843	2024-02-09
LAB0000387	1000386	2024-02-01	L	JN.9	0.0020666	2024-02-09
LAB0000387	1000386	2024-02-01	L	JN.1.8.1	0.00258372	2024-02-09
LAB0000387	1000386	2024-02-01	L	JN.1.19	0.00161284	2024-02-09
LAB0000387	1000386	2024-02-01	L	JN.1.4.2	0.00102974	2024-02-09
LAB0000387	1000386	2024-02-01	L	JN.1.16	0.00072855	2024-02-09
LAB0000387	1000386	2024-02-01	L	unreportable	0.00616079	2024-02-09
LAB0000388	1000387	2024-02-02	X	BA.2.86.1	0.11659441	2024-02-09
LAB0000388	1000387	2024-02-02	X	JN.1	0.12217457	2024-02-09
LAB0000388	1000387	2024-02-02	X	JN.1.10	0.14563691	2024-02-09
LAB0000388	1000387	2024-02-02	X	JN.1.21	0.17017245	2024-02-09
LAB0000388	1000387	2024-02-02	X	JN.1.19	0.12419593	2024-02-09
LAB0000388	1000387	2024-02-02	X	JN.1.16	0.05846556	2024-02-09
LAB0000388	1000387	2024-02-02	X	XDD.1	0.04650804	2024-02-09
LAB0000388	1000387	2024-02-02	X	XDJ	0.05788478	2024-02-09
LAB0000388	1000387	2024-02-02	X	XDD	0.04249922	2024-02-09
LAB0000388	1000387	2024-02-02	X	JN.1.8	0.02528134	2024-02-09
LAB0000388	1000387	2024-02-02	X	JN.1.11	0.0112442	2024-02-09
LAB0000388	1000387	2024-02-02	X	XDP	0.01345499	2024-02-09
LAB0000388	1000387	2024-02-02	X	JG.3.4	0.00570576	2024-02-09
LAB0000388	1000387	2024-02-02	X	EG.5.1.8	0.00486903	2024-02-09
LAB0000388	1000387	2024-02-02	X	JN.1.8.1	0.00209817	2024-02-09
LAB0000388	1000387	2024-02-02	X	XDD.1.1	0.00226562	2024-02-09
LAB0000388	1000387	2024-02-02	X	HV.2	0.00146525	2024-02-09
LAB0000388	1000387	2024-02-02	X	JG.3.2	0.00206989	2024-02-09
LAB0000388	1000387	2024-02-02	X	JN.1.11.1	0.00221188	2024-02-09
LAB0000388	1000387	2024-02-02	X	FW.3	0.00197225	2024-02-09
LAB0000388	1000387	2024-02-02	X	XDQ	0.00150592	2024-02-09
LAB0000388	1000387	2024-02-02	X	KB.3	0.00191697	2024-02-09
LAB0000388	1000387	2024-02-02	X	EG.5.1.14	0.00163952	2024-02-09
LAB0000388	1000387	2024-02-02	X	JN.1.1.2	0.00124698	2024-02-09
LAB0000388	1000387	2024-02-02	X	HK.3.5	0.00099476	2024-02-09
LAB0000388	1000387	2024-02-02	X	HK.3.12	0.00072293	2024-02-09
LAB0000388	1000387	2024-02-02	X	XDH	0.00110839	2024-02-09
LAB0000388	1000387	2024-02-02	X	unreportable	0.03409427	2024-02-09
LAB0000389	1000388	2024-02-02	Q	JN.1	0.76447317	2024-02-09
LAB0000389	1000388	2024-02-02	Q	JN.1.11	0.13525232	2024-02-09
LAB0000389	1000388	2024-02-02	Q	JN.1.4.2	0.09176551	2024-02-09
LAB0000389	1000388	2024-02-02	Q	JN.1.10	0.00137959	2024-02-09
LAB0000389	1000388	2024-02-02	Q	XDK	0.0009409	2024-02-09
LAB0000389	1000388	2024-02-02	Q	JN.1.5	0.00099792	2024-02-09
LAB0000389	1000388	2024-02-02	Q	unreportable	0.0051906	2024-02-09
LAB0000390	1000389	2024-02-02	I	JN.1	0.52746157	2024-02-09
LAB0000390	1000389	2024-02-02	I	JN.1.9	0.1762792	2024-02-09
LAB0000390	1000389	2024-02-02	I	JN.1.8	0.08744854	2024-02-09
LAB0000390	1000389	2024-02-02	I	XDP	0.03952752	2024-02-09
LAB0000390	1000389	2024-02-02	I	JN.1.11	0.01962699	2024-02-09
LAB0000390	1000389	2024-02-02	I	JN.2.5	0.01853404	2024-02-09
LAB0000390	1000389	2024-02-02	I	XDD	0.02301006	2024-02-09
LAB0000390	1000389	2024-02-02	I	JN.1.8.1	0.01539445	2024-02-09
LAB0000390	1000389	2024-02-02	I	XBB.1.42.1	0.01641561	2024-02-09
LAB0000390	1000389	2024-02-02	I	XBB.1.42	0.00972048	2024-02-09
LAB0000390	1000389	2024-02-02	I	JN.1.17	0.00345544	2024-02-09
LAB0000390	1000389	2024-02-02	I	HU.1.1	0.00415251	2024-02-09
LAB0000390	1000389	2024-02-02	I	FL.4.5	0.00315921	2024-02-09
LAB0000390	1000389	2024-02-02	I	EG.2.3	0.00275981	2024-02-09
LAB0000390	1000389	2024-02-02	I	JN.1.14	0.00268078	2024-02-09
LAB0000390	1000389	2024-02-02	I	EG.9	0.00221958	2024-02-09
LAB0000390	1000389	2024-02-02	I	FL.29	0.00141443	2024-02-09
LAB0000390	1000389	2024-02-02	I	XDQ	0.00213202	2024-02-09
LAB0000390	1000389	2024-02-02	I	GA.8.1	0.00173944	2024-02-09
LAB0000390	1000389	2024-02-02	I	JN.1.18	0.00131491	2024-02-09
LAB0000390	1000389	2024-02-02	I	JN.1.19	0.00154295	2024-02-09
LAB0000390	1000389	2024-02-02	I	FY.5.3	0.0011181	2024-02-09
LAB0000390	1000389	2024-02-02	I	FL.2.3.1	0.00120615	2024-02-09
LAB0000390	1000389	2024-02-02	I	unreportable	0.03768621	2024-02-09
LAB0000391	1000390	2024-02-02	E	JN.1	0.40483265	2024-02-09
LAB0000391	1000390	2024-02-02	E	JN.1.4	0.17124489	2024-02-09
LAB0000391	1000390	2024-02-02	E	JN.1.4.2	0.15894041	2024-02-09
LAB0000391	1000390	2024-02-02	E	JN.1.5	0.15306014	2024-02-09
LAB0000391	1000390	2024-02-02	E	JN.1.11	0.04870673	2024-02-09
LAB0000391	1000390	2024-02-02	E	JN.1.7	0.02585087	2024-02-09
LAB0000391	1000390	2024-02-02	E	JN.1.8.1	0.00396716	2024-02-09
LAB0000391	1000390	2024-02-02	E	JN.1.19	0.00290617	2024-02-09
LAB0000391	1000390	2024-02-02	E	HY.1	0.00174662	2024-02-09
LAB0000391	1000390	2024-02-02	E	FL.2.2	0.00148701	2024-02-09
LAB0000391	1000390	2024-02-02	E	GG.1	0.0014438	2024-02-09
LAB0000391	1000390	2024-02-02	E	JC.2	0.0017937	2024-02-09
LAB0000391	1000390	2024-02-02	E	FL.35.1	0.00175986	2024-02-09
LAB0000391	1000390	2024-02-02	E	EG.2.3	0.00140221	2024-02-09
LAB0000391	1000390	2024-02-02	E	JN.1.17	0.00123869	2024-02-09
LAB0000391	1000390	2024-02-02	E	FY.1.4.1	0.00080625	2024-02-09
LAB0000391	1000390	2024-02-02	E	unreportable	0.01881284	2024-02-09
LAB0000392	1000391	2024-03-07	N	JN.1.1	0.47058898	2024-03-13
LAB0000392	1000391	2024-03-07	N	JN.1.8	0.27257252	2024-03-13
LAB0000392	1000391	2024-03-07	N	JN.1.4.3	0.23745118	2024-03-13
LAB0000392	1000391	2024-03-07	N	JN.1.8.1	0.00864643	2024-03-13
LAB0000392	1000391	2024-03-07	N	JN.1.11.1	0.00348974	2024-03-13
LAB0000392	1000391	2024-03-07	N	JN.1.1.2	0.00180756	2024-03-13
LAB0000392	1000391	2024-03-07	N	unreportable	0.0054436	2024-03-13
LAB0000393	1000392	2024-03-06	V	JN.1.4.2	0.78186803	2024-03-13
LAB0000393	1000392	2024-03-06	V	JN.1	0.18660428	2024-03-13
LAB0000393	1000392	2024-03-06	V	JN.1.7	0.0128297	2024-03-13
LAB0000393	1000392	2024-03-06	V	JN.1.29	0.00323763	2024-03-13
LAB0000393	1000392	2024-03-06	V	JN.1.19	0.00259312	2024-03-13
LAB0000393	1000392	2024-03-06	V	JN.1.25	0.00138431	2024-03-13
LAB0000393	1000392	2024-03-06	V	JN.1.12	0.00097139	2024-03-13
LAB0000393	1000392	2024-03-06	V	unreportable	0.01051155	2024-03-13
LAB0000394	1000393	2024-03-07	R	JN.1	0.62390456	2024-03-13
LAB0000394	1000393	2024-03-07	R	JN.1.4.3	0.35111346	2024-03-13
LAB0000394	1000393	2024-03-07	R	JN.1.8.1	0.00344268	2024-03-13
LAB0000394	1000393	2024-03-07	R	JN.1.10	0.00288647	2024-03-13
LAB0000394	1000393	2024-03-07	R	JN.1.19	0.00192484	2024-03-13
LAB0000394	1000393	2024-03-07	R	JN.1.15	0.00224955	2024-03-13
LAB0000394	1000393	2024-03-07	R	JN.1.29	0.00258065	2024-03-13
LAB0000394	1000393	2024-03-07	R	JN.1.21	0.00166627	2024-03-13
LAB0000394	1000393	2024-03-07	R	JN.1.28	0.00099152	2024-03-13
LAB0000394	1000393	2024-03-07	R	unreportable	0.00924	2024-03-13
LAB0000395	1000394	2024-03-07	F	JN.1.5	0.48905692	2024-03-13
LAB0000395	1000394	2024-03-07	F	JN.1.8	0.26217924	2024-03-13
LAB0000395	1000394	2024-03-07	F	JN.1.4.2	0.22231105	2024-03-13
LAB0000395	1000394	2024-03-07	F	JN.1.4	0.01828035	2024-03-13
LAB0000395	1000394	2024-03-07	F	JN.1.16	0.00083307	2024-03-13
LAB0000395	1000394	2024-03-07	F	JN.1.12	0.00122569	2024-03-13
LAB0000395	1000394	2024-03-07	F	JN.1.19	0.00097806	2024-03-13
LAB0000395	1000394	2024-03-07	F	unreportable	0.00513562	2024-03-13
LAB0000396	1000395	2024-03-07	L	JN.1.4.2	0.38827693	2024-03-13
LAB0000396	1000395	2024-03-07	L	JN.1.8.2	0.47126047	2024-03-13
LAB0000396	1000395	2024-03-07	L	JN.1.8	0.12803457	2024-03-13
LAB0000396	1000395	2024-03-07	L	JN.1.9	0.00138502	2024-03-13
LAB0000396	1000395	2024-03-07	L	JN.1.23	0.00222145	2024-03-13
LAB0000396	1000395	2024-03-07	L	JN.1.15	0.00152289	2024-03-13
LAB0000396	1000395	2024-03-07	L	unreportable	0.00729868	2024-03-13
LAB0000397	1000396	2024-03-07	B	JN.1	0.61165787	2024-03-13
LAB0000397	1000396	2024-03-07	B	JN.1.8	0.36853456	2024-03-13
LAB0000397	1000396	2024-03-07	B	JN.1.19	0.00246565	2024-03-13
LAB0000397	1000396	2024-03-07	B	JN.1.29	0.00229542	2024-03-13
LAB0000397	1000396	2024-03-07	B	JN.1.8.1	0.00219131	2024-03-13
LAB0000397	1000396	2024-03-07	B	JN.1.21	0.00213685	2024-03-13
LAB0000397	1000396	2024-03-07	B	JN.1.16	0.00147068	2024-03-13
LAB0000397	1000396	2024-03-07	B	JN.1.7	0.00109815	2024-03-13
LAB0000397	1000396	2024-03-07	B	unreportable	0.0081495	2024-03-13
LAB0000398	1000397	2024-03-07	W	KQ.1	0.46011508	2024-03-13
LAB0000398	1000397	2024-03-07	W	JN.1.16	0.23800542	2024-03-13
LAB0000398	1000397	2024-03-07	W	JN.1.8	0.14673117	2024-03-13
LAB0000398	1000397	2024-03-07	W	BA.2.86	0.11429681	2024-03-13
LAB0000398	1000397	2024-03-07	W	JQ.2	0.01026854	2024-03-13
LAB0000398	1000397	2024-03-07	W	JN.1.26	0.00589427	2024-03-13
LAB0000398	1000397	2024-03-07	W	JN.1.8.2	0.00347562	2024-03-13
LAB0000398	1000397	2024-03-07	W	JN.5	0.00305752	2024-03-13
LAB0000398	1000397	2024-03-07	W	JN.1.23	0.00105493	2024-03-13
LAB0000398	1000397	2024-03-07	W	JN.1.25.1	0.00117616	2024-03-13
LAB0000398	1000397	2024-03-07	W	JN.1.4.2	0.00094839	2024-03-13
LAB0000398	1000397	2024-03-07	W	JN.2.4	0.00122346	2024-03-13
LAB0000398	1000397	2024-03-07	W	unreportable	0.01375262	2024-03-13
LAB0000399	1000398	2024-03-07	A	JN.1.16	0.48310638	2024-03-13
LAB0000399	1000398	2024-03-07	A	KQ.1	0.24181907	2024-03-13
LAB0000399	1000398	2024-03-07	A	JN.1.4.3	0.26499396	2024-03-13
LAB0000399	1000398	2024-03-07	A	JN.1.8.1	0.00180942	2024-03-13
LAB0000399	1000398	2024-03-07	A	unreportable	0.00827117	2024-03-13
LAB0000400	1000399	2024-03-06	U	JN.1.4	0.42432006	2024-03-13
LAB0000400	1000399	2024-03-06	U	JN.1	0.1994535	2024-03-13
LAB0000400	1000399	2024-03-06	U	JN.1.4.3	0.24534459	2024-03-13
LAB0000400	1000399	2024-03-06	U	JN.1.16	0.06300592	2024-03-13
LAB0000400	1000399	2024-03-06	U	XDP	0.04933386	2024-03-13
LAB0000400	1000399	2024-03-06	U	JN.1.21	0.00339888	2024-03-13
LAB0000400	1000399	2024-03-06	U	JN.1.23	0.00170359	2024-03-13
LAB0000400	1000399	2024-03-06	U	JN.1.28	0.00128318	2024-03-13
LAB0000400	1000399	2024-03-06	U	JN.1.19	0.00127773	2024-03-13
LAB0000400	1000399	2024-03-06	U	JN.1.8.1	0.00153531	2024-03-13
LAB0000400	1000399	2024-03-06	U	BA.2.86.3	0.00095238	2024-03-13
LAB0000400	1000399	2024-03-06	U	unreportable	0.00839099	2024-03-13
LAB0000401	1000400	2024-03-07	H	JN.1.16	0.63899455	2024-03-13
LAB0000401	1000400	2024-03-07	H	XDA	0.28897735	2024-03-13
LAB0000401	1000400	2024-03-07	H	JN.1.8	0.04868018	2024-03-13
LAB0000401	1000400	2024-03-07	H	JN.1.8.2	0.00821437	2024-03-13
LAB0000401	1000400	2024-03-07	H	JN.13	0.00288103	2024-03-13
LAB0000401	1000400	2024-03-07	H	JN.1.28	0.00186455	2024-03-13
LAB0000401	1000400	2024-03-07	H	JN.5	0.00079486	2024-03-13
LAB0000401	1000400	2024-03-07	H	FL.1.5.1	0.0011569	2024-03-13
LAB0000401	1000400	2024-03-07	H	unreportable	0.00843621	2024-03-13
LAB0000402	1000401	2024-03-07	P	JN.1	0.78357437	2024-03-13
LAB0000402	1000401	2024-03-07	P	JN.1.8.1	0.11293226	2024-03-13
LAB0000402	1000401	2024-03-07	P	JN.1.1.4	0.07313221	2024-03-13
LAB0000402	1000401	2024-03-07	P	JN.1.4.2	0.00354352	2024-03-13
LAB0000402	1000401	2024-03-07	P	JN.1.29	0.00625673	2024-03-13
LAB0000402	1000401	2024-03-07	P	JN.1.19	0.00143421	2024-03-13
LAB0000402	1000401	2024-03-07	P	JN.1.28	0.00127967	2024-03-13
LAB0000402	1000401	2024-03-07	P	JN.1.3	0.00099948	2024-03-13
LAB0000402	1000401	2024-03-07	P	unreportable	0.01684755	2024-03-13
LAB0000403	1000402	2024-03-07	Z	JN.1.4.3	0.40062928	2024-03-13
LAB0000403	1000402	2024-03-07	Z	JN.1.4.2	0.27840715	2024-03-13
LAB0000403	1000402	2024-03-07	Z	JN.1.3	0.17788767	2024-03-13
LAB0000403	1000402	2024-03-07	Z	XDP	0.10463964	2024-03-13
LAB0000403	1000402	2024-03-07	Z	JN.1.14	0.01689167	2024-03-13
LAB0000403	1000402	2024-03-07	Z	JN.1.16	0.0053065	2024-03-13
LAB0000403	1000402	2024-03-07	Z	JN.1.19	0.00108061	2024-03-13
LAB0000403	1000402	2024-03-07	Z	JN.1.27	0.00155701	2024-03-13
LAB0000403	1000402	2024-03-07	Z	JN.1.7	0.00104025	2024-03-13
LAB0000403	1000402	2024-03-07	Z	unreportable	0.01256022	2024-03-13
LAB0000404	1000403	2024-03-08	Y	JN.1.7	0.41554401	2024-03-13
LAB0000404	1000403	2024-03-08	Y	JN.1.8	0.30700663	2024-03-13
LAB0000404	1000403	2024-03-08	Y	JN.1.4.3	0.26121545	2024-03-13
LAB0000404	1000403	2024-03-08	Y	JN.1.8.1	0.00434378	2024-03-13
LAB0000404	1000403	2024-03-08	Y	JN.1.19	0.0040907	2024-03-13
LAB0000404	1000403	2024-03-08	Y	JN.1.16	0.00170158	2024-03-13
LAB0000404	1000403	2024-03-08	Y	unreportable	0.00609785	2024-03-13
LAB0000405	1000404	2024-03-08	K	JN.1.8	0.56987244	2024-03-13
LAB0000405	1000404	2024-03-08	K	JN.1.8.1	0.19010449	2024-03-13
LAB0000405	1000404	2024-03-08	K	JN.1.7	0.1010256	2024-03-13
LAB0000405	1000404	2024-03-08	K	JN.1.4.3	0.12655823	2024-03-13
LAB0000405	1000404	2024-03-08	K	JN.1.21	0.00123192	2024-03-13
LAB0000405	1000404	2024-03-08	K	unreportable	0.01120732	2024-03-13
LAB0000406	1000405	2024-03-08	E	JN.1	0.59738417	2024-03-13
LAB0000406	1000405	2024-03-08	E	JN.1.28	0.17064311	2024-03-13
LAB0000406	1000405	2024-03-08	E	JN.1.8.1	0.09543157	2024-03-13
LAB0000406	1000405	2024-03-08	E	JN.1.8.2	0.06044095	2024-03-13
LAB0000406	1000405	2024-03-08	E	JN.1.7	0.06460317	2024-03-13
LAB0000406	1000405	2024-03-08	E	JN.1.19	0.00197675	2024-03-13
LAB0000406	1000405	2024-03-08	E	JN.1.4.2	0.00157653	2024-03-13
LAB0000406	1000405	2024-03-08	E	JN.1.21	0.00089921	2024-03-13
LAB0000406	1000405	2024-03-08	E	unreportable	0.00704455	2024-03-13
LAB0000407	1000406	2024-03-08	I	JN.1.4.3	0.43497083	2024-03-13
LAB0000407	1000406	2024-03-08	I	JN.1.8	0.30267272	2024-03-13
LAB0000407	1000406	2024-03-08	I	JN.1.16	0.23820935	2024-03-13
LAB0000407	1000406	2024-03-08	I	JN.1.7	0.01253635	2024-03-13
LAB0000407	1000406	2024-03-08	I	JN.1.8.1	0.00470857	2024-03-13
LAB0000407	1000406	2024-03-08	I	JN.8	0.00225406	2024-03-13
LAB0000407	1000406	2024-03-08	I	JN.1.14	0.00183284	2024-03-13
LAB0000407	1000406	2024-03-08	I	JN.1.6	0.00200916	2024-03-13
LAB0000407	1000406	2024-03-08	I	unreportable	0.00080613	2024-03-13
LAB0000408	1000407	2024-03-08	X	JN.1.4.3	0.53957393	2024-03-13
LAB0000408	1000407	2024-03-08	X	KQ.1	0.15418143	2024-03-13
LAB0000408	1000407	2024-03-08	X	JN.1	0.14455816	2024-03-13
LAB0000408	1000407	2024-03-08	X	JN.1.18	0.08399748	2024-03-13
LAB0000408	1000407	2024-03-08	X	JN.1.8	0.02257969	2024-03-13
LAB0000408	1000407	2024-03-08	X	JN.1.7	0.02507917	2024-03-13
LAB0000408	1000407	2024-03-08	X	JN.1.16	0.00267282	2024-03-13
LAB0000408	1000407	2024-03-08	X	JN.1.6	0.00271652	2024-03-13
LAB0000408	1000407	2024-03-08	X	JN.1.6.1	0.00387646	2024-03-13
LAB0000408	1000407	2024-03-08	X	JN.1.21	0.0028036	2024-03-13
LAB0000408	1000407	2024-03-08	X	JN.1.8.1	0.00149658	2024-03-13
LAB0000408	1000407	2024-03-08	X	JN.1.7.1	0.00165914	2024-03-13
LAB0000408	1000407	2024-03-08	X	JN.1.19	0.00161043	2024-03-13
LAB0000408	1000407	2024-03-08	X	JN.1.1.3	0.0015832	2024-03-13
LAB0000408	1000407	2024-03-08	X	unreportable	0.0116114	2024-03-13
LAB0000409	1000408	2024-03-08	Q	JN.1.21	0.12767666	2024-03-13
LAB0000409	1000408	2024-03-08	Q	JN.1.9	0.21221823	2024-03-13
LAB0000409	1000408	2024-03-08	Q	JN.1.20	0.19628817	2024-03-13
LAB0000409	1000408	2024-03-08	Q	JN.1.2	0.23364431	2024-03-13
LAB0000409	1000408	2024-03-08	Q	JN.1	0.2131681	2024-03-13
LAB0000409	1000408	2024-03-08	Q	JN.1.28	0.00653745	2024-03-13
LAB0000409	1000408	2024-03-08	Q	JN.1.17	0.00341187	2024-03-13
LAB0000409	1000408	2024-03-08	Q	JN.1.19	0.00163226	2024-03-13
LAB0000409	1000408	2024-03-08	Q	JN.1.23	0.00118388	2024-03-13
LAB0000409	1000408	2024-03-08	Q	unreportable	0.00423906	2024-03-13
LAB0000410	1000409	2024-04-18	B	JN.1.34	0.54699368	2024-05-01
LAB0000410	1000409	2024-04-18	B	JN.1.8.2	0.29657683	2024-05-01
LAB0000410	1000409	2024-04-18	B	JN.1.8.1	0.14650157	2024-05-01
LAB0000410	1000409	2024-04-18	B	KY.1	0.00188905	2024-05-01
LAB0000410	1000409	2024-04-18	B	KW.1.1	0.00176149	2024-05-01
LAB0000410	1000409	2024-04-18	B	unreportable	0.00627738	2024-05-01
LAB0000411	1000410	2024-04-24	M	JN.1.4.2	0.99540025	2024-05-01
LAB0000411	1000410	2024-04-24	M	unreportable	0.00459975	2024-05-01
LAB0000412	1000411	2024-04-24	G	JN.1.26	0.34504764	2024-05-01
LAB0000412	1000411	2024-04-24	G	KP.1.2	0.19668711	2024-05-01
LAB0000412	1000411	2024-04-24	G	JN.1.4.6	0.24600026	2024-05-01
LAB0000412	1000411	2024-04-24	G	KP.1	0.18457539	2024-05-01
LAB0000412	1000411	2024-04-24	G	KP.3	0.01112642	2024-05-01
LAB0000412	1000411	2024-04-24	G	JN.1.35	0.00363964	2024-05-01
LAB0000412	1000411	2024-04-24	G	JN.1.44	0.00411425	2024-05-01
LAB0000412	1000411	2024-04-24	G	JQ.2.1	0.00151488	2024-05-01
LAB0000412	1000411	2024-04-24	G	JN.1.43	0.00099436	2024-05-01
LAB0000412	1000411	2024-04-24	G	JN.1.4.7	0.00159266	2024-05-01
LAB0000412	1000411	2024-04-24	G	unreportable	0.0047074	2024-05-01
LAB0000413	1000412	2024-04-24	T	JN.1.16.1	0.48708876	2024-05-01
LAB0000413	1000412	2024-04-24	T	JN.1.16	0.37329784	2024-05-01
LAB0000413	1000412	2024-04-24	T	JN.1.42	0.11839353	2024-05-01
LAB0000413	1000412	2024-04-24	T	KP.4	0.00960712	2024-05-01
LAB0000413	1000412	2024-04-24	T	JN.1.43	0.00141063	2024-05-01
LAB0000413	1000412	2024-04-24	T	JN.1.47.1	0.00139988	2024-05-01
LAB0000413	1000412	2024-04-24	T	JN.1.35	0.00111539	2024-05-01
LAB0000413	1000412	2024-04-24	T	JN.1.1.2	0.00091886	2024-05-01
LAB0000413	1000412	2024-04-24	T	unreportable	0.006768	2024-05-01
LAB0000414	1000413	2024-04-24	D	JN.1.11	0.21923093	2024-05-01
LAB0000414	1000413	2024-04-24	D	JN.1.32	0.26876507	2024-05-01
LAB0000414	1000413	2024-04-24	D	JN.1.32.1	0.11952022	2024-05-01
LAB0000414	1000413	2024-04-24	D	KS.1	0.11870157	2024-05-01
LAB0000414	1000413	2024-04-24	D	JN.1.16	0.06881382	2024-05-01
LAB0000414	1000413	2024-04-24	D	JN.1.13	0.05806435	2024-05-01
LAB0000414	1000413	2024-04-24	D	JN.1.16.1	0.05080952	2024-05-01
LAB0000414	1000413	2024-04-24	D	LB.1	0.04492298	2024-05-01
LAB0000414	1000413	2024-04-24	D	JN.1.7.4	0.02514325	2024-05-01
LAB0000414	1000413	2024-04-24	D	KV.2	0.002619	2024-05-01
LAB0000414	1000413	2024-04-24	D	JN.1.29	0.00224829	2024-05-01
LAB0000414	1000413	2024-04-24	D	JN.1.35	0.00230316	2024-05-01
LAB0000414	1000413	2024-04-24	D	JN.1.27	0.00201665	2024-05-01
LAB0000414	1000413	2024-04-24	D	JN.1.22	0.00169351	2024-05-01
LAB0000414	1000413	2024-04-24	D	KP.1.1.1	0.00160193	2024-05-01
LAB0000414	1000413	2024-04-24	D	KY.1	0.00181401	2024-05-01
LAB0000414	1000413	2024-04-24	D	KW.1	0.00141639	2024-05-01
LAB0000414	1000413	2024-04-24	D	JN.1.19	0.00107288	2024-05-01
LAB0000414	1000413	2024-04-24	D	unreportable	0.00924248	2024-05-01
LAB0000415	1000414	2024-04-25	O	JN.1.8.1	0.40880176	2024-05-01
LAB0000415	1000414	2024-04-25	O	JN.1.8	0.50638562	2024-05-01
LAB0000415	1000414	2024-04-25	O	JN.1.16	0.06634205	2024-05-01
LAB0000415	1000414	2024-04-25	O	JN.1.21	0.00356363	2024-05-01
LAB0000415	1000414	2024-04-25	O	KY.1	0.00234712	2024-05-01
LAB0000415	1000414	2024-04-25	O	JN.1.23	0.00135955	2024-05-01
LAB0000415	1000414	2024-04-25	O	JN.1.16.2	0.00122311	2024-05-01
LAB0000415	1000414	2024-04-25	O	JN.1.8.3	0.00122834	2024-05-01
LAB0000415	1000414	2024-04-25	O	unreportable	0.00874882	2024-05-01
LAB0000416	1000415	2024-04-24	V	KQ.1	0.30460085	2024-05-01
LAB0000416	1000415	2024-04-24	V	JN.1.7.4	0.30371641	2024-05-01
LAB0000416	1000415	2024-04-24	V	JN.1.16.1	0.2384743	2024-05-01
LAB0000416	1000415	2024-04-24	V	JN.1.4.6	0.14380295	2024-05-01
LAB0000416	1000415	2024-04-24	V	JN.1.47	0.001731	2024-05-01
LAB0000416	1000415	2024-04-24	V	JN.2.2.1	0.00167362	2024-05-01
LAB0000416	1000415	2024-04-24	V	JQ.2	0.00067605	2024-05-01
LAB0000416	1000415	2024-04-24	V	unreportable	0.00532482	2024-05-01
LAB0000417	1000416	2024-04-25	P	LA.1	0.46910497	2024-05-01
LAB0000417	1000416	2024-04-25	P	JN.1.16.1	0.37300661	2024-05-01
LAB0000417	1000416	2024-04-25	P	JN.1.18	0.08665912	2024-05-01
LAB0000417	1000416	2024-04-25	P	JN.1.8.2	0.03373556	2024-05-01
LAB0000417	1000416	2024-04-25	P	JN.1.20	0.01336444	2024-05-01
LAB0000417	1000416	2024-04-25	P	KP.1.1.1	0.00293235	2024-05-01
LAB0000417	1000416	2024-04-25	P	KQ.1	0.0022027	2024-05-01
LAB0000417	1000416	2024-04-25	P	KY.1	0.00175254	2024-05-01
LAB0000417	1000416	2024-04-25	P	JN.1.3	0.00109201	2024-05-01
LAB0000417	1000416	2024-04-25	P	JN.1.29	0.00218732	2024-05-01
LAB0000417	1000416	2024-04-25	P	JN.1.10	0.00121453	2024-05-01
LAB0000417	1000416	2024-04-25	P	unreportable	0.01274784	2024-05-01
LAB0000418	1000417	2024-04-24	U	KP.1	0.98076838	2024-05-01
LAB0000418	1000417	2024-04-24	U	KY.1	0.0019737	2024-05-01
LAB0000418	1000417	2024-04-24	U	JN.1.4.1	0.00160288	2024-05-01
LAB0000418	1000417	2024-04-24	U	unreportable	0.01565503	2024-05-01
LAB0000419	1000418	2024-04-24	C	KP.3	0.97982718	2024-05-01
LAB0000419	1000418	2024-04-24	C	JN.1.37	0.00537258	2024-05-01
LAB0000419	1000418	2024-04-24	C	JN.1.21	0.00209709	2024-05-01
LAB0000419	1000418	2024-04-24	C	JN.1.23	0.00156896	2024-05-01
LAB0000419	1000418	2024-04-24	C	JN.1.1.6	0.00143594	2024-05-01
LAB0000419	1000418	2024-04-24	C	JN.1.43	0.00104794	2024-05-01
LAB0000419	1000418	2024-04-24	C	unreportable	0.00865032	2024-05-01
LAB0000420	1000419	2024-04-25	A	LB.1	0.99603616	2024-05-01
LAB0000420	1000419	2024-04-25	A	unreportable	0.00396384	2024-05-01
LAB0000421	1000420	2024-04-25	W	KV.2	0.54509734	2024-05-01
LAB0000421	1000420	2024-04-25	W	KP.2.3	0.45182436	2024-05-01
LAB0000421	1000420	2024-04-25	W	unreportable	0.0030783	2024-05-01
LAB0000422	1000421	2024-04-25	Z	JN.1.16	0.17855142	2024-05-01
LAB0000422	1000421	2024-04-25	Z	JN.1.4.6	0.14034372	2024-05-01
LAB0000422	1000421	2024-04-25	Z	JN.1.7.4	0.21295751	2024-05-01
LAB0000422	1000421	2024-04-25	Z	JN.1	0.14949642	2024-05-01
LAB0000422	1000421	2024-04-25	Z	JN.1.7	0.09579557	2024-05-01
LAB0000422	1000421	2024-04-25	Z	JN.1.11	0.13051158	2024-05-01
LAB0000422	1000421	2024-04-25	Z	JN.1.34	0.05235629	2024-05-01
LAB0000422	1000421	2024-04-25	Z	KP.1.1.1	0.00483049	2024-05-01
LAB0000422	1000421	2024-04-25	Z	JN.1.42.1	0.00280728	2024-05-01
LAB0000422	1000421	2024-04-25	Z	JN.1.8.4	0.00262456	2024-05-01
LAB0000422	1000421	2024-04-25	Z	JN.1.35	0.00220485	2024-05-01
LAB0000422	1000421	2024-04-25	Z	JN.1.20	0.0021242	2024-05-01
LAB0000422	1000421	2024-04-25	Z	KY.1	0.00203985	2024-05-01
LAB0000422	1000421	2024-04-25	Z	BA.2.86.5	0.00136462	2024-05-01
LAB0000422	1000421	2024-04-25	Z	JN.1.18.2	0.00166174	2024-05-01
LAB0000422	1000421	2024-04-25	Z	JN.1.6	0.00117292	2024-05-01
LAB0000422	1000421	2024-04-25	Z	JN.1.10	0.00082489	2024-05-01
LAB0000422	1000421	2024-04-25	Z	JN.1.29	0.00142758	2024-05-01
LAB0000422	1000421	2024-04-25	Z	unreportable	0.01690452	2024-05-01
LAB0000423	1000422	2024-04-26	Y	JN.1.11	0.91402198	2024-05-01
LAB0000423	1000422	2024-04-26	Y	KP.2.1	0.06294748	2024-05-01
LAB0000423	1000422	2024-04-26	Y	JN.1.20	0.00642825	2024-05-01
LAB0000423	1000422	2024-04-26	Y	JN.1.35	0.00458286	2024-05-01
LAB0000423	1000422	2024-04-26	Y	JN.1.19	0.00189202	2024-05-01
LAB0000423	1000422	2024-04-26	Y	unreportable	0.0101274	2024-05-01
LAB0000424	1000423	2024-04-26	E	JN.1.4	0.40024454	2024-05-01
LAB0000424	1000423	2024-04-26	E	JN.1.30	0.12971339	2024-05-01
LAB0000424	1000423	2024-04-26	E	JN.1.4.3	0.18477527	2024-05-01
LAB0000424	1000423	2024-04-26	E	JN.1.16	0.09930467	2024-05-01
LAB0000424	1000423	2024-04-26	E	JN.1.7.4	0.05838995	2024-05-01
LAB0000424	1000423	2024-04-26	E	KP.4	0.04873469	2024-05-01
LAB0000424	1000423	2024-04-26	E	XDP.1	0.0249609	2024-05-01
LAB0000424	1000423	2024-04-26	E	JN.1.45	0.00491448	2024-05-01
LAB0000424	1000423	2024-04-26	E	JN.1	0.00499939	2024-05-01
LAB0000424	1000423	2024-04-26	E	JN.1.7	0.00479406	2024-05-01
LAB0000424	1000423	2024-04-26	E	JN.1.32	0.00783248	2024-05-01
LAB0000424	1000423	2024-04-26	E	JN.1.8.1	0.00344395	2024-05-01
LAB0000424	1000423	2024-04-26	E	JN.1.5	0.00343033	2024-05-01
LAB0000424	1000423	2024-04-26	E	JN.1.35	0.00250254	2024-05-01
LAB0000424	1000423	2024-04-26	E	JN.1.1.3	0.00227786	2024-05-01
LAB0000424	1000423	2024-04-26	E	JN.1.1.2	0.00177525	2024-05-01
LAB0000424	1000423	2024-04-26	E	LA.2	0.00162282	2024-05-01
LAB0000424	1000423	2024-04-26	E	JN.1.27	0.00184264	2024-05-01
LAB0000424	1000423	2024-04-26	E	JN.1.19	0.00190053	2024-05-01
LAB0000424	1000423	2024-04-26	E	JN.1.28	0.0018278	2024-05-01
LAB0000424	1000423	2024-04-26	E	KP.4.1	0.00091189	2024-05-01
LAB0000424	1000423	2024-04-26	E	JN.1.4.5	0.00097823	2024-05-01
LAB0000424	1000423	2024-04-26	E	JN.1.34	0.00101405	2024-05-01
LAB0000424	1000423	2024-04-26	E	unreportable	0.0078083	2024-05-01
LAB0000425	1000424	2024-04-26	K	KQ.1	0.37876099	2024-05-01
LAB0000425	1000424	2024-04-26	K	JN.1.18.2	0.16885802	2024-05-01
LAB0000425	1000424	2024-04-26	K	KP.2	0.16300221	2024-05-01
LAB0000425	1000424	2024-04-26	K	JN.1.4.4	0.08795136	2024-05-01
LAB0000425	1000424	2024-04-26	K	JN.1.18	0.14912612	2024-05-01
LAB0000425	1000424	2024-04-26	K	LA.1	0.01384942	2024-05-01
LAB0000425	1000424	2024-04-26	K	JN.1.16.1	0.01544126	2024-05-01
LAB0000425	1000424	2024-04-26	K	KP.2.2	0.00282002	2024-05-01
LAB0000425	1000424	2024-04-26	K	KP.1.1	0.00268206	2024-05-01
LAB0000425	1000424	2024-04-26	K	KP.4.2	0.00237282	2024-05-01
LAB0000425	1000424	2024-04-26	K	JN.1.23	0.00119044	2024-05-01
LAB0000425	1000424	2024-04-26	K	JN.1.8.2	0.00168955	2024-05-01
LAB0000425	1000424	2024-04-26	K	JN.1.21	0.00071632	2024-05-01
LAB0000425	1000424	2024-04-26	K	JN.1.4.5	0.00105876	2024-05-01
LAB0000425	1000424	2024-04-26	K	unreportable	0.01048066	2024-05-01
LAB0000426	1000425	2024-04-26	I	JN.1.7.3	0.66246988	2024-05-01
LAB0000426	1000425	2024-04-26	I	JN.1.7	0.1673142	2024-05-01
LAB0000426	1000425	2024-04-26	I	KQ.1	0.040617	2024-05-01
LAB0000426	1000425	2024-04-26	I	JN.1.4.3	0.03805826	2024-05-01
LAB0000426	1000425	2024-04-26	I	JN.1.32	0.03364303	2024-05-01
LAB0000426	1000425	2024-04-26	I	JN.1.7.4	0.02344022	2024-05-01
LAB0000426	1000425	2024-04-26	I	JN.1.11	0.02027545	2024-05-01
LAB0000426	1000425	2024-04-26	I	KP.1.2	0.0029628	2024-05-01
LAB0000426	1000425	2024-04-26	I	JN.1.28	0.00233252	2024-05-01
LAB0000426	1000425	2024-04-26	I	KY.1	0.00137166	2024-05-01
LAB0000426	1000425	2024-04-26	I	JN.1.47.1	0.00117532	2024-05-01
LAB0000426	1000425	2024-04-26	I	unreportable	0.00633965	2024-05-01
LAB0000427	1000426	2024-06-12	G	KP.3	0.7883641	2024-06-20
LAB0000427	1000426	2024-06-12	G	KP.3.1	0.185465	2024-06-20
LAB0000427	1000426	2024-06-12	G	JN.1.1.6	0.00406377	2024-06-20
LAB0000427	1000426	2024-06-12	G	JN.1.58	0.00317413	2024-06-20
LAB0000427	1000426	2024-06-12	G	JN.1.54.1	0.0028175	2024-06-20
LAB0000427	1000426	2024-06-12	G	KP.1	0.00287187	2024-06-20
LAB0000427	1000426	2024-06-12	G	LF.2	0.00165991	2024-06-20
LAB0000427	1000426	2024-06-12	G	JN.1.29.1	0.00119094	2024-06-20
LAB0000427	1000426	2024-06-12	G	JN.1.34	0.00156375	2024-06-20
LAB0000427	1000426	2024-06-12	G	unreportable	0.00882904	2024-06-20
LAB0000428	1000427	2024-06-12	T	KP.1.1.3	0.2811573	2024-06-20
LAB0000428	1000427	2024-06-12	T	KP.2	0.17234938	2024-06-20
LAB0000428	1000427	2024-06-12	T	LB.1	0.34115173	2024-06-20
LAB0000428	1000427	2024-06-12	T	KP.2.9	0.18536056	2024-06-20
LAB0000428	1000427	2024-06-12	T	KP.2.15	0.00290298	2024-06-20
LAB0000428	1000427	2024-06-12	T	KP.2.2	0.00166335	2024-06-20
LAB0000428	1000427	2024-06-12	T	KP.4.2.2	0.00181826	2024-06-20
LAB0000428	1000427	2024-06-12	T	LF.2	0.00170988	2024-06-20
LAB0000428	1000427	2024-06-12	T	LF.1	0.00217673	2024-06-20
LAB0000428	1000427	2024-06-12	T	KP.2.8	0.00108985	2024-06-20
LAB0000428	1000427	2024-06-12	T	KP.2.5	0.00096563	2024-06-20
LAB0000428	1000427	2024-06-12	T	unreportable	0.00765433	2024-06-20
LAB0000429	1000428	2024-06-12	S	KP.2.7	0.6176088	2024-06-20
LAB0000429	1000428	2024-06-12	S	KP.2.9	0.15073179	2024-06-20
LAB0000429	1000428	2024-06-12	S	KP.3.3	0.09614533	2024-06-20
LAB0000429	1000428	2024-06-12	S	JN.1.7.4	0.12092169	2024-06-20
LAB0000429	1000428	2024-06-12	S	KP.3.1.1	0.00242249	2024-06-20
LAB0000429	1000428	2024-06-12	S	KP.2.2	0.00153743	2024-06-20
LAB0000429	1000428	2024-06-12	S	KP.1.2	0.00236352	2024-06-20
LAB0000429	1000428	2024-06-12	S	KP.2.13	0.00137936	2024-06-20
LAB0000429	1000428	2024-06-12	S	KP.3.2.1	0.00121862	2024-06-20
LAB0000429	1000428	2024-06-12	S	JN.1.7.5	0.00089512	2024-06-20
LAB0000429	1000428	2024-06-12	S	unreportable	0.00477586	2024-06-20
LAB0000430	1000429	2024-06-12	J	JN.1.2	0.28782746	2024-06-20
LAB0000430	1000429	2024-06-12	J	JN.1.11	0.21183645	2024-06-20
LAB0000430	1000429	2024-06-12	J	JN.1.11.1	0.17753153	2024-06-20
LAB0000430	1000429	2024-06-12	J	KP.2	0.17310713	2024-06-20
LAB0000430	1000429	2024-06-12	J	KP.4	0.12459307	2024-06-20
LAB0000430	1000429	2024-06-12	J	KP.2.15	0.00306956	2024-06-20
LAB0000430	1000429	2024-06-12	J	KP.1.1.1	0.00254868	2024-06-20
LAB0000430	1000429	2024-06-12	J	LF.2	0.00215417	2024-06-20
LAB0000430	1000429	2024-06-12	J	KY.1	0.00142124	2024-06-20
LAB0000430	1000429	2024-06-12	J	KP.2.12	0.00220448	2024-06-20
LAB0000430	1000429	2024-06-12	J	JN.1.58.2	0.00140292	2024-06-20
LAB0000430	1000429	2024-06-12	J	JN.1.58	0.00159371	2024-06-20
LAB0000430	1000429	2024-06-12	J	JN.1.51.1	0.00132909	2024-06-20
LAB0000430	1000429	2024-06-12	J	unreportable	0.0093805	2024-06-20
LAB0000431	1000430	2024-06-13	O	KP.2.3	0.25402907	2024-06-20
LAB0000431	1000430	2024-06-13	O	LB.1	0.25586164	2024-06-20
LAB0000431	1000430	2024-06-13	O	KP.1.1.3	0.09753208	2024-06-20
LAB0000431	1000430	2024-06-13	O	KP.1.2	0.11221744	2024-06-20
LAB0000431	1000430	2024-06-13	O	KP.3	0.19105252	2024-06-20
LAB0000431	1000430	2024-06-13	O	JN.1.16.1	0.03154098	2024-06-20
LAB0000431	1000430	2024-06-13	O	KQ.1	0.0224533	2024-06-20
LAB0000431	1000430	2024-06-13	O	LF.2	0.00607949	2024-06-20
LAB0000431	1000430	2024-06-13	O	KP.2.15	0.00387807	2024-06-20
LAB0000431	1000430	2024-06-13	O	KP.2.9	0.00451011	2024-06-20
LAB0000431	1000430	2024-06-13	O	JN.1.58.2	0.00202298	2024-06-20
LAB0000431	1000430	2024-06-13	O	JN.1.54.1	0.00187956	2024-06-20
LAB0000431	1000430	2024-06-13	O	KY.1	0.0020861	2024-06-20
LAB0000431	1000430	2024-06-13	O	KP.4.2.2	0.00151875	2024-06-20
LAB0000431	1000430	2024-06-13	O	JN.1.19	0.00114935	2024-06-20
LAB0000431	1000430	2024-06-13	O	JN.1.49.1	0.00136191	2024-06-20
LAB0000431	1000430	2024-06-13	O	KV.2	0.00097266	2024-06-20
LAB0000431	1000430	2024-06-13	O	unreportable	0.009854	2024-06-20
LAB0000432	1000431	2024-06-13	N	KP.3	0.7006914	2024-06-20
LAB0000432	1000431	2024-06-13	N	KP.1.1	0.15770923	2024-06-20
LAB0000432	1000431	2024-06-13	N	KP.3.3	0.06823679	2024-06-20
LAB0000432	1000431	2024-06-13	N	KP.2.3	0.04775326	2024-06-20
LAB0000432	1000431	2024-06-13	N	KP.2.10	0.00414891	2024-06-20
LAB0000432	1000431	2024-06-13	N	KP.2.15	0.00374093	2024-06-20
LAB0000432	1000431	2024-06-13	N	LF.3	0.00378216	2024-06-20
LAB0000432	1000431	2024-06-13	N	LF.2	0.00317787	2024-06-20
LAB0000432	1000431	2024-06-13	N	KP.1.1.1	0.00130711	2024-06-20
LAB0000432	1000431	2024-06-13	N	KP.1.1.2	0.00146429	2024-06-20
LAB0000432	1000431	2024-06-13	N	KP.2.12	0.00097579	2024-06-20
LAB0000432	1000431	2024-06-13	N	KP.2.2	0.00107264	2024-06-20
LAB0000432	1000431	2024-06-13	N	unreportable	0.00593963	2024-06-20
LAB0000433	1000432	2024-06-12	V	LB.1	0.09440975	2024-06-20
LAB0000433	1000432	2024-06-12	V	KP.2.2	0.10444148	2024-06-20
LAB0000433	1000432	2024-06-12	V	KP.3	0.18471782	2024-06-20
LAB0000433	1000432	2024-06-12	V	KP.3.3	0.13143407	2024-06-20
LAB0000433	1000432	2024-06-12	V	KP.3.1	0.10018883	2024-06-20
LAB0000433	1000432	2024-06-12	V	JN.1.18.3	0.1230442	2024-06-20
LAB0000433	1000432	2024-06-12	V	KR.1.1	0.06732166	2024-06-20
LAB0000433	1000432	2024-06-12	V	KP.1.1	0.0536398	2024-06-20
LAB0000433	1000432	2024-06-12	V	KP.3.2	0.04155177	2024-06-20
LAB0000433	1000432	2024-06-12	V	KP.1.1.1	0.04978766	2024-06-20
LAB0000433	1000432	2024-06-12	V	KP.2.15	0.0141623	2024-06-20
LAB0000433	1000432	2024-06-12	V	JN.1.18.2	0.01016805	2024-06-20
LAB0000433	1000432	2024-06-12	V	JN.1.12	0.00262913	2024-06-20
LAB0000433	1000432	2024-06-12	V	JN.1.58.2	0.001898	2024-06-20
LAB0000433	1000432	2024-06-12	V	LF.2	0.00192213	2024-06-20
LAB0000433	1000432	2024-06-12	V	KP.4.2.2	0.00113998	2024-06-20
LAB0000433	1000432	2024-06-12	V	JN.1.55.1	0.00094142	2024-06-20
LAB0000433	1000432	2024-06-12	V	unreportable	0.01660195	2024-06-20
LAB0000434	1000433	2024-06-13	Z	JN.1.16.1	0.39480882	2024-06-20
LAB0000434	1000433	2024-06-13	Z	KP.3	0.17151331	2024-06-20
LAB0000434	1000433	2024-06-13	Z	LB.1	0.17582393	2024-06-20
LAB0000434	1000433	2024-06-13	Z	KP.3.2	0.08460894	2024-06-20
LAB0000434	1000433	2024-06-13	Z	KS.1	0.08479867	2024-06-20
LAB0000434	1000433	2024-06-13	Z	KP.2.4	0.02159862	2024-06-20
LAB0000434	1000433	2024-06-13	Z	KP.2.10	0.0231357	2024-06-20
LAB0000434	1000433	2024-06-13	Z	KP.2.15	0.00645934	2024-06-20
LAB0000434	1000433	2024-06-13	Z	LF.2	0.00534605	2024-06-20
LAB0000434	1000433	2024-06-13	Z	KP.3.1.1	0.00442746	2024-06-20
LAB0000434	1000433	2024-06-13	Z	JN.1.58.2	0.00225778	2024-06-20
LAB0000434	1000433	2024-06-13	Z	KP.1.1	0.00173984	2024-06-20
LAB0000434	1000433	2024-06-13	Z	JN.1.18.4	0.00155932	2024-06-20
LAB0000434	1000433	2024-06-13	Z	KP.2.2	0.00129551	2024-06-20
LAB0000434	1000433	2024-06-13	Z	KY.1	0.00156917	2024-06-20
LAB0000434	1000433	2024-06-13	Z	KP.1.1.3	0.00188384	2024-06-20
LAB0000434	1000433	2024-06-13	Z	JN.1.4.5	0.0012693	2024-06-20
LAB0000434	1000433	2024-06-13	Z	KR.1.2	0.00104004	2024-06-20
LAB0000434	1000433	2024-06-13	Z	unreportable	0.01486437	2024-06-20
LAB0000435	1000434	2024-06-13	R	LB.1	0.25263551	2024-06-20
LAB0000435	1000434	2024-06-13	R	JN.1.16	0.34883808	2024-06-20
LAB0000435	1000434	2024-06-13	R	KP.3	0.17091796	2024-06-20
LAB0000435	1000434	2024-06-13	R	JN.1.11.1	0.18218469	2024-06-20
LAB0000435	1000434	2024-06-13	R	LF.2	0.00580775	2024-06-20
LAB0000435	1000434	2024-06-13	R	KP.2.10	0.00377817	2024-06-20
LAB0000435	1000434	2024-06-13	R	JN.1.29.1	0.00303638	2024-06-20
LAB0000435	1000434	2024-06-13	R	KP.2.15	0.00266894	2024-06-20
LAB0000435	1000434	2024-06-13	R	KP.2.8	0.00182281	2024-06-20
LAB0000435	1000434	2024-06-13	R	JN.1.58	0.00227204	2024-06-20
LAB0000435	1000434	2024-06-13	R	KU.2	0.00138368	2024-06-20
LAB0000435	1000434	2024-06-13	R	JN.1.16.1	0.0016944	2024-06-20
LAB0000435	1000434	2024-06-13	R	KP.2	0.00188665	2024-06-20
LAB0000435	1000434	2024-06-13	R	JN.1.28.1	0.00107915	2024-06-20
LAB0000435	1000434	2024-06-13	R	JN.1.54.1	0.00113615	2024-06-20
LAB0000435	1000434	2024-06-13	R	KY.1	0.00094237	2024-06-20
LAB0000435	1000434	2024-06-13	R	JN.1.55.1	0.00129597	2024-06-20
LAB0000435	1000434	2024-06-13	R	JN.1.57.1	0.00116302	2024-06-20
LAB0000435	1000434	2024-06-13	R	KS.1.2	0.0010557	2024-06-20
LAB0000435	1000434	2024-06-13	R	unreportable	0.01440057	2024-06-20
LAB0000436	1000435	2024-06-13	F	KP.2.4	0.5321745	2024-06-20
LAB0000436	1000435	2024-06-13	F	LF.3	0.24392443	2024-06-20
LAB0000436	1000435	2024-06-13	F	KP.1.1	0.10900791	2024-06-20
LAB0000436	1000435	2024-06-13	F	KP.2	0.08151909	2024-06-20
LAB0000436	1000435	2024-06-13	F	KP.2.10	0.006666	2024-06-20
LAB0000436	1000435	2024-06-13	F	KP.2.11	0.00278859	2024-06-20
LAB0000436	1000435	2024-06-13	F	KP.2.8	0.00228078	2024-06-20
LAB0000436	1000435	2024-06-13	F	KP.2.2	0.00234077	2024-06-20
LAB0000436	1000435	2024-06-13	F	KP.2.15	0.00263557	2024-06-20
LAB0000436	1000435	2024-06-13	F	JN.1.29.1	0.00195325	2024-06-20
LAB0000436	1000435	2024-06-13	F	KP.2.12	0.00161878	2024-06-20
LAB0000436	1000435	2024-06-13	F	JN.1.55.1	0.00121157	2024-06-20
LAB0000436	1000435	2024-06-13	F	KP.1.1.1	0.00087677	2024-06-20
LAB0000436	1000435	2024-06-13	F	LF.2	0.00109398	2024-06-20
LAB0000436	1000435	2024-06-13	F	unreportable	0.00990803	2024-06-20
LAB0000437	1000436	2024-06-13	L	KP.3.1.1	0.24482965	2024-06-20
LAB0000437	1000436	2024-06-13	L	KP.5	0.26352582	2024-06-20
LAB0000437	1000436	2024-06-13	L	KP.2.2	0.18305799	2024-06-20
LAB0000437	1000436	2024-06-13	L	KS.1	0.07928976	2024-06-20
LAB0000437	1000436	2024-06-13	L	KP.3.1	0.08021268	2024-06-20
LAB0000437	1000436	2024-06-13	L	KP.2.3	0.05250814	2024-06-20
LAB0000437	1000436	2024-06-13	L	JN.1.16.1	0.02677646	2024-06-20
LAB0000437	1000436	2024-06-13	L	JN.1.58.2	0.0218308	2024-06-20
LAB0000437	1000436	2024-06-13	L	KP.2.15	0.00756501	2024-06-20
LAB0000437	1000436	2024-06-13	L	LF.2	0.0052356	2024-06-20
LAB0000437	1000436	2024-06-13	L	JN.1.4.6	0.00539932	2024-06-20
LAB0000437	1000436	2024-06-13	L	KW.1.1	0.00319381	2024-06-20
LAB0000437	1000436	2024-06-13	L	JN.1.48.2	0.00268892	2024-06-20
LAB0000437	1000436	2024-06-13	L	JN.1.54.1	0.00257083	2024-06-20
LAB0000437	1000436	2024-06-13	L	JN.1.7.4	0.00215096	2024-06-20
LAB0000437	1000436	2024-06-13	L	JN.1.18.4	0.00135286	2024-06-20
LAB0000437	1000436	2024-06-13	L	KY.1	0.00154174	2024-06-20
LAB0000437	1000436	2024-06-13	L	unreportable	0.01626964	2024-06-20
LAB0000438	1000437	2024-06-13	W	KP.1.1	0.36490167	2024-06-20
LAB0000438	1000437	2024-06-13	W	KP.3.1.1	0.15029533	2024-06-20
LAB0000438	1000437	2024-06-13	W	JN.1.9.2	0.18164355	2024-06-20
LAB0000438	1000437	2024-06-13	W	KP.2	0.12997772	2024-06-20
LAB0000438	1000437	2024-06-13	W	LB.1	0.04890044	2024-06-20
LAB0000438	1000437	2024-06-13	W	KP.3.3	0.03590525	2024-06-20
LAB0000438	1000437	2024-06-13	W	KP.2.3	0.04482715	2024-06-20
LAB0000438	1000437	2024-06-13	W	KP.1.1.3	0.00836695	2024-06-20
LAB0000438	1000437	2024-06-13	W	KP.2.15	0.00763884	2024-06-20
LAB0000438	1000437	2024-06-13	W	KP.2.2	0.00330989	2024-06-20
LAB0000438	1000437	2024-06-13	W	LF.2	0.00278743	2024-06-20
LAB0000438	1000437	2024-06-13	W	JN.1.58.2	0.00259978	2024-06-20
LAB0000438	1000437	2024-06-13	W	KP.3.2.2	0.00122609	2024-06-20
LAB0000438	1000437	2024-06-13	W	JN.1.7.6	0.00095823	2024-06-20
LAB0000438	1000437	2024-06-13	W	KP.2.8	0.00157247	2024-06-20
LAB0000438	1000437	2024-06-13	W	unreportable	0.0150892	2024-06-20
LAB0000439	1000438	2024-06-13	A	KP.2.2	0.29520308	2024-06-20
LAB0000439	1000438	2024-06-13	A	LB.1	0.22980139	2024-06-20
LAB0000439	1000438	2024-06-13	A	KP.4.1	0.11604022	2024-06-20
LAB0000439	1000438	2024-06-13	A	KP.1.1.1	0.10324107	2024-06-20
LAB0000439	1000438	2024-06-13	A	JN.1.16.1	0.07768391	2024-06-20
LAB0000439	1000438	2024-06-13	A	KP.3.3	0.04421125	2024-06-20
LAB0000439	1000438	2024-06-13	A	KP.1.1.3	0.04192071	2024-06-20
LAB0000439	1000438	2024-06-13	A	JN.1.26	0.03341185	2024-06-20
LAB0000439	1000438	2024-06-13	A	KP.2.3	0.00525249	2024-06-20
LAB0000439	1000438	2024-06-13	A	LF.2	0.00682722	2024-06-20
LAB0000439	1000438	2024-06-13	A	JN.1.1.6	0.00318788	2024-06-20
LAB0000439	1000438	2024-06-13	A	JN.1.54.1	0.00170946	2024-06-20
LAB0000439	1000438	2024-06-13	A	KP.4.2.2	0.00195202	2024-06-20
LAB0000439	1000438	2024-06-13	A	JN.1.1.3	0.00142383	2024-06-20
LAB0000439	1000438	2024-06-13	A	KY.1	0.00209325	2024-06-20
LAB0000439	1000438	2024-06-13	A	JN.1.4.8	0.00205064	2024-06-20
LAB0000439	1000438	2024-06-13	A	JN.1.58.1	0.00188705	2024-06-20
LAB0000439	1000438	2024-06-13	A	XDK.1.2	0.001752	2024-06-20
LAB0000439	1000438	2024-06-13	A	unreportable	0.03035069	2024-06-20
LAB0000440	1000439	2024-06-12	C	KP.3.2	0.52828987	2024-06-20
LAB0000440	1000439	2024-06-12	C	KP.3.1	0.17889529	2024-06-20
LAB0000440	1000439	2024-06-12	C	JN.1.32.1	0.19048074	2024-06-20
LAB0000440	1000439	2024-06-12	C	JN.1.32	0.05189906	2024-06-20
LAB0000440	1000439	2024-06-12	C	LB.1	0.0093864	2024-06-20
LAB0000440	1000439	2024-06-12	C	JN.1.16.1	0.01160281	2024-06-20
LAB0000440	1000439	2024-06-12	C	JN.1.6.1	0.01288841	2024-06-20
LAB0000440	1000439	2024-06-12	C	JN.1.5	0.00500464	2024-06-20
LAB0000440	1000439	2024-06-12	C	LF.2	0.00407904	2024-06-20
LAB0000440	1000439	2024-06-12	C	JN.1.58.2	0.00177787	2024-06-20
LAB0000440	1000439	2024-06-12	C	KP.3.2.2	0.00178903	2024-06-20
LAB0000440	1000439	2024-06-12	C	KW.1.1	0.00148345	2024-06-20
LAB0000440	1000439	2024-06-12	C	LF.1	0.00184749	2024-06-20
LAB0000440	1000439	2024-06-12	C	unreportable	0.0005759	2024-06-20
LAB0000441	1000440	2024-06-12	U	JN.1.11.1	0.33453889	2024-06-20
LAB0000441	1000440	2024-06-12	U	KP.3.2	0.25208085	2024-06-20
LAB0000441	1000440	2024-06-12	U	JN.1.18.3	0.15540989	2024-06-20
LAB0000441	1000440	2024-06-12	U	KP.3.3	0.09775921	2024-06-20
LAB0000441	1000440	2024-06-12	U	LB.1	0.05638073	2024-06-20
LAB0000441	1000440	2024-06-12	U	KP.3.1	0.04813804	2024-06-20
LAB0000441	1000440	2024-06-12	U	JN.1.9	0.01080589	2024-06-20
LAB0000441	1000440	2024-06-12	U	KP.2.2	0.00524624	2024-06-20
LAB0000441	1000440	2024-06-12	U	KP.2.15	0.00371582	2024-06-20
LAB0000441	1000440	2024-06-12	U	KP.4.2.2	0.00249266	2024-06-20
LAB0000441	1000440	2024-06-12	U	JN.1.58.1	0.00253233	2024-06-20
LAB0000441	1000440	2024-06-12	U	KP.3.2.2	0.0025104	2024-06-20
LAB0000441	1000440	2024-06-12	U	JN.1.4.5	0.001636	2024-06-20
LAB0000441	1000440	2024-06-12	U	JN.1.4.8	0.00138734	2024-06-20
LAB0000441	1000440	2024-06-12	U	KY.1	0.00126201	2024-06-20
LAB0000441	1000440	2024-06-12	U	JN.1.26	0.00144863	2024-06-20
LAB0000441	1000440	2024-06-12	U	JN.1.28	0.00114093	2024-06-20
LAB0000441	1000440	2024-06-12	U	JN.1.8.4	0.00123189	2024-06-20
LAB0000441	1000440	2024-06-12	U	unreportable	0.02028224	2024-06-20
LAB0000442	1000441	2024-06-13	H	KP.3	0.61706099	2024-06-20
LAB0000442	1000441	2024-06-13	H	KP.3.1	0.25963562	2024-06-20
LAB0000442	1000441	2024-06-13	H	JN.1.11.1	0.08857814	2024-06-20
LAB0000442	1000441	2024-06-13	H	KP.1	0.01089502	2024-06-20
LAB0000442	1000441	2024-06-13	H	JN.1.29.1	0.01076855	2024-06-20
LAB0000442	1000441	2024-06-13	H	KP.2.10	0.00233036	2024-06-20
LAB0000442	1000441	2024-06-13	H	KP.2.2	0.00183354	2024-06-20
LAB0000442	1000441	2024-06-13	H	KY.1	0.00120643	2024-06-20
LAB0000442	1000441	2024-06-13	H	JN.1.55.1	0.00083776	2024-06-20
LAB0000442	1000441	2024-06-13	H	JN.1.54.1	0.00071985	2024-06-20
LAB0000442	1000441	2024-06-13	H	unreportable	0.00613373	2024-06-20
LAB0000443	1000442	2024-06-13	P	JN.1.11.1	0.26141895	2024-06-20
LAB0000443	1000442	2024-06-13	P	LB.1	0.19576848	2024-06-20
LAB0000443	1000442	2024-06-13	P	KP.1.1.1	0.13042771	2024-06-20
LAB0000443	1000442	2024-06-13	P	KP.2.3	0.0990792	2024-06-20
LAB0000443	1000442	2024-06-13	P	JN.1.16	0.10150385	2024-06-20
LAB0000443	1000442	2024-06-13	P	KP.3.3	0.05446438	2024-06-20
LAB0000443	1000442	2024-06-13	P	JN.1.9	0.04338957	2024-06-20
LAB0000443	1000442	2024-06-13	P	JN.1.58	0.01324203	2024-06-20
LAB0000443	1000442	2024-06-13	P	KP.5	0.01041542	2024-06-20
LAB0000443	1000442	2024-06-13	P	JN.1.7.4	0.01051574	2024-06-20
LAB0000443	1000442	2024-06-13	P	JN.1.32.1	0.01151238	2024-06-20
LAB0000443	1000442	2024-06-13	P	JN.1.21	0.00518321	2024-06-20
LAB0000443	1000442	2024-06-13	P	KP.3.1	0.00401506	2024-06-20
LAB0000443	1000442	2024-06-13	P	KP.2.2	0.00309112	2024-06-20
LAB0000443	1000442	2024-06-13	P	JN.1.44	0.00320897	2024-06-20
LAB0000443	1000442	2024-06-13	P	JN.1.37	0.00300093	2024-06-20
LAB0000443	1000442	2024-06-13	P	JN.1.54	0.00237269	2024-06-20
LAB0000443	1000442	2024-06-13	P	KP.2.10	0.00190625	2024-06-20
LAB0000443	1000442	2024-06-13	P	KP.4.2.2	0.00259571	2024-06-20
LAB0000443	1000442	2024-06-13	P	JN.1.57.1	0.001667	2024-06-20
LAB0000443	1000442	2024-06-13	P	KP.2.15	0.00167262	2024-06-20
LAB0000443	1000442	2024-06-13	P	KP.2.11	0.00201898	2024-06-20
LAB0000443	1000442	2024-06-13	P	KY.1	0.00154504	2024-06-20
LAB0000443	1000442	2024-06-13	P	JN.1.54.1	0.00150146	2024-06-20
LAB0000443	1000442	2024-06-13	P	JN.1.22	0.00103713	2024-06-20
LAB0000443	1000442	2024-06-13	P	KP.1.1.3	0.00139203	2024-06-20
LAB0000443	1000442	2024-06-13	P	JN.1.10	0.00108892	2024-06-20
LAB0000443	1000442	2024-06-13	P	unreportable	0.03096519	2024-06-20
LAB0000444	1000443	2024-06-14	X	KP.3.1	0.35450583	2024-06-20
LAB0000444	1000443	2024-06-14	X	KP.1.1.3	0.26947476	2024-06-20
LAB0000444	1000443	2024-06-14	X	LB.1	0.13785836	2024-06-20
LAB0000444	1000443	2024-06-14	X	JN.1.1.6	0.13648422	2024-06-20
LAB0000444	1000443	2024-06-14	X	KP.3	0.03808544	2024-06-20
LAB0000444	1000443	2024-06-14	X	KP.2.15	0.02318589	2024-06-20
LAB0000444	1000443	2024-06-14	X	JN.1.18.3	0.00572359	2024-06-20
LAB0000444	1000443	2024-06-14	X	LE.1.1	0.00271732	2024-06-20
LAB0000444	1000443	2024-06-14	X	JN.1.58.2	0.0023911	2024-06-20
LAB0000444	1000443	2024-06-14	X	KR.2	0.00160521	2024-06-20
LAB0000444	1000443	2024-06-14	X	KR.4	0.00199085	2024-06-20
LAB0000444	1000443	2024-06-14	X	KP.4.2.2	0.0022203	2024-06-20
LAB0000444	1000443	2024-06-14	X	JN.1.1.3	0.00189703	2024-06-20
LAB0000444	1000443	2024-06-14	X	KP.2.2	0.00321179	2024-06-20
LAB0000444	1000443	2024-06-14	X	KP.3.2.2	0.00114564	2024-06-20
LAB0000444	1000443	2024-06-14	X	KY.1	0.00140306	2024-06-20
LAB0000444	1000443	2024-06-14	X	KP.1.1.2	0.00124125	2024-06-20
LAB0000444	1000443	2024-06-14	X	KP.3.1.1	0.00097766	2024-06-20
LAB0000444	1000443	2024-06-14	X	unreportable	0.0138807	2024-06-20
LAB0000445	1000444	2024-06-14	I	JN.1.7.2	0.26680518	2024-06-20
LAB0000445	1000444	2024-06-14	I	JN.1.9.2	0.08525963	2024-06-20
LAB0000445	1000444	2024-06-14	I	JN.1.39.1	0.11690631	2024-06-20
LAB0000445	1000444	2024-06-14	I	JN.1.39	0.07906865	2024-06-20
LAB0000445	1000444	2024-06-14	I	KP.2.3	0.06543937	2024-06-20
LAB0000445	1000444	2024-06-14	I	KP.3.2	0.03650012	2024-06-20
LAB0000445	1000444	2024-06-14	I	JN.1.7.3	0.06023592	2024-06-20
LAB0000445	1000444	2024-06-14	I	KP.3.3	0.0419625	2024-06-20
LAB0000445	1000444	2024-06-14	I	KP.1.1	0.03618572	2024-06-20
LAB0000445	1000444	2024-06-14	I	JN.1.4.6	0.03319803	2024-06-20
LAB0000445	1000444	2024-06-14	I	KP.2	0.02197969	2024-06-20
LAB0000445	1000444	2024-06-14	I	JN.1.8	0.02636091	2024-06-20
LAB0000445	1000444	2024-06-14	I	JN.1.39.3	0.01107167	2024-06-20
LAB0000445	1000444	2024-06-14	I	KQ.1	0.01107917	2024-06-20
LAB0000445	1000444	2024-06-14	I	JN.1.4.4	0.00566055	2024-06-20
LAB0000445	1000444	2024-06-14	I	JN.1.32.1	0.00541765	2024-06-20
LAB0000445	1000444	2024-06-14	I	KP.1.2	0.00673079	2024-06-20
LAB0000445	1000444	2024-06-14	I	KP.5	0.00462707	2024-06-20
LAB0000445	1000444	2024-06-14	I	JN.1.9	0.00413592	2024-06-20
LAB0000445	1000444	2024-06-14	I	JN.1.7	0.00644163	2024-06-20
LAB0000445	1000444	2024-06-14	I	LF.2	0.00450032	2024-06-20
LAB0000445	1000444	2024-06-14	I	KP.1	0.00412052	2024-06-20
LAB0000445	1000444	2024-06-14	I	KP.2.15	0.00302187	2024-06-20
LAB0000445	1000444	2024-06-14	I	JN.1.11.1	0.0031086	2024-06-20
LAB0000445	1000444	2024-06-14	I	JN.1.4.3	0.00398703	2024-06-20
LAB0000445	1000444	2024-06-14	I	JN.1.4	0.00286145	2024-06-20
LAB0000445	1000444	2024-06-14	I	KP.2.2	0.0030749	2024-06-20
LAB0000445	1000444	2024-06-14	I	JN.1.51	0.00308631	2024-06-20
LAB0000445	1000444	2024-06-14	I	JN.1.38	0.00427841	2024-06-20
LAB0000445	1000444	2024-06-14	I	KP.1.1.1	0.00255819	2024-06-20
LAB0000445	1000444	2024-06-14	I	KP.2.10	0.00255749	2024-06-20
LAB0000445	1000444	2024-06-14	I	JN.1.54	0.00280218	2024-06-20
LAB0000445	1000444	2024-06-14	I	JN.1.29	0.00367043	2024-06-20
LAB0000445	1000444	2024-06-14	I	JN.1.4.8	0.00215897	2024-06-20
LAB0000445	1000444	2024-06-14	I	JN.1.39.2	0.0015523	2024-06-20
LAB0000445	1000444	2024-06-14	I	JN.1.9.1	0.00100469	2024-06-20
LAB0000445	1000444	2024-06-14	I	JN.1.57.1	0.00131146	2024-06-20
LAB0000445	1000444	2024-06-14	I	JN.1.58.2	0.00114288	2024-06-20
LAB0000445	1000444	2024-06-14	I	JN.1.18.4	0.0013694	2024-06-20
LAB0000445	1000444	2024-06-14	I	KP.4.1	0.00072438	2024-06-20
LAB0000445	1000444	2024-06-14	I	JN.1.3	0.0009458	2024-06-20
LAB0000445	1000444	2024-06-14	I	unreportable	0.02109595	2024-06-20
LAB0000446	1000445	2024-06-14	E	KP.3	0.22738217	2024-06-20
LAB0000446	1000445	2024-06-14	E	KP.3.3	0.10143165	2024-06-20
LAB0000446	1000445	2024-06-14	E	JN.1.32.1	0.1595274	2024-06-20
LAB0000446	1000445	2024-06-14	E	KP.2.3	0.0648374	2024-06-20
LAB0000446	1000445	2024-06-14	E	LF.1	0.06150107	2024-06-20
LAB0000446	1000445	2024-06-14	E	KP.3.2	0.05837703	2024-06-20
LAB0000446	1000445	2024-06-14	E	KP.1.1.3	0.0288063	2024-06-20
LAB0000446	1000445	2024-06-14	E	KP.2.6	0.05064755	2024-06-20
LAB0000446	1000445	2024-06-14	E	KP.3.1	0.04246121	2024-06-20
LAB0000446	1000445	2024-06-14	E	KP.1.1.1	0.03578672	2024-06-20
LAB0000446	1000445	2024-06-14	E	KP.3.2.2	0.03549412	2024-06-20
LAB0000446	1000445	2024-06-14	E	KP.2.4	0.02858571	2024-06-20
LAB0000446	1000445	2024-06-14	E	KS.1	0.02441176	2024-06-20
LAB0000446	1000445	2024-06-14	E	JN.1.14	0.02374761	2024-06-20
LAB0000446	1000445	2024-06-14	E	KP.2.1	0.01740869	2024-06-20
LAB0000446	1000445	2024-06-14	E	KP.1.2	0.00721352	2024-06-20
LAB0000446	1000445	2024-06-14	E	JN.1.7.4	0.00647175	2024-06-20
LAB0000446	1000445	2024-06-14	E	JN.1.58.1	0.00272824	2024-06-20
LAB0000446	1000445	2024-06-14	E	JN.1.27	0.00266384	2024-06-20
LAB0000446	1000445	2024-06-14	E	KP.3.2.1	0.0028607	2024-06-20
LAB0000446	1000445	2024-06-14	E	LF.2	0.00181907	2024-06-20
LAB0000446	1000445	2024-06-14	E	KW.1.1	0.00214437	2024-06-20
LAB0000446	1000445	2024-06-14	E	JN.1.29.1	0.00180053	2024-06-20
LAB0000446	1000445	2024-06-14	E	JN.1.54.1	0.00113181	2024-06-20
LAB0000446	1000445	2024-06-14	E	JN.1.8.3	0.00124899	2024-06-20
LAB0000446	1000445	2024-06-14	E	unreportable	0.00951077	2024-06-20
LAB0000447	1000446	2024-06-14	Y	KP.1.1.1	0.64933703	2024-06-20
LAB0000447	1000446	2024-06-14	Y	KP.3.2.1	0.05258616	2024-06-20
LAB0000447	1000446	2024-06-14	Y	KP.2.4	0.06436391	2024-06-20
LAB0000447	1000446	2024-06-14	Y	JN.1.28	0.05735122	2024-06-20
LAB0000447	1000446	2024-06-14	Y	JN.1.11.1	0.0463709	2024-06-20
LAB0000447	1000446	2024-06-14	Y	KP.3.1	0.02973995	2024-06-20
LAB0000447	1000446	2024-06-14	Y	KP.5	0.02966719	2024-06-20
LAB0000447	1000446	2024-06-14	Y	KP.1.1.3	0.0183365	2024-06-20
LAB0000447	1000446	2024-06-14	Y	KP.1	0.01165141	2024-06-20
LAB0000447	1000446	2024-06-14	Y	KP.1.2	0.00739376	2024-06-20
LAB0000447	1000446	2024-06-14	Y	KP.3.3	0.00941839	2024-06-20
LAB0000447	1000446	2024-06-14	Y	KP.2.2	0.00232606	2024-06-20
LAB0000447	1000446	2024-06-14	Y	JN.1.58	0.00152553	2024-06-20
LAB0000447	1000446	2024-06-14	Y	JN.1.54.1	0.00126528	2024-06-20
LAB0000447	1000446	2024-06-14	Y	LF.2	0.00173752	2024-06-20
LAB0000447	1000446	2024-06-14	Y	KP.2.15	0.00129116	2024-06-20
LAB0000447	1000446	2024-06-14	Y	KP.4.2.2	0.00132917	2024-06-20
LAB0000447	1000446	2024-06-14	Y	JN.1.55.1	0.00108784	2024-06-20
LAB0000447	1000446	2024-06-14	Y	KP.3.2.2	0.00097688	2024-06-20
LAB0000447	1000446	2024-06-14	Y	unreportable	0.01224413	2024-06-20
LAB0000448	1000447	2024-06-14	K	LB.1	0.40103754	2024-06-20
LAB0000448	1000447	2024-06-14	K	KP.3	0.30807182	2024-06-20
LAB0000448	1000447	2024-06-14	K	KP.3.3	0.27226135	2024-06-20
LAB0000448	1000447	2024-06-14	K	JN.1.54.1	0.00211457	2024-06-20
LAB0000448	1000447	2024-06-14	K	JN.1.29.1	0.00214281	2024-06-20
LAB0000448	1000447	2024-06-14	K	LL.1	0.00158338	2024-06-20
LAB0000448	1000447	2024-06-14	K	unreportable	0.01278853	2024-06-20
