Week,county,variant,weighted_sum,total_population,weighted_avg,hex_code
2024-01-02,Benton County,BA.2,0.0,502178,0.0,#9CCD67
2024-01-02,Benton County,BA.2.12.1,0.0,502178,0.0,#7CB342
2024-01-02,Benton County,BA.2.86,388.60542352,502178,0.0007738399999999999,#D770EE
2024-01-02,Benton County,EG.5,0.0,502178,0.0,#FFBE7D
2024-01-02,Benton County,EG.5.1.8,15378.86981252,502178,0.03062434,#E14D6F
2024-01-02,Benton County,EG.6.1,0.0,502178,0.0,#B9ABA8
2024-01-02,Benton County,FE.1.1,907.45071134,502178,0.00180703,#499894
2024-01-02,Benton County,FL.1.5.1,0.0,502178,0.0,#8CD17D
2024-01-02,Benton County,GE.1,0.0,502178,0.0,#FABFD2
2024-01-02,Benton County,GK.1.1,0.0,502178,0.0,#90FAE5
2024-01-02,Benton County,HF.1,0.0,502178,0.0,#D399AD
2024-01-02,Benton County,HK.3,0.0,502178,0.0,#859DBC
2024-01-02,Benton County,HV.1,21420.10630498,502178,0.04265441,#797765
2024-01-02,Benton County,JD.1.1,18422.470234919998,502178,0.03668514,#80F192
2024-01-02,Benton County,JF.1,508.00828658,502178,0.00101161,#FFF1A9
2024-01-02,Benton County,JG.3,0.0,502178,0.0,#66A172
2024-01-02,Benton County,JN.1,340040.77843066,502178,0.67713197,#61018F
2024-01-02,Benton County,JN.1.11.1,0.0,502178,0.0,#5C9CF1
2024-01-02,Benton County,JN.1.13,0.0,502178,0.0,#E83C78
2024-01-02,Benton County,JN.1.13.1,0.0,502178,0.0,#F2591C
2024-01-02,Benton County,JN.1.16,0.0,502178,0.0,#BC3A88
2024-01-02,Benton County,JN.1.16.1,0.0,502178,0.0,#366298
2024-01-02,Benton County,JN.1.18,0.0,502178,0.0,#4AF32F
2024-01-02,Benton County,JN.1.32,0.0,502178,0.0,#2E7919
2024-01-02,Benton County,JN.1.4.3,0.0,502178,0.0,#9D1010
2024-01-02,Benton County,JN.1.7,0.0,502178,0.0,#CF15E8
2024-01-02,Benton County,JN.1.8.1,0.0,502178,0.0,#FFB027
2024-01-02,Benton County,KP.1.1,0.0,502178,0.0,#CBFF86
2024-01-02,Benton County,KP.1.1.3,0.0,502178,0.0,#1EB3B6
2024-01-02,Benton County,KP.1.2,0.0,502178,0.0,#D7B5A6
2024-01-02,Benton County,KP.2,0.0,502178,0.0,#5875A1
2024-01-02,Benton County,KP.2.15,0.0,502178,0.0,#175DFF
2024-01-02,Benton County,KP.2.3,0.0,502178,0.0,#628DE8
2024-01-02,Benton County,KP.3,0.0,502178,0.0,#B06589
2024-01-02,Benton County,KP.3.1.1,0.0,502178,0.0,#2F92A1
2024-01-02,Benton County,KP.4.1,0.0,502178,0.0,#FF473A
2024-01-02,Benton County,KQ.1,0.0,502178,0.0,#E86CDE
2024-01-02,Benton County,KV.2,0.0,502178,0.0,#E14365
2024-01-02,Benton County,KW.1.1,0.0,502178,0.0,#34A0FF
2024-01-02,Benton County,LB.1,0.0,502178,0.0,#795653
2024-01-02,Benton County,Recombinant,38229.7816751,502178,0.07612795,#FF0000
2024-01-02,Benton County,XBB,4177.91506702,502178,0.00831959,#9FA8DA
2024-01-02,Benton County,XBB.1.16,2193.9202681799998,502178,0.00436881,#4527A0
2024-01-02,Benton County,XBB.1.16.1,0.0,502178,0.0,#F89B9B
2024-01-02,Benton County,XBB.1.16.15,0.0,502178,0.0,#E3B5FA
2024-01-02,Benton County,XBB.1.16.6,0.0,502178,0.0,#5AA350
2024-01-02,Benton County,XBB.1.42.1,0.0,502178,0.0,#75D1A3
2024-01-02,Benton County,XBB.1.5,21505.5970877,502178,0.04282465,#3F51B5
2024-01-02,Benton County,XBB.1.5.70,0.0,502178,0.0,#46783C
2024-01-02,Benton County,XBB.1.5.72,0.0,502178,0.0,#254220
2024-01-02,Benton County,XBB.1.9.1,5006.222525560001,502178,0.00996902,#304FFE
2024-01-02,Benton County,XBB.1.9.2,0.0,502178,0.0,#536DFE
2024-01-02,Benton County,XBB.2.3,0.0,502178,0.0,#F7BCDF
2024-01-02,Benton County,XDP,0.0,502178,0.0,#B60052
2024-01-02,Benton County,XDV.1,0.0,502178,0.0,#D367B6
2024-01-02,Benton County,unreportable,33998.2791937,502178,0.06770165,#eeeeee
2024-01-02,Chelan County,BA.2,0.0,923896,0.0,#9CCD67
2024-01-02,Chelan County,BA.2.12.1,0.0,923896,0.0,#7CB342
2024-01-02,Chelan County,BA.2.86,35455.14866146,923896,0.03837569235223445,#D770EE
2024-01-02,Chelan County,EG.5,26734.592480640003,923896,0.028936798601401026,#FFBE7D
2024-01-02,Chelan County,EG.5.1.8,0.0,923896,0.0,#E14D6F
2024-01-02,Chelan County,EG.6.1,0.0,923896,0.0,#B9ABA8
2024-01-02,Chelan County,FE.1.1,719.5740138,923896,0.0007788474176747166,#499894
2024-01-02,Chelan County,FL.1.5.1,0.0,923896,0.0,#8CD17D
2024-01-02,Chelan County,GE.1,0.0,923896,0.0,#FABFD2
2024-01-02,Chelan County,GK.1.1,0.0,923896,0.0,#90FAE5
2024-01-02,Chelan County,HF.1,0.0,923896,0.0,#D399AD
2024-01-02,Chelan County,HK.3,0.0,923896,0.0,#859DBC
2024-01-02,Chelan County,HV.1,142205.50030200003,923896,0.15391938086321408,#797765
2024-01-02,Chelan County,JD.1.1,0.0,923896,0.0,#80F192
2024-01-02,Chelan County,JF.1,0.0,923896,0.0,#FFF1A9
2024-01-02,Chelan County,JG.3,0.0,923896,0.0,#66A172
2024-01-02,Chelan County,JN.1,487349.1800213,923896,0.5274935490805241,#61018F
2024-01-02,Chelan County,JN.1.11.1,0.0,923896,0.0,#5C9CF1
2024-01-02,Chelan County,JN.1.13,0.0,923896,0.0,#E83C78
2024-01-02,Chelan County,JN.1.13.1,0.0,923896,0.0,#F2591C
2024-01-02,Chelan County,JN.1.16,0.0,923896,0.0,#BC3A88
2024-01-02,Chelan County,JN.1.16.1,0.0,923896,0.0,#366298
2024-01-02,Chelan County,JN.1.18,0.0,923896,0.0,#4AF32F
2024-01-02,Chelan County,JN.1.32,0.0,923896,0.0,#2E7919
2024-01-02,Chelan County,JN.1.4.3,0.0,923896,0.0,#9D1010
2024-01-02,Chelan County,JN.1.7,0.0,923896,0.0,#CF15E8
2024-01-02,Chelan County,JN.1.8.1,0.0,923896,0.0,#FFB027
2024-01-02,Chelan County,KP.1.1,0.0,923896,0.0,#CBFF86
2024-01-02,Chelan County,KP.1.1.3,0.0,923896,0.0,#1EB3B6
2024-01-02,Chelan County,KP.1.2,0.0,923896,0.0,#D7B5A6
2024-01-02,Chelan County,KP.2,0.0,923896,0.0,#5875A1
2024-01-02,Chelan County,KP.2.15,0.0,923896,0.0,#175DFF
2024-01-02,Chelan County,KP.2.3,0.0,923896,0.0,#628DE8
2024-01-02,Chelan County,KP.3,0.0,923896,0.0,#B06589
2024-01-02,Chelan County,KP.3.1.1,0.0,923896,0.0,#2F92A1
2024-01-02,Chelan County,KP.4.1,0.0,923896,0.0,#FF473A
2024-01-02,Chelan County,KQ.1,0.0,923896,0.0,#E86CDE
2024-01-02,Chelan County,KV.2,0.0,923896,0.0,#E14365
2024-01-02,Chelan County,KW.1.1,0.0,923896,0.0,#34A0FF
2024-01-02,Chelan County,LB.1,0.0,923896,0.0,#795653
2024-01-02,Chelan County,Recombinant,176557.81075684002,923896,0.19110139101894588,#FF0000
2024-01-02,Chelan County,XBB,11962.693264579999,923896,0.01294809509358196,#9FA8DA
2024-01-02,Chelan County,XBB.1.16,12174.544214999998,923896,0.013177396822802565,#4527A0
2024-01-02,Chelan County,XBB.1.16.1,516.1198175999999,923896,0.0005586341077350697,#F89B9B
2024-01-02,Chelan County,XBB.1.16.15,0.0,923896,0.0,#E3B5FA
2024-01-02,Chelan County,XBB.1.16.6,0.0,923896,0.0,#5AA350
2024-01-02,Chelan County,XBB.1.42.1,0.0,923896,0.0,#75D1A3
2024-01-02,Chelan County,XBB.1.5,1566.90862052,923896,0.001695979439807078,#3F51B5
2024-01-02,Chelan County,XBB.1.5.70,0.0,923896,0.0,#46783C
2024-01-02,Chelan County,XBB.1.5.72,0.0,923896,0.0,#254220
2024-01-02,Chelan County,XBB.1.9.1,0.0,923896,0.0,#304FFE
2024-01-02,Chelan County,XBB.1.9.2,671.35818248,923896,0.0007266599081281876,#536DFE
2024-01-02,Chelan County,XBB.2.3,0.0,923896,0.0,#F7BCDF
2024-01-02,Chelan County,XDP,0.0,923896,0.0,#B60052
2024-01-02,Chelan County,XDV.1,0.0,923896,0.0,#D367B6
2024-01-02,Chelan County,unreportable,27982.584261800002,923896,0.03028759109445219,#eeeeee
2024-01-02,Franklin County,BA.2,0.0,1215063,0.0,#9CCD67
2024-01-02,Franklin County,BA.2.12.1,0.0,1215063,0.0,#7CB342
2024-01-02,Franklin County,BA.2.86,550.25532822,1215063,0.0004528615620918422,#D770EE
2024-01-02,Franklin County,EG.5,56226.000072,1215063,0.04627414386908334,#FFBE7D
2024-01-02,Franklin County,EG.5.1.8,89836.58971979999,1215063,0.07393574631093201,#E14D6F
2024-01-02,Franklin County,EG.6.1,0.0,1215063,0.0,#B9ABA8
2024-01-02,Franklin County,FE.1.1,0.0,1215063,0.0,#499894
2024-01-02,Franklin County,FL.1.5.1,0.0,1215063,0.0,#8CD17D
2024-01-02,Franklin County,GE.1,0.0,1215063,0.0,#FABFD2
2024-01-02,Franklin County,GK.1.1,0.0,1215063,0.0,#90FAE5
2024-01-02,Franklin County,HF.1,0.0,1215063,0.0,#D399AD
2024-01-02,Franklin County,HK.3,7892.1170328,1215063,0.006495232784472903,#859DBC
2024-01-02,Franklin County,HV.1,111551.6408835,1215063,0.09180728973189045,#797765
2024-01-02,Franklin County,JD.1.1,24894.7545924,1215063,0.020488447588643554,#80F192
2024-01-02,Franklin County,JF.1,2657.0293464,1215063,0.002186742042511376,#FFF1A9
2024-01-02,Franklin County,JG.3,0.0,1215063,0.0,#66A172
2024-01-02,Franklin County,JN.1,804090.8012407799,1215063,0.6617688146546968,#61018F
2024-01-02,Franklin County,JN.1.11.1,0.0,1215063,0.0,#5C9CF1
2024-01-02,Franklin County,JN.1.13,0.0,1215063,0.0,#E83C78
2024-01-02,Franklin County,JN.1.13.1,0.0,1215063,0.0,#F2591C
2024-01-02,Franklin County,JN.1.16,0.0,1215063,0.0,#BC3A88
2024-01-02,Franklin County,JN.1.16.1,0.0,1215063,0.0,#366298
2024-01-02,Franklin County,JN.1.18,0.0,1215063,0.0,#4AF32F
2024-01-02,Franklin County,JN.1.32,0.0,1215063,0.0,#2E7919
2024-01-02,Franklin County,JN.1.4.3,0.0,1215063,0.0,#9D1010
2024-01-02,Franklin County,JN.1.7,0.0,1215063,0.0,#CF15E8
2024-01-02,Franklin County,JN.1.8.1,0.0,1215063,0.0,#FFB027
2024-01-02,Franklin County,KP.1.1,0.0,1215063,0.0,#CBFF86
2024-01-02,Franklin County,KP.1.1.3,0.0,1215063,0.0,#1EB3B6
2024-01-02,Franklin County,KP.1.2,0.0,1215063,0.0,#D7B5A6
2024-01-02,Franklin County,KP.2,0.0,1215063,0.0,#5875A1
2024-01-02,Franklin County,KP.2.15,0.0,1215063,0.0,#175DFF
2024-01-02,Franklin County,KP.2.3,0.0,1215063,0.0,#628DE8
2024-01-02,Franklin County,KP.3,0.0,1215063,0.0,#B06589
2024-01-02,Franklin County,KP.3.1.1,0.0,1215063,0.0,#2F92A1
2024-01-02,Franklin County,KP.4.1,0.0,1215063,0.0,#FF473A
2024-01-02,Franklin County,KQ.1,0.0,1215063,0.0,#E86CDE
2024-01-02,Franklin County,KV.2,0.0,1215063,0.0,#E14365
2024-01-02,Franklin County,KW.1.1,0.0,1215063,0.0,#34A0FF
2024-01-02,Franklin County,LB.1,0.0,1215063,0.0,#795653
2024-01-02,Franklin County,Recombinant,8242.45665978,1215063,0.006783563206006603,#FF0000
2024-01-02,Franklin County,XBB,28757.993814,1215063,0.023667903486485887,#9FA8DA
2024-01-02,Franklin County,XBB.1.16,7310.5905246,1215063,0.00601663496016256,#4527A0
2024-01-02,Franklin County,XBB.1.16.1,0.0,1215063,0.0,#F89B9B
2024-01-02,Franklin County,XBB.1.16.15,0.0,1215063,0.0,#E3B5FA
2024-01-02,Franklin County,XBB.1.16.6,1110.658791,1215063,0.0009140750652435306,#5AA350
2024-01-02,Franklin County,XBB.1.42.1,0.0,1215063,0.0,#75D1A3
2024-01-02,Franklin County,XBB.1.5,35895.868437,1215063,0.02954239281173075,#3F51B5
2024-01-02,Franklin County,XBB.1.5.70,0.0,1215063,0.0,#46783C
2024-01-02,Franklin County,XBB.1.5.72,0.0,1215063,0.0,#254220
2024-01-02,Franklin County,XBB.1.9.1,12821.10243426,1215063,0.010551800552119519,#304FFE
2024-01-02,Franklin County,XBB.1.9.2,6046.840628399999,1215063,0.004976565518331148,#536DFE
2024-01-02,Franklin County,XBB.2.3,2864.1365610000003,1215063,0.002357191817214416,#F7BCDF
2024-01-02,Franklin County,XDP,0.0,1215063,0.0,#B60052
2024-01-02,Franklin County,XDV.1,0.0,1215063,0.0,#D367B6
2024-01-02,Franklin County,unreportable,22206.28833906,1215063,0.01827583289019582,#eeeeee
2024-01-02,Island County,BA.2,0.0,1778632,0.0,#9CCD67
2024-01-02,Island County,BA.2.12.1,0.0,1778632,0.0,#7CB342
2024-01-02,Island County,BA.2.86,8718.30977505,1778632,0.00490169398450607,#D770EE
2024-01-02,Island County,EG.5,68589.27399041,1778632,0.03856293712831547,#FFBE7D
2024-01-02,Island County,EG.5.1.8,14863.11439137,1778632,0.008356486553356737,#E14D6F
2024-01-02,Island County,EG.6.1,669.90858912,1778632,0.0003766426046084856,#B9ABA8
2024-01-02,Island County,FE.1.1,0.0,1778632,0.0,#499894
2024-01-02,Island County,FL.1.5.1,1068.8006871,1778632,0.0006009116484466713,#8CD17D
2024-01-02,Island County,GE.1,0.0,1778632,0.0,#FABFD2
2024-01-02,Island County,GK.1.1,0.0,1778632,0.0,#90FAE5
2024-01-02,Island County,HF.1,0.0,1778632,0.0,#D399AD
2024-01-02,Island County,HK.3,0.0,1778632,0.0,#859DBC
2024-01-02,Island County,HV.1,102847.95402459001,1778632,0.05782418961572153,#797765
2024-01-02,Island County,JD.1.1,4081.423558755,1778632,0.00229469814933893,#80F192
2024-01-02,Island County,JF.1,0.0,1778632,0.0,#FFF1A9
2024-01-02,Island County,JG.3,0.0,1778632,0.0,#66A172
2024-01-02,Island County,JN.1,1320840.6507742452,1778632,0.7426160390537476,#61018F
2024-01-02,Island County,JN.1.11.1,0.0,1778632,0.0,#5C9CF1
2024-01-02,Island County,JN.1.13,0.0,1778632,0.0,#E83C78
2024-01-02,Island County,JN.1.13.1,0.0,1778632,0.0,#F2591C
2024-01-02,Island County,JN.1.16,45639.16615818,1778632,0.025659701477416353,#BC3A88
2024-01-02,Island County,JN.1.16.1,0.0,1778632,0.0,#366298
2024-01-02,Island County,JN.1.18,0.0,1778632,0.0,#4AF32F
2024-01-02,Island County,JN.1.32,0.0,1778632,0.0,#2E7919
2024-01-02,Island County,JN.1.4.3,0.0,1778632,0.0,#9D1010
2024-01-02,Island County,JN.1.7,0.0,1778632,0.0,#CF15E8
2024-01-02,Island County,JN.1.8.1,0.0,1778632,0.0,#FFB027
2024-01-02,Island County,KP.1.1,0.0,1778632,0.0,#CBFF86
2024-01-02,Island County,KP.1.1.3,0.0,1778632,0.0,#1EB3B6
2024-01-02,Island County,KP.1.2,0.0,1778632,0.0,#D7B5A6
2024-01-02,Island County,KP.2,0.0,1778632,0.0,#5875A1
2024-01-02,Island County,KP.2.15,0.0,1778632,0.0,#175DFF
2024-01-02,Island County,KP.2.3,0.0,1778632,0.0,#628DE8
2024-01-02,Island County,KP.3,0.0,1778632,0.0,#B06589
2024-01-02,Island County,KP.3.1.1,0.0,1778632,0.0,#2F92A1
2024-01-02,Island County,KP.4.1,0.0,1778632,0.0,#FF473A
2024-01-02,Island County,KQ.1,0.0,1778632,0.0,#E86CDE
2024-01-02,Island County,KV.2,0.0,1778632,0.0,#E14365
2024-01-02,Island County,KW.1.1,0.0,1778632,0.0,#34A0FF
2024-01-02,Island County,LB.1,0.0,1778632,0.0,#795653
2024-01-02,Island County,Recombinant,49032.57077089,1778632,0.027567574838915528,#FF0000
2024-01-02,Island County,XBB,24456.37770927,1778632,0.013750105535754445,#9FA8DA
2024-01-02,Island County,XBB.1.16,1130.9930023499999,1778632,0.0006358780244311358,#4527A0
2024-01-02,Island County,XBB.1.16.1,0.0,1778632,0.0,#F89B9B
2024-01-02,Island County,XBB.1.16.15,0.0,1778632,0.0,#E3B5FA
2024-01-02,Island County,XBB.1.16.6,0.0,1778632,0.0,#5AA350
2024-01-02,Island County,XBB.1.42.1,0.0,1778632,0.0,#75D1A3
2024-01-02,Island County,XBB.1.5,21557.903933565,1778632,0.01212049706379116,#3F51B5
2024-01-02,Island County,XBB.1.5.70,0.0,1778632,0.0,#46783C
2024-01-02,Island County,XBB.1.5.72,264.56800692,1778632,0.00014874803046386212,#254220
2024-01-02,Island County,XBB.1.9.1,31357.001870524997,1778632,0.017629842412890916,#304FFE
2024-01-02,Island County,XBB.1.9.2,7454.833621965001,1778632,0.00419132997830074,#536DFE
2024-01-02,Island County,XBB.2.3,0.0,1778632,0.0,#F7BCDF
2024-01-02,Island County,XDP,9252.378553004999,1778632,0.0052019633926551415,#B60052
2024-01-02,Island County,XDV.1,0.0,1778632,0.0,#D367B6
2024-01-02,Island County,unreportable,66806.77396754001,1778632,0.037560762410403056,#eeeeee
2024-01-02,Jefferson County,BA.2,0.0,162770,0.0,#9CCD67
2024-01-02,Jefferson County,BA.2.12.1,0.0,162770,0.0,#7CB342
2024-01-02,Jefferson County,BA.2.86,2684.451671,162770,0.016492299999999998,#D770EE
2024-01-02,Jefferson County,EG.5,1493.235703,162770,0.0091739,#FFBE7D
2024-01-02,Jefferson County,EG.5.1.8,884.0347962999999,162770,0.00543119,#E14D6F
2024-01-02,Jefferson County,EG.6.1,0.0,162770,0.0,#B9ABA8
2024-01-02,Jefferson County,FE.1.1,0.0,162770,0.0,#499894
2024-01-02,Jefferson County,FL.1.5.1,0.0,162770,0.0,#8CD17D
2024-01-02,Jefferson County,GE.1,0.0,162770,0.0,#FABFD2
2024-01-02,Jefferson County,GK.1.1,0.0,162770,0.0,#90FAE5
2024-01-02,Jefferson County,HF.1,0.0,162770,0.0,#D399AD
2024-01-02,Jefferson County,HK.3,0.0,162770,0.0,#859DBC
2024-01-02,Jefferson County,HV.1,3963.5829714,162770,0.024350820000000002,#797765
2024-01-02,Jefferson County,JD.1.1,0.0,162770,0.0,#80F192
2024-01-02,Jefferson County,JF.1,0.0,162770,0.0,#FFF1A9
2024-01-02,Jefferson County,JG.3,4225.8412508,162770,0.025962040000000002,#66A172
2024-01-02,Jefferson County,JN.1,125491.8823421,162770,0.77097673,#61018F
2024-01-02,Jefferson County,JN.1.11.1,0.0,162770,0.0,#5C9CF1
2024-01-02,Jefferson County,JN.1.13,0.0,162770,0.0,#E83C78
2024-01-02,Jefferson County,JN.1.13.1,0.0,162770,0.0,#F2591C
2024-01-02,Jefferson County,JN.1.16,0.0,162770,0.0,#BC3A88
2024-01-02,Jefferson County,JN.1.16.1,0.0,162770,0.0,#366298
2024-01-02,Jefferson County,JN.1.18,0.0,162770,0.0,#4AF32F
2024-01-02,Jefferson County,JN.1.32,0.0,162770,0.0,#2E7919
2024-01-02,Jefferson County,JN.1.4.3,0.0,162770,0.0,#9D1010
2024-01-02,Jefferson County,JN.1.7,0.0,162770,0.0,#CF15E8
2024-01-02,Jefferson County,JN.1.8.1,0.0,162770,0.0,#FFB027
2024-01-02,Jefferson County,KP.1.1,0.0,162770,0.0,#CBFF86
2024-01-02,Jefferson County,KP.1.1.3,0.0,162770,0.0,#1EB3B6
2024-01-02,Jefferson County,KP.1.2,0.0,162770,0.0,#D7B5A6
2024-01-02,Jefferson County,KP.2,0.0,162770,0.0,#5875A1
2024-01-02,Jefferson County,KP.2.15,0.0,162770,0.0,#175DFF
2024-01-02,Jefferson County,KP.2.3,0.0,162770,0.0,#628DE8
2024-01-02,Jefferson County,KP.3,0.0,162770,0.0,#B06589
2024-01-02,Jefferson County,KP.3.1.1,0.0,162770,0.0,#2F92A1
2024-01-02,Jefferson County,KP.4.1,0.0,162770,0.0,#FF473A
2024-01-02,Jefferson County,KQ.1,0.0,162770,0.0,#E86CDE
2024-01-02,Jefferson County,KV.2,0.0,162770,0.0,#E14365
2024-01-02,Jefferson County,KW.1.1,0.0,162770,0.0,#34A0FF
2024-01-02,Jefferson County,LB.1,0.0,162770,0.0,#795653
2024-01-02,Jefferson County,Recombinant,16234.9874353,162770,0.09974189,#FF0000
2024-01-02,Jefferson County,XBB,146.39533799999998,162770,0.0008993999999999999,#9FA8DA
2024-01-02,Jefferson County,XBB.1.16,193.9062733,162770,0.00119129,#4527A0
2024-01-02,Jefferson County,XBB.1.16.1,0.0,162770,0.0,#F89B9B
2024-01-02,Jefferson County,XBB.1.16.15,0.0,162770,0.0,#E3B5FA
2024-01-02,Jefferson County,XBB.1.16.6,0.0,162770,0.0,#5AA350
2024-01-02,Jefferson County,XBB.1.42.1,0.0,162770,0.0,#75D1A3
2024-01-02,Jefferson County,XBB.1.5,0.0,162770,0.0,#3F51B5
2024-01-02,Jefferson County,XBB.1.5.70,0.0,162770,0.0,#46783C
2024-01-02,Jefferson County,XBB.1.5.72,0.0,162770,0.0,#254220
2024-01-02,Jefferson County,XBB.1.9.1,1933.1444158,162770,0.01187654,#304FFE
2024-01-02,Jefferson County,XBB.1.9.2,0.0,162770,0.0,#536DFE
2024-01-02,Jefferson County,XBB.2.3,0.0,162770,0.0,#F7BCDF
2024-01-02,Jefferson County,XDP,0.0,162770,0.0,#B60052
2024-01-02,Jefferson County,XDV.1,0.0,162770,0.0,#D367B6
2024-01-02,Jefferson County,unreportable,5518.5361753,162770,0.03390389,#eeeeee
2024-01-02,King County,BA.2,0.0,973611,0.0,#9CCD67
2024-01-02,King County,BA.2.12.1,0.0,973611,0.0,#7CB342
2024-01-02,King County,BA.2.86,0.0,973611,0.0,#D770EE
2024-01-02,King County,EG.5,3411.1629718199997,973611,0.00350362,#FFBE7D
2024-01-02,King County,EG.5.1.8,0.0,973611,0.0,#E14D6F
2024-01-02,King County,EG.6.1,0.0,973611,0.0,#B9ABA8
2024-01-02,King County,FE.1.1,0.0,973611,0.0,#499894
2024-01-02,King County,FL.1.5.1,0.0,973611,0.0,#8CD17D
2024-01-02,King County,GE.1,0.0,973611,0.0,#FABFD2
2024-01-02,King County,GK.1.1,0.0,973611,0.0,#90FAE5
2024-01-02,King County,HF.1,0.0,973611,0.0,#D399AD
2024-01-02,King County,HK.3,0.0,973611,0.0,#859DBC
2024-01-02,King County,HV.1,802860.4269309599,973611,0.82462136,#797765
2024-01-02,King County,JD.1.1,0.0,973611,0.0,#80F192
2024-01-02,King County,JF.1,0.0,973611,0.0,#FFF1A9
2024-01-02,King County,JG.3,3519.8082233100004,973611,0.00361521,#66A172
2024-01-02,King County,JN.1,131375.23231266,973611,0.13493606,#61018F
2024-01-02,King County,JN.1.11.1,0.0,973611,0.0,#5C9CF1
2024-01-02,King County,JN.1.13,0.0,973611,0.0,#E83C78
2024-01-02,King County,JN.1.13.1,0.0,973611,0.0,#F2591C
2024-01-02,King County,JN.1.16,0.0,973611,0.0,#BC3A88
2024-01-02,King County,JN.1.16.1,0.0,973611,0.0,#366298
2024-01-02,King County,JN.1.18,0.0,973611,0.0,#4AF32F
2024-01-02,King County,JN.1.32,0.0,973611,0.0,#2E7919
2024-01-02,King County,JN.1.4.3,0.0,973611,0.0,#9D1010
2024-01-02,King County,JN.1.7,0.0,973611,0.0,#CF15E8
2024-01-02,King County,JN.1.8.1,0.0,973611,0.0,#FFB027
2024-01-02,King County,KP.1.1,0.0,973611,0.0,#CBFF86
2024-01-02,King County,KP.1.1.3,0.0,973611,0.0,#1EB3B6
2024-01-02,King County,KP.1.2,0.0,973611,0.0,#D7B5A6
2024-01-02,King County,KP.2,0.0,973611,0.0,#5875A1
2024-01-02,King County,KP.2.15,0.0,973611,0.0,#175DFF
2024-01-02,King County,KP.2.3,0.0,973611,0.0,#628DE8
2024-01-02,King County,KP.3,0.0,973611,0.0,#B06589
2024-01-02,King County,KP.3.1.1,0.0,973611,0.0,#2F92A1
2024-01-02,King County,KP.4.1,0.0,973611,0.0,#FF473A
2024-01-02,King County,KQ.1,0.0,973611,0.0,#E86CDE
2024-01-02,King County,KV.2,0.0,973611,0.0,#E14365
2024-01-02,King County,KW.1.1,0.0,973611,0.0,#34A0FF
2024-01-02,King County,LB.1,0.0,973611,0.0,#795653
2024-01-02,King County,Recombinant,0.0,973611,0.0,#FF0000
2024-01-02,King County,XBB,3719.3692699800004,973611,0.0038201800000000003,#9FA8DA
2024-01-02,King County,XBB.1.16,0.0,973611,0.0,#4527A0
2024-01-02,King County,XBB.1.16.1,0.0,973611,0.0,#F89B9B
2024-01-02,King County,XBB.1.16.15,0.0,973611,0.0,#E3B5FA
2024-01-02,King County,XBB.1.16.6,0.0,973611,0.0,#5AA350
2024-01-02,King County,XBB.1.42.1,0.0,973611,0.0,#75D1A3
2024-01-02,King County,XBB.1.5,2689.07463756,973611,0.0027619600000000004,#3F51B5
2024-01-02,King County,XBB.1.5.70,0.0,973611,0.0,#46783C
2024-01-02,King County,XBB.1.5.72,0.0,973611,0.0,#254220
2024-01-02,King County,XBB.1.9.1,0.0,973611,0.0,#304FFE
2024-01-02,King County,XBB.1.9.2,1294.65922725,973611,0.00132975,#536DFE
2024-01-02,King County,XBB.2.3,0.0,973611,0.0,#F7BCDF
2024-01-02,King County,XDP,0.0,973611,0.0,#B60052
2024-01-02,King County,XDV.1,0.0,973611,0.0,#D367B6
2024-01-02,King County,unreportable,24741.266426460003,973611,0.02541186,#eeeeee
2024-01-02,Kittitas County,BA.2,0.0,143520,0.0,#9CCD67
2024-01-02,Kittitas County,BA.2.12.1,0.0,143520,0.0,#7CB342
2024-01-02,Kittitas County,BA.2.86,3526.0036656,143520,0.02456803,#D770EE
2024-01-02,Kittitas County,EG.5,29968.699675199998,143520,0.20881201,#FFBE7D
2024-01-02,Kittitas County,EG.5.1.8,0.0,143520,0.0,#E14D6F
2024-01-02,Kittitas County,EG.6.1,0.0,143520,0.0,#B9ABA8
2024-01-02,Kittitas County,FE.1.1,0.0,143520,0.0,#499894
2024-01-02,Kittitas County,FL.1.5.1,0.0,143520,0.0,#8CD17D
2024-01-02,Kittitas County,GE.1,0.0,143520,0.0,#FABFD2
2024-01-02,Kittitas County,GK.1.1,0.0,143520,0.0,#90FAE5
2024-01-02,Kittitas County,HF.1,701.5200192,143520,0.00488796,#D399AD
2024-01-02,Kittitas County,HK.3,0.0,143520,0.0,#859DBC
2024-01-02,Kittitas County,HV.1,2864.142528,143520,0.0199564,#797765
2024-01-02,Kittitas County,JD.1.1,0.0,143520,0.0,#80F192
2024-01-02,Kittitas County,JF.1,254.09641919999999,143520,0.00177046,#FFF1A9
2024-01-02,Kittitas County,JG.3,0.0,143520,0.0,#66A172
2024-01-02,Kittitas County,JN.1,86587.7099568,143520,0.60331459,#61018F
2024-01-02,Kittitas County,JN.1.11.1,0.0,143520,0.0,#5C9CF1
2024-01-02,Kittitas County,JN.1.13,0.0,143520,0.0,#E83C78
2024-01-02,Kittitas County,JN.1.13.1,0.0,143520,0.0,#F2591C
2024-01-02,Kittitas County,JN.1.16,0.0,143520,0.0,#BC3A88
2024-01-02,Kittitas County,JN.1.16.1,0.0,143520,0.0,#366298
2024-01-02,Kittitas County,JN.1.18,0.0,143520,0.0,#4AF32F
2024-01-02,Kittitas County,JN.1.32,0.0,143520,0.0,#2E7919
2024-01-02,Kittitas County,JN.1.4.3,0.0,143520,0.0,#9D1010
2024-01-02,Kittitas County,JN.1.7,0.0,143520,0.0,#CF15E8
2024-01-02,Kittitas County,JN.1.8.1,0.0,143520,0.0,#FFB027
2024-01-02,Kittitas County,KP.1.1,0.0,143520,0.0,#CBFF86
2024-01-02,Kittitas County,KP.1.1.3,0.0,143520,0.0,#1EB3B6
2024-01-02,Kittitas County,KP.1.2,0.0,143520,0.0,#D7B5A6
2024-01-02,Kittitas County,KP.2,0.0,143520,0.0,#5875A1
2024-01-02,Kittitas County,KP.2.15,0.0,143520,0.0,#175DFF
2024-01-02,Kittitas County,KP.2.3,0.0,143520,0.0,#628DE8
2024-01-02,Kittitas County,KP.3,0.0,143520,0.0,#B06589
2024-01-02,Kittitas County,KP.3.1.1,0.0,143520,0.0,#2F92A1
2024-01-02,Kittitas County,KP.4.1,0.0,143520,0.0,#FF473A
2024-01-02,Kittitas County,KQ.1,0.0,143520,0.0,#E86CDE
2024-01-02,Kittitas County,KV.2,0.0,143520,0.0,#E14365
2024-01-02,Kittitas County,KW.1.1,0.0,143520,0.0,#34A0FF
2024-01-02,Kittitas County,LB.1,0.0,143520,0.0,#795653
2024-01-02,Kittitas County,Recombinant,715.5792383999999,143520,0.00498592,#FF0000
2024-01-02,Kittitas County,XBB,149.69566559999998,143520,0.00104303,#9FA8DA
2024-01-02,Kittitas County,XBB.1.16,211.22268960000002,143520,0.00147173,#4527A0
2024-01-02,Kittitas County,XBB.1.16.1,0.0,143520,0.0,#F89B9B
2024-01-02,Kittitas County,XBB.1.16.15,190.3132608,143520,0.00132604,#E3B5FA
2024-01-02,Kittitas County,XBB.1.16.6,0.0,143520,0.0,#5AA350
2024-01-02,Kittitas County,XBB.1.42.1,8172.760752,143520,0.0569451,#75D1A3
2024-01-02,Kittitas County,XBB.1.5,536.291184,143520,0.0037367000000000004,#3F51B5
2024-01-02,Kittitas County,XBB.1.5.70,0.0,143520,0.0,#46783C
2024-01-02,Kittitas County,XBB.1.5.72,0.0,143520,0.0,#254220
2024-01-02,Kittitas County,XBB.1.9.1,3316.4702064000003,143520,0.02310807,#304FFE
2024-01-02,Kittitas County,XBB.1.9.2,361.2484512,143520,0.00251706,#536DFE
2024-01-02,Kittitas County,XBB.2.3,0.0,143520,0.0,#F7BCDF
2024-01-02,Kittitas County,XDP,0.0,143520,0.0,#B60052
2024-01-02,Kittitas County,XDV.1,0.0,143520,0.0,#D367B6
2024-01-02,Kittitas County,unreportable,5964.2477232,143520,0.04155691,#eeeeee
2024-01-02,Okanogan County,BA.2,0.0,927810,0.0,#9CCD67
2024-01-02,Okanogan County,BA.2.12.1,0.0,927810,0.0,#7CB342
2024-01-02,Okanogan County,BA.2.86,51682.078773,927810,0.055703300000000004,#D770EE
2024-01-02,Okanogan County,EG.5,899.3076768,927810,0.00096928,#FFBE7D
2024-01-02,Okanogan County,EG.5.1.8,207371.4451497,927810,0.22350637,#E14D6F
2024-01-02,Okanogan County,EG.6.1,0.0,927810,0.0,#B9ABA8
2024-01-02,Okanogan County,FE.1.1,0.0,927810,0.0,#499894
2024-01-02,Okanogan County,FL.1.5.1,0.0,927810,0.0,#8CD17D
2024-01-02,Okanogan County,GE.1,0.0,927810,0.0,#FABFD2
2024-01-02,Okanogan County,GK.1.1,0.0,927810,0.0,#90FAE5
2024-01-02,Okanogan County,HF.1,0.0,927810,0.0,#D399AD
2024-01-02,Okanogan County,HK.3,780.0284232,927810,0.00084072,#859DBC
2024-01-02,Okanogan County,HV.1,0.0,927810,0.0,#797765
2024-01-02,Okanogan County,JD.1.1,0.0,927810,0.0,#80F192
2024-01-02,Okanogan County,JF.1,16461.7709841,927810,0.01774261,#FFF1A9
2024-01-02,Okanogan County,JG.3,121104.5156568,927810,0.13052728,#66A172
2024-01-02,Okanogan County,JN.1,359698.5487017,927810,0.38768557,#61018F
2024-01-02,Okanogan County,JN.1.11.1,0.0,927810,0.0,#5C9CF1
2024-01-02,Okanogan County,JN.1.13,0.0,927810,0.0,#E83C78
2024-01-02,Okanogan County,JN.1.13.1,0.0,927810,0.0,#F2591C
2024-01-02,Okanogan County,JN.1.16,0.0,927810,0.0,#BC3A88
2024-01-02,Okanogan County,JN.1.16.1,0.0,927810,0.0,#366298
2024-01-02,Okanogan County,JN.1.18,0.0,927810,0.0,#4AF32F
2024-01-02,Okanogan County,JN.1.32,0.0,927810,0.0,#2E7919
2024-01-02,Okanogan County,JN.1.4.3,0.0,927810,0.0,#9D1010
2024-01-02,Okanogan County,JN.1.7,0.0,927810,0.0,#CF15E8
2024-01-02,Okanogan County,JN.1.8.1,0.0,927810,0.0,#FFB027
2024-01-02,Okanogan County,KP.1.1,0.0,927810,0.0,#CBFF86
2024-01-02,Okanogan County,KP.1.1.3,0.0,927810,0.0,#1EB3B6
2024-01-02,Okanogan County,KP.1.2,0.0,927810,0.0,#D7B5A6
2024-01-02,Okanogan County,KP.2,0.0,927810,0.0,#5875A1
2024-01-02,Okanogan County,KP.2.15,0.0,927810,0.0,#175DFF
2024-01-02,Okanogan County,KP.2.3,0.0,927810,0.0,#628DE8
2024-01-02,Okanogan County,KP.3,0.0,927810,0.0,#B06589
2024-01-02,Okanogan County,KP.3.1.1,0.0,927810,0.0,#2F92A1
2024-01-02,Okanogan County,KP.4.1,0.0,927810,0.0,#FF473A
2024-01-02,Okanogan County,KQ.1,0.0,927810,0.0,#E86CDE
2024-01-02,Okanogan County,KV.2,0.0,927810,0.0,#E14365
2024-01-02,Okanogan County,KW.1.1,0.0,927810,0.0,#34A0FF
2024-01-02,Okanogan County,LB.1,0.0,927810,0.0,#795653
2024-01-02,Okanogan County,Recombinant,0.0,927810,0.0,#FF0000
2024-01-02,Okanogan County,XBB,2467.4550264,927810,0.00265944,#9FA8DA
2024-01-02,Okanogan County,XBB.1.16,13983.9894324,927810,0.01507204,#4527A0
2024-01-02,Okanogan County,XBB.1.16.1,0.0,927810,0.0,#F89B9B
2024-01-02,Okanogan County,XBB.1.16.15,0.0,927810,0.0,#E3B5FA
2024-01-02,Okanogan County,XBB.1.16.6,0.0,927810,0.0,#5AA350
2024-01-02,Okanogan County,XBB.1.42.1,0.0,927810,0.0,#75D1A3
2024-01-02,Okanogan County,XBB.1.5,0.0,927810,0.0,#3F51B5
2024-01-02,Okanogan County,XBB.1.5.70,0.0,927810,0.0,#46783C
2024-01-02,Okanogan County,XBB.1.5.72,0.0,927810,0.0,#254220
2024-01-02,Okanogan County,XBB.1.9.1,116138.245626,927810,0.1251746,#304FFE
2024-01-02,Okanogan County,XBB.1.9.2,0.0,927810,0.0,#536DFE
2024-01-02,Okanogan County,XBB.2.3,0.0,927810,0.0,#F7BCDF
2024-01-02,Okanogan County,XDP,0.0,927810,0.0,#B60052
2024-01-02,Okanogan County,XDV.1,0.0,927810,0.0,#D367B6
2024-01-02,Okanogan County,unreportable,37222.623828,927810,0.0401188,#eeeeee
2024-01-02,Pierce County,BA.2,0.0,1013026,0.0,#9CCD67
2024-01-02,Pierce County,BA.2.12.1,0.0,1013026,0.0,#7CB342
2024-01-02,Pierce County,BA.2.86,15090.804928809997,1013026,0.014896759736482575,#D770EE
2024-01-02,Pierce County,EG.5,67395.86541099001,1013026,0.06652925533104778,#FFBE7D
2024-01-02,Pierce County,EG.5.1.8,44382.59258397,1013026,0.043811898790327194,#E14D6F
2024-01-02,Pierce County,EG.6.1,0.0,1013026,0.0,#B9ABA8
2024-01-02,Pierce County,FE.1.1,0.0,1013026,0.0,#499894
2024-01-02,Pierce County,FL.1.5.1,0.0,1013026,0.0,#8CD17D
2024-01-02,Pierce County,GE.1,0.0,1013026,0.0,#FABFD2
2024-01-02,Pierce County,GK.1.1,0.0,1013026,0.0,#90FAE5
2024-01-02,Pierce County,HF.1,0.0,1013026,0.0,#D399AD
2024-01-02,Pierce County,HK.3,0.0,1013026,0.0,#859DBC
2024-01-02,Pierce County,HV.1,86056.76877257,1013026,0.08495020737135078,#797765
2024-01-02,Pierce County,JD.1.1,1789.65609875,1013026,0.001766643796654775,#80F192
2024-01-02,Pierce County,JF.1,1272.30037896,1013026,0.001255940498032627,#FFF1A9
2024-01-02,Pierce County,JG.3,190.06243978,1013026,0.00018761852092641257,#66A172
2024-01-02,Pierce County,JN.1,756269.54536161,1013026,0.7465450495462209,#61018F
2024-01-02,Pierce County,JN.1.11.1,0.0,1013026,0.0,#5C9CF1
2024-01-02,Pierce County,JN.1.13,0.0,1013026,0.0,#E83C78
2024-01-02,Pierce County,JN.1.13.1,0.0,1013026,0.0,#F2591C
2024-01-02,Pierce County,JN.1.16,0.0,1013026,0.0,#BC3A88
2024-01-02,Pierce County,JN.1.16.1,0.0,1013026,0.0,#366298
2024-01-02,Pierce County,JN.1.18,0.0,1013026,0.0,#4AF32F
2024-01-02,Pierce County,JN.1.32,0.0,1013026,0.0,#2E7919
2024-01-02,Pierce County,JN.1.4.3,0.0,1013026,0.0,#9D1010
2024-01-02,Pierce County,JN.1.7,0.0,1013026,0.0,#CF15E8
2024-01-02,Pierce County,JN.1.8.1,0.0,1013026,0.0,#FFB027
2024-01-02,Pierce County,KP.1.1,0.0,1013026,0.0,#CBFF86
2024-01-02,Pierce County,KP.1.1.3,0.0,1013026,0.0,#1EB3B6
2024-01-02,Pierce County,KP.1.2,0.0,1013026,0.0,#D7B5A6
2024-01-02,Pierce County,KP.2,0.0,1013026,0.0,#5875A1
2024-01-02,Pierce County,KP.2.15,0.0,1013026,0.0,#175DFF
2024-01-02,Pierce County,KP.2.3,0.0,1013026,0.0,#628DE8
2024-01-02,Pierce County,KP.3,0.0,1013026,0.0,#B06589
2024-01-02,Pierce County,KP.3.1.1,0.0,1013026,0.0,#2F92A1
2024-01-02,Pierce County,KP.4.1,0.0,1013026,0.0,#FF473A
2024-01-02,Pierce County,KQ.1,0.0,1013026,0.0,#E86CDE
2024-01-02,Pierce County,KV.2,0.0,1013026,0.0,#E14365
2024-01-02,Pierce County,KW.1.1,0.0,1013026,0.0,#34A0FF
2024-01-02,Pierce County,LB.1,0.0,1013026,0.0,#795653
2024-01-02,Pierce County,Recombinant,19675.493085940005,1013026,0.01942249565750534,#FF0000
2024-01-02,Pierce County,XBB,0.0,1013026,0.0,#9FA8DA
2024-01-02,Pierce County,XBB.1.16,0.0,1013026,0.0,#4527A0
2024-01-02,Pierce County,XBB.1.16.1,0.0,1013026,0.0,#F89B9B
2024-01-02,Pierce County,XBB.1.16.15,0.0,1013026,0.0,#E3B5FA
2024-01-02,Pierce County,XBB.1.16.6,0.0,1013026,0.0,#5AA350
2024-01-02,Pierce County,XBB.1.42.1,0.0,1013026,0.0,#75D1A3
2024-01-02,Pierce County,XBB.1.5,0.0,1013026,0.0,#3F51B5
2024-01-02,Pierce County,XBB.1.5.70,0.0,1013026,0.0,#46783C
2024-01-02,Pierce County,XBB.1.5.72,0.0,1013026,0.0,#254220
2024-01-02,Pierce County,XBB.1.9.1,49.11053031,1013026,4.847904230493591e-05,#304FFE
2024-01-02,Pierce County,XBB.1.9.2,1153.8673599,1013026,0.0011390303505536877,#536DFE
2024-01-02,Pierce County,XBB.2.3,0.0,1013026,0.0,#F7BCDF
2024-01-02,Pierce County,XDP,0.0,1013026,0.0,#B60052
2024-01-02,Pierce County,XDV.1,0.0,1013026,0.0,#D367B6
2024-01-02,Pierce County,unreportable,19699.94248628,1013026,0.019446630675106068,#eeeeee
2024-01-02,Spokane County,BA.2,0.0,713850,0.0,#9CCD67
2024-01-02,Spokane County,BA.2.12.1,0.0,713850,0.0,#7CB342
2024-01-02,Spokane County,BA.2.86,8303.560308,713850,0.01163208,#D770EE
2024-01-02,Spokane County,EG.5,27740.817772500002,713850,0.03886085,#FFBE7D
2024-01-02,Spokane County,EG.5.1.8,696.4249215,713850,0.00097559,#E14D6F
2024-01-02,Spokane County,EG.6.1,0.0,713850,0.0,#B9ABA8
2024-01-02,Spokane County,FE.1.1,0.0,713850,0.0,#499894
2024-01-02,Spokane County,FL.1.5.1,0.0,713850,0.0,#8CD17D
2024-01-02,Spokane County,GE.1,0.0,713850,0.0,#FABFD2
2024-01-02,Spokane County,GK.1.1,0.0,713850,0.0,#90FAE5
2024-01-02,Spokane County,HF.1,0.0,713850,0.0,#D399AD
2024-01-02,Spokane County,HK.3,0.0,713850,0.0,#859DBC
2024-01-02,Spokane County,HV.1,57980.446054500004,713850,0.08122217000000001,#797765
2024-01-02,Spokane County,JD.1.1,0.0,713850,0.0,#80F192
2024-01-02,Spokane County,JF.1,0.0,713850,0.0,#FFF1A9
2024-01-02,Spokane County,JG.3,0.0,713850,0.0,#66A172
2024-01-02,Spokane County,JN.1,503541.3166005,713850,0.70538813,#61018F
2024-01-02,Spokane County,JN.1.11.1,0.0,713850,0.0,#5C9CF1
2024-01-02,Spokane County,JN.1.13,0.0,713850,0.0,#E83C78
2024-01-02,Spokane County,JN.1.13.1,0.0,713850,0.0,#F2591C
2024-01-02,Spokane County,JN.1.16,0.0,713850,0.0,#BC3A88
2024-01-02,Spokane County,JN.1.16.1,0.0,713850,0.0,#366298
2024-01-02,Spokane County,JN.1.18,0.0,713850,0.0,#4AF32F
2024-01-02,Spokane County,JN.1.32,0.0,713850,0.0,#2E7919
2024-01-02,Spokane County,JN.1.4.3,0.0,713850,0.0,#9D1010
2024-01-02,Spokane County,JN.1.7,0.0,713850,0.0,#CF15E8
2024-01-02,Spokane County,JN.1.8.1,0.0,713850,0.0,#FFB027
2024-01-02,Spokane County,KP.1.1,0.0,713850,0.0,#CBFF86
2024-01-02,Spokane County,KP.1.1.3,0.0,713850,0.0,#1EB3B6
2024-01-02,Spokane County,KP.1.2,0.0,713850,0.0,#D7B5A6
2024-01-02,Spokane County,KP.2,0.0,713850,0.0,#5875A1
2024-01-02,Spokane County,KP.2.15,0.0,713850,0.0,#175DFF
2024-01-02,Spokane County,KP.2.3,0.0,713850,0.0,#628DE8
2024-01-02,Spokane County,KP.3,0.0,713850,0.0,#B06589
2024-01-02,Spokane County,KP.3.1.1,0.0,713850,0.0,#2F92A1
2024-01-02,Spokane County,KP.4.1,0.0,713850,0.0,#FF473A
2024-01-02,Spokane County,KQ.1,0.0,713850,0.0,#E86CDE
2024-01-02,Spokane County,KV.2,0.0,713850,0.0,#E14365
2024-01-02,Spokane County,KW.1.1,0.0,713850,0.0,#34A0FF
2024-01-02,Spokane County,LB.1,0.0,713850,0.0,#795653
2024-01-02,Spokane County,Recombinant,86212.5996435,713850,0.12077130999999999,#FF0000
2024-01-02,Spokane County,XBB,0.0,713850,0.0,#9FA8DA
2024-01-02,Spokane County,XBB.1.16,0.0,713850,0.0,#4527A0
2024-01-02,Spokane County,XBB.1.16.1,0.0,713850,0.0,#F89B9B
2024-01-02,Spokane County,XBB.1.16.15,0.0,713850,0.0,#E3B5FA
2024-01-02,Spokane County,XBB.1.16.6,0.0,713850,0.0,#5AA350
2024-01-02,Spokane County,XBB.1.42.1,0.0,713850,0.0,#75D1A3
2024-01-02,Spokane County,XBB.1.5,0.0,713850,0.0,#3F51B5
2024-01-02,Spokane County,XBB.1.5.70,0.0,713850,0.0,#46783C
2024-01-02,Spokane County,XBB.1.5.72,0.0,713850,0.0,#254220
2024-01-02,Spokane County,XBB.1.9.1,1568.956638,713850,0.00219788,#304FFE
2024-01-02,Spokane County,XBB.1.9.2,1564.116735,713850,0.0021911,#536DFE
2024-01-02,Spokane County,XBB.2.3,0.0,713850,0.0,#F7BCDF
2024-01-02,Spokane County,XDP,0.0,713850,0.0,#B60052
2024-01-02,Spokane County,XDV.1,0.0,713850,0.0,#D367B6
2024-01-02,Spokane County,unreportable,26241.754188000003,713850,0.03676088,#eeeeee
2024-01-02,Thurston County,BA.2,0.0,166384,0.0,#9CCD67
2024-01-02,Thurston County,BA.2.12.1,0.0,166384,0.0,#7CB342
2024-01-02,Thurston County,BA.2.86,11557.078830079998,166384,0.06946027761130877,#D770EE
2024-01-02,Thurston County,EG.5,10865.30646048,166384,0.0653025919588422,#FFBE7D
2024-01-02,Thurston County,EG.5.1.8,90.65195775999999,166384,0.0005448357880565439,#E14D6F
2024-01-02,Thurston County,EG.6.1,0.0,166384,0.0,#B9ABA8
2024-01-02,Thurston County,FE.1.1,0.0,166384,0.0,#499894
2024-01-02,Thurston County,FL.1.5.1,0.0,166384,0.0,#8CD17D
2024-01-02,Thurston County,GE.1,0.0,166384,0.0,#FABFD2
2024-01-02,Thurston County,GK.1.1,0.0,166384,0.0,#90FAE5
2024-01-02,Thurston County,HF.1,0.0,166384,0.0,#D399AD
2024-01-02,Thurston County,HK.3,0.0,166384,0.0,#859DBC
2024-01-02,Thurston County,HV.1,19345.37530848,166384,0.11626944482931052,#797765
2024-01-02,Thurston County,JD.1.1,0.0,166384,0.0,#80F192
2024-01-02,Thurston County,JF.1,0.0,166384,0.0,#FFF1A9
2024-01-02,Thurston County,JG.3,4312.34420864,166384,0.025918022217520917,#66A172
2024-01-02,Thurston County,JN.1,104394.82633328001,166384,0.6274330845110108,#61018F
2024-01-02,Thurston County,JN.1.11.1,0.0,166384,0.0,#5C9CF1
2024-01-02,Thurston County,JN.1.13,0.0,166384,0.0,#E83C78
2024-01-02,Thurston County,JN.1.13.1,0.0,166384,0.0,#F2591C
2024-01-02,Thurston County,JN.1.16,0.0,166384,0.0,#BC3A88
2024-01-02,Thurston County,JN.1.16.1,0.0,166384,0.0,#366298
2024-01-02,Thurston County,JN.1.18,0.0,166384,0.0,#4AF32F
2024-01-02,Thurston County,JN.1.32,0.0,166384,0.0,#2E7919
2024-01-02,Thurston County,JN.1.4.3,0.0,166384,0.0,#9D1010
2024-01-02,Thurston County,JN.1.7,0.0,166384,0.0,#CF15E8
2024-01-02,Thurston County,JN.1.8.1,0.0,166384,0.0,#FFB027
2024-01-02,Thurston County,KP.1.1,0.0,166384,0.0,#CBFF86
2024-01-02,Thurston County,KP.1.1.3,0.0,166384,0.0,#1EB3B6
2024-01-02,Thurston County,KP.1.2,0.0,166384,0.0,#D7B5A6
2024-01-02,Thurston County,KP.2,0.0,166384,0.0,#5875A1
2024-01-02,Thurston County,KP.2.15,0.0,166384,0.0,#175DFF
2024-01-02,Thurston County,KP.2.3,0.0,166384,0.0,#628DE8
2024-01-02,Thurston County,KP.3,0.0,166384,0.0,#B06589
2024-01-02,Thurston County,KP.3.1.1,0.0,166384,0.0,#2F92A1
2024-01-02,Thurston County,KP.4.1,0.0,166384,0.0,#FF473A
2024-01-02,Thurston County,KQ.1,0.0,166384,0.0,#E86CDE
2024-01-02,Thurston County,KV.2,0.0,166384,0.0,#E14365
2024-01-02,Thurston County,KW.1.1,0.0,166384,0.0,#34A0FF
2024-01-02,Thurston County,LB.1,0.0,166384,0.0,#795653
2024-01-02,Thurston County,Recombinant,4276.3207680000005,166384,0.025701514376382347,#FF0000
2024-01-02,Thurston County,XBB,292.69936896,166384,0.0017591797826714108,#9FA8DA
2024-01-02,Thurston County,XBB.1.16,0.0,166384,0.0,#4527A0
2024-01-02,Thurston County,XBB.1.16.1,0.0,166384,0.0,#F89B9B
2024-01-02,Thurston County,XBB.1.16.15,0.0,166384,0.0,#E3B5FA
2024-01-02,Thurston County,XBB.1.16.6,0.0,166384,0.0,#5AA350
2024-01-02,Thurston County,XBB.1.42.1,0.0,166384,0.0,#75D1A3
2024-01-02,Thurston County,XBB.1.5,134.37876608000002,166384,0.0008076423579190308,#3F51B5
2024-01-02,Thurston County,XBB.1.5.70,0.0,166384,0.0,#46783C
2024-01-02,Thurston County,XBB.1.5.72,0.0,166384,0.0,#254220
2024-01-02,Thurston County,XBB.1.9.1,3208.4152672,166384,0.019283195903452253,#304FFE
2024-01-02,Thurston County,XBB.1.9.2,1175.48681328,166384,0.007064902955091836,#536DFE
2024-01-02,Thurston County,XBB.2.3,0.0,166384,0.0,#F7BCDF
2024-01-02,Thurston County,XDP,0.0,166384,0.0,#B60052
2024-01-02,Thurston County,XDV.1,0.0,166384,0.0,#D367B6
2024-01-02,Thurston County,unreportable,6731.11651648,166384,0.04045531130685643,#eeeeee
2024-01-02,Walla Walla County,BA.2,0.0,551552,0.0,#9CCD67
2024-01-02,Walla Walla County,BA.2.12.1,0.0,551552,0.0,#7CB342
2024-01-02,Walla Walla County,BA.2.86,14031.466333440001,551552,0.025439970000000003,#D770EE
2024-01-02,Walla Walla County,EG.5,0.0,551552,0.0,#FFBE7D
2024-01-02,Walla Walla County,EG.5.1.8,0.0,551552,0.0,#E14D6F
2024-01-02,Walla Walla County,EG.6.1,0.0,551552,0.0,#B9ABA8
2024-01-02,Walla Walla County,FE.1.1,0.0,551552,0.0,#499894
2024-01-02,Walla Walla County,FL.1.5.1,0.0,551552,0.0,#8CD17D
2024-01-02,Walla Walla County,GE.1,0.0,551552,0.0,#FABFD2
2024-01-02,Walla Walla County,GK.1.1,0.0,551552,0.0,#90FAE5
2024-01-02,Walla Walla County,HF.1,0.0,551552,0.0,#D399AD
2024-01-02,Walla Walla County,HK.3,0.0,551552,0.0,#859DBC
2024-01-02,Walla Walla County,HV.1,2166.95404416,551552,0.00392883,#797765
2024-01-02,Walla Walla County,JD.1.1,27696.801418239997,551552,0.050216119999999996,#80F192
2024-01-02,Walla Walla County,JF.1,0.0,551552,0.0,#FFF1A9
2024-01-02,Walla Walla County,JG.3,0.0,551552,0.0,#66A172
2024-01-02,Walla Walla County,JN.1,429451.94434816,551552,0.77862458,#61018F
2024-01-02,Walla Walla County,JN.1.11.1,0.0,551552,0.0,#5C9CF1
2024-01-02,Walla Walla County,JN.1.13,0.0,551552,0.0,#E83C78
2024-01-02,Walla Walla County,JN.1.13.1,0.0,551552,0.0,#F2591C
2024-01-02,Walla Walla County,JN.1.16,0.0,551552,0.0,#BC3A88
2024-01-02,Walla Walla County,JN.1.16.1,0.0,551552,0.0,#366298
2024-01-02,Walla Walla County,JN.1.18,0.0,551552,0.0,#4AF32F
2024-01-02,Walla Walla County,JN.1.32,0.0,551552,0.0,#2E7919
2024-01-02,Walla Walla County,JN.1.4.3,0.0,551552,0.0,#9D1010
2024-01-02,Walla Walla County,JN.1.7,0.0,551552,0.0,#CF15E8
2024-01-02,Walla Walla County,JN.1.8.1,0.0,551552,0.0,#FFB027
2024-01-02,Walla Walla County,KP.1.1,0.0,551552,0.0,#CBFF86
2024-01-02,Walla Walla County,KP.1.1.3,0.0,551552,0.0,#1EB3B6
2024-01-02,Walla Walla County,KP.1.2,0.0,551552,0.0,#D7B5A6
2024-01-02,Walla Walla County,KP.2,0.0,551552,0.0,#5875A1
2024-01-02,Walla Walla County,KP.2.15,0.0,551552,0.0,#175DFF
2024-01-02,Walla Walla County,KP.2.3,0.0,551552,0.0,#628DE8
2024-01-02,Walla Walla County,KP.3,0.0,551552,0.0,#B06589
2024-01-02,Walla Walla County,KP.3.1.1,0.0,551552,0.0,#2F92A1
2024-01-02,Walla Walla County,KP.4.1,0.0,551552,0.0,#FF473A
2024-01-02,Walla Walla County,KQ.1,0.0,551552,0.0,#E86CDE
2024-01-02,Walla Walla County,KV.2,0.0,551552,0.0,#E14365
2024-01-02,Walla Walla County,KW.1.1,0.0,551552,0.0,#34A0FF
2024-01-02,Walla Walla County,LB.1,0.0,551552,0.0,#795653
2024-01-02,Walla Walla County,Recombinant,43636.10818176,551552,0.07911512999999999,#FF0000
2024-01-02,Walla Walla County,XBB,0.0,551552,0.0,#9FA8DA
2024-01-02,Walla Walla County,XBB.1.16,0.0,551552,0.0,#4527A0
2024-01-02,Walla Walla County,XBB.1.16.1,0.0,551552,0.0,#F89B9B
2024-01-02,Walla Walla County,XBB.1.16.15,0.0,551552,0.0,#E3B5FA
2024-01-02,Walla Walla County,XBB.1.16.6,0.0,551552,0.0,#5AA350
2024-01-02,Walla Walla County,XBB.1.42.1,0.0,551552,0.0,#75D1A3
2024-01-02,Walla Walla County,XBB.1.5,6372.339485439999,551552,0.01155347,#3F51B5
2024-01-02,Walla Walla County,XBB.1.5.70,0.0,551552,0.0,#46783C
2024-01-02,Walla Walla County,XBB.1.5.72,0.0,551552,0.0,#254220
2024-01-02,Walla Walla County,XBB.1.9.1,12116.356448,551552,0.02196775,#304FFE
2024-01-02,Walla Walla County,XBB.1.9.2,0.0,551552,0.0,#536DFE
2024-01-02,Walla Walla County,XBB.2.3,0.0,551552,0.0,#F7BCDF
2024-01-02,Walla Walla County,XDP,0.0,551552,0.0,#B60052
2024-01-02,Walla Walla County,XDV.1,0.0,551552,0.0,#D367B6
2024-01-02,Walla Walla County,unreportable,16080.02422528,551552,0.02915414,#eeeeee
2024-01-02,Whitman County,BA.2,0.0,245487,0.0,#9CCD67
2024-01-02,Whitman County,BA.2.12.1,0.0,245487,0.0,#7CB342
2024-01-02,Whitman County,BA.2.86,1899.13161966,245487,0.0077361800000000005,#D770EE
2024-01-02,Whitman County,EG.5,0.0,245487,0.0,#FFBE7D
2024-01-02,Whitman County,EG.5.1.8,0.0,245487,0.0,#E14D6F
2024-01-02,Whitman County,EG.6.1,0.0,245487,0.0,#B9ABA8
2024-01-02,Whitman County,FE.1.1,0.0,245487,0.0,#499894
2024-01-02,Whitman County,FL.1.5.1,32003.56575042,245487,0.13036766,#8CD17D
2024-01-02,Whitman County,GE.1,0.0,245487,0.0,#FABFD2
2024-01-02,Whitman County,GK.1.1,0.0,245487,0.0,#90FAE5
2024-01-02,Whitman County,HF.1,0.0,245487,0.0,#D399AD
2024-01-02,Whitman County,HK.3,0.0,245487,0.0,#859DBC
2024-01-02,Whitman County,HV.1,0.0,245487,0.0,#797765
2024-01-02,Whitman County,JD.1.1,0.0,245487,0.0,#80F192
2024-01-02,Whitman County,JF.1,0.0,245487,0.0,#FFF1A9
2024-01-02,Whitman County,JG.3,0.0,245487,0.0,#66A172
2024-01-02,Whitman County,JN.1,189354.78951015,245487,0.77134345,#61018F
2024-01-02,Whitman County,JN.1.11.1,0.0,245487,0.0,#5C9CF1
2024-01-02,Whitman County,JN.1.13,0.0,245487,0.0,#E83C78
2024-01-02,Whitman County,JN.1.13.1,0.0,245487,0.0,#F2591C
2024-01-02,Whitman County,JN.1.16,0.0,245487,0.0,#BC3A88
2024-01-02,Whitman County,JN.1.16.1,0.0,245487,0.0,#366298
2024-01-02,Whitman County,JN.1.18,0.0,245487,0.0,#4AF32F
2024-01-02,Whitman County,JN.1.32,0.0,245487,0.0,#2E7919
2024-01-02,Whitman County,JN.1.4.3,0.0,245487,0.0,#9D1010
2024-01-02,Whitman County,JN.1.7,0.0,245487,0.0,#CF15E8
2024-01-02,Whitman County,JN.1.8.1,0.0,245487,0.0,#FFB027
2024-01-02,Whitman County,KP.1.1,0.0,245487,0.0,#CBFF86
2024-01-02,Whitman County,KP.1.1.3,0.0,245487,0.0,#1EB3B6
2024-01-02,Whitman County,KP.1.2,0.0,245487,0.0,#D7B5A6
2024-01-02,Whitman County,KP.2,0.0,245487,0.0,#5875A1
2024-01-02,Whitman County,KP.2.15,0.0,245487,0.0,#175DFF
2024-01-02,Whitman County,KP.2.3,0.0,245487,0.0,#628DE8
2024-01-02,Whitman County,KP.3,0.0,245487,0.0,#B06589
2024-01-02,Whitman County,KP.3.1.1,0.0,245487,0.0,#2F92A1
2024-01-02,Whitman County,KP.4.1,0.0,245487,0.0,#FF473A
2024-01-02,Whitman County,KQ.1,0.0,245487,0.0,#E86CDE
2024-01-02,Whitman County,KV.2,0.0,245487,0.0,#E14365
2024-01-02,Whitman County,KW.1.1,0.0,245487,0.0,#34A0FF
2024-01-02,Whitman County,LB.1,0.0,245487,0.0,#795653
2024-01-02,Whitman County,Recombinant,698.9014890000001,245487,0.002847,#FF0000
2024-01-02,Whitman County,XBB,0.0,245487,0.0,#9FA8DA
2024-01-02,Whitman County,XBB.1.16,0.0,245487,0.0,#4527A0
2024-01-02,Whitman County,XBB.1.16.1,0.0,245487,0.0,#F89B9B
2024-01-02,Whitman County,XBB.1.16.15,0.0,245487,0.0,#E3B5FA
2024-01-02,Whitman County,XBB.1.16.6,0.0,245487,0.0,#5AA350
2024-01-02,Whitman County,XBB.1.42.1,0.0,245487,0.0,#75D1A3
2024-01-02,Whitman County,XBB.1.5,0.0,245487,0.0,#3F51B5
2024-01-02,Whitman County,XBB.1.5.70,0.0,245487,0.0,#46783C
2024-01-02,Whitman County,XBB.1.5.72,0.0,245487,0.0,#254220
2024-01-02,Whitman County,XBB.1.9.1,13988.35741809,245487,0.056982069999999996,#304FFE
2024-01-02,Whitman County,XBB.1.9.2,301.13153829,245487,0.00122667,#536DFE
2024-01-02,Whitman County,XBB.2.3,0.0,245487,0.0,#F7BCDF
2024-01-02,Whitman County,XDP,0.0,245487,0.0,#B60052
2024-01-02,Whitman County,XDV.1,0.0,245487,0.0,#D367B6
2024-01-02,Whitman County,unreportable,7241.12758413,245487,0.02949699,#eeeeee
2024-01-02,Yakima County,BA.2,4972.8735264,1078100,0.004612627331787403,#9CCD67
2024-01-02,Yakima County,BA.2.12.1,487.70203200000003,1078100,0.00045237179482422783,#7CB342
2024-01-02,Yakima County,BA.2.86,17742.312353999998,1078100,0.01645701915777757,#D770EE
2024-01-02,Yakima County,EG.5,9826.931296,1078100,0.009115046188665245,#FFBE7D
2024-01-02,Yakima County,EG.5.1.8,17823.3918336,1078100,0.016532225056673778,#E14D6F
2024-01-02,Yakima County,EG.6.1,0.0,1078100,0.0,#B9ABA8
2024-01-02,Yakima County,FE.1.1,437.22100800000004,1078100,0.00040554773026620913,#499894
2024-01-02,Yakima County,FL.1.5.1,0.0,1078100,0.0,#8CD17D
2024-01-02,Yakima County,GE.1,0.0,1078100,0.0,#FABFD2
2024-01-02,Yakima County,GK.1.1,4273.7754576,1078100,0.003964173506724794,#90FAE5
2024-01-02,Yakima County,HF.1,2346.7960232,1078100,0.0021767888166218346,#D399AD
2024-01-02,Yakima County,HK.3,0.0,1078100,0.0,#859DBC
2024-01-02,Yakima County,HV.1,12161.9693052,1078100,0.011280928768388833,#797765
2024-01-02,Yakima County,JD.1.1,1733.1795744,1078100,0.0016076241298580837,#80F192
2024-01-02,Yakima County,JF.1,2400.480672,1078100,0.002226584428160653,#FFF1A9
2024-01-02,Yakima County,JG.3,567.5842031999999,1078100,0.0005264671210462851,#66A172
2024-01-02,Yakima County,JN.1,906443.603478,1078100,0.8407787807049439,#61018F
2024-01-02,Yakima County,JN.1.11.1,0.0,1078100,0.0,#5C9CF1
2024-01-02,Yakima County,JN.1.13,0.0,1078100,0.0,#E83C78
2024-01-02,Yakima County,JN.1.13.1,0.0,1078100,0.0,#F2591C
2024-01-02,Yakima County,JN.1.16,0.0,1078100,0.0,#BC3A88
2024-01-02,Yakima County,JN.1.16.1,0.0,1078100,0.0,#366298
2024-01-02,Yakima County,JN.1.18,0.0,1078100,0.0,#4AF32F
2024-01-02,Yakima County,JN.1.32,0.0,1078100,0.0,#2E7919
2024-01-02,Yakima County,JN.1.4.3,0.0,1078100,0.0,#9D1010
2024-01-02,Yakima County,JN.1.7,0.0,1078100,0.0,#CF15E8
2024-01-02,Yakima County,JN.1.8.1,0.0,1078100,0.0,#FFB027
2024-01-02,Yakima County,KP.1.1,0.0,1078100,0.0,#CBFF86
2024-01-02,Yakima County,KP.1.1.3,0.0,1078100,0.0,#1EB3B6
2024-01-02,Yakima County,KP.1.2,0.0,1078100,0.0,#D7B5A6
2024-01-02,Yakima County,KP.2,0.0,1078100,0.0,#5875A1
2024-01-02,Yakima County,KP.2.15,0.0,1078100,0.0,#175DFF
2024-01-02,Yakima County,KP.2.3,0.0,1078100,0.0,#628DE8
2024-01-02,Yakima County,KP.3,0.0,1078100,0.0,#B06589
2024-01-02,Yakima County,KP.3.1.1,0.0,1078100,0.0,#2F92A1
2024-01-02,Yakima County,KP.4.1,0.0,1078100,0.0,#FF473A
2024-01-02,Yakima County,KQ.1,0.0,1078100,0.0,#E86CDE
2024-01-02,Yakima County,KV.2,0.0,1078100,0.0,#E14365
2024-01-02,Yakima County,KW.1.1,0.0,1078100,0.0,#34A0FF
2024-01-02,Yakima County,LB.1,0.0,1078100,0.0,#795653
2024-01-02,Yakima County,Recombinant,974.3478768,1078100,0.000903763915035711,#FF0000
2024-01-02,Yakima County,XBB,2929.4988576,1078100,0.002717279341062981,#9FA8DA
2024-01-02,Yakima County,XBB.1.16,2236.7027256,1078100,0.00207467092625916,#4527A0
2024-01-02,Yakima County,XBB.1.16.1,0.0,1078100,0.0,#F89B9B
2024-01-02,Yakima County,XBB.1.16.15,0.0,1078100,0.0,#E3B5FA
2024-01-02,Yakima County,XBB.1.16.6,4023.3106175999997,1078100,0.0037318529056673774,#5AA350
2024-01-02,Yakima County,XBB.1.42.1,0.0,1078100,0.0,#75D1A3
2024-01-02,Yakima County,XBB.1.5,21375.2279088,1078100,0.019826758101103792,#3F51B5
2024-01-02,Yakima County,XBB.1.5.70,785.2869936,1078100,0.0007283990294035803,#46783C
2024-01-02,Yakima County,XBB.1.5.72,0.0,1078100,0.0,#254220
2024-01-02,Yakima County,XBB.1.9.1,0.0,1078100,0.0,#304FFE
2024-01-02,Yakima County,XBB.1.9.2,13636.826160200002,1078100,0.012648943660328357,#536DFE
2024-01-02,Yakima County,XBB.2.3,0.0,1078100,0.0,#F7BCDF
2024-01-02,Yakima County,XDP,0.0,1078100,0.0,#B60052
2024-01-02,Yakima County,XDV.1,0.0,1078100,0.0,#D367B6
2024-01-02,Yakima County,unreportable,50920.9814706,1078100,0.04723215051535108,#eeeeee
2024-01-09,Island County,BA.2,0.0,617169,0.0,#9CCD67
2024-01-09,Island County,BA.2.12.1,0.0,617169,0.0,#7CB342
2024-01-09,Island County,BA.2.86,21934.112199720003,617169,0.03553988,#D770EE
2024-01-09,Island County,EG.5,0.0,617169,0.0,#FFBE7D
2024-01-09,Island County,EG.5.1.8,0.0,617169,0.0,#E14D6F
2024-01-09,Island County,EG.6.1,0.0,617169,0.0,#B9ABA8
2024-01-09,Island County,FE.1.1,0.0,617169,0.0,#499894
2024-01-09,Island County,FL.1.5.1,0.0,617169,0.0,#8CD17D
2024-01-09,Island County,GE.1,0.0,617169,0.0,#FABFD2
2024-01-09,Island County,GK.1.1,0.0,617169,0.0,#90FAE5
2024-01-09,Island County,HF.1,0.0,617169,0.0,#D399AD
2024-01-09,Island County,HK.3,0.0,617169,0.0,#859DBC
2024-01-09,Island County,HV.1,0.0,617169,0.0,#797765
2024-01-09,Island County,JD.1.1,0.0,617169,0.0,#80F192
2024-01-09,Island County,JF.1,0.0,617169,0.0,#FFF1A9
2024-01-09,Island County,JG.3,0.0,617169,0.0,#66A172
2024-01-09,Island County,JN.1,357613.98531264,617169,0.57944256,#61018F
2024-01-09,Island County,JN.1.11.1,0.0,617169,0.0,#5C9CF1
2024-01-09,Island County,JN.1.13,0.0,617169,0.0,#E83C78
2024-01-09,Island County,JN.1.13.1,0.0,617169,0.0,#F2591C
2024-01-09,Island County,JN.1.16,0.0,617169,0.0,#BC3A88
2024-01-09,Island County,JN.1.16.1,42891.52359849,617169,0.06949721,#366298
2024-01-09,Island County,JN.1.18,166999.66713465002,617169,0.27058985,#4AF32F
2024-01-09,Island County,JN.1.32,0.0,617169,0.0,#2E7919
2024-01-09,Island County,JN.1.4.3,0.0,617169,0.0,#9D1010
2024-01-09,Island County,JN.1.7,10571.50631607,617169,0.01712903,#CF15E8
2024-01-09,Island County,JN.1.8.1,0.0,617169,0.0,#FFB027
2024-01-09,Island County,KP.1.1,0.0,617169,0.0,#CBFF86
2024-01-09,Island County,KP.1.1.3,0.0,617169,0.0,#1EB3B6
2024-01-09,Island County,KP.1.2,0.0,617169,0.0,#D7B5A6
2024-01-09,Island County,KP.2,0.0,617169,0.0,#5875A1
2024-01-09,Island County,KP.2.15,0.0,617169,0.0,#175DFF
2024-01-09,Island County,KP.2.3,0.0,617169,0.0,#628DE8
2024-01-09,Island County,KP.3,0.0,617169,0.0,#B06589
2024-01-09,Island County,KP.3.1.1,0.0,617169,0.0,#2F92A1
2024-01-09,Island County,KP.4.1,0.0,617169,0.0,#FF473A
2024-01-09,Island County,KQ.1,0.0,617169,0.0,#E86CDE
2024-01-09,Island County,KV.2,0.0,617169,0.0,#E14365
2024-01-09,Island County,KW.1.1,0.0,617169,0.0,#34A0FF
2024-01-09,Island County,LB.1,0.0,617169,0.0,#795653
2024-01-09,Island County,Recombinant,560.33390679,617169,0.00090791,#FF0000
2024-01-09,Island County,XBB,0.0,617169,0.0,#9FA8DA
2024-01-09,Island County,XBB.1.16,0.0,617169,0.0,#4527A0
2024-01-09,Island County,XBB.1.16.1,0.0,617169,0.0,#F89B9B
2024-01-09,Island County,XBB.1.16.15,0.0,617169,0.0,#E3B5FA
2024-01-09,Island County,XBB.1.16.6,0.0,617169,0.0,#5AA350
2024-01-09,Island County,XBB.1.42.1,0.0,617169,0.0,#75D1A3
2024-01-09,Island County,XBB.1.5,569.44949292,617169,0.00092268,#3F51B5
2024-01-09,Island County,XBB.1.5.70,0.0,617169,0.0,#46783C
2024-01-09,Island County,XBB.1.5.72,0.0,617169,0.0,#254220
2024-01-09,Island County,XBB.1.9.1,0.0,617169,0.0,#304FFE
2024-01-09,Island County,XBB.1.9.2,0.0,617169,0.0,#536DFE
2024-01-09,Island County,XBB.2.3,0.0,617169,0.0,#F7BCDF
2024-01-09,Island County,XDP,0.0,617169,0.0,#B60052
2024-01-09,Island County,XDV.1,0.0,617169,0.0,#D367B6
2024-01-09,Island County,unreportable,16028.42821041,617169,0.02597089,#eeeeee
2024-01-09,King County,BA.2,0.0,973611,0.0,#9CCD67
2024-01-09,King County,BA.2.12.1,0.0,973611,0.0,#7CB342
2024-01-09,King County,BA.2.86,56860.70305257,973611,0.05840187,#D770EE
2024-01-09,King County,EG.5,168503.80017267,973611,0.17307097,#FFBE7D
2024-01-09,King County,EG.5.1.8,0.0,973611,0.0,#E14D6F
2024-01-09,King County,EG.6.1,0.0,973611,0.0,#B9ABA8
2024-01-09,King County,FE.1.1,0.0,973611,0.0,#499894
2024-01-09,King County,FL.1.5.1,0.0,973611,0.0,#8CD17D
2024-01-09,King County,GE.1,0.0,973611,0.0,#FABFD2
2024-01-09,King County,GK.1.1,0.0,973611,0.0,#90FAE5
2024-01-09,King County,HF.1,0.0,973611,0.0,#D399AD
2024-01-09,King County,HK.3,4216.319796600001,973611,0.0043306,#859DBC
2024-01-09,King County,HV.1,0.0,973611,0.0,#797765
2024-01-09,King County,JD.1.1,0.0,973611,0.0,#80F192
2024-01-09,King County,JF.1,0.0,973611,0.0,#FFF1A9
2024-01-09,King County,JG.3,0.0,973611,0.0,#66A172
2024-01-09,King County,JN.1,371985.0233814,973611,0.3820674,#61018F
2024-01-09,King County,JN.1.11.1,0.0,973611,0.0,#5C9CF1
2024-01-09,King County,JN.1.13,286850.17008333,973611,0.29462503,#E83C78
2024-01-09,King County,JN.1.13.1,0.0,973611,0.0,#F2591C
2024-01-09,King County,JN.1.16,0.0,973611,0.0,#BC3A88
2024-01-09,King County,JN.1.16.1,0.0,973611,0.0,#366298
2024-01-09,King County,JN.1.18,0.0,973611,0.0,#4AF32F
2024-01-09,King County,JN.1.32,0.0,973611,0.0,#2E7919
2024-01-09,King County,JN.1.4.3,0.0,973611,0.0,#9D1010
2024-01-09,King County,JN.1.7,0.0,973611,0.0,#CF15E8
2024-01-09,King County,JN.1.8.1,0.0,973611,0.0,#FFB027
2024-01-09,King County,KP.1.1,0.0,973611,0.0,#CBFF86
2024-01-09,King County,KP.1.1.3,0.0,973611,0.0,#1EB3B6
2024-01-09,King County,KP.1.2,0.0,973611,0.0,#D7B5A6
2024-01-09,King County,KP.2,0.0,973611,0.0,#5875A1
2024-01-09,King County,KP.2.15,0.0,973611,0.0,#175DFF
2024-01-09,King County,KP.2.3,0.0,973611,0.0,#628DE8
2024-01-09,King County,KP.3,0.0,973611,0.0,#B06589
2024-01-09,King County,KP.3.1.1,0.0,973611,0.0,#2F92A1
2024-01-09,King County,KP.4.1,0.0,973611,0.0,#FF473A
2024-01-09,King County,KQ.1,0.0,973611,0.0,#E86CDE
2024-01-09,King County,KV.2,0.0,973611,0.0,#E14365
2024-01-09,King County,KW.1.1,0.0,973611,0.0,#34A0FF
2024-01-09,King County,LB.1,0.0,973611,0.0,#795653
2024-01-09,King County,Recombinant,64994.200666020006,973611,0.06675582000000001,#FF0000
2024-01-09,King County,XBB,0.0,973611,0.0,#9FA8DA
2024-01-09,King County,XBB.1.16,0.0,973611,0.0,#4527A0
2024-01-09,King County,XBB.1.16.1,0.0,973611,0.0,#F89B9B
2024-01-09,King County,XBB.1.16.15,0.0,973611,0.0,#E3B5FA
2024-01-09,King County,XBB.1.16.6,0.0,973611,0.0,#5AA350
2024-01-09,King County,XBB.1.42.1,0.0,973611,0.0,#75D1A3
2024-01-09,King County,XBB.1.5,0.0,973611,0.0,#3F51B5
2024-01-09,King County,XBB.1.5.70,0.0,973611,0.0,#46783C
2024-01-09,King County,XBB.1.5.72,0.0,973611,0.0,#254220
2024-01-09,King County,XBB.1.9.1,2211.070581,973611,0.002271,#304FFE
2024-01-09,King County,XBB.1.9.2,0.0,973611,0.0,#536DFE
2024-01-09,King County,XBB.2.3,0.0,973611,0.0,#F7BCDF
2024-01-09,King County,XDP,0.0,973611,0.0,#B60052
2024-01-09,King County,XDV.1,0.0,973611,0.0,#D367B6
2024-01-09,King County,unreportable,20692.18379133,973611,0.02125303,#eeeeee
2024-01-16,Island County,BA.2,0.0,617169,0.0,#9CCD67
2024-01-16,Island County,BA.2.12.1,0.0,617169,0.0,#7CB342
2024-01-16,Island County,BA.2.86,1267.3040821350003,617169,0.0020534150000000003,#D770EE
2024-01-16,Island County,EG.5,433.96238235000004,617169,0.00070315,#FFBE7D
2024-01-16,Island County,EG.5.1.8,4061.857657515,617169,0.006581435,#E14D6F
2024-01-16,Island County,EG.6.1,0.0,617169,0.0,#B9ABA8
2024-01-16,Island County,FE.1.1,0.0,617169,0.0,#499894
2024-01-16,Island County,FL.1.5.1,0.0,617169,0.0,#8CD17D
2024-01-16,Island County,GE.1,0.0,617169,0.0,#FABFD2
2024-01-16,Island County,GK.1.1,0.0,617169,0.0,#90FAE5
2024-01-16,Island County,HF.1,0.0,617169,0.0,#D399AD
2024-01-16,Island County,HK.3,0.0,617169,0.0,#859DBC
2024-01-16,Island County,HV.1,29316.03975027,617169,0.04750083,#797765
2024-01-16,Island County,JD.1.1,0.0,617169,0.0,#80F192
2024-01-16,Island County,JF.1,0.0,617169,0.0,#FFF1A9
2024-01-16,Island County,JG.3,0.0,617169,0.0,#66A172
2024-01-16,Island County,JN.1,519997.385705385,617169,0.842552665,#61018F
2024-01-16,Island County,JN.1.11.1,0.0,617169,0.0,#5C9CF1
2024-01-16,Island County,JN.1.13,0.0,617169,0.0,#E83C78
2024-01-16,Island County,JN.1.13.1,0.0,617169,0.0,#F2591C
2024-01-16,Island County,JN.1.16,38961.93451521,617169,0.06313009,#BC3A88
2024-01-16,Island County,JN.1.16.1,0.0,617169,0.0,#366298
2024-01-16,Island County,JN.1.18,0.0,617169,0.0,#4AF32F
2024-01-16,Island County,JN.1.32,0.0,617169,0.0,#2E7919
2024-01-16,Island County,JN.1.4.3,0.0,617169,0.0,#9D1010
2024-01-16,Island County,JN.1.7,0.0,617169,0.0,#CF15E8
2024-01-16,Island County,JN.1.8.1,0.0,617169,0.0,#FFB027
2024-01-16,Island County,KP.1.1,0.0,617169,0.0,#CBFF86
2024-01-16,Island County,KP.1.1.3,0.0,617169,0.0,#1EB3B6
2024-01-16,Island County,KP.1.2,0.0,617169,0.0,#D7B5A6
2024-01-16,Island County,KP.2,0.0,617169,0.0,#5875A1
2024-01-16,Island County,KP.2.15,0.0,617169,0.0,#175DFF
2024-01-16,Island County,KP.2.3,0.0,617169,0.0,#628DE8
2024-01-16,Island County,KP.3,0.0,617169,0.0,#B06589
2024-01-16,Island County,KP.3.1.1,0.0,617169,0.0,#2F92A1
2024-01-16,Island County,KP.4.1,0.0,617169,0.0,#FF473A
2024-01-16,Island County,KQ.1,0.0,617169,0.0,#E86CDE
2024-01-16,Island County,KV.2,795.1451103750001,617169,0.001288375,#E14365
2024-01-16,Island County,KW.1.1,0.0,617169,0.0,#34A0FF
2024-01-16,Island County,LB.1,0.0,617169,0.0,#795653
2024-01-16,Island County,Recombinant,0.0,617169,0.0,#FF0000
2024-01-16,Island County,XBB,972.68303076,617169,0.00157604,#9FA8DA
2024-01-16,Island County,XBB.1.16,0.0,617169,0.0,#4527A0
2024-01-16,Island County,XBB.1.16.1,0.0,617169,0.0,#F89B9B
2024-01-16,Island County,XBB.1.16.15,0.0,617169,0.0,#E3B5FA
2024-01-16,Island County,XBB.1.16.6,0.0,617169,0.0,#5AA350
2024-01-16,Island County,XBB.1.42.1,0.0,617169,0.0,#75D1A3
2024-01-16,Island County,XBB.1.5,0.0,617169,0.0,#3F51B5
2024-01-16,Island County,XBB.1.5.70,0.0,617169,0.0,#46783C
2024-01-16,Island County,XBB.1.5.72,0.0,617169,0.0,#254220
2024-01-16,Island County,XBB.1.9.1,1432.804121175,617169,0.002321575,#304FFE
2024-01-16,Island County,XBB.1.9.2,0.0,617169,0.0,#536DFE
2024-01-16,Island County,XBB.2.3,0.0,617169,0.0,#F7BCDF
2024-01-16,Island County,XDP,0.0,617169,0.0,#B60052
2024-01-16,Island County,XDV.1,0.0,617169,0.0,#D367B6
2024-01-16,Island County,unreportable,19929.889816515002,617169,0.032292435,#eeeeee
2024-01-16,King County,BA.2,0.0,973611,0.0,#9CCD67
2024-01-16,King County,BA.2.12.1,0.0,973611,0.0,#7CB342
2024-01-16,King County,BA.2.86,22352.52157407,973611,0.02295837,#D770EE
2024-01-16,King County,EG.5,75602.00406653999,973611,0.07765113999999998,#FFBE7D
2024-01-16,King County,EG.5.1.8,16948.22110749,973611,0.01740759,#E14D6F
2024-01-16,King County,EG.6.1,0.0,973611,0.0,#B9ABA8
2024-01-16,King County,FE.1.1,0.0,973611,0.0,#499894
2024-01-16,King County,FL.1.5.1,0.0,973611,0.0,#8CD17D
2024-01-16,King County,GE.1,0.0,973611,0.0,#FABFD2
2024-01-16,King County,GK.1.1,0.0,973611,0.0,#90FAE5
2024-01-16,King County,HF.1,0.0,973611,0.0,#D399AD
2024-01-16,King County,HK.3,75602.00406653999,973611,0.07765113999999998,#859DBC
2024-01-16,King County,HV.1,0.0,973611,0.0,#797765
2024-01-16,King County,JD.1.1,0.0,973611,0.0,#80F192
2024-01-16,King County,JF.1,0.0,973611,0.0,#FFF1A9
2024-01-16,King County,JG.3,0.0,973611,0.0,#66A172
2024-01-16,King County,JN.1,776197.9339182,973611,0.7972362,#61018F
2024-01-16,King County,JN.1.11.1,0.0,973611,0.0,#5C9CF1
2024-01-16,King County,JN.1.13,0.0,973611,0.0,#E83C78
2024-01-16,King County,JN.1.13.1,0.0,973611,0.0,#F2591C
2024-01-16,King County,JN.1.16,0.0,973611,0.0,#BC3A88
2024-01-16,King County,JN.1.16.1,1448.41187637,973611,0.0014876700000000002,#366298
2024-01-16,King County,JN.1.18,1782.60385212,973611,0.00183092,#4AF32F
2024-01-16,King County,JN.1.32,0.0,973611,0.0,#2E7919
2024-01-16,King County,JN.1.4.3,0.0,973611,0.0,#9D1010
2024-01-16,King County,JN.1.7,0.0,973611,0.0,#CF15E8
2024-01-16,King County,JN.1.8.1,0.0,973611,0.0,#FFB027
2024-01-16,King County,KP.1.1,0.0,973611,0.0,#CBFF86
2024-01-16,King County,KP.1.1.3,0.0,973611,0.0,#1EB3B6
2024-01-16,King County,KP.1.2,0.0,973611,0.0,#D7B5A6
2024-01-16,King County,KP.2,0.0,973611,0.0,#5875A1
2024-01-16,King County,KP.2.15,0.0,973611,0.0,#175DFF
2024-01-16,King County,KP.2.3,0.0,973611,0.0,#628DE8
2024-01-16,King County,KP.3,0.0,973611,0.0,#B06589
2024-01-16,King County,KP.3.1.1,0.0,973611,0.0,#2F92A1
2024-01-16,King County,KP.4.1,0.0,973611,0.0,#FF473A
2024-01-16,King County,KQ.1,0.0,973611,0.0,#E86CDE
2024-01-16,King County,KV.2,0.0,973611,0.0,#E14365
2024-01-16,King County,KW.1.1,0.0,973611,0.0,#34A0FF
2024-01-16,King County,LB.1,0.0,973611,0.0,#795653
2024-01-16,King County,Recombinant,2533.38450255,973611,0.00260205,#FF0000
2024-01-16,King County,XBB,10005.031094310001,973611,0.010276210000000001,#9FA8DA
2024-01-16,King County,XBB.1.16,0.0,973611,0.0,#4527A0
2024-01-16,King County,XBB.1.16.1,0.0,973611,0.0,#F89B9B
2024-01-16,King County,XBB.1.16.15,0.0,973611,0.0,#E3B5FA
2024-01-16,King County,XBB.1.16.6,0.0,973611,0.0,#5AA350
2024-01-16,King County,XBB.1.42.1,0.0,973611,0.0,#75D1A3
2024-01-16,King County,XBB.1.5,4441.973618069999,973611,0.00456237,#3F51B5
2024-01-16,King County,XBB.1.5.70,0.0,973611,0.0,#46783C
2024-01-16,King County,XBB.1.5.72,0.0,973611,0.0,#254220
2024-01-16,King County,XBB.1.9.1,1048.44274146,973611,0.00107686,#304FFE
2024-01-16,King County,XBB.1.9.2,4515.0236514,973611,0.0046374,#536DFE
2024-01-16,King County,XBB.2.3,0.0,973611,0.0,#F7BCDF
2024-01-16,King County,XDP,0.0,973611,0.0,#B60052
2024-01-16,King County,XDV.1,0.0,973611,0.0,#D367B6
2024-01-16,King County,unreportable,56735.467469639996,973611,0.05827324,#eeeeee
2024-01-23,Island County,BA.2,0.0,617169,0.0,#9CCD67
2024-01-23,Island County,BA.2.12.1,0.0,617169,0.0,#7CB342
2024-01-23,Island County,BA.2.86,12765.767377755,617169,0.020684395,#D770EE
2024-01-23,Island County,EG.5,0.0,617169,0.0,#FFBE7D
2024-01-23,Island County,EG.5.1.8,0.0,617169,0.0,#E14D6F
2024-01-23,Island County,EG.6.1,0.0,617169,0.0,#B9ABA8
2024-01-23,Island County,FE.1.1,0.0,617169,0.0,#499894
2024-01-23,Island County,FL.1.5.1,0.0,617169,0.0,#8CD17D
2024-01-23,Island County,GE.1,0.0,617169,0.0,#FABFD2
2024-01-23,Island County,GK.1.1,0.0,617169,0.0,#90FAE5
2024-01-23,Island County,HF.1,0.0,617169,0.0,#D399AD
2024-01-23,Island County,HK.3,0.0,617169,0.0,#859DBC
2024-01-23,Island County,HV.1,0.0,617169,0.0,#797765
2024-01-23,Island County,JD.1.1,0.0,617169,0.0,#80F192
2024-01-23,Island County,JF.1,0.0,617169,0.0,#FFF1A9
2024-01-23,Island County,JG.3,0.0,617169,0.0,#66A172
2024-01-23,Island County,JN.1,404229.867700995,617169,0.654974355,#61018F
2024-01-23,Island County,JN.1.11.1,0.0,617169,0.0,#5C9CF1
2024-01-23,Island County,JN.1.13,0.0,617169,0.0,#E83C78
2024-01-23,Island County,JN.1.13.1,0.0,617169,0.0,#F2591C
2024-01-23,Island County,JN.1.16,506.52911337,617169,0.00082073,#BC3A88
2024-01-23,Island County,JN.1.16.1,0.0,617169,0.0,#366298
2024-01-23,Island County,JN.1.18,590.010478155,617169,0.000955995,#4AF32F
2024-01-23,Island County,JN.1.32,15041.58732279,617169,0.02437191,#2E7919
2024-01-23,Island County,JN.1.4.3,15330.055199235001,617169,0.024839315,#9D1010
2024-01-23,Island County,JN.1.7,0.0,617169,0.0,#CF15E8
2024-01-23,Island County,JN.1.8.1,103949.783927535,617169,0.168430015,#FFB027
2024-01-23,Island County,KP.1.1,0.0,617169,0.0,#CBFF86
2024-01-23,Island County,KP.1.1.3,0.0,617169,0.0,#1EB3B6
2024-01-23,Island County,KP.1.2,0.0,617169,0.0,#D7B5A6
2024-01-23,Island County,KP.2,0.0,617169,0.0,#5875A1
2024-01-23,Island County,KP.2.15,0.0,617169,0.0,#175DFF
2024-01-23,Island County,KP.2.3,0.0,617169,0.0,#628DE8
2024-01-23,Island County,KP.3,0.0,617169,0.0,#B06589
2024-01-23,Island County,KP.3.1.1,0.0,617169,0.0,#2F92A1
2024-01-23,Island County,KP.4.1,0.0,617169,0.0,#FF473A
2024-01-23,Island County,KQ.1,0.0,617169,0.0,#E86CDE
2024-01-23,Island County,KV.2,490.43334585,617169,0.00079465,#E14365
2024-01-23,Island County,KW.1.1,0.0,617169,0.0,#34A0FF
2024-01-23,Island County,LB.1,0.0,617169,0.0,#795653
2024-01-23,Island County,Recombinant,7644.461985615,617169,0.012386335,#FF0000
2024-01-23,Island County,XBB,0.0,617169,0.0,#9FA8DA
2024-01-23,Island County,XBB.1.16,0.0,617169,0.0,#4527A0
2024-01-23,Island County,XBB.1.16.1,0.0,617169,0.0,#F89B9B
2024-01-23,Island County,XBB.1.16.15,0.0,617169,0.0,#E3B5FA
2024-01-23,Island County,XBB.1.16.6,0.0,617169,0.0,#5AA350
2024-01-23,Island County,XBB.1.42.1,0.0,617169,0.0,#75D1A3
2024-01-23,Island County,XBB.1.5,0.0,617169,0.0,#3F51B5
2024-01-23,Island County,XBB.1.5.70,0.0,617169,0.0,#46783C
2024-01-23,Island County,XBB.1.5.72,0.0,617169,0.0,#254220
2024-01-23,Island County,XBB.1.9.1,0.0,617169,0.0,#304FFE
2024-01-23,Island County,XBB.1.9.2,0.0,617169,0.0,#536DFE
2024-01-23,Island County,XBB.2.3,0.0,617169,0.0,#F7BCDF
2024-01-23,Island County,XDP,46947.974855565,617169,0.076069885,#B60052
2024-01-23,Island County,XDV.1,0.0,617169,0.0,#D367B6
2024-01-23,Island County,unreportable,9672.528693135002,617169,0.015672415000000002,#eeeeee
2024-01-23,King County,BA.2,0.0,973611,0.0,#9CCD67
2024-01-23,King County,BA.2.12.1,0.0,973611,0.0,#7CB342
2024-01-23,King County,BA.2.86,0.0,973611,0.0,#D770EE
2024-01-23,King County,EG.5,127270.89725328,973611,0.13072048,#FFBE7D
2024-01-23,King County,EG.5.1.8,0.0,973611,0.0,#E14D6F
2024-01-23,King County,EG.6.1,0.0,973611,0.0,#B9ABA8
2024-01-23,King County,FE.1.1,0.0,973611,0.0,#499894
2024-01-23,King County,FL.1.5.1,0.0,973611,0.0,#8CD17D
2024-01-23,King County,GE.1,0.0,973611,0.0,#FABFD2
2024-01-23,King County,GK.1.1,0.0,973611,0.0,#90FAE5
2024-01-23,King County,HF.1,0.0,973611,0.0,#D399AD
2024-01-23,King County,HK.3,127819.51731567,973611,0.13128397,#859DBC
2024-01-23,King County,HV.1,0.0,973611,0.0,#797765
2024-01-23,King County,JD.1.1,0.0,973611,0.0,#80F192
2024-01-23,King County,JF.1,0.0,973611,0.0,#FFF1A9
2024-01-23,King County,JG.3,0.0,973611,0.0,#66A172
2024-01-23,King County,JN.1,793470.26039148,973611,0.81497668,#61018F
2024-01-23,King County,JN.1.11.1,0.0,973611,0.0,#5C9CF1
2024-01-23,King County,JN.1.13,0.0,973611,0.0,#E83C78
2024-01-23,King County,JN.1.13.1,0.0,973611,0.0,#F2591C
2024-01-23,King County,JN.1.16,0.0,973611,0.0,#BC3A88
2024-01-23,King County,JN.1.16.1,1897.22707515,973611,0.0019486500000000001,#366298
2024-01-23,King County,JN.1.18,3329.3212311600005,973611,0.0034195600000000003,#4AF32F
2024-01-23,King County,JN.1.32,0.0,973611,0.0,#2E7919
2024-01-23,King County,JN.1.4.3,0.0,973611,0.0,#9D1010
2024-01-23,King County,JN.1.7,0.0,973611,0.0,#CF15E8
2024-01-23,King County,JN.1.8.1,0.0,973611,0.0,#FFB027
2024-01-23,King County,KP.1.1,0.0,973611,0.0,#CBFF86
2024-01-23,King County,KP.1.1.3,0.0,973611,0.0,#1EB3B6
2024-01-23,King County,KP.1.2,0.0,973611,0.0,#D7B5A6
2024-01-23,King County,KP.2,0.0,973611,0.0,#5875A1
2024-01-23,King County,KP.2.15,0.0,973611,0.0,#175DFF
2024-01-23,King County,KP.2.3,0.0,973611,0.0,#628DE8
2024-01-23,King County,KP.3,0.0,973611,0.0,#B06589
2024-01-23,King County,KP.3.1.1,0.0,973611,0.0,#2F92A1
2024-01-23,King County,KP.4.1,0.0,973611,0.0,#FF473A
2024-01-23,King County,KQ.1,0.0,973611,0.0,#E86CDE
2024-01-23,King County,KV.2,0.0,973611,0.0,#E14365
2024-01-23,King County,KW.1.1,0.0,973611,0.0,#34A0FF
2024-01-23,King County,LB.1,0.0,973611,0.0,#795653
2024-01-23,King County,Recombinant,2167.34571099,973611,0.00222609,#FF0000
2024-01-23,King County,XBB,0.0,973611,0.0,#9FA8DA
2024-01-23,King County,XBB.1.16,0.0,973611,0.0,#4527A0
2024-01-23,King County,XBB.1.16.1,0.0,973611,0.0,#F89B9B
2024-01-23,King County,XBB.1.16.15,0.0,973611,0.0,#E3B5FA
2024-01-23,King County,XBB.1.16.6,0.0,973611,0.0,#5AA350
2024-01-23,King County,XBB.1.42.1,0.0,973611,0.0,#75D1A3
2024-01-23,King County,XBB.1.5,0.0,973611,0.0,#3F51B5
2024-01-23,King County,XBB.1.5.70,0.0,973611,0.0,#46783C
2024-01-23,King County,XBB.1.5.72,0.0,973611,0.0,#254220
2024-01-23,King County,XBB.1.9.1,6986.95382763,973611,0.00717633,#304FFE
2024-01-23,King County,XBB.1.9.2,879.83278848,973611,0.00090368,#536DFE
2024-01-23,King County,XBB.2.3,0.0,973611,0.0,#F7BCDF
2024-01-23,King County,XDP,0.0,973611,0.0,#B60052
2024-01-23,King County,XDV.1,0.0,973611,0.0,#D367B6
2024-01-23,King County,unreportable,36132.291195929996,973611,0.03711163,#eeeeee
2024-01-30,Benton County,BA.2,0.0,502178,0.0,#9CCD67
2024-01-30,Benton County,BA.2.12.1,0.0,502178,0.0,#7CB342
2024-01-30,Benton County,BA.2.86,58551.147624979996,502178,0.11659441,#D770EE
2024-01-30,Benton County,EG.5,1559.1471890599998,502178,0.0031047699999999998,#FFBE7D
2024-01-30,Benton County,EG.5.1.8,3407.779908,502178,0.006786,#E14D6F
2024-01-30,Benton County,EG.6.1,0.0,502178,0.0,#B9ABA8
2024-01-30,Benton County,FE.1.1,0.0,502178,0.0,#499894
2024-01-30,Benton County,FL.1.5.1,0.0,502178,0.0,#8CD17D
2024-01-30,Benton County,GE.1,0.0,502178,0.0,#FABFD2
2024-01-30,Benton County,GK.1.1,0.0,502178,0.0,#90FAE5
2024-01-30,Benton County,HF.1,0.0,502178,0.0,#D399AD
2024-01-30,Benton County,HK.3,862.58612882,502178,0.00171769,#859DBC
2024-01-30,Benton County,HV.1,0.0,502178,0.0,#797765
2024-01-30,Benton County,JD.1.1,0.0,502178,0.0,#80F192
2024-01-30,Benton County,JF.1,0.0,502178,0.0,#FFF1A9
2024-01-30,Benton County,JG.3,3904.7603657,502178,0.00777565,#66A172
2024-01-30,Benton County,JN.1,301282.88628364,502178,0.59995238,#61018F
2024-01-30,Benton County,JN.1.11.1,1110.7574746399998,502178,0.00221188,#5C9CF1
2024-01-30,Benton County,JN.1.13,0.0,502178,0.0,#E83C78
2024-01-30,Benton County,JN.1.13.1,0.0,502178,0.0,#F2591C
2024-01-30,Benton County,JN.1.16,29360.11798968,502178,0.05846556,#BC3A88
2024-01-30,Benton County,JN.1.16.1,0.0,502178,0.0,#366298
2024-01-30,Benton County,JN.1.18,0.0,502178,0.0,#4AF32F
2024-01-30,Benton County,JN.1.32,0.0,502178,0.0,#2E7919
2024-01-30,Benton County,JN.1.4.3,0.0,502178,0.0,#9D1010
2024-01-30,Benton County,JN.1.7,0.0,502178,0.0,#CF15E8
2024-01-30,Benton County,JN.1.8.1,1053.65481426,502178,0.00209817,#FFB027
2024-01-30,Benton County,KP.1.1,0.0,502178,0.0,#CBFF86
2024-01-30,Benton County,KP.1.1.3,0.0,502178,0.0,#1EB3B6
2024-01-30,Benton County,KP.1.2,0.0,502178,0.0,#D7B5A6
2024-01-30,Benton County,KP.2,0.0,502178,0.0,#5875A1
2024-01-30,Benton County,KP.2.15,0.0,502178,0.0,#175DFF
2024-01-30,Benton County,KP.2.3,0.0,502178,0.0,#628DE8
2024-01-30,Benton County,KP.3,0.0,502178,0.0,#B06589
2024-01-30,Benton County,KP.3.1.1,0.0,502178,0.0,#2F92A1
2024-01-30,Benton County,KP.4.1,0.0,502178,0.0,#FF473A
2024-01-30,Benton County,KQ.1,0.0,502178,0.0,#E86CDE
2024-01-30,Benton County,KV.2,0.0,502178,0.0,#E14365
2024-01-30,Benton County,KW.1.1,0.0,502178,0.0,#34A0FF
2024-01-30,Benton County,LB.1,0.0,502178,0.0,#795653
2024-01-30,Benton County,Recombinant,76216.54435066,502178,0.15177197,#FF0000
2024-01-30,Benton County,XBB,990.4205605000001,502178,0.00197225,#9FA8DA
2024-01-30,Benton County,XBB.1.16,0.0,502178,0.0,#4527A0
2024-01-30,Benton County,XBB.1.16.1,0.0,502178,0.0,#F89B9B
2024-01-30,Benton County,XBB.1.16.15,0.0,502178,0.0,#E3B5FA
2024-01-30,Benton County,XBB.1.16.6,0.0,502178,0.0,#5AA350
2024-01-30,Benton County,XBB.1.42.1,0.0,502178,0.0,#75D1A3
2024-01-30,Benton County,XBB.1.5,0.0,502178,0.0,#3F51B5
2024-01-30,Benton County,XBB.1.5.70,0.0,502178,0.0,#46783C
2024-01-30,Benton County,XBB.1.5.72,0.0,502178,0.0,#254220
2024-01-30,Benton County,XBB.1.9.1,0.0,502178,0.0,#304FFE
2024-01-30,Benton County,XBB.1.9.2,0.0,502178,0.0,#536DFE
2024-01-30,Benton County,XBB.2.3,0.0,502178,0.0,#F7BCDF
2024-01-30,Benton County,XDP,6756.79996822,502178,0.01345499,#B60052
2024-01-30,Benton County,XDV.1,0.0,502178,0.0,#D367B6
2024-01-30,Benton County,unreportable,17121.39232006,502178,0.03409427,#eeeeee
2024-01-30,Chelan County,BA.2,0.0,923896,0.0,#9CCD67
2024-01-30,Chelan County,BA.2.12.1,0.0,923896,0.0,#7CB342
2024-01-30,Chelan County,BA.2.86,629.8164072,923896,0.0006816962160243144,#D770EE
2024-01-30,Chelan County,EG.5,0.0,923896,0.0,#FFBE7D
2024-01-30,Chelan County,EG.5.1.8,0.0,923896,0.0,#E14D6F
2024-01-30,Chelan County,EG.6.1,0.0,923896,0.0,#B9ABA8
2024-01-30,Chelan County,FE.1.1,0.0,923896,0.0,#499894
2024-01-30,Chelan County,FL.1.5.1,0.0,923896,0.0,#8CD17D
2024-01-30,Chelan County,GE.1,0.0,923896,0.0,#FABFD2
2024-01-30,Chelan County,GK.1.1,0.0,923896,0.0,#90FAE5
2024-01-30,Chelan County,HF.1,0.0,923896,0.0,#D399AD
2024-01-30,Chelan County,HK.3,0.0,923896,0.0,#859DBC
2024-01-30,Chelan County,HV.1,0.0,923896,0.0,#797765
2024-01-30,Chelan County,JD.1.1,0.0,923896,0.0,#80F192
2024-01-30,Chelan County,JF.1,0.0,923896,0.0,#FFF1A9
2024-01-30,Chelan County,JG.3,0.0,923896,0.0,#66A172
2024-01-30,Chelan County,JN.1,794392.5761184801,923896,0.859829002526778,#61018F
2024-01-30,Chelan County,JN.1.11.1,675.8436609,923896,0.0007315148684483968,#5C9CF1
2024-01-30,Chelan County,JN.1.13,0.0,923896,0.0,#E83C78
2024-01-30,Chelan County,JN.1.13.1,0.0,923896,0.0,#F2591C
2024-01-30,Chelan County,JN.1.16,0.0,923896,0.0,#BC3A88
2024-01-30,Chelan County,JN.1.16.1,0.0,923896,0.0,#366298
2024-01-30,Chelan County,JN.1.18,0.0,923896,0.0,#4AF32F
2024-01-30,Chelan County,JN.1.32,0.0,923896,0.0,#2E7919
2024-01-30,Chelan County,JN.1.4.3,0.0,923896,0.0,#9D1010
2024-01-30,Chelan County,JN.1.7,1950.3242306,923896,0.002110978108574991,#CF15E8
2024-01-30,Chelan County,JN.1.8.1,56456.1727065,923896,0.06110663181407864,#FFB027
2024-01-30,Chelan County,KP.1.1,0.0,923896,0.0,#CBFF86
2024-01-30,Chelan County,KP.1.1.3,0.0,923896,0.0,#1EB3B6
2024-01-30,Chelan County,KP.1.2,0.0,923896,0.0,#D7B5A6
2024-01-30,Chelan County,KP.2,0.0,923896,0.0,#5875A1
2024-01-30,Chelan County,KP.2.15,0.0,923896,0.0,#175DFF
2024-01-30,Chelan County,KP.2.3,0.0,923896,0.0,#628DE8
2024-01-30,Chelan County,KP.3,0.0,923896,0.0,#B06589
2024-01-30,Chelan County,KP.3.1.1,0.0,923896,0.0,#2F92A1
2024-01-30,Chelan County,KP.4.1,0.0,923896,0.0,#FF473A
2024-01-30,Chelan County,KQ.1,0.0,923896,0.0,#E86CDE
2024-01-30,Chelan County,KV.2,0.0,923896,0.0,#E14365
2024-01-30,Chelan County,KW.1.1,0.0,923896,0.0,#34A0FF
2024-01-30,Chelan County,LB.1,0.0,923896,0.0,#795653
2024-01-30,Chelan County,Recombinant,22280.022079500002,923896,0.02411529228343883,#FF0000
2024-01-30,Chelan County,XBB,0.0,923896,0.0,#9FA8DA
2024-01-30,Chelan County,XBB.1.16,0.0,923896,0.0,#4527A0
2024-01-30,Chelan County,XBB.1.16.1,0.0,923896,0.0,#F89B9B
2024-01-30,Chelan County,XBB.1.16.15,0.0,923896,0.0,#E3B5FA
2024-01-30,Chelan County,XBB.1.16.6,0.0,923896,0.0,#5AA350
2024-01-30,Chelan County,XBB.1.42.1,0.0,923896,0.0,#75D1A3
2024-01-30,Chelan County,XBB.1.5,0.0,923896,0.0,#3F51B5
2024-01-30,Chelan County,XBB.1.5.70,0.0,923896,0.0,#46783C
2024-01-30,Chelan County,XBB.1.5.72,0.0,923896,0.0,#254220
2024-01-30,Chelan County,XBB.1.9.1,0.0,923896,0.0,#304FFE
2024-01-30,Chelan County,XBB.1.9.2,0.0,923896,0.0,#536DFE
2024-01-30,Chelan County,XBB.2.3,0.0,923896,0.0,#F7BCDF
2024-01-30,Chelan County,XDP,41183.4895425,923896,0.044575893328361635,#B60052
2024-01-30,Chelan County,XDV.1,0.0,923896,0.0,#D367B6
2024-01-30,Chelan County,unreportable,6327.755254319999,923896,0.006848990854295287,#eeeeee
2024-01-30,Franklin County,BA.2,0.0,1215063,0.0,#9CCD67
2024-01-30,Franklin County,BA.2.12.1,0.0,1215063,0.0,#7CB342
2024-01-30,Franklin County,BA.2.86,0.0,1215063,0.0,#D770EE
2024-01-30,Franklin County,EG.5,0.0,1215063,0.0,#FFBE7D
2024-01-30,Franklin County,EG.5.1.8,0.0,1215063,0.0,#E14D6F
2024-01-30,Franklin County,EG.6.1,0.0,1215063,0.0,#B9ABA8
2024-01-30,Franklin County,FE.1.1,0.0,1215063,0.0,#499894
2024-01-30,Franklin County,FL.1.5.1,0.0,1215063,0.0,#8CD17D
2024-01-30,Franklin County,GE.1,0.0,1215063,0.0,#FABFD2
2024-01-30,Franklin County,GK.1.1,0.0,1215063,0.0,#90FAE5
2024-01-30,Franklin County,HF.1,0.0,1215063,0.0,#D399AD
2024-01-30,Franklin County,HK.3,0.0,1215063,0.0,#859DBC
2024-01-30,Franklin County,HV.1,16451.550865200003,1215063,0.013539669025556702,#797765
2024-01-30,Franklin County,JD.1.1,0.0,1215063,0.0,#80F192
2024-01-30,Franklin County,JF.1,0.0,1215063,0.0,#FFF1A9
2024-01-30,Franklin County,JG.3,0.0,1215063,0.0,#66A172
2024-01-30,Franklin County,JN.1,1078722.52071153,1215063,0.8877914319763913,#61018F
2024-01-30,Franklin County,JN.1.11.1,0.0,1215063,0.0,#5C9CF1
2024-01-30,Franklin County,JN.1.13,0.0,1215063,0.0,#E83C78
2024-01-30,Franklin County,JN.1.13.1,0.0,1215063,0.0,#F2591C
2024-01-30,Franklin County,JN.1.16,0.0,1215063,0.0,#BC3A88
2024-01-30,Franklin County,JN.1.16.1,0.0,1215063,0.0,#366298
2024-01-30,Franklin County,JN.1.18,0.0,1215063,0.0,#4AF32F
2024-01-30,Franklin County,JN.1.32,0.0,1215063,0.0,#2E7919
2024-01-30,Franklin County,JN.1.4.3,0.0,1215063,0.0,#9D1010
2024-01-30,Franklin County,JN.1.7,0.0,1215063,0.0,#CF15E8
2024-01-30,Franklin County,JN.1.8.1,12472.6123368,1215063,0.010264992298177133,#FFB027
2024-01-30,Franklin County,KP.1.1,0.0,1215063,0.0,#CBFF86
2024-01-30,Franklin County,KP.1.1.3,0.0,1215063,0.0,#1EB3B6
2024-01-30,Franklin County,KP.1.2,0.0,1215063,0.0,#D7B5A6
2024-01-30,Franklin County,KP.2,0.0,1215063,0.0,#5875A1
2024-01-30,Franklin County,KP.2.15,0.0,1215063,0.0,#175DFF
2024-01-30,Franklin County,KP.2.3,0.0,1215063,0.0,#628DE8
2024-01-30,Franklin County,KP.3,0.0,1215063,0.0,#B06589
2024-01-30,Franklin County,KP.3.1.1,0.0,1215063,0.0,#2F92A1
2024-01-30,Franklin County,KP.4.1,0.0,1215063,0.0,#FF473A
2024-01-30,Franklin County,KQ.1,0.0,1215063,0.0,#E86CDE
2024-01-30,Franklin County,KV.2,0.0,1215063,0.0,#E14365
2024-01-30,Franklin County,KW.1.1,0.0,1215063,0.0,#34A0FF
2024-01-30,Franklin County,LB.1,0.0,1215063,0.0,#795653
2024-01-30,Franklin County,Recombinant,17169.8258007,1215063,0.014130811160162066,#FF0000
2024-01-30,Franklin County,XBB,10250.67549,1215063,0.008436332511153742,#9FA8DA
2024-01-30,Franklin County,XBB.1.16,0.0,1215063,0.0,#4527A0
2024-01-30,Franklin County,XBB.1.16.1,0.0,1215063,0.0,#F89B9B
2024-01-30,Franklin County,XBB.1.16.15,0.0,1215063,0.0,#E3B5FA
2024-01-30,Franklin County,XBB.1.16.6,0.0,1215063,0.0,#5AA350
2024-01-30,Franklin County,XBB.1.42.1,0.0,1215063,0.0,#75D1A3
2024-01-30,Franklin County,XBB.1.5,0.0,1215063,0.0,#3F51B5
2024-01-30,Franklin County,XBB.1.5.70,0.0,1215063,0.0,#46783C
2024-01-30,Franklin County,XBB.1.5.72,0.0,1215063,0.0,#254220
2024-01-30,Franklin County,XBB.1.9.1,4237.643770799999,1215063,0.0034875918127702014,#304FFE
2024-01-30,Franklin County,XBB.1.9.2,3227.4754380000004,1215063,0.002656220655225285,#536DFE
2024-01-30,Franklin County,XBB.2.3,0.0,1215063,0.0,#F7BCDF
2024-01-30,Franklin County,XDP,24790.069352399998,1215063,0.02040229136464529,#B60052
2024-01-30,Franklin County,XDV.1,0.0,1215063,0.0,#D367B6
2024-01-30,Franklin County,unreportable,47740.623640800004,1215063,0.039290657061238805,#eeeeee
2024-01-30,Island County,BA.2,0.0,1778632,0.0,#9CCD67
2024-01-30,Island County,BA.2.12.1,0.0,1778632,0.0,#7CB342
2024-01-30,Island County,BA.2.86,0.0,1778632,0.0,#D770EE
2024-01-30,Island County,EG.5,0.0,1778632,0.0,#FFBE7D
2024-01-30,Island County,EG.5.1.8,0.0,1778632,0.0,#E14D6F
2024-01-30,Island County,EG.6.1,0.0,1778632,0.0,#B9ABA8
2024-01-30,Island County,FE.1.1,0.0,1778632,0.0,#499894
2024-01-30,Island County,FL.1.5.1,0.0,1778632,0.0,#8CD17D
2024-01-30,Island County,GE.1,0.0,1778632,0.0,#FABFD2
2024-01-30,Island County,GK.1.1,0.0,1778632,0.0,#90FAE5
2024-01-30,Island County,HF.1,0.0,1778632,0.0,#D399AD
2024-01-30,Island County,HK.3,0.0,1778632,0.0,#859DBC
2024-01-30,Island County,HV.1,0.0,1778632,0.0,#797765
2024-01-30,Island County,JD.1.1,0.0,1778632,0.0,#80F192
2024-01-30,Island County,JF.1,0.0,1778632,0.0,#FFF1A9
2024-01-30,Island County,JG.3,0.0,1778632,0.0,#66A172
2024-01-30,Island County,JN.1,1628197.287673135,1778632,0.9154211144706353,#61018F
2024-01-30,Island County,JN.1.11.1,0.0,1778632,0.0,#5C9CF1
2024-01-30,Island County,JN.1.13,0.0,1778632,0.0,#E83C78
2024-01-30,Island County,JN.1.13.1,0.0,1778632,0.0,#F2591C
2024-01-30,Island County,JN.1.16,2104.1173575450002,1778632,0.0011829975832802965,#BC3A88
2024-01-30,Island County,JN.1.16.1,1281.968017575,1778632,0.0007207606843770943,#366298
2024-01-30,Island County,JN.1.18,62876.69302766,1778632,0.03535115359875455,#4AF32F
2024-01-30,Island County,JN.1.32,0.0,1778632,0.0,#2E7919
2024-01-30,Island County,JN.1.4.3,0.0,1778632,0.0,#9D1010
2024-01-30,Island County,JN.1.7,33186.31336961,1778632,0.018658335939986462,#CF15E8
2024-01-30,Island County,JN.1.8.1,3924.38460946,1778632,0.002206406164659131,#FFB027
2024-01-30,Island County,KP.1.1,0.0,1778632,0.0,#CBFF86
2024-01-30,Island County,KP.1.1.3,0.0,1778632,0.0,#1EB3B6
2024-01-30,Island County,KP.1.2,0.0,1778632,0.0,#D7B5A6
2024-01-30,Island County,KP.2,0.0,1778632,0.0,#5875A1
2024-01-30,Island County,KP.2.15,0.0,1778632,0.0,#175DFF
2024-01-30,Island County,KP.2.3,0.0,1778632,0.0,#628DE8
2024-01-30,Island County,KP.3,0.0,1778632,0.0,#B06589
2024-01-30,Island County,KP.3.1.1,0.0,1778632,0.0,#2F92A1
2024-01-30,Island County,KP.4.1,0.0,1778632,0.0,#FF473A
2024-01-30,Island County,KQ.1,0.0,1778632,0.0,#E86CDE
2024-01-30,Island County,KV.2,0.0,1778632,0.0,#E14365
2024-01-30,Island County,KW.1.1,0.0,1778632,0.0,#34A0FF
2024-01-30,Island County,LB.1,665.3698989000001,1778632,0.00037409081749344446,#795653
2024-01-30,Island County,Recombinant,5735.34371292,1778632,0.0032245814271417584,#FF0000
2024-01-30,Island County,XBB,2131.03601775,1778632,0.0011981320575307317,#9FA8DA
2024-01-30,Island County,XBB.1.16,0.0,1778632,0.0,#4527A0
2024-01-30,Island County,XBB.1.16.1,0.0,1778632,0.0,#F89B9B
2024-01-30,Island County,XBB.1.16.15,0.0,1778632,0.0,#E3B5FA
2024-01-30,Island County,XBB.1.16.6,0.0,1778632,0.0,#5AA350
2024-01-30,Island County,XBB.1.42.1,0.0,1778632,0.0,#75D1A3
2024-01-30,Island County,XBB.1.5,3093.87830982,1778632,0.001739470733586262,#3F51B5
2024-01-30,Island County,XBB.1.5.70,0.0,1778632,0.0,#46783C
2024-01-30,Island County,XBB.1.5.72,0.0,1778632,0.0,#254220
2024-01-30,Island County,XBB.1.9.1,2661.2807611499998,1778632,0.001496251479311066,#304FFE
2024-01-30,Island County,XBB.1.9.2,1149.31441545,1778632,0.0006461788697437132,#536DFE
2024-01-30,Island County,XBB.2.3,0.0,1778632,0.0,#F7BCDF
2024-01-30,Island County,XDP,0.0,1778632,0.0,#B60052
2024-01-30,Island County,XDV.1,0.0,1778632,0.0,#D367B6
2024-01-30,Island County,unreportable,31625.022418895,1778632,0.017780531565211356,#eeeeee
2024-01-30,Jefferson County,BA.2,0.0,162770,0.0,#9CCD67
2024-01-30,Jefferson County,BA.2.12.1,0.0,162770,0.0,#7CB342
2024-01-30,Jefferson County,BA.2.86,0.0,162770,0.0,#D770EE
2024-01-30,Jefferson County,EG.5,0.0,162770,0.0,#FFBE7D
2024-01-30,Jefferson County,EG.5.1.8,0.0,162770,0.0,#E14D6F
2024-01-30,Jefferson County,EG.6.1,0.0,162770,0.0,#B9ABA8
2024-01-30,Jefferson County,FE.1.1,0.0,162770,0.0,#499894
2024-01-30,Jefferson County,FL.1.5.1,0.0,162770,0.0,#8CD17D
2024-01-30,Jefferson County,GE.1,0.0,162770,0.0,#FABFD2
2024-01-30,Jefferson County,GK.1.1,0.0,162770,0.0,#90FAE5
2024-01-30,Jefferson County,HF.1,0.0,162770,0.0,#D399AD
2024-01-30,Jefferson County,HK.3,0.0,162770,0.0,#859DBC
2024-01-30,Jefferson County,HV.1,0.0,162770,0.0,#797765
2024-01-30,Jefferson County,JD.1.1,0.0,162770,0.0,#80F192
2024-01-30,Jefferson County,JF.1,0.0,162770,0.0,#FFF1A9
2024-01-30,Jefferson County,JG.3,0.0,162770,0.0,#66A172
2024-01-30,Jefferson County,JN.1,135381.06158789998,162770,0.8317322699999999,#61018F
2024-01-30,Jefferson County,JN.1.11.1,0.0,162770,0.0,#5C9CF1
2024-01-30,Jefferson County,JN.1.13,0.0,162770,0.0,#E83C78
2024-01-30,Jefferson County,JN.1.13.1,0.0,162770,0.0,#F2591C
2024-01-30,Jefferson County,JN.1.16,290.0138198,162770,0.0017817400000000002,#BC3A88
2024-01-30,Jefferson County,JN.1.16.1,0.0,162770,0.0,#366298
2024-01-30,Jefferson County,JN.1.18,0.0,162770,0.0,#4AF32F
2024-01-30,Jefferson County,JN.1.32,0.0,162770,0.0,#2E7919
2024-01-30,Jefferson County,JN.1.4.3,0.0,162770,0.0,#9D1010
2024-01-30,Jefferson County,JN.1.7,14768.6559856,162770,0.09073328,#CF15E8
2024-01-30,Jefferson County,JN.1.8.1,0.0,162770,0.0,#FFB027
2024-01-30,Jefferson County,KP.1.1,0.0,162770,0.0,#CBFF86
2024-01-30,Jefferson County,KP.1.1.3,0.0,162770,0.0,#1EB3B6
2024-01-30,Jefferson County,KP.1.2,0.0,162770,0.0,#D7B5A6
2024-01-30,Jefferson County,KP.2,0.0,162770,0.0,#5875A1
2024-01-30,Jefferson County,KP.2.15,0.0,162770,0.0,#175DFF
2024-01-30,Jefferson County,KP.2.3,0.0,162770,0.0,#628DE8
2024-01-30,Jefferson County,KP.3,0.0,162770,0.0,#B06589
2024-01-30,Jefferson County,KP.3.1.1,0.0,162770,0.0,#2F92A1
2024-01-30,Jefferson County,KP.4.1,0.0,162770,0.0,#FF473A
2024-01-30,Jefferson County,KQ.1,0.0,162770,0.0,#E86CDE
2024-01-30,Jefferson County,KV.2,0.0,162770,0.0,#E14365
2024-01-30,Jefferson County,KW.1.1,0.0,162770,0.0,#34A0FF
2024-01-30,Jefferson County,LB.1,0.0,162770,0.0,#795653
2024-01-30,Jefferson County,Recombinant,0.0,162770,0.0,#FF0000
2024-01-30,Jefferson County,XBB,0.0,162770,0.0,#9FA8DA
2024-01-30,Jefferson County,XBB.1.16,0.0,162770,0.0,#4527A0
2024-01-30,Jefferson County,XBB.1.16.1,0.0,162770,0.0,#F89B9B
2024-01-30,Jefferson County,XBB.1.16.15,0.0,162770,0.0,#E3B5FA
2024-01-30,Jefferson County,XBB.1.16.6,0.0,162770,0.0,#5AA350
2024-01-30,Jefferson County,XBB.1.42.1,0.0,162770,0.0,#75D1A3
2024-01-30,Jefferson County,XBB.1.5,0.0,162770,0.0,#3F51B5
2024-01-30,Jefferson County,XBB.1.5.70,0.0,162770,0.0,#46783C
2024-01-30,Jefferson County,XBB.1.5.72,0.0,162770,0.0,#254220
2024-01-30,Jefferson County,XBB.1.9.1,0.0,162770,0.0,#304FFE
2024-01-30,Jefferson County,XBB.1.9.2,0.0,162770,0.0,#536DFE
2024-01-30,Jefferson County,XBB.2.3,0.0,162770,0.0,#F7BCDF
2024-01-30,Jefferson County,XDP,10989.854401300001,162770,0.06751769,#B60052
2024-01-30,Jefferson County,XDV.1,0.0,162770,0.0,#D367B6
2024-01-30,Jefferson County,unreportable,1340.4142054,162770,0.00823502,#eeeeee
2024-01-30,King County,BA.2,0.0,973611,0.0,#9CCD67
2024-01-30,King County,BA.2.12.1,0.0,973611,0.0,#7CB342
2024-01-30,King County,BA.2.86,1696.28350086,973611,0.00174226,#D770EE
2024-01-30,King County,EG.5,0.0,973611,0.0,#FFBE7D
2024-01-30,King County,EG.5.1.8,0.0,973611,0.0,#E14D6F
2024-01-30,King County,EG.6.1,0.0,973611,0.0,#B9ABA8
2024-01-30,King County,FE.1.1,0.0,973611,0.0,#499894
2024-01-30,King County,FL.1.5.1,0.0,973611,0.0,#8CD17D
2024-01-30,King County,GE.1,0.0,973611,0.0,#FABFD2
2024-01-30,King County,GK.1.1,0.0,973611,0.0,#90FAE5
2024-01-30,King County,HF.1,0.0,973611,0.0,#D399AD
2024-01-30,King County,HK.3,0.0,973611,0.0,#859DBC
2024-01-30,King County,HV.1,0.0,973611,0.0,#797765
2024-01-30,King County,JD.1.1,0.0,973611,0.0,#80F192
2024-01-30,King County,JF.1,0.0,973611,0.0,#FFF1A9
2024-01-30,King County,JG.3,0.0,973611,0.0,#66A172
2024-01-30,King County,JN.1,964497.3097761901,973611,0.9906392900000001,#61018F
2024-01-30,King County,JN.1.11.1,0.0,973611,0.0,#5C9CF1
2024-01-30,King County,JN.1.13,0.0,973611,0.0,#E83C78
2024-01-30,King County,JN.1.13.1,0.0,973611,0.0,#F2591C
2024-01-30,King County,JN.1.16,2117.77917498,973611,0.00217518,#BC3A88
2024-01-30,King County,JN.1.16.1,0.0,973611,0.0,#366298
2024-01-30,King County,JN.1.18,0.0,973611,0.0,#4AF32F
2024-01-30,King County,JN.1.32,0.0,973611,0.0,#2E7919
2024-01-30,King County,JN.1.4.3,0.0,973611,0.0,#9D1010
2024-01-30,King County,JN.1.7,0.0,973611,0.0,#CF15E8
2024-01-30,King County,JN.1.8.1,0.0,973611,0.0,#FFB027
2024-01-30,King County,KP.1.1,0.0,973611,0.0,#CBFF86
2024-01-30,King County,KP.1.1.3,0.0,973611,0.0,#1EB3B6
2024-01-30,King County,KP.1.2,0.0,973611,0.0,#D7B5A6
2024-01-30,King County,KP.2,0.0,973611,0.0,#5875A1
2024-01-30,King County,KP.2.15,0.0,973611,0.0,#175DFF
2024-01-30,King County,KP.2.3,0.0,973611,0.0,#628DE8
2024-01-30,King County,KP.3,0.0,973611,0.0,#B06589
2024-01-30,King County,KP.3.1.1,0.0,973611,0.0,#2F92A1
2024-01-30,King County,KP.4.1,0.0,973611,0.0,#FF473A
2024-01-30,King County,KQ.1,0.0,973611,0.0,#E86CDE
2024-01-30,King County,KV.2,0.0,973611,0.0,#E14365
2024-01-30,King County,KW.1.1,0.0,973611,0.0,#34A0FF
2024-01-30,King County,LB.1,0.0,973611,0.0,#795653
2024-01-30,King County,Recombinant,0.0,973611,0.0,#FF0000
2024-01-30,King County,XBB,0.0,973611,0.0,#9FA8DA
2024-01-30,King County,XBB.1.16,0.0,973611,0.0,#4527A0
2024-01-30,King County,XBB.1.16.1,0.0,973611,0.0,#F89B9B
2024-01-30,King County,XBB.1.16.15,0.0,973611,0.0,#E3B5FA
2024-01-30,King County,XBB.1.16.6,0.0,973611,0.0,#5AA350
2024-01-30,King County,XBB.1.42.1,0.0,973611,0.0,#75D1A3
2024-01-30,King County,XBB.1.5,0.0,973611,0.0,#3F51B5
2024-01-30,King County,XBB.1.5.70,0.0,973611,0.0,#46783C
2024-01-30,King County,XBB.1.5.72,0.0,973611,0.0,#254220
2024-01-30,King County,XBB.1.9.1,0.0,973611,0.0,#304FFE
2024-01-30,King County,XBB.1.9.2,0.0,973611,0.0,#536DFE
2024-01-30,King County,XBB.2.3,0.0,973611,0.0,#F7BCDF
2024-01-30,King County,XDP,0.0,973611,0.0,#B60052
2024-01-30,King County,XDV.1,0.0,973611,0.0,#D367B6
2024-01-30,King County,unreportable,5299.63728408,973611,0.005443280000000001,#eeeeee
2024-01-30,Pierce County,BA.2,0.0,1013026,0.0,#9CCD67
2024-01-30,Pierce County,BA.2.12.1,0.0,1013026,0.0,#7CB342
2024-01-30,Pierce County,BA.2.86,0.0,1013026,0.0,#D770EE
2024-01-30,Pierce County,EG.5,0.0,1013026,0.0,#FFBE7D
2024-01-30,Pierce County,EG.5.1.8,0.0,1013026,0.0,#E14D6F
2024-01-30,Pierce County,EG.6.1,0.0,1013026,0.0,#B9ABA8
2024-01-30,Pierce County,FE.1.1,0.0,1013026,0.0,#499894
2024-01-30,Pierce County,FL.1.5.1,0.0,1013026,0.0,#8CD17D
2024-01-30,Pierce County,GE.1,0.0,1013026,0.0,#FABFD2
2024-01-30,Pierce County,GK.1.1,0.0,1013026,0.0,#90FAE5
2024-01-30,Pierce County,HF.1,0.0,1013026,0.0,#D399AD
2024-01-30,Pierce County,HK.3,0.0,1013026,0.0,#859DBC
2024-01-30,Pierce County,HV.1,0.0,1013026,0.0,#797765
2024-01-30,Pierce County,JD.1.1,0.0,1013026,0.0,#80F192
2024-01-30,Pierce County,JF.1,0.0,1013026,0.0,#FFF1A9
2024-01-30,Pierce County,JG.3,0.0,1013026,0.0,#66A172
2024-01-30,Pierce County,JN.1,993492.66989011,1013026,0.9807178393151904,#61018F
2024-01-30,Pierce County,JN.1.11.1,0.0,1013026,0.0,#5C9CF1
2024-01-30,Pierce County,JN.1.13,0.0,1013026,0.0,#E83C78
2024-01-30,Pierce County,JN.1.13.1,0.0,1013026,0.0,#F2591C
2024-01-30,Pierce County,JN.1.16,111.09743745,1013026,0.000109668890482574,#BC3A88
2024-01-30,Pierce County,JN.1.16.1,0.0,1013026,0.0,#366298
2024-01-30,Pierce County,JN.1.18,15565.64520843,1013026,0.015365494279939508,#4AF32F
2024-01-30,Pierce County,JN.1.32,0.0,1013026,0.0,#2E7919
2024-01-30,Pierce County,JN.1.4.3,0.0,1013026,0.0,#9D1010
2024-01-30,Pierce County,JN.1.7,0.0,1013026,0.0,#CF15E8
2024-01-30,Pierce County,JN.1.8.1,124.7202107,1013026,0.00012311649523309373,#FFB027
2024-01-30,Pierce County,KP.1.1,0.0,1013026,0.0,#CBFF86
2024-01-30,Pierce County,KP.1.1.3,0.0,1013026,0.0,#1EB3B6
2024-01-30,Pierce County,KP.1.2,0.0,1013026,0.0,#D7B5A6
2024-01-30,Pierce County,KP.2,0.0,1013026,0.0,#5875A1
2024-01-30,Pierce County,KP.2.15,0.0,1013026,0.0,#175DFF
2024-01-30,Pierce County,KP.2.3,0.0,1013026,0.0,#628DE8
2024-01-30,Pierce County,KP.3,0.0,1013026,0.0,#B06589
2024-01-30,Pierce County,KP.3.1.1,0.0,1013026,0.0,#2F92A1
2024-01-30,Pierce County,KP.4.1,0.0,1013026,0.0,#FF473A
2024-01-30,Pierce County,KQ.1,0.0,1013026,0.0,#E86CDE
2024-01-30,Pierce County,KV.2,0.0,1013026,0.0,#E14365
2024-01-30,Pierce County,KW.1.1,0.0,1013026,0.0,#34A0FF
2024-01-30,Pierce County,LB.1,0.0,1013026,0.0,#795653
2024-01-30,Pierce County,Recombinant,2012.96554082,1013026,0.001987081813122269,#FF0000
2024-01-30,Pierce County,XBB,0.0,1013026,0.0,#9FA8DA
2024-01-30,Pierce County,XBB.1.16,0.0,1013026,0.0,#4527A0
2024-01-30,Pierce County,XBB.1.16.1,0.0,1013026,0.0,#F89B9B
2024-01-30,Pierce County,XBB.1.16.15,0.0,1013026,0.0,#E3B5FA
2024-01-30,Pierce County,XBB.1.16.6,0.0,1013026,0.0,#5AA350
2024-01-30,Pierce County,XBB.1.42.1,0.0,1013026,0.0,#75D1A3
2024-01-30,Pierce County,XBB.1.5,0.0,1013026,0.0,#3F51B5
2024-01-30,Pierce County,XBB.1.5.70,0.0,1013026,0.0,#46783C
2024-01-30,Pierce County,XBB.1.5.72,0.0,1013026,0.0,#254220
2024-01-30,Pierce County,XBB.1.9.1,0.0,1013026,0.0,#304FFE
2024-01-30,Pierce County,XBB.1.9.2,0.0,1013026,0.0,#536DFE
2024-01-30,Pierce County,XBB.2.3,0.0,1013026,0.0,#F7BCDF
2024-01-30,Pierce County,XDP,0.0,1013026,0.0,#B60052
2024-01-30,Pierce County,XDV.1,0.0,1013026,0.0,#D367B6
2024-01-30,Pierce County,unreportable,1718.89296701,1013026,0.0016967905730060234,#eeeeee
2024-01-30,Spokane County,BA.2,0.0,713850,0.0,#9CCD67
2024-01-30,Spokane County,BA.2.12.1,0.0,713850,0.0,#7CB342
2024-01-30,Spokane County,BA.2.86,1475.24241,713850,0.0020666,#D770EE
2024-01-30,Spokane County,EG.5,0.0,713850,0.0,#FFBE7D
2024-01-30,Spokane County,EG.5.1.8,0.0,713850,0.0,#E14D6F
2024-01-30,Spokane County,EG.6.1,0.0,713850,0.0,#B9ABA8
2024-01-30,Spokane County,FE.1.1,0.0,713850,0.0,#499894
2024-01-30,Spokane County,FL.1.5.1,0.0,713850,0.0,#8CD17D
2024-01-30,Spokane County,GE.1,0.0,713850,0.0,#FABFD2
2024-01-30,Spokane County,GK.1.1,0.0,713850,0.0,#90FAE5
2024-01-30,Spokane County,HF.1,0.0,713850,0.0,#D399AD
2024-01-30,Spokane County,HK.3,0.0,713850,0.0,#859DBC
2024-01-30,Spokane County,HV.1,0.0,713850,0.0,#797765
2024-01-30,Spokane County,JD.1.1,0.0,713850,0.0,#80F192
2024-01-30,Spokane County,JF.1,0.0,713850,0.0,#FFF1A9
2024-01-30,Spokane County,JG.3,0.0,713850,0.0,#66A172
2024-01-30,Spokane County,JN.1,705612.4065705,713850,0.98846033,#61018F
2024-01-30,Spokane County,JN.1.11.1,0.0,713850,0.0,#5C9CF1
2024-01-30,Spokane County,JN.1.13,0.0,713850,0.0,#E83C78
2024-01-30,Spokane County,JN.1.13.1,0.0,713850,0.0,#F2591C
2024-01-30,Spokane County,JN.1.16,520.0754175,713850,0.0007285499999999999,#BC3A88
2024-01-30,Spokane County,JN.1.16.1,0.0,713850,0.0,#366298
2024-01-30,Spokane County,JN.1.18,0.0,713850,0.0,#4AF32F
2024-01-30,Spokane County,JN.1.32,0.0,713850,0.0,#2E7919
2024-01-30,Spokane County,JN.1.4.3,0.0,713850,0.0,#9D1010
2024-01-30,Spokane County,JN.1.7,0.0,713850,0.0,#CF15E8
2024-01-30,Spokane County,JN.1.8.1,1844.388522,713850,0.00258372,#FFB027
2024-01-30,Spokane County,KP.1.1,0.0,713850,0.0,#CBFF86
2024-01-30,Spokane County,KP.1.1.3,0.0,713850,0.0,#1EB3B6
2024-01-30,Spokane County,KP.1.2,0.0,713850,0.0,#D7B5A6
2024-01-30,Spokane County,KP.2,0.0,713850,0.0,#5875A1
2024-01-30,Spokane County,KP.2.15,0.0,713850,0.0,#175DFF
2024-01-30,Spokane County,KP.2.3,0.0,713850,0.0,#628DE8
2024-01-30,Spokane County,KP.3,0.0,713850,0.0,#B06589
2024-01-30,Spokane County,KP.3.1.1,0.0,713850,0.0,#2F92A1
2024-01-30,Spokane County,KP.4.1,0.0,713850,0.0,#FF473A
2024-01-30,Spokane County,KQ.1,0.0,713850,0.0,#E86CDE
2024-01-30,Spokane County,KV.2,0.0,713850,0.0,#E14365
2024-01-30,Spokane County,KW.1.1,0.0,713850,0.0,#34A0FF
2024-01-30,Spokane County,LB.1,0.0,713850,0.0,#795653
2024-01-30,Spokane County,Recombinant,0.0,713850,0.0,#FF0000
2024-01-30,Spokane County,XBB,0.0,713850,0.0,#9FA8DA
2024-01-30,Spokane County,XBB.1.16,0.0,713850,0.0,#4527A0
2024-01-30,Spokane County,XBB.1.16.1,0.0,713850,0.0,#F89B9B
2024-01-30,Spokane County,XBB.1.16.15,0.0,713850,0.0,#E3B5FA
2024-01-30,Spokane County,XBB.1.16.6,0.0,713850,0.0,#5AA350
2024-01-30,Spokane County,XBB.1.42.1,0.0,713850,0.0,#75D1A3
2024-01-30,Spokane County,XBB.1.5,0.0,713850,0.0,#3F51B5
2024-01-30,Spokane County,XBB.1.5.70,0.0,713850,0.0,#46783C
2024-01-30,Spokane County,XBB.1.5.72,0.0,713850,0.0,#254220
2024-01-30,Spokane County,XBB.1.9.1,0.0,713850,0.0,#304FFE
2024-01-30,Spokane County,XBB.1.9.2,0.0,713850,0.0,#536DFE
2024-01-30,Spokane County,XBB.2.3,0.0,713850,0.0,#F7BCDF
2024-01-30,Spokane County,XDP,0.0,713850,0.0,#B60052
2024-01-30,Spokane County,XDV.1,0.0,713850,0.0,#D367B6
2024-01-30,Spokane County,unreportable,4397.8799415,713850,0.00616079,#eeeeee
2024-01-30,Thurston County,BA.2,0.0,166384,0.0,#9CCD67
2024-01-30,Thurston County,BA.2.12.1,0.0,166384,0.0,#7CB342
2024-01-30,Thurston County,BA.2.86,26411.72238736,166384,0.15873955661217426,#D770EE
2024-01-30,Thurston County,EG.5,0.0,166384,0.0,#FFBE7D
2024-01-30,Thurston County,EG.5.1.8,0.0,166384,0.0,#E14D6F
2024-01-30,Thurston County,EG.6.1,0.0,166384,0.0,#B9ABA8
2024-01-30,Thurston County,FE.1.1,0.0,166384,0.0,#499894
2024-01-30,Thurston County,FL.1.5.1,0.0,166384,0.0,#8CD17D
2024-01-30,Thurston County,GE.1,0.0,166384,0.0,#FABFD2
2024-01-30,Thurston County,GK.1.1,0.0,166384,0.0,#90FAE5
2024-01-30,Thurston County,HF.1,0.0,166384,0.0,#D399AD
2024-01-30,Thurston County,HK.3,0.0,166384,0.0,#859DBC
2024-01-30,Thurston County,HV.1,0.0,166384,0.0,#797765
2024-01-30,Thurston County,JD.1.1,0.0,166384,0.0,#80F192
2024-01-30,Thurston County,JF.1,0.0,166384,0.0,#FFF1A9
2024-01-30,Thurston County,JG.3,0.0,166384,0.0,#66A172
2024-01-30,Thurston County,JN.1,127668.00413968001,166384,0.7673093815491875,#61018F
2024-01-30,Thurston County,JN.1.11.1,0.0,166384,0.0,#5C9CF1
2024-01-30,Thurston County,JN.1.13,0.0,166384,0.0,#E83C78
2024-01-30,Thurston County,JN.1.13.1,0.0,166384,0.0,#F2591C
2024-01-30,Thurston County,JN.1.16,0.0,166384,0.0,#BC3A88
2024-01-30,Thurston County,JN.1.16.1,0.0,166384,0.0,#366298
2024-01-30,Thurston County,JN.1.18,89.70841984,166384,0.00053916494278296,#4AF32F
2024-01-30,Thurston County,JN.1.32,0.0,166384,0.0,#2E7919
2024-01-30,Thurston County,JN.1.4.3,0.0,166384,0.0,#9D1010
2024-01-30,Thurston County,JN.1.7,0.0,166384,0.0,#CF15E8
2024-01-30,Thurston County,JN.1.8.1,1151.2589464,166384,0.006919288792191557,#FFB027
2024-01-30,Thurston County,KP.1.1,0.0,166384,0.0,#CBFF86
2024-01-30,Thurston County,KP.1.1.3,0.0,166384,0.0,#1EB3B6
2024-01-30,Thurston County,KP.1.2,0.0,166384,0.0,#D7B5A6
2024-01-30,Thurston County,KP.2,0.0,166384,0.0,#5875A1
2024-01-30,Thurston County,KP.2.15,0.0,166384,0.0,#175DFF
2024-01-30,Thurston County,KP.2.3,0.0,166384,0.0,#628DE8
2024-01-30,Thurston County,KP.3,0.0,166384,0.0,#B06589
2024-01-30,Thurston County,KP.3.1.1,0.0,166384,0.0,#2F92A1
2024-01-30,Thurston County,KP.4.1,0.0,166384,0.0,#FF473A
2024-01-30,Thurston County,KQ.1,0.0,166384,0.0,#E86CDE
2024-01-30,Thurston County,KV.2,0.0,166384,0.0,#E14365
2024-01-30,Thurston County,KW.1.1,0.0,166384,0.0,#34A0FF
2024-01-30,Thurston County,LB.1,0.0,166384,0.0,#795653
2024-01-30,Thurston County,Recombinant,1993.17244672,166384,0.011979351660736609,#FF0000
2024-01-30,Thurston County,XBB,1141.42367872,166384,0.006860176932397346,#9FA8DA
2024-01-30,Thurston County,XBB.1.16,0.0,166384,0.0,#4527A0
2024-01-30,Thurston County,XBB.1.16.1,0.0,166384,0.0,#F89B9B
2024-01-30,Thurston County,XBB.1.16.15,0.0,166384,0.0,#E3B5FA
2024-01-30,Thurston County,XBB.1.16.6,0.0,166384,0.0,#5AA350
2024-01-30,Thurston County,XBB.1.42.1,1119.93857664,166384,0.006731047316088086,#75D1A3
2024-01-30,Thurston County,XBB.1.5,0.0,166384,0.0,#3F51B5
2024-01-30,Thurston County,XBB.1.5.70,0.0,166384,0.0,#46783C
2024-01-30,Thurston County,XBB.1.5.72,0.0,166384,0.0,#254220
2024-01-30,Thurston County,XBB.1.9.1,394.32039296,166384,0.002369941779017213,#304FFE
2024-01-30,Thurston County,XBB.1.9.2,339.71390336,166384,0.0020417462217520916,#536DFE
2024-01-30,Thurston County,XBB.2.3,0.0,166384,0.0,#F7BCDF
2024-01-30,Thurston County,XDP,2696.72552448,166384,0.016207841646312143,#B60052
2024-01-30,Thurston County,XDV.1,0.0,166384,0.0,#D367B6
2024-01-30,Thurston County,unreportable,3378.0115838399997,166384,0.02030250254736032,#eeeeee
2024-01-30,Walla Walla County,BA.2,0.0,551552,0.0,#9CCD67
2024-01-30,Walla Walla County,BA.2.12.1,0.0,551552,0.0,#7CB342
2024-01-30,Walla Walla County,BA.2.86,0.0,551552,0.0,#D770EE
2024-01-30,Walla Walla County,EG.5,0.0,551552,0.0,#FFBE7D
2024-01-30,Walla Walla County,EG.5.1.8,0.0,551552,0.0,#E14D6F
2024-01-30,Walla Walla County,EG.6.1,0.0,551552,0.0,#B9ABA8
2024-01-30,Walla Walla County,FE.1.1,0.0,551552,0.0,#499894
2024-01-30,Walla Walla County,FL.1.5.1,0.0,551552,0.0,#8CD17D
2024-01-30,Walla Walla County,GE.1,0.0,551552,0.0,#FABFD2
2024-01-30,Walla Walla County,GK.1.1,0.0,551552,0.0,#90FAE5
2024-01-30,Walla Walla County,HF.1,0.0,551552,0.0,#D399AD
2024-01-30,Walla Walla County,HK.3,0.0,551552,0.0,#859DBC
2024-01-30,Walla Walla County,HV.1,0.0,551552,0.0,#797765
2024-01-30,Walla Walla County,JD.1.1,0.0,551552,0.0,#80F192
2024-01-30,Walla Walla County,JF.1,0.0,551552,0.0,#FFF1A9
2024-01-30,Walla Walla County,JG.3,0.0,551552,0.0,#66A172
2024-01-30,Walla Walla County,JN.1,474452.65836416004,551552,0.8602138300000001,#61018F
2024-01-30,Walla Walla County,JN.1.11.1,390.31680384,551552,0.00070767,#5C9CF1
2024-01-30,Walla Walla County,JN.1.13,0.0,551552,0.0,#E83C78
2024-01-30,Walla Walla County,JN.1.13.1,0.0,551552,0.0,#F2591C
2024-01-30,Walla Walla County,JN.1.16,1685.0575462400002,551552,0.00305512,#BC3A88
2024-01-30,Walla Walla County,JN.1.16.1,0.0,551552,0.0,#366298
2024-01-30,Walla Walla County,JN.1.18,0.0,551552,0.0,#4AF32F
2024-01-30,Walla Walla County,JN.1.32,0.0,551552,0.0,#2E7919
2024-01-30,Walla Walla County,JN.1.4.3,0.0,551552,0.0,#9D1010
2024-01-30,Walla Walla County,JN.1.7,0.0,551552,0.0,#CF15E8
2024-01-30,Walla Walla County,JN.1.8.1,0.0,551552,0.0,#FFB027
2024-01-30,Walla Walla County,KP.1.1,0.0,551552,0.0,#CBFF86
2024-01-30,Walla Walla County,KP.1.1.3,0.0,551552,0.0,#1EB3B6
2024-01-30,Walla Walla County,KP.1.2,0.0,551552,0.0,#D7B5A6
2024-01-30,Walla Walla County,KP.2,0.0,551552,0.0,#5875A1
2024-01-30,Walla Walla County,KP.2.15,0.0,551552,0.0,#175DFF
2024-01-30,Walla Walla County,KP.2.3,0.0,551552,0.0,#628DE8
2024-01-30,Walla Walla County,KP.3,0.0,551552,0.0,#B06589
2024-01-30,Walla Walla County,KP.3.1.1,0.0,551552,0.0,#2F92A1
2024-01-30,Walla Walla County,KP.4.1,0.0,551552,0.0,#FF473A
2024-01-30,Walla Walla County,KQ.1,0.0,551552,0.0,#E86CDE
2024-01-30,Walla Walla County,KV.2,0.0,551552,0.0,#E14365
2024-01-30,Walla Walla County,KW.1.1,0.0,551552,0.0,#34A0FF
2024-01-30,Walla Walla County,LB.1,0.0,551552,0.0,#795653
2024-01-30,Walla Walla County,Recombinant,72702.29739008,551552,0.13181404,#FF0000
2024-01-30,Walla Walla County,XBB,0.0,551552,0.0,#9FA8DA
2024-01-30,Walla Walla County,XBB.1.16,0.0,551552,0.0,#4527A0
2024-01-30,Walla Walla County,XBB.1.16.1,0.0,551552,0.0,#F89B9B
2024-01-30,Walla Walla County,XBB.1.16.15,0.0,551552,0.0,#E3B5FA
2024-01-30,Walla Walla County,XBB.1.16.6,0.0,551552,0.0,#5AA350
2024-01-30,Walla Walla County,XBB.1.42.1,0.0,551552,0.0,#75D1A3
2024-01-30,Walla Walla County,XBB.1.5,0.0,551552,0.0,#3F51B5
2024-01-30,Walla Walla County,XBB.1.5.70,0.0,551552,0.0,#46783C
2024-01-30,Walla Walla County,XBB.1.5.72,0.0,551552,0.0,#254220
2024-01-30,Walla Walla County,XBB.1.9.1,0.0,551552,0.0,#304FFE
2024-01-30,Walla Walla County,XBB.1.9.2,0.0,551552,0.0,#536DFE
2024-01-30,Walla Walla County,XBB.2.3,0.0,551552,0.0,#F7BCDF
2024-01-30,Walla Walla County,XDP,0.0,551552,0.0,#B60052
2024-01-30,Walla Walla County,XDV.1,0.0,551552,0.0,#D367B6
2024-01-30,Walla Walla County,unreportable,2321.66438016,551552,0.00420933,#eeeeee
2024-01-30,Whitman County,BA.2,0.0,245487,0.0,#9CCD67
2024-01-30,Whitman County,BA.2.12.1,0.0,245487,0.0,#7CB342
2024-01-30,Whitman County,BA.2.86,1124.17825806,245487,0.00457938,#D770EE
2024-01-30,Whitman County,EG.5,0.0,245487,0.0,#FFBE7D
2024-01-30,Whitman County,EG.5.1.8,0.0,245487,0.0,#E14D6F
2024-01-30,Whitman County,EG.6.1,0.0,245487,0.0,#B9ABA8
2024-01-30,Whitman County,FE.1.1,0.0,245487,0.0,#499894
2024-01-30,Whitman County,FL.1.5.1,0.0,245487,0.0,#8CD17D
2024-01-30,Whitman County,GE.1,0.0,245487,0.0,#FABFD2
2024-01-30,Whitman County,GK.1.1,0.0,245487,0.0,#90FAE5
2024-01-30,Whitman County,HF.1,0.0,245487,0.0,#D399AD
2024-01-30,Whitman County,HK.3,0.0,245487,0.0,#859DBC
2024-01-30,Whitman County,HV.1,0.0,245487,0.0,#797765
2024-01-30,Whitman County,JD.1.1,0.0,245487,0.0,#80F192
2024-01-30,Whitman County,JF.1,0.0,245487,0.0,#FFF1A9
2024-01-30,Whitman County,JG.3,0.0,245487,0.0,#66A172
2024-01-30,Whitman County,JN.1,239911.32986997,245487,0.97728731,#61018F
2024-01-30,Whitman County,JN.1.11.1,0.0,245487,0.0,#5C9CF1
2024-01-30,Whitman County,JN.1.13,0.0,245487,0.0,#E83C78
2024-01-30,Whitman County,JN.1.13.1,0.0,245487,0.0,#F2591C
2024-01-30,Whitman County,JN.1.16,0.0,245487,0.0,#BC3A88
2024-01-30,Whitman County,JN.1.16.1,0.0,245487,0.0,#366298
2024-01-30,Whitman County,JN.1.18,0.0,245487,0.0,#4AF32F
2024-01-30,Whitman County,JN.1.32,0.0,245487,0.0,#2E7919
2024-01-30,Whitman County,JN.1.4.3,0.0,245487,0.0,#9D1010
2024-01-30,Whitman County,JN.1.7,0.0,245487,0.0,#CF15E8
2024-01-30,Whitman County,JN.1.8.1,404.94062598,245487,0.00164954,#FFB027
2024-01-30,Whitman County,KP.1.1,0.0,245487,0.0,#CBFF86
2024-01-30,Whitman County,KP.1.1.3,0.0,245487,0.0,#1EB3B6
2024-01-30,Whitman County,KP.1.2,0.0,245487,0.0,#D7B5A6
2024-01-30,Whitman County,KP.2,0.0,245487,0.0,#5875A1
2024-01-30,Whitman County,KP.2.15,0.0,245487,0.0,#175DFF
2024-01-30,Whitman County,KP.2.3,0.0,245487,0.0,#628DE8
2024-01-30,Whitman County,KP.3,0.0,245487,0.0,#B06589
2024-01-30,Whitman County,KP.3.1.1,0.0,245487,0.0,#2F92A1
2024-01-30,Whitman County,KP.4.1,0.0,245487,0.0,#FF473A
2024-01-30,Whitman County,KQ.1,0.0,245487,0.0,#E86CDE
2024-01-30,Whitman County,KV.2,0.0,245487,0.0,#E14365
2024-01-30,Whitman County,KW.1.1,0.0,245487,0.0,#34A0FF
2024-01-30,Whitman County,LB.1,0.0,245487,0.0,#795653
2024-01-30,Whitman County,Recombinant,246.58923663000002,245487,0.00100449,#FF0000
2024-01-30,Whitman County,XBB,0.0,245487,0.0,#9FA8DA
2024-01-30,Whitman County,XBB.1.16,0.0,245487,0.0,#4527A0
2024-01-30,Whitman County,XBB.1.16.1,0.0,245487,0.0,#F89B9B
2024-01-30,Whitman County,XBB.1.16.15,0.0,245487,0.0,#E3B5FA
2024-01-30,Whitman County,XBB.1.16.6,0.0,245487,0.0,#5AA350
2024-01-30,Whitman County,XBB.1.42.1,0.0,245487,0.0,#75D1A3
2024-01-30,Whitman County,XBB.1.5,0.0,245487,0.0,#3F51B5
2024-01-30,Whitman County,XBB.1.5.70,0.0,245487,0.0,#46783C
2024-01-30,Whitman County,XBB.1.5.72,0.0,245487,0.0,#254220
2024-01-30,Whitman County,XBB.1.9.1,0.0,245487,0.0,#304FFE
2024-01-30,Whitman County,XBB.1.9.2,0.0,245487,0.0,#536DFE
2024-01-30,Whitman County,XBB.2.3,0.0,245487,0.0,#F7BCDF
2024-01-30,Whitman County,XDP,0.0,245487,0.0,#B60052
2024-01-30,Whitman County,XDV.1,0.0,245487,0.0,#D367B6
2024-01-30,Whitman County,unreportable,3799.95955449,245487,0.01547927,#eeeeee
2024-01-30,Yakima County,BA.2,0.0,1078100,0.0,#9CCD67
2024-01-30,Yakima County,BA.2.12.1,0.0,1078100,0.0,#7CB342
2024-01-30,Yakima County,BA.2.86,48739.938619399996,1078100,0.04520910733642519,#D770EE
2024-01-30,Yakima County,EG.5,0.0,1078100,0.0,#FFBE7D
2024-01-30,Yakima County,EG.5.1.8,0.0,1078100,0.0,#E14D6F
2024-01-30,Yakima County,EG.6.1,0.0,1078100,0.0,#B9ABA8
2024-01-30,Yakima County,FE.1.1,0.0,1078100,0.0,#499894
2024-01-30,Yakima County,FL.1.5.1,0.0,1078100,0.0,#8CD17D
2024-01-30,Yakima County,GE.1,0.0,1078100,0.0,#FABFD2
2024-01-30,Yakima County,GK.1.1,0.0,1078100,0.0,#90FAE5
2024-01-30,Yakima County,HF.1,0.0,1078100,0.0,#D399AD
2024-01-30,Yakima County,HK.3,0.0,1078100,0.0,#859DBC
2024-01-30,Yakima County,HV.1,0.0,1078100,0.0,#797765
2024-01-30,Yakima County,JD.1.1,0.0,1078100,0.0,#80F192
2024-01-30,Yakima County,JF.1,0.0,1078100,0.0,#FFF1A9
2024-01-30,Yakima County,JG.3,0.0,1078100,0.0,#66A172
2024-01-30,Yakima County,JN.1,826722.272684,1078100,0.7668326432464521,#61018F
2024-01-30,Yakima County,JN.1.11.1,923.2697229999999,1078100,0.0008563859781096372,#5C9CF1
2024-01-30,Yakima County,JN.1.13,0.0,1078100,0.0,#E83C78
2024-01-30,Yakima County,JN.1.13.1,0.0,1078100,0.0,#F2591C
2024-01-30,Yakima County,JN.1.16,451.4677248,1078100,0.0004187623827103237,#BC3A88
2024-01-30,Yakima County,JN.1.16.1,0.0,1078100,0.0,#366298
2024-01-30,Yakima County,JN.1.18,35717.43348,1078100,0.03312998189407291,#4AF32F
2024-01-30,Yakima County,JN.1.32,0.0,1078100,0.0,#2E7919
2024-01-30,Yakima County,JN.1.4.3,0.0,1078100,0.0,#9D1010
2024-01-30,Yakima County,JN.1.7,18296.6143152,1078100,0.01697116623244597,#CF15E8
2024-01-30,Yakima County,JN.1.8.1,121398.928062,1078100,0.11260451540858919,#FFB027
2024-01-30,Yakima County,KP.1.1,0.0,1078100,0.0,#CBFF86
2024-01-30,Yakima County,KP.1.1.3,0.0,1078100,0.0,#1EB3B6
2024-01-30,Yakima County,KP.1.2,0.0,1078100,0.0,#D7B5A6
2024-01-30,Yakima County,KP.2,0.0,1078100,0.0,#5875A1
2024-01-30,Yakima County,KP.2.15,0.0,1078100,0.0,#175DFF
2024-01-30,Yakima County,KP.2.3,0.0,1078100,0.0,#628DE8
2024-01-30,Yakima County,KP.3,0.0,1078100,0.0,#B06589
2024-01-30,Yakima County,KP.3.1.1,0.0,1078100,0.0,#2F92A1
2024-01-30,Yakima County,KP.4.1,0.0,1078100,0.0,#FF473A
2024-01-30,Yakima County,KQ.1,0.0,1078100,0.0,#E86CDE
2024-01-30,Yakima County,KV.2,0.0,1078100,0.0,#E14365
2024-01-30,Yakima County,KW.1.1,0.0,1078100,0.0,#34A0FF
2024-01-30,Yakima County,LB.1,0.0,1078100,0.0,#795653
2024-01-30,Yakima County,Recombinant,18117.0130436,1078100,0.01680457568277525,#FF0000
2024-01-30,Yakima County,XBB,0.0,1078100,0.0,#9FA8DA
2024-01-30,Yakima County,XBB.1.16,0.0,1078100,0.0,#4527A0
2024-01-30,Yakima County,XBB.1.16.1,0.0,1078100,0.0,#F89B9B
2024-01-30,Yakima County,XBB.1.16.15,0.0,1078100,0.0,#E3B5FA
2024-01-30,Yakima County,XBB.1.16.6,0.0,1078100,0.0,#5AA350
2024-01-30,Yakima County,XBB.1.42.1,0.0,1078100,0.0,#75D1A3
2024-01-30,Yakima County,XBB.1.5,0.0,1078100,0.0,#3F51B5
2024-01-30,Yakima County,XBB.1.5.70,0.0,1078100,0.0,#46783C
2024-01-30,Yakima County,XBB.1.5.72,0.0,1078100,0.0,#254220
2024-01-30,Yakima County,XBB.1.9.1,0.0,1078100,0.0,#304FFE
2024-01-30,Yakima County,XBB.1.9.2,0.0,1078100,0.0,#536DFE
2024-01-30,Yakima County,XBB.2.3,0.0,1078100,0.0,#F7BCDF
2024-01-30,Yakima County,XDP,0.0,1078100,0.0,#B60052
2024-01-30,Yakima County,XDV.1,0.0,1078100,0.0,#D367B6
2024-01-30,Yakima County,unreportable,7733.0549414,1078100,0.007172854968370281,#eeeeee
2024-02-06,Benton County,BA.2,0.0,502178,0.0,#9CCD67
2024-02-06,Benton County,BA.2.12.1,0.0,502178,0.0,#7CB342
2024-02-06,Benton County,BA.2.86,0.0,502178,0.0,#D770EE
2024-02-06,Benton County,EG.5,0.0,502178,0.0,#FFBE7D
2024-02-06,Benton County,EG.5.1.8,0.0,502178,0.0,#E14D6F
2024-02-06,Benton County,EG.6.1,0.0,502178,0.0,#B9ABA8
2024-02-06,Benton County,FE.1.1,0.0,502178,0.0,#499894
2024-02-06,Benton County,FL.1.5.1,0.0,502178,0.0,#8CD17D
2024-02-06,Benton County,GE.1,0.0,502178,0.0,#FABFD2
2024-02-06,Benton County,GK.1.1,0.0,502178,0.0,#90FAE5
2024-02-06,Benton County,HF.1,0.0,502178,0.0,#D399AD
2024-02-06,Benton County,HK.3,0.0,502178,0.0,#859DBC
2024-02-06,Benton County,HV.1,0.0,502178,0.0,#797765
2024-02-06,Benton County,JD.1.1,0.0,502178,0.0,#80F192
2024-02-06,Benton County,JF.1,0.0,502178,0.0,#FFF1A9
2024-02-06,Benton County,JG.3,0.0,502178,0.0,#66A172
2024-02-06,Benton County,JN.1,291375.93878676,502178,0.58022442,#61018F
2024-02-06,Benton County,JN.1.11.1,1268.6020636,502178,0.0025262,#5C9CF1
2024-02-06,Benton County,JN.1.13,0.0,502178,0.0,#E83C78
2024-02-06,Benton County,JN.1.13.1,0.0,502178,0.0,#F2591C
2024-02-06,Benton County,JN.1.16,0.0,502178,0.0,#BC3A88
2024-02-06,Benton County,JN.1.16.1,0.0,502178,0.0,#366298
2024-02-06,Benton County,JN.1.18,0.0,502178,0.0,#4AF32F
2024-02-06,Benton County,JN.1.32,0.0,502178,0.0,#2E7919
2024-02-06,Benton County,JN.1.4.3,0.0,502178,0.0,#9D1010
2024-02-06,Benton County,JN.1.7,65955.52118954,502178,0.13133893,#CF15E8
2024-02-06,Benton County,JN.1.8.1,50513.02040264,502178,0.10058788,#FFB027
2024-02-06,Benton County,KP.1.1,0.0,502178,0.0,#CBFF86
2024-02-06,Benton County,KP.1.1.3,0.0,502178,0.0,#1EB3B6
2024-02-06,Benton County,KP.1.2,0.0,502178,0.0,#D7B5A6
2024-02-06,Benton County,KP.2,0.0,502178,0.0,#5875A1
2024-02-06,Benton County,KP.2.15,0.0,502178,0.0,#175DFF
2024-02-06,Benton County,KP.2.3,0.0,502178,0.0,#628DE8
2024-02-06,Benton County,KP.3,0.0,502178,0.0,#B06589
2024-02-06,Benton County,KP.3.1.1,0.0,502178,0.0,#2F92A1
2024-02-06,Benton County,KP.4.1,0.0,502178,0.0,#FF473A
2024-02-06,Benton County,KQ.1,0.0,502178,0.0,#E86CDE
2024-02-06,Benton County,KV.2,0.0,502178,0.0,#E14365
2024-02-06,Benton County,KW.1.1,0.0,502178,0.0,#34A0FF
2024-02-06,Benton County,LB.1,0.0,502178,0.0,#795653
2024-02-06,Benton County,Recombinant,0.0,502178,0.0,#FF0000
2024-02-06,Benton County,XBB,0.0,502178,0.0,#9FA8DA
2024-02-06,Benton County,XBB.1.16,0.0,502178,0.0,#4527A0
2024-02-06,Benton County,XBB.1.16.1,0.0,502178,0.0,#F89B9B
2024-02-06,Benton County,XBB.1.16.15,0.0,502178,0.0,#E3B5FA
2024-02-06,Benton County,XBB.1.16.6,0.0,502178,0.0,#5AA350
2024-02-06,Benton County,XBB.1.42.1,0.0,502178,0.0,#75D1A3
2024-02-06,Benton County,XBB.1.5,0.0,502178,0.0,#3F51B5
2024-02-06,Benton County,XBB.1.5.70,0.0,502178,0.0,#46783C
2024-02-06,Benton County,XBB.1.5.72,0.0,502178,0.0,#254220
2024-02-06,Benton County,XBB.1.9.1,0.0,502178,0.0,#304FFE
2024-02-06,Benton County,XBB.1.9.2,0.0,502178,0.0,#536DFE
2024-02-06,Benton County,XBB.2.3,0.0,502178,0.0,#F7BCDF
2024-02-06,Benton County,XDP,88798.51872683999,502178,0.17682678,#B60052
2024-02-06,Benton County,XDV.1,0.0,502178,0.0,#D367B6
2024-02-06,Benton County,unreportable,4266.39883062,502178,0.00849579,#eeeeee
2024-02-06,Chelan County,BA.2,0.0,923896,0.0,#9CCD67
2024-02-06,Chelan County,BA.2.12.1,0.0,923896,0.0,#7CB342
2024-02-06,Chelan County,BA.2.86,42455.929906800004,923896,0.04595314830543698,#D770EE
2024-02-06,Chelan County,EG.5,0.0,923896,0.0,#FFBE7D
2024-02-06,Chelan County,EG.5.1.8,0.0,923896,0.0,#E14D6F
2024-02-06,Chelan County,EG.6.1,0.0,923896,0.0,#B9ABA8
2024-02-06,Chelan County,FE.1.1,0.0,923896,0.0,#499894
2024-02-06,Chelan County,FL.1.5.1,0.0,923896,0.0,#8CD17D
2024-02-06,Chelan County,GE.1,0.0,923896,0.0,#FABFD2
2024-02-06,Chelan County,GK.1.1,0.0,923896,0.0,#90FAE5
2024-02-06,Chelan County,HF.1,0.0,923896,0.0,#D399AD
2024-02-06,Chelan County,HK.3,0.0,923896,0.0,#859DBC
2024-02-06,Chelan County,HV.1,0.0,923896,0.0,#797765
2024-02-06,Chelan County,JD.1.1,0.0,923896,0.0,#80F192
2024-02-06,Chelan County,JF.1,0.0,923896,0.0,#FFF1A9
2024-02-06,Chelan County,JG.3,0.0,923896,0.0,#66A172
2024-02-06,Chelan County,JN.1,672905.4997767599,923896,0.7283346824499293,#61018F
2024-02-06,Chelan County,JN.1.11.1,0.0,923896,0.0,#5C9CF1
2024-02-06,Chelan County,JN.1.13,0.0,923896,0.0,#E83C78
2024-02-06,Chelan County,JN.1.13.1,0.0,923896,0.0,#F2591C
2024-02-06,Chelan County,JN.1.16,832.2075107999999,923896,0.0009007588633352671,#BC3A88
2024-02-06,Chelan County,JN.1.16.1,0.0,923896,0.0,#366298
2024-02-06,Chelan County,JN.1.18,0.0,923896,0.0,#4AF32F
2024-02-06,Chelan County,JN.1.32,0.0,923896,0.0,#2E7919
2024-02-06,Chelan County,JN.1.4.3,0.0,923896,0.0,#9D1010
2024-02-06,Chelan County,JN.1.7,0.0,923896,0.0,#CF15E8
2024-02-06,Chelan County,JN.1.8.1,175857.77601508002,923896,0.19034369237996487,#FFB027
2024-02-06,Chelan County,KP.1.1,0.0,923896,0.0,#CBFF86
2024-02-06,Chelan County,KP.1.1.3,0.0,923896,0.0,#1EB3B6
2024-02-06,Chelan County,KP.1.2,0.0,923896,0.0,#D7B5A6
2024-02-06,Chelan County,KP.2,0.0,923896,0.0,#5875A1
2024-02-06,Chelan County,KP.2.15,0.0,923896,0.0,#175DFF
2024-02-06,Chelan County,KP.2.3,0.0,923896,0.0,#628DE8
2024-02-06,Chelan County,KP.3,0.0,923896,0.0,#B06589
2024-02-06,Chelan County,KP.3.1.1,0.0,923896,0.0,#2F92A1
2024-02-06,Chelan County,KP.4.1,0.0,923896,0.0,#FF473A
2024-02-06,Chelan County,KQ.1,0.0,923896,0.0,#E86CDE
2024-02-06,Chelan County,KV.2,0.0,923896,0.0,#E14365
2024-02-06,Chelan County,KW.1.1,0.0,923896,0.0,#34A0FF
2024-02-06,Chelan County,LB.1,0.0,923896,0.0,#795653
2024-02-06,Chelan County,Recombinant,9050.526333,923896,0.009796044503926848,#FF0000
2024-02-06,Chelan County,XBB,0.0,923896,0.0,#9FA8DA
2024-02-06,Chelan County,XBB.1.16,0.0,923896,0.0,#4527A0
2024-02-06,Chelan County,XBB.1.16.1,0.0,923896,0.0,#F89B9B
2024-02-06,Chelan County,XBB.1.16.15,0.0,923896,0.0,#E3B5FA
2024-02-06,Chelan County,XBB.1.16.6,0.0,923896,0.0,#5AA350
2024-02-06,Chelan County,XBB.1.42.1,0.0,923896,0.0,#75D1A3
2024-02-06,Chelan County,XBB.1.5,0.0,923896,0.0,#3F51B5
2024-02-06,Chelan County,XBB.1.5.70,0.0,923896,0.0,#46783C
2024-02-06,Chelan County,XBB.1.5.72,0.0,923896,0.0,#254220
2024-02-06,Chelan County,XBB.1.9.1,0.0,923896,0.0,#304FFE
2024-02-06,Chelan County,XBB.1.9.2,0.0,923896,0.0,#536DFE
2024-02-06,Chelan County,XBB.2.3,0.0,923896,0.0,#F7BCDF
2024-02-06,Chelan County,XDP,6224.6554866,923896,0.006737398458917454,#B60052
2024-02-06,Chelan County,XDV.1,0.0,923896,0.0,#D367B6
2024-02-06,Chelan County,unreportable,16569.40497096,923896,0.01793427503848918,#eeeeee
2024-02-06,Franklin County,BA.2,0.0,1215063,0.0,#9CCD67
2024-02-06,Franklin County,BA.2.12.1,0.0,1215063,0.0,#7CB342
2024-02-06,Franklin County,BA.2.86,0.0,1215063,0.0,#D770EE
2024-02-06,Franklin County,EG.5,2441.3187744,1215063,0.0020092116823572114,#FFBE7D
2024-02-06,Franklin County,EG.5.1.8,0.0,1215063,0.0,#E14D6F
2024-02-06,Franklin County,EG.6.1,0.0,1215063,0.0,#B9ABA8
2024-02-06,Franklin County,FE.1.1,0.0,1215063,0.0,#499894
2024-02-06,Franklin County,FL.1.5.1,0.0,1215063,0.0,#8CD17D
2024-02-06,Franklin County,GE.1,0.0,1215063,0.0,#FABFD2
2024-02-06,Franklin County,GK.1.1,0.0,1215063,0.0,#90FAE5
2024-02-06,Franklin County,HF.1,0.0,1215063,0.0,#D399AD
2024-02-06,Franklin County,HK.3,0.0,1215063,0.0,#859DBC
2024-02-06,Franklin County,HV.1,5410.2953916,1215063,0.004452687137703971,#797765
2024-02-06,Franklin County,JD.1.1,0.0,1215063,0.0,#80F192
2024-02-06,Franklin County,JF.1,0.0,1215063,0.0,#FFF1A9
2024-02-06,Franklin County,JG.3,0.0,1215063,0.0,#66A172
2024-02-06,Franklin County,JN.1,993342.76533315,1215063,0.8175236718862726,#61018F
2024-02-06,Franklin County,JN.1.11.1,805.3317558,1215063,0.000662790123475079,#5C9CF1
2024-02-06,Franklin County,JN.1.13,0.0,1215063,0.0,#E83C78
2024-02-06,Franklin County,JN.1.13.1,0.0,1215063,0.0,#F2591C
2024-02-06,Franklin County,JN.1.16,0.0,1215063,0.0,#BC3A88
2024-02-06,Franklin County,JN.1.16.1,0.0,1215063,0.0,#366298
2024-02-06,Franklin County,JN.1.18,54726.3545202,1215063,0.04503993169094936,#4AF32F
2024-02-06,Franklin County,JN.1.32,0.0,1215063,0.0,#2E7919
2024-02-06,Franklin County,JN.1.4.3,0.0,1215063,0.0,#9D1010
2024-02-06,Franklin County,JN.1.7,107190.78210105002,1215063,0.08821829164500114,#CF15E8
2024-02-06,Franklin County,JN.1.8.1,2020.1523606,1215063,0.0016625906315968803,#FFB027
2024-02-06,Franklin County,KP.1.1,0.0,1215063,0.0,#CBFF86
2024-02-06,Franklin County,KP.1.1.3,0.0,1215063,0.0,#1EB3B6
2024-02-06,Franklin County,KP.1.2,0.0,1215063,0.0,#D7B5A6
2024-02-06,Franklin County,KP.2,0.0,1215063,0.0,#5875A1
2024-02-06,Franklin County,KP.2.15,0.0,1215063,0.0,#175DFF
2024-02-06,Franklin County,KP.2.3,0.0,1215063,0.0,#628DE8
2024-02-06,Franklin County,KP.3,0.0,1215063,0.0,#B06589
2024-02-06,Franklin County,KP.3.1.1,0.0,1215063,0.0,#2F92A1
2024-02-06,Franklin County,KP.4.1,0.0,1215063,0.0,#FF473A
2024-02-06,Franklin County,KQ.1,0.0,1215063,0.0,#E86CDE
2024-02-06,Franklin County,KV.2,0.0,1215063,0.0,#E14365
2024-02-06,Franklin County,KW.1.1,0.0,1215063,0.0,#34A0FF
2024-02-06,Franklin County,LB.1,0.0,1215063,0.0,#795653
2024-02-06,Franklin County,Recombinant,0.0,1215063,0.0,#FF0000
2024-02-06,Franklin County,XBB,0.0,1215063,0.0,#9FA8DA
2024-02-06,Franklin County,XBB.1.16,0.0,1215063,0.0,#4527A0
2024-02-06,Franklin County,XBB.1.16.1,0.0,1215063,0.0,#F89B9B
2024-02-06,Franklin County,XBB.1.16.15,0.0,1215063,0.0,#E3B5FA
2024-02-06,Franklin County,XBB.1.16.6,0.0,1215063,0.0,#5AA350
2024-02-06,Franklin County,XBB.1.42.1,0.0,1215063,0.0,#75D1A3
2024-02-06,Franklin County,XBB.1.5,0.0,1215063,0.0,#3F51B5
2024-02-06,Franklin County,XBB.1.5.70,0.0,1215063,0.0,#46783C
2024-02-06,Franklin County,XBB.1.5.72,0.0,1215063,0.0,#254220
2024-02-06,Franklin County,XBB.1.9.1,0.0,1215063,0.0,#304FFE
2024-02-06,Franklin County,XBB.1.9.2,546.2505312000001,1215063,0.0004495656037588175,#536DFE
2024-02-06,Franklin County,XBB.2.3,0.0,1215063,0.0,#F7BCDF
2024-02-06,Franklin County,XDP,26957.341336200003,1215063,0.02218596182765832,#B60052
2024-02-06,Franklin County,XDV.1,0.0,1215063,0.0,#D367B6
2024-02-06,Franklin County,unreportable,21622.41267423,1215063,0.01779530170388696,#eeeeee
2024-02-06,Island County,BA.2,0.0,1778632,0.0,#9CCD67
2024-02-06,Island County,BA.2.12.1,0.0,1778632,0.0,#7CB342
2024-02-06,Island County,BA.2.86,584.95894989,1778632,0.00032888138180916566,#D770EE
2024-02-06,Island County,EG.5,0.0,1778632,0.0,#FFBE7D
2024-02-06,Island County,EG.5.1.8,0.0,1778632,0.0,#E14D6F
2024-02-06,Island County,EG.6.1,0.0,1778632,0.0,#B9ABA8
2024-02-06,Island County,FE.1.1,0.0,1778632,0.0,#499894
2024-02-06,Island County,FL.1.5.1,0.0,1778632,0.0,#8CD17D
2024-02-06,Island County,GE.1,0.0,1778632,0.0,#FABFD2
2024-02-06,Island County,GK.1.1,0.0,1778632,0.0,#90FAE5
2024-02-06,Island County,HF.1,0.0,1778632,0.0,#D399AD
2024-02-06,Island County,HK.3,0.0,1778632,0.0,#859DBC
2024-02-06,Island County,HV.1,0.0,1778632,0.0,#797765
2024-02-06,Island County,JD.1.1,0.0,1778632,0.0,#80F192
2024-02-06,Island County,JF.1,0.0,1778632,0.0,#FFF1A9
2024-02-06,Island County,JG.3,0.0,1778632,0.0,#66A172
2024-02-06,Island County,JN.1,1715558.77302156,1778632,0.964538349147862,#61018F
2024-02-06,Island County,JN.1.11.1,526.9637197000001,1778632,0.00029627473232236916,#5C9CF1
2024-02-06,Island County,JN.1.13,0.0,1778632,0.0,#E83C78
2024-02-06,Island County,JN.1.13.1,0.0,1778632,0.0,#F2591C
2024-02-06,Island County,JN.1.16,2404.34461962,1778632,0.0013517943113696368,#BC3A88
2024-02-06,Island County,JN.1.16.1,0.0,1778632,0.0,#366298
2024-02-06,Island County,JN.1.18,0.0,1778632,0.0,#4AF32F
2024-02-06,Island County,JN.1.32,0.0,1778632,0.0,#2E7919
2024-02-06,Island County,JN.1.4.3,13180.11921513,1778632,0.007410256430295868,#9D1010
2024-02-06,Island County,JN.1.7,8737.0058775,1778632,0.004912205491355154,#CF15E8
2024-02-06,Island County,JN.1.8.1,6556.0613558899995,1778632,0.0036860133832574693,#FFB027
2024-02-06,Island County,KP.1.1,0.0,1778632,0.0,#CBFF86
2024-02-06,Island County,KP.1.1.3,0.0,1778632,0.0,#1EB3B6
2024-02-06,Island County,KP.1.2,0.0,1778632,0.0,#D7B5A6
2024-02-06,Island County,KP.2,0.0,1778632,0.0,#5875A1
2024-02-06,Island County,KP.2.15,0.0,1778632,0.0,#175DFF
2024-02-06,Island County,KP.2.3,0.0,1778632,0.0,#628DE8
2024-02-06,Island County,KP.3,0.0,1778632,0.0,#B06589
2024-02-06,Island County,KP.3.1.1,0.0,1778632,0.0,#2F92A1
2024-02-06,Island County,KP.4.1,0.0,1778632,0.0,#FF473A
2024-02-06,Island County,KQ.1,0.0,1778632,0.0,#E86CDE
2024-02-06,Island County,KV.2,610.994224155,1778632,0.0003435191901163366,#E14365
2024-02-06,Island County,KW.1.1,0.0,1778632,0.0,#34A0FF
2024-02-06,Island County,LB.1,0.0,1778632,0.0,#795653
2024-02-06,Island County,Recombinant,0.0,1778632,0.0,#FF0000
2024-02-06,Island County,XBB,0.0,1778632,0.0,#9FA8DA
2024-02-06,Island County,XBB.1.16,0.0,1778632,0.0,#4527A0
2024-02-06,Island County,XBB.1.16.1,0.0,1778632,0.0,#F89B9B
2024-02-06,Island County,XBB.1.16.15,0.0,1778632,0.0,#E3B5FA
2024-02-06,Island County,XBB.1.16.6,0.0,1778632,0.0,#5AA350
2024-02-06,Island County,XBB.1.42.1,0.0,1778632,0.0,#75D1A3
2024-02-06,Island County,XBB.1.5,0.0,1778632,0.0,#3F51B5
2024-02-06,Island County,XBB.1.5.70,0.0,1778632,0.0,#46783C
2024-02-06,Island County,XBB.1.5.72,0.0,1778632,0.0,#254220
2024-02-06,Island County,XBB.1.9.1,0.0,1778632,0.0,#304FFE
2024-02-06,Island County,XBB.1.9.2,0.0,1778632,0.0,#536DFE
2024-02-06,Island County,XBB.2.3,0.0,1778632,0.0,#F7BCDF
2024-02-06,Island County,XDP,14194.54138536,1778632,0.007980594853437923,#B60052
2024-02-06,Island County,XDV.1,0.0,1778632,0.0,#D367B6
2024-02-06,Island County,unreportable,16278.249245825,1778632,0.009152117608265791,#eeeeee
2024-02-06,Jefferson County,BA.2,0.0,162770,0.0,#9CCD67
2024-02-06,Jefferson County,BA.2.12.1,0.0,162770,0.0,#7CB342
2024-02-06,Jefferson County,BA.2.86,1653.3444135,162770,0.01015755,#D770EE
2024-02-06,Jefferson County,EG.5,0.0,162770,0.0,#FFBE7D
2024-02-06,Jefferson County,EG.5.1.8,0.0,162770,0.0,#E14D6F
2024-02-06,Jefferson County,EG.6.1,0.0,162770,0.0,#B9ABA8
2024-02-06,Jefferson County,FE.1.1,0.0,162770,0.0,#499894
2024-02-06,Jefferson County,FL.1.5.1,0.0,162770,0.0,#8CD17D
2024-02-06,Jefferson County,GE.1,0.0,162770,0.0,#FABFD2
2024-02-06,Jefferson County,GK.1.1,0.0,162770,0.0,#90FAE5
2024-02-06,Jefferson County,HF.1,0.0,162770,0.0,#D399AD
2024-02-06,Jefferson County,HK.3,0.0,162770,0.0,#859DBC
2024-02-06,Jefferson County,HV.1,0.0,162770,0.0,#797765
2024-02-06,Jefferson County,JD.1.1,0.0,162770,0.0,#80F192
2024-02-06,Jefferson County,JF.1,0.0,162770,0.0,#FFF1A9
2024-02-06,Jefferson County,JG.3,0.0,162770,0.0,#66A172
2024-02-06,Jefferson County,JN.1,137043.2460401,162770,0.84194413,#61018F
2024-02-06,Jefferson County,JN.1.11.1,0.0,162770,0.0,#5C9CF1
2024-02-06,Jefferson County,JN.1.13,0.0,162770,0.0,#E83C78
2024-02-06,Jefferson County,JN.1.13.1,0.0,162770,0.0,#F2591C
2024-02-06,Jefferson County,JN.1.16,18590.9806402,162770,0.11421626,#BC3A88
2024-02-06,Jefferson County,JN.1.16.1,0.0,162770,0.0,#366298
2024-02-06,Jefferson County,JN.1.18,0.0,162770,0.0,#4AF32F
2024-02-06,Jefferson County,JN.1.32,0.0,162770,0.0,#2E7919
2024-02-06,Jefferson County,JN.1.4.3,0.0,162770,0.0,#9D1010
2024-02-06,Jefferson County,JN.1.7,0.0,162770,0.0,#CF15E8
2024-02-06,Jefferson County,JN.1.8.1,0.0,162770,0.0,#FFB027
2024-02-06,Jefferson County,KP.1.1,0.0,162770,0.0,#CBFF86
2024-02-06,Jefferson County,KP.1.1.3,0.0,162770,0.0,#1EB3B6
2024-02-06,Jefferson County,KP.1.2,0.0,162770,0.0,#D7B5A6
2024-02-06,Jefferson County,KP.2,0.0,162770,0.0,#5875A1
2024-02-06,Jefferson County,KP.2.15,0.0,162770,0.0,#175DFF
2024-02-06,Jefferson County,KP.2.3,0.0,162770,0.0,#628DE8
2024-02-06,Jefferson County,KP.3,0.0,162770,0.0,#B06589
2024-02-06,Jefferson County,KP.3.1.1,0.0,162770,0.0,#2F92A1
2024-02-06,Jefferson County,KP.4.1,0.0,162770,0.0,#FF473A
2024-02-06,Jefferson County,KQ.1,0.0,162770,0.0,#E86CDE
2024-02-06,Jefferson County,KV.2,0.0,162770,0.0,#E14365
2024-02-06,Jefferson County,KW.1.1,0.0,162770,0.0,#34A0FF
2024-02-06,Jefferson County,LB.1,0.0,162770,0.0,#795653
2024-02-06,Jefferson County,Recombinant,0.0,162770,0.0,#FF0000
2024-02-06,Jefferson County,XBB,776.0499229000001,162770,0.00476777,#9FA8DA
2024-02-06,Jefferson County,XBB.1.16,0.0,162770,0.0,#4527A0
2024-02-06,Jefferson County,XBB.1.16.1,0.0,162770,0.0,#F89B9B
2024-02-06,Jefferson County,XBB.1.16.15,0.0,162770,0.0,#E3B5FA
2024-02-06,Jefferson County,XBB.1.16.6,0.0,162770,0.0,#5AA350
2024-02-06,Jefferson County,XBB.1.42.1,0.0,162770,0.0,#75D1A3
2024-02-06,Jefferson County,XBB.1.5,0.0,162770,0.0,#3F51B5
2024-02-06,Jefferson County,XBB.1.5.70,0.0,162770,0.0,#46783C
2024-02-06,Jefferson County,XBB.1.5.72,0.0,162770,0.0,#254220
2024-02-06,Jefferson County,XBB.1.9.1,0.0,162770,0.0,#304FFE
2024-02-06,Jefferson County,XBB.1.9.2,0.0,162770,0.0,#536DFE
2024-02-06,Jefferson County,XBB.2.3,0.0,162770,0.0,#F7BCDF
2024-02-06,Jefferson County,XDP,0.0,162770,0.0,#B60052
2024-02-06,Jefferson County,XDV.1,0.0,162770,0.0,#D367B6
2024-02-06,Jefferson County,unreportable,4706.3789833,162770,0.02891429,#eeeeee
2024-02-06,King County,BA.2,0.0,973611,0.0,#9CCD67
2024-02-06,King County,BA.2.12.1,0.0,973611,0.0,#7CB342
2024-02-06,King County,BA.2.86,1619.15403744,973611,0.00166304,#D770EE
2024-02-06,King County,EG.5,0.0,973611,0.0,#FFBE7D
2024-02-06,King County,EG.5.1.8,0.0,973611,0.0,#E14D6F
2024-02-06,King County,EG.6.1,0.0,973611,0.0,#B9ABA8
2024-02-06,King County,FE.1.1,0.0,973611,0.0,#499894
2024-02-06,King County,FL.1.5.1,0.0,973611,0.0,#8CD17D
2024-02-06,King County,GE.1,0.0,973611,0.0,#FABFD2
2024-02-06,King County,GK.1.1,0.0,973611,0.0,#90FAE5
2024-02-06,King County,HF.1,0.0,973611,0.0,#D399AD
2024-02-06,King County,HK.3,0.0,973611,0.0,#859DBC
2024-02-06,King County,HV.1,0.0,973611,0.0,#797765
2024-02-06,King County,JD.1.1,0.0,973611,0.0,#80F192
2024-02-06,King County,JF.1,0.0,973611,0.0,#FFF1A9
2024-02-06,King County,JG.3,0.0,973611,0.0,#66A172
2024-02-06,King County,JN.1,849604.51333251,973611,0.87263241,#61018F
2024-02-06,King County,JN.1.11.1,0.0,973611,0.0,#5C9CF1
2024-02-06,King County,JN.1.13,0.0,973611,0.0,#E83C78
2024-02-06,King County,JN.1.13.1,0.0,973611,0.0,#F2591C
2024-02-06,King County,JN.1.16,955.5699881699999,973611,0.00098147,#BC3A88
2024-02-06,King County,JN.1.16.1,0.0,973611,0.0,#366298
2024-02-06,King County,JN.1.18,0.0,973611,0.0,#4AF32F
2024-02-06,King County,JN.1.32,0.0,973611,0.0,#2E7919
2024-02-06,King County,JN.1.4.3,0.0,973611,0.0,#9D1010
2024-02-06,King County,JN.1.7,97536.48628554,973611,0.10018014,#CF15E8
2024-02-06,King County,JN.1.8.1,14450.83100361,973611,0.01484251,#FFB027
2024-02-06,King County,KP.1.1,0.0,973611,0.0,#CBFF86
2024-02-06,King County,KP.1.1.3,0.0,973611,0.0,#1EB3B6
2024-02-06,King County,KP.1.2,0.0,973611,0.0,#D7B5A6
2024-02-06,King County,KP.2,0.0,973611,0.0,#5875A1
2024-02-06,King County,KP.2.15,0.0,973611,0.0,#175DFF
2024-02-06,King County,KP.2.3,0.0,973611,0.0,#628DE8
2024-02-06,King County,KP.3,0.0,973611,0.0,#B06589
2024-02-06,King County,KP.3.1.1,0.0,973611,0.0,#2F92A1
2024-02-06,King County,KP.4.1,0.0,973611,0.0,#FF473A
2024-02-06,King County,KQ.1,0.0,973611,0.0,#E86CDE
2024-02-06,King County,KV.2,0.0,973611,0.0,#E14365
2024-02-06,King County,KW.1.1,0.0,973611,0.0,#34A0FF
2024-02-06,King County,LB.1,0.0,973611,0.0,#795653
2024-02-06,King County,Recombinant,0.0,973611,0.0,#FF0000
2024-02-06,King County,XBB,0.0,973611,0.0,#9FA8DA
2024-02-06,King County,XBB.1.16,0.0,973611,0.0,#4527A0
2024-02-06,King County,XBB.1.16.1,0.0,973611,0.0,#F89B9B
2024-02-06,King County,XBB.1.16.15,0.0,973611,0.0,#E3B5FA
2024-02-06,King County,XBB.1.16.6,0.0,973611,0.0,#5AA350
2024-02-06,King County,XBB.1.42.1,0.0,973611,0.0,#75D1A3
2024-02-06,King County,XBB.1.5,0.0,973611,0.0,#3F51B5
2024-02-06,King County,XBB.1.5.70,0.0,973611,0.0,#46783C
2024-02-06,King County,XBB.1.5.72,0.0,973611,0.0,#254220
2024-02-06,King County,XBB.1.9.1,0.0,973611,0.0,#304FFE
2024-02-06,King County,XBB.1.9.2,0.0,973611,0.0,#536DFE
2024-02-06,King County,XBB.2.3,0.0,973611,0.0,#F7BCDF
2024-02-06,King County,XDP,0.0,973611,0.0,#B60052
2024-02-06,King County,XDV.1,0.0,973611,0.0,#D367B6
2024-02-06,King County,unreportable,9444.44535273,973611,0.00970043,#eeeeee
2024-02-06,Kittitas County,BA.2,0.0,143520,0.0,#9CCD67
2024-02-06,Kittitas County,BA.2.12.1,0.0,143520,0.0,#7CB342
2024-02-06,Kittitas County,BA.2.86,0.0,143520,0.0,#D770EE
2024-02-06,Kittitas County,EG.5,0.0,143520,0.0,#FFBE7D
2024-02-06,Kittitas County,EG.5.1.8,0.0,143520,0.0,#E14D6F
2024-02-06,Kittitas County,EG.6.1,0.0,143520,0.0,#B9ABA8
2024-02-06,Kittitas County,FE.1.1,0.0,143520,0.0,#499894
2024-02-06,Kittitas County,FL.1.5.1,0.0,143520,0.0,#8CD17D
2024-02-06,Kittitas County,GE.1,0.0,143520,0.0,#FABFD2
2024-02-06,Kittitas County,GK.1.1,0.0,143520,0.0,#90FAE5
2024-02-06,Kittitas County,HF.1,0.0,143520,0.0,#D399AD
2024-02-06,Kittitas County,HK.3,0.0,143520,0.0,#859DBC
2024-02-06,Kittitas County,HV.1,0.0,143520,0.0,#797765
2024-02-06,Kittitas County,JD.1.1,0.0,143520,0.0,#80F192
2024-02-06,Kittitas County,JF.1,0.0,143520,0.0,#FFF1A9
2024-02-06,Kittitas County,JG.3,0.0,143520,0.0,#66A172
2024-02-06,Kittitas County,JN.1,119859.9558624,143520,0.83514462,#61018F
2024-02-06,Kittitas County,JN.1.11.1,0.0,143520,0.0,#5C9CF1
2024-02-06,Kittitas County,JN.1.13,0.0,143520,0.0,#E83C78
2024-02-06,Kittitas County,JN.1.13.1,0.0,143520,0.0,#F2591C
2024-02-06,Kittitas County,JN.1.16,0.0,143520,0.0,#BC3A88
2024-02-06,Kittitas County,JN.1.16.1,0.0,143520,0.0,#366298
2024-02-06,Kittitas County,JN.1.18,0.0,143520,0.0,#4AF32F
2024-02-06,Kittitas County,JN.1.32,0.0,143520,0.0,#2E7919
2024-02-06,Kittitas County,JN.1.4.3,0.0,143520,0.0,#9D1010
2024-02-06,Kittitas County,JN.1.7,18164.4925488,143520,0.12656419,#CF15E8
2024-02-06,Kittitas County,JN.1.8.1,4769.621688,143520,0.03323315,#FFB027
2024-02-06,Kittitas County,KP.1.1,0.0,143520,0.0,#CBFF86
2024-02-06,Kittitas County,KP.1.1.3,0.0,143520,0.0,#1EB3B6
2024-02-06,Kittitas County,KP.1.2,0.0,143520,0.0,#D7B5A6
2024-02-06,Kittitas County,KP.2,0.0,143520,0.0,#5875A1
2024-02-06,Kittitas County,KP.2.15,0.0,143520,0.0,#175DFF
2024-02-06,Kittitas County,KP.2.3,0.0,143520,0.0,#628DE8
2024-02-06,Kittitas County,KP.3,0.0,143520,0.0,#B06589
2024-02-06,Kittitas County,KP.3.1.1,0.0,143520,0.0,#2F92A1
2024-02-06,Kittitas County,KP.4.1,0.0,143520,0.0,#FF473A
2024-02-06,Kittitas County,KQ.1,0.0,143520,0.0,#E86CDE
2024-02-06,Kittitas County,KV.2,0.0,143520,0.0,#E14365
2024-02-06,Kittitas County,KW.1.1,0.0,143520,0.0,#34A0FF
2024-02-06,Kittitas County,LB.1,0.0,143520,0.0,#795653
2024-02-06,Kittitas County,Recombinant,0.0,143520,0.0,#FF0000
2024-02-06,Kittitas County,XBB,0.0,143520,0.0,#9FA8DA
2024-02-06,Kittitas County,XBB.1.16,0.0,143520,0.0,#4527A0
2024-02-06,Kittitas County,XBB.1.16.1,0.0,143520,0.0,#F89B9B
2024-02-06,Kittitas County,XBB.1.16.15,0.0,143520,0.0,#E3B5FA
2024-02-06,Kittitas County,XBB.1.16.6,0.0,143520,0.0,#5AA350
2024-02-06,Kittitas County,XBB.1.42.1,0.0,143520,0.0,#75D1A3
2024-02-06,Kittitas County,XBB.1.5,0.0,143520,0.0,#3F51B5
2024-02-06,Kittitas County,XBB.1.5.70,0.0,143520,0.0,#46783C
2024-02-06,Kittitas County,XBB.1.5.72,0.0,143520,0.0,#254220
2024-02-06,Kittitas County,XBB.1.9.1,0.0,143520,0.0,#304FFE
2024-02-06,Kittitas County,XBB.1.9.2,0.0,143520,0.0,#536DFE
2024-02-06,Kittitas County,XBB.2.3,0.0,143520,0.0,#F7BCDF
2024-02-06,Kittitas County,XDP,0.0,143520,0.0,#B60052
2024-02-06,Kittitas County,XDV.1,0.0,143520,0.0,#D367B6
2024-02-06,Kittitas County,unreportable,725.931336,143520,0.00505805,#eeeeee
2024-02-06,Okanogan County,BA.2,0.0,951940,0.0,#9CCD67
2024-02-06,Okanogan County,BA.2.12.1,0.0,951940,0.0,#7CB342
2024-02-06,Okanogan County,BA.2.86,2170.8156132,951940,0.0022804122247200454,#D770EE
2024-02-06,Okanogan County,EG.5,0.0,951940,0.0,#FFBE7D
2024-02-06,Okanogan County,EG.5.1.8,0.0,951940,0.0,#E14D6F
2024-02-06,Okanogan County,EG.6.1,0.0,951940,0.0,#B9ABA8
2024-02-06,Okanogan County,FE.1.1,0.0,951940,0.0,#499894
2024-02-06,Okanogan County,FL.1.5.1,0.0,951940,0.0,#8CD17D
2024-02-06,Okanogan County,GE.1,0.0,951940,0.0,#FABFD2
2024-02-06,Okanogan County,GK.1.1,0.0,951940,0.0,#90FAE5
2024-02-06,Okanogan County,HF.1,0.0,951940,0.0,#D399AD
2024-02-06,Okanogan County,HK.3,0.0,951940,0.0,#859DBC
2024-02-06,Okanogan County,HV.1,0.0,951940,0.0,#797765
2024-02-06,Okanogan County,JD.1.1,0.0,951940,0.0,#80F192
2024-02-06,Okanogan County,JF.1,0.0,951940,0.0,#FFF1A9
2024-02-06,Okanogan County,JG.3,0.0,951940,0.0,#66A172
2024-02-06,Okanogan County,JN.1,734979.1820429,951940,0.7720856167856167,#61018F
2024-02-06,Okanogan County,JN.1.11.1,0.0,951940,0.0,#5C9CF1
2024-02-06,Okanogan County,JN.1.13,0.0,951940,0.0,#E83C78
2024-02-06,Okanogan County,JN.1.13.1,0.0,951940,0.0,#F2591C
2024-02-06,Okanogan County,JN.1.16,0.0,951940,0.0,#BC3A88
2024-02-06,Okanogan County,JN.1.16.1,0.0,951940,0.0,#366298
2024-02-06,Okanogan County,JN.1.18,0.0,951940,0.0,#4AF32F
2024-02-06,Okanogan County,JN.1.32,0.0,951940,0.0,#2E7919
2024-02-06,Okanogan County,JN.1.4.3,0.0,951940,0.0,#9D1010
2024-02-06,Okanogan County,JN.1.7,151202.9696651,951940,0.15883665952171355,#CF15E8
2024-02-06,Okanogan County,JN.1.8.1,2699.7189338,951940,0.002836017956804,#FFB027
2024-02-06,Okanogan County,KP.1.1,0.0,951940,0.0,#CBFF86
2024-02-06,Okanogan County,KP.1.1.3,0.0,951940,0.0,#1EB3B6
2024-02-06,Okanogan County,KP.1.2,0.0,951940,0.0,#D7B5A6
2024-02-06,Okanogan County,KP.2,0.0,951940,0.0,#5875A1
2024-02-06,Okanogan County,KP.2.15,0.0,951940,0.0,#175DFF
2024-02-06,Okanogan County,KP.2.3,0.0,951940,0.0,#628DE8
2024-02-06,Okanogan County,KP.3,0.0,951940,0.0,#B06589
2024-02-06,Okanogan County,KP.3.1.1,0.0,951940,0.0,#2F92A1
2024-02-06,Okanogan County,KP.4.1,0.0,951940,0.0,#FF473A
2024-02-06,Okanogan County,KQ.1,0.0,951940,0.0,#E86CDE
2024-02-06,Okanogan County,KV.2,0.0,951940,0.0,#E14365
2024-02-06,Okanogan County,KW.1.1,0.0,951940,0.0,#34A0FF
2024-02-06,Okanogan County,LB.1,0.0,951940,0.0,#795653
2024-02-06,Okanogan County,Recombinant,0.0,951940,0.0,#FF0000
2024-02-06,Okanogan County,XBB,0.0,951940,0.0,#9FA8DA
2024-02-06,Okanogan County,XBB.1.16,0.0,951940,0.0,#4527A0
2024-02-06,Okanogan County,XBB.1.16.1,0.0,951940,0.0,#F89B9B
2024-02-06,Okanogan County,XBB.1.16.15,0.0,951940,0.0,#E3B5FA
2024-02-06,Okanogan County,XBB.1.16.6,0.0,951940,0.0,#5AA350
2024-02-06,Okanogan County,XBB.1.42.1,0.0,951940,0.0,#75D1A3
2024-02-06,Okanogan County,XBB.1.5,711.6673824,951940,0.0007475968888795511,#3F51B5
2024-02-06,Okanogan County,XBB.1.5.70,0.0,951940,0.0,#46783C
2024-02-06,Okanogan County,XBB.1.5.72,0.0,951940,0.0,#254220
2024-02-06,Okanogan County,XBB.1.9.1,0.0,951940,0.0,#304FFE
2024-02-06,Okanogan County,XBB.1.9.2,0.0,951940,0.0,#536DFE
2024-02-06,Okanogan County,XBB.2.3,0.0,951940,0.0,#F7BCDF
2024-02-06,Okanogan County,XDP,55937.5628409,951940,0.05876164762579574,#B60052
2024-02-06,Okanogan County,XDV.1,0.0,951940,0.0,#D367B6
2024-02-06,Okanogan County,unreportable,4238.083763,951940,0.004452049249952727,#eeeeee
2024-02-06,Pierce County,BA.2,0.0,1013026,0.0,#9CCD67
2024-02-06,Pierce County,BA.2.12.1,0.0,1013026,0.0,#7CB342
2024-02-06,Pierce County,BA.2.86,143117.50286938,1013026,0.14127722572705934,#D770EE
2024-02-06,Pierce County,EG.5,0.0,1013026,0.0,#FFBE7D
2024-02-06,Pierce County,EG.5.1.8,0.0,1013026,0.0,#E14D6F
2024-02-06,Pierce County,EG.6.1,0.0,1013026,0.0,#B9ABA8
2024-02-06,Pierce County,FE.1.1,0.0,1013026,0.0,#499894
2024-02-06,Pierce County,FL.1.5.1,0.0,1013026,0.0,#8CD17D
2024-02-06,Pierce County,GE.1,0.0,1013026,0.0,#FABFD2
2024-02-06,Pierce County,GK.1.1,0.0,1013026,0.0,#90FAE5
2024-02-06,Pierce County,HF.1,0.0,1013026,0.0,#D399AD
2024-02-06,Pierce County,HK.3,0.0,1013026,0.0,#859DBC
2024-02-06,Pierce County,HV.1,79182.46462542,1013026,0.07816429649922114,#797765
2024-02-06,Pierce County,JD.1.1,0.0,1013026,0.0,#80F192
2024-02-06,Pierce County,JF.1,0.0,1013026,0.0,#FFF1A9
2024-02-06,Pierce County,JG.3,0.0,1013026,0.0,#66A172
2024-02-06,Pierce County,JN.1,592674.61883896,1013026,0.585053709222626,#61018F
2024-02-06,Pierce County,JN.1.11.1,0.0,1013026,0.0,#5C9CF1
2024-02-06,Pierce County,JN.1.13,0.0,1013026,0.0,#E83C78
2024-02-06,Pierce County,JN.1.13.1,0.0,1013026,0.0,#F2591C
2024-02-06,Pierce County,JN.1.16,1391.64224511,1013026,0.0013737478061866132,#BC3A88
2024-02-06,Pierce County,JN.1.16.1,0.0,1013026,0.0,#366298
2024-02-06,Pierce County,JN.1.18,119543.56286977002,1013026,0.11800641135545388,#4AF32F
2024-02-06,Pierce County,JN.1.32,0.0,1013026,0.0,#2E7919
2024-02-06,Pierce County,JN.1.4.3,0.0,1013026,0.0,#9D1010
2024-02-06,Pierce County,JN.1.7,0.0,1013026,0.0,#CF15E8
2024-02-06,Pierce County,JN.1.8.1,2453.8178863900002,1013026,0.0024222654565529416,#FFB027
2024-02-06,Pierce County,KP.1.1,0.0,1013026,0.0,#CBFF86
2024-02-06,Pierce County,KP.1.1.3,0.0,1013026,0.0,#1EB3B6
2024-02-06,Pierce County,KP.1.2,0.0,1013026,0.0,#D7B5A6
2024-02-06,Pierce County,KP.2,0.0,1013026,0.0,#5875A1
2024-02-06,Pierce County,KP.2.15,0.0,1013026,0.0,#175DFF
2024-02-06,Pierce County,KP.2.3,0.0,1013026,0.0,#628DE8
2024-02-06,Pierce County,KP.3,0.0,1013026,0.0,#B06589
2024-02-06,Pierce County,KP.3.1.1,0.0,1013026,0.0,#2F92A1
2024-02-06,Pierce County,KP.4.1,0.0,1013026,0.0,#FF473A
2024-02-06,Pierce County,KQ.1,0.0,1013026,0.0,#E86CDE
2024-02-06,Pierce County,KV.2,0.0,1013026,0.0,#E14365
2024-02-06,Pierce County,KW.1.1,0.0,1013026,0.0,#34A0FF
2024-02-06,Pierce County,LB.1,0.0,1013026,0.0,#795653
2024-02-06,Pierce County,Recombinant,62967.90195358,1013026,0.06215822886439243,#FF0000
2024-02-06,Pierce County,XBB,0.0,1013026,0.0,#9FA8DA
2024-02-06,Pierce County,XBB.1.16,0.0,1013026,0.0,#4527A0
2024-02-06,Pierce County,XBB.1.16.1,0.0,1013026,0.0,#F89B9B
2024-02-06,Pierce County,XBB.1.16.15,0.0,1013026,0.0,#E3B5FA
2024-02-06,Pierce County,XBB.1.16.6,0.0,1013026,0.0,#5AA350
2024-02-06,Pierce County,XBB.1.42.1,0.0,1013026,0.0,#75D1A3
2024-02-06,Pierce County,XBB.1.5,0.0,1013026,0.0,#3F51B5
2024-02-06,Pierce County,XBB.1.5.70,0.0,1013026,0.0,#46783C
2024-02-06,Pierce County,XBB.1.5.72,0.0,1013026,0.0,#254220
2024-02-06,Pierce County,XBB.1.9.1,0.0,1013026,0.0,#304FFE
2024-02-06,Pierce County,XBB.1.9.2,0.0,1013026,0.0,#536DFE
2024-02-06,Pierce County,XBB.2.3,0.0,1013026,0.0,#F7BCDF
2024-02-06,Pierce County,XDP,197.65241895999998,1013026,0.00019511090432032345,#B60052
2024-02-06,Pierce County,XDV.1,0.0,1013026,0.0,#D367B6
2024-02-06,Pierce County,unreportable,11496.835600040002,1013026,0.011349003480700398,#eeeeee
2024-02-06,Spokane County,BA.2,0.0,713850,0.0,#9CCD67
2024-02-06,Spokane County,BA.2.12.1,0.0,713850,0.0,#7CB342
2024-02-06,Spokane County,BA.2.86,98971.5262335,713850,0.13864471,#D770EE
2024-02-06,Spokane County,EG.5,0.0,713850,0.0,#FFBE7D
2024-02-06,Spokane County,EG.5.1.8,0.0,713850,0.0,#E14D6F
2024-02-06,Spokane County,EG.6.1,0.0,713850,0.0,#B9ABA8
2024-02-06,Spokane County,FE.1.1,0.0,713850,0.0,#499894
2024-02-06,Spokane County,FL.1.5.1,0.0,713850,0.0,#8CD17D
2024-02-06,Spokane County,GE.1,0.0,713850,0.0,#FABFD2
2024-02-06,Spokane County,GK.1.1,0.0,713850,0.0,#90FAE5
2024-02-06,Spokane County,HF.1,0.0,713850,0.0,#D399AD
2024-02-06,Spokane County,HK.3,0.0,713850,0.0,#859DBC
2024-02-06,Spokane County,HV.1,0.0,713850,0.0,#797765
2024-02-06,Spokane County,JD.1.1,0.0,713850,0.0,#80F192
2024-02-06,Spokane County,JF.1,0.0,713850,0.0,#FFF1A9
2024-02-06,Spokane County,JG.3,0.0,713850,0.0,#66A172
2024-02-06,Spokane County,JN.1,606338.8289865,713850,0.8493924900000001,#61018F
2024-02-06,Spokane County,JN.1.11.1,0.0,713850,0.0,#5C9CF1
2024-02-06,Spokane County,JN.1.13,0.0,713850,0.0,#E83C78
2024-02-06,Spokane County,JN.1.13.1,0.0,713850,0.0,#F2591C
2024-02-06,Spokane County,JN.1.16,953.932032,713850,0.00133632,#BC3A88
2024-02-06,Spokane County,JN.1.16.1,0.0,713850,0.0,#366298
2024-02-06,Spokane County,JN.1.18,0.0,713850,0.0,#4AF32F
2024-02-06,Spokane County,JN.1.32,0.0,713850,0.0,#2E7919
2024-02-06,Spokane County,JN.1.4.3,0.0,713850,0.0,#9D1010
2024-02-06,Spokane County,JN.1.7,0.0,713850,0.0,#CF15E8
2024-02-06,Spokane County,JN.1.8.1,0.0,713850,0.0,#FFB027
2024-02-06,Spokane County,KP.1.1,0.0,713850,0.0,#CBFF86
2024-02-06,Spokane County,KP.1.1.3,0.0,713850,0.0,#1EB3B6
2024-02-06,Spokane County,KP.1.2,0.0,713850,0.0,#D7B5A6
2024-02-06,Spokane County,KP.2,0.0,713850,0.0,#5875A1
2024-02-06,Spokane County,KP.2.15,0.0,713850,0.0,#175DFF
2024-02-06,Spokane County,KP.2.3,0.0,713850,0.0,#628DE8
2024-02-06,Spokane County,KP.3,0.0,713850,0.0,#B06589
2024-02-06,Spokane County,KP.3.1.1,0.0,713850,0.0,#2F92A1
2024-02-06,Spokane County,KP.4.1,0.0,713850,0.0,#FF473A
2024-02-06,Spokane County,KQ.1,0.0,713850,0.0,#E86CDE
2024-02-06,Spokane County,KV.2,0.0,713850,0.0,#E14365
2024-02-06,Spokane County,KW.1.1,0.0,713850,0.0,#34A0FF
2024-02-06,Spokane County,LB.1,0.0,713850,0.0,#795653
2024-02-06,Spokane County,Recombinant,0.0,713850,0.0,#FF0000
2024-02-06,Spokane County,XBB,0.0,713850,0.0,#9FA8DA
2024-02-06,Spokane County,XBB.1.16,0.0,713850,0.0,#4527A0
2024-02-06,Spokane County,XBB.1.16.1,0.0,713850,0.0,#F89B9B
2024-02-06,Spokane County,XBB.1.16.15,0.0,713850,0.0,#E3B5FA
2024-02-06,Spokane County,XBB.1.16.6,0.0,713850,0.0,#5AA350
2024-02-06,Spokane County,XBB.1.42.1,0.0,713850,0.0,#75D1A3
2024-02-06,Spokane County,XBB.1.5,0.0,713850,0.0,#3F51B5
2024-02-06,Spokane County,XBB.1.5.70,0.0,713850,0.0,#46783C
2024-02-06,Spokane County,XBB.1.5.72,0.0,713850,0.0,#254220
2024-02-06,Spokane County,XBB.1.9.1,0.0,713850,0.0,#304FFE
2024-02-06,Spokane County,XBB.1.9.2,0.0,713850,0.0,#536DFE
2024-02-06,Spokane County,XBB.2.3,0.0,713850,0.0,#F7BCDF
2024-02-06,Spokane County,XDP,0.0,713850,0.0,#B60052
2024-02-06,Spokane County,XDV.1,0.0,713850,0.0,#D367B6
2024-02-06,Spokane County,unreportable,7585.712748000001,713850,0.01062648,#eeeeee
2024-02-06,Thurston County,BA.2,0.0,166384,0.0,#9CCD67
2024-02-06,Thurston County,BA.2.12.1,0.0,166384,0.0,#7CB342
2024-02-06,Thurston County,BA.2.86,0.0,166384,0.0,#D770EE
2024-02-06,Thurston County,EG.5,78.0516672,166384,0.00046910560630829886,#FFBE7D
2024-02-06,Thurston County,EG.5.1.8,0.0,166384,0.0,#E14D6F
2024-02-06,Thurston County,EG.6.1,0.0,166384,0.0,#B9ABA8
2024-02-06,Thurston County,FE.1.1,0.0,166384,0.0,#499894
2024-02-06,Thurston County,FL.1.5.1,0.0,166384,0.0,#8CD17D
2024-02-06,Thurston County,GE.1,0.0,166384,0.0,#FABFD2
2024-02-06,Thurston County,GK.1.1,0.0,166384,0.0,#90FAE5
2024-02-06,Thurston County,HF.1,0.0,166384,0.0,#D399AD
2024-02-06,Thurston County,HK.3,0.0,166384,0.0,#859DBC
2024-02-06,Thurston County,HV.1,1591.71299456,166384,0.009566502756034235,#797765
2024-02-06,Thurston County,JD.1.1,0.0,166384,0.0,#80F192
2024-02-06,Thurston County,JF.1,0.0,166384,0.0,#FFF1A9
2024-02-06,Thurston County,JG.3,0.0,166384,0.0,#66A172
2024-02-06,Thurston County,JN.1,153888.31714392,166384,0.9248985307717088,#61018F
2024-02-06,Thurston County,JN.1.11.1,0.0,166384,0.0,#5C9CF1
2024-02-06,Thurston County,JN.1.13,0.0,166384,0.0,#E83C78
2024-02-06,Thurston County,JN.1.13.1,0.0,166384,0.0,#F2591C
2024-02-06,Thurston County,JN.1.16,715.0165812,166384,0.004297387857005481,#BC3A88
2024-02-06,Thurston County,JN.1.16.1,0.0,166384,0.0,#366298
2024-02-06,Thurston County,JN.1.18,0.0,166384,0.0,#4AF32F
2024-02-06,Thurston County,JN.1.32,0.0,166384,0.0,#2E7919
2024-02-06,Thurston County,JN.1.4.3,0.0,166384,0.0,#9D1010
2024-02-06,Thurston County,JN.1.7,4097.5198740000005,166384,0.024626886443408023,#CF15E8
2024-02-06,Thurston County,JN.1.8.1,312.07200184,166384,0.0018756130507741127,#FFB027
2024-02-06,Thurston County,KP.1.1,0.0,166384,0.0,#CBFF86
2024-02-06,Thurston County,KP.1.1.3,0.0,166384,0.0,#1EB3B6
2024-02-06,Thurston County,KP.1.2,0.0,166384,0.0,#D7B5A6
2024-02-06,Thurston County,KP.2,0.0,166384,0.0,#5875A1
2024-02-06,Thurston County,KP.2.15,0.0,166384,0.0,#175DFF
2024-02-06,Thurston County,KP.2.3,0.0,166384,0.0,#628DE8
2024-02-06,Thurston County,KP.3,0.0,166384,0.0,#B06589
2024-02-06,Thurston County,KP.3.1.1,0.0,166384,0.0,#2F92A1
2024-02-06,Thurston County,KP.4.1,0.0,166384,0.0,#FF473A
2024-02-06,Thurston County,KQ.1,0.0,166384,0.0,#E86CDE
2024-02-06,Thurston County,KV.2,0.0,166384,0.0,#E14365
2024-02-06,Thurston County,KW.1.1,0.0,166384,0.0,#34A0FF
2024-02-06,Thurston County,LB.1,0.0,166384,0.0,#795653
2024-02-06,Thurston County,Recombinant,60.395393999999996,166384,0.0003629879916338109,#FF0000
2024-02-06,Thurston County,XBB,92.37393152,166384,0.0005551851831906914,#9FA8DA
2024-02-06,Thurston County,XBB.1.16,0.0,166384,0.0,#4527A0
2024-02-06,Thurston County,XBB.1.16.1,0.0,166384,0.0,#F89B9B
2024-02-06,Thurston County,XBB.1.16.15,0.0,166384,0.0,#E3B5FA
2024-02-06,Thurston County,XBB.1.16.6,0.0,166384,0.0,#5AA350
2024-02-06,Thurston County,XBB.1.42.1,0.0,166384,0.0,#75D1A3
2024-02-06,Thurston County,XBB.1.5,98.07268223999999,166384,0.0005894357765169727,#3F51B5
2024-02-06,Thurston County,XBB.1.5.70,0.0,166384,0.0,#46783C
2024-02-06,Thurston County,XBB.1.5.72,0.0,166384,0.0,#254220
2024-02-06,Thurston County,XBB.1.9.1,2188.12242688,166384,0.013151038722954131,#304FFE
2024-02-06,Thurston County,XBB.1.9.2,0.0,166384,0.0,#536DFE
2024-02-06,Thurston County,XBB.2.3,286.71135999999996,166384,0.0017231906914126356,#F7BCDF
2024-02-06,Thurston County,XDP,0.0,166384,0.0,#B60052
2024-02-06,Thurston County,XDV.1,0.0,166384,0.0,#D367B6
2024-02-06,Thurston County,unreportable,2975.63306896,166384,0.017884129898067123,#eeeeee
2024-02-06,Whitman County,BA.2,0.0,245487,0.0,#9CCD67
2024-02-06,Whitman County,BA.2.12.1,0.0,245487,0.0,#7CB342
2024-02-06,Whitman County,BA.2.86,1203.23734641,245487,0.00490143,#D770EE
2024-02-06,Whitman County,EG.5,0.0,245487,0.0,#FFBE7D
2024-02-06,Whitman County,EG.5.1.8,0.0,245487,0.0,#E14D6F
2024-02-06,Whitman County,EG.6.1,0.0,245487,0.0,#B9ABA8
2024-02-06,Whitman County,FE.1.1,0.0,245487,0.0,#499894
2024-02-06,Whitman County,FL.1.5.1,0.0,245487,0.0,#8CD17D
2024-02-06,Whitman County,GE.1,0.0,245487,0.0,#FABFD2
2024-02-06,Whitman County,GK.1.1,0.0,245487,0.0,#90FAE5
2024-02-06,Whitman County,HF.1,0.0,245487,0.0,#D399AD
2024-02-06,Whitman County,HK.3,0.0,245487,0.0,#859DBC
2024-02-06,Whitman County,HV.1,0.0,245487,0.0,#797765
2024-02-06,Whitman County,JD.1.1,0.0,245487,0.0,#80F192
2024-02-06,Whitman County,JF.1,0.0,245487,0.0,#FFF1A9
2024-02-06,Whitman County,JG.3,0.0,245487,0.0,#66A172
2024-02-06,Whitman County,JN.1,240392.28800037,245487,0.97924651,#61018F
2024-02-06,Whitman County,JN.1.11.1,0.0,245487,0.0,#5C9CF1
2024-02-06,Whitman County,JN.1.13,0.0,245487,0.0,#E83C78
2024-02-06,Whitman County,JN.1.13.1,0.0,245487,0.0,#F2591C
2024-02-06,Whitman County,JN.1.16,0.0,245487,0.0,#BC3A88
2024-02-06,Whitman County,JN.1.16.1,0.0,245487,0.0,#366298
2024-02-06,Whitman County,JN.1.18,0.0,245487,0.0,#4AF32F
2024-02-06,Whitman County,JN.1.32,0.0,245487,0.0,#2E7919
2024-02-06,Whitman County,JN.1.4.3,0.0,245487,0.0,#9D1010
2024-02-06,Whitman County,JN.1.7,0.0,245487,0.0,#CF15E8
2024-02-06,Whitman County,JN.1.8.1,263.57939189999996,245487,0.0010737,#FFB027
2024-02-06,Whitman County,KP.1.1,0.0,245487,0.0,#CBFF86
2024-02-06,Whitman County,KP.1.1.3,0.0,245487,0.0,#1EB3B6
2024-02-06,Whitman County,KP.1.2,0.0,245487,0.0,#D7B5A6
2024-02-06,Whitman County,KP.2,0.0,245487,0.0,#5875A1
2024-02-06,Whitman County,KP.2.15,0.0,245487,0.0,#175DFF
2024-02-06,Whitman County,KP.2.3,0.0,245487,0.0,#628DE8
2024-02-06,Whitman County,KP.3,0.0,245487,0.0,#B06589
2024-02-06,Whitman County,KP.3.1.1,0.0,245487,0.0,#2F92A1
2024-02-06,Whitman County,KP.4.1,0.0,245487,0.0,#FF473A
2024-02-06,Whitman County,KQ.1,0.0,245487,0.0,#E86CDE
2024-02-06,Whitman County,KV.2,0.0,245487,0.0,#E14365
2024-02-06,Whitman County,KW.1.1,0.0,245487,0.0,#34A0FF
2024-02-06,Whitman County,LB.1,0.0,245487,0.0,#795653
2024-02-06,Whitman County,Recombinant,0.0,245487,0.0,#FF0000
2024-02-06,Whitman County,XBB,0.0,245487,0.0,#9FA8DA
2024-02-06,Whitman County,XBB.1.16,0.0,245487,0.0,#4527A0
2024-02-06,Whitman County,XBB.1.16.1,0.0,245487,0.0,#F89B9B
2024-02-06,Whitman County,XBB.1.16.15,0.0,245487,0.0,#E3B5FA
2024-02-06,Whitman County,XBB.1.16.6,0.0,245487,0.0,#5AA350
2024-02-06,Whitman County,XBB.1.42.1,0.0,245487,0.0,#75D1A3
2024-02-06,Whitman County,XBB.1.5,0.0,245487,0.0,#3F51B5
2024-02-06,Whitman County,XBB.1.5.70,0.0,245487,0.0,#46783C
2024-02-06,Whitman County,XBB.1.5.72,0.0,245487,0.0,#254220
2024-02-06,Whitman County,XBB.1.9.1,0.0,245487,0.0,#304FFE
2024-02-06,Whitman County,XBB.1.9.2,0.0,245487,0.0,#536DFE
2024-02-06,Whitman County,XBB.2.3,0.0,245487,0.0,#F7BCDF
2024-02-06,Whitman County,XDP,224.18363814,245487,0.00091322,#B60052
2024-02-06,Whitman County,XDV.1,0.0,245487,0.0,#D367B6
2024-02-06,Whitman County,unreportable,3403.71162318,245487,0.01386514,#eeeeee
2024-02-06,Yakima County,BA.2,0.0,1192348,0.0,#9CCD67
2024-02-06,Yakima County,BA.2.12.1,0.0,1192348,0.0,#7CB342
2024-02-06,Yakima County,BA.2.86,32724.921448840003,1192348,0.027445780467480974,#D770EE
2024-02-06,Yakima County,EG.5,0.0,1192348,0.0,#FFBE7D
2024-02-06,Yakima County,EG.5.1.8,0.0,1192348,0.0,#E14D6F
2024-02-06,Yakima County,EG.6.1,0.0,1192348,0.0,#B9ABA8
2024-02-06,Yakima County,FE.1.1,664.5475872000001,1192348,0.0005573436506791642,#499894
2024-02-06,Yakima County,FL.1.5.1,0.0,1192348,0.0,#8CD17D
2024-02-06,Yakima County,GE.1,0.0,1192348,0.0,#FABFD2
2024-02-06,Yakima County,GK.1.1,0.0,1192348,0.0,#90FAE5
2024-02-06,Yakima County,HF.1,0.0,1192348,0.0,#D399AD
2024-02-06,Yakima County,HK.3,0.0,1192348,0.0,#859DBC
2024-02-06,Yakima County,HV.1,0.0,1192348,0.0,#797765
2024-02-06,Yakima County,JD.1.1,0.0,1192348,0.0,#80F192
2024-02-06,Yakima County,JF.1,0.0,1192348,0.0,#FFF1A9
2024-02-06,Yakima County,JG.3,0.0,1192348,0.0,#66A172
2024-02-06,Yakima County,JN.1,965067.58751264,1192348,0.809384162604072,#61018F
2024-02-06,Yakima County,JN.1.11.1,0.0,1192348,0.0,#5C9CF1
2024-02-06,Yakima County,JN.1.13,0.0,1192348,0.0,#E83C78
2024-02-06,Yakima County,JN.1.13.1,0.0,1192348,0.0,#F2591C
2024-02-06,Yakima County,JN.1.16,40477.60598538,1192348,0.033947812203635186,#BC3A88
2024-02-06,Yakima County,JN.1.16.1,8943.03443002,1192348,0.007500355961531364,#366298
2024-02-06,Yakima County,JN.1.18,3767.7605568000004,1192348,0.003159950414476311,#4AF32F
2024-02-06,Yakima County,JN.1.32,0.0,1192348,0.0,#2E7919
2024-02-06,Yakima County,JN.1.4.3,0.0,1192348,0.0,#9D1010
2024-02-06,Yakima County,JN.1.7,13894.9207011,1192348,0.011653410498528954,#CF15E8
2024-02-06,Yakima County,JN.1.8.1,28100.798429119997,1192348,0.023567614848282546,#FFB027
2024-02-06,Yakima County,KP.1.1,0.0,1192348,0.0,#CBFF86
2024-02-06,Yakima County,KP.1.1.3,0.0,1192348,0.0,#1EB3B6
2024-02-06,Yakima County,KP.1.2,0.0,1192348,0.0,#D7B5A6
2024-02-06,Yakima County,KP.2,0.0,1192348,0.0,#5875A1
2024-02-06,Yakima County,KP.2.15,0.0,1192348,0.0,#175DFF
2024-02-06,Yakima County,KP.2.3,0.0,1192348,0.0,#628DE8
2024-02-06,Yakima County,KP.3,0.0,1192348,0.0,#B06589
2024-02-06,Yakima County,KP.3.1.1,0.0,1192348,0.0,#2F92A1
2024-02-06,Yakima County,KP.4.1,0.0,1192348,0.0,#FF473A
2024-02-06,Yakima County,KQ.1,0.0,1192348,0.0,#E86CDE
2024-02-06,Yakima County,KV.2,0.0,1192348,0.0,#E14365
2024-02-06,Yakima County,KW.1.1,0.0,1192348,0.0,#34A0FF
2024-02-06,Yakima County,LB.1,0.0,1192348,0.0,#795653
2024-02-06,Yakima County,Recombinant,7809.64442356,1192348,0.006549802929648056,#FF0000
2024-02-06,Yakima County,XBB,708.387792,1192348,0.0005941116117106751,#9FA8DA
2024-02-06,Yakima County,XBB.1.16,0.0,1192348,0.0,#4527A0
2024-02-06,Yakima County,XBB.1.16.1,0.0,1192348,0.0,#F89B9B
2024-02-06,Yakima County,XBB.1.16.15,0.0,1192348,0.0,#E3B5FA
2024-02-06,Yakima County,XBB.1.16.6,0.0,1192348,0.0,#5AA350
2024-02-06,Yakima County,XBB.1.42.1,0.0,1192348,0.0,#75D1A3
2024-02-06,Yakima County,XBB.1.5,2494.5690672,1192348,0.0020921484895349346,#3F51B5
2024-02-06,Yakima County,XBB.1.5.70,0.0,1192348,0.0,#46783C
2024-02-06,Yakima County,XBB.1.5.72,0.0,1192348,0.0,#254220
2024-02-06,Yakima County,XBB.1.9.1,35233.7739792,1192348,0.02954990823081852,#304FFE
2024-02-06,Yakima County,XBB.1.9.2,2233.312896,1192348,0.0018730378178182878,#536DFE
2024-02-06,Yakima County,XBB.2.3,0.0,1192348,0.0,#F7BCDF
2024-02-06,Yakima County,XDP,16705.166278700002,1192348,0.01401031098194487,#B60052
2024-02-06,Yakima County,XDV.1,0.0,1192348,0.0,#D367B6
2024-02-06,Yakima County,unreportable,33521.967338120005,1192348,0.02811424796965316,#eeeeee
2024-02-13,Benton County,BA.2,0.0,502178,0.0,#9CCD67
2024-02-13,Benton County,BA.2.12.1,0.0,502178,0.0,#7CB342
2024-02-13,Benton County,BA.2.86,0.0,502178,0.0,#D770EE
2024-02-13,Benton County,EG.5,0.0,502178,0.0,#FFBE7D
2024-02-13,Benton County,EG.5.1.8,0.0,502178,0.0,#E14D6F
2024-02-13,Benton County,EG.6.1,0.0,502178,0.0,#B9ABA8
2024-02-13,Benton County,FE.1.1,0.0,502178,0.0,#499894
2024-02-13,Benton County,FL.1.5.1,0.0,502178,0.0,#8CD17D
2024-02-13,Benton County,GE.1,0.0,502178,0.0,#FABFD2
2024-02-13,Benton County,GK.1.1,0.0,502178,0.0,#90FAE5
2024-02-13,Benton County,HF.1,0.0,502178,0.0,#D399AD
2024-02-13,Benton County,HK.3,0.0,502178,0.0,#859DBC
2024-02-13,Benton County,HV.1,0.0,502178,0.0,#797765
2024-02-13,Benton County,JD.1.1,0.0,502178,0.0,#80F192
2024-02-13,Benton County,JF.1,0.0,502178,0.0,#FFF1A9
2024-02-13,Benton County,JG.3,0.0,502178,0.0,#66A172
2024-02-13,Benton County,JN.1,494560.03004492,502178,0.98483014,#61018F
2024-02-13,Benton County,JN.1.11.1,0.0,502178,0.0,#5C9CF1
2024-02-13,Benton County,JN.1.13,0.0,502178,0.0,#E83C78
2024-02-13,Benton County,JN.1.13.1,0.0,502178,0.0,#F2591C
2024-02-13,Benton County,JN.1.16,2745.90428222,502178,0.00546799,#BC3A88
2024-02-13,Benton County,JN.1.16.1,0.0,502178,0.0,#366298
2024-02-13,Benton County,JN.1.18,0.0,502178,0.0,#4AF32F
2024-02-13,Benton County,JN.1.32,0.0,502178,0.0,#2E7919
2024-02-13,Benton County,JN.1.4.3,0.0,502178,0.0,#9D1010
2024-02-13,Benton County,JN.1.7,0.0,502178,0.0,#CF15E8
2024-02-13,Benton County,JN.1.8.1,479.87627502,502178,0.00095559,#FFB027
2024-02-13,Benton County,KP.1.1,0.0,502178,0.0,#CBFF86
2024-02-13,Benton County,KP.1.1.3,0.0,502178,0.0,#1EB3B6
2024-02-13,Benton County,KP.1.2,0.0,502178,0.0,#D7B5A6
2024-02-13,Benton County,KP.2,0.0,502178,0.0,#5875A1
2024-02-13,Benton County,KP.2.15,0.0,502178,0.0,#175DFF
2024-02-13,Benton County,KP.2.3,0.0,502178,0.0,#628DE8
2024-02-13,Benton County,KP.3,0.0,502178,0.0,#B06589
2024-02-13,Benton County,KP.3.1.1,0.0,502178,0.0,#2F92A1
2024-02-13,Benton County,KP.4.1,0.0,502178,0.0,#FF473A
2024-02-13,Benton County,KQ.1,0.0,502178,0.0,#E86CDE
2024-02-13,Benton County,KV.2,0.0,502178,0.0,#E14365
2024-02-13,Benton County,KW.1.1,0.0,502178,0.0,#34A0FF
2024-02-13,Benton County,LB.1,0.0,502178,0.0,#795653
2024-02-13,Benton County,Recombinant,0.0,502178,0.0,#FF0000
2024-02-13,Benton County,XBB,0.0,502178,0.0,#9FA8DA
2024-02-13,Benton County,XBB.1.16,0.0,502178,0.0,#4527A0
2024-02-13,Benton County,XBB.1.16.1,0.0,502178,0.0,#F89B9B
2024-02-13,Benton County,XBB.1.16.15,0.0,502178,0.0,#E3B5FA
2024-02-13,Benton County,XBB.1.16.6,0.0,502178,0.0,#5AA350
2024-02-13,Benton County,XBB.1.42.1,0.0,502178,0.0,#75D1A3
2024-02-13,Benton County,XBB.1.5,0.0,502178,0.0,#3F51B5
2024-02-13,Benton County,XBB.1.5.70,0.0,502178,0.0,#46783C
2024-02-13,Benton County,XBB.1.5.72,0.0,502178,0.0,#254220
2024-02-13,Benton County,XBB.1.9.1,0.0,502178,0.0,#304FFE
2024-02-13,Benton County,XBB.1.9.2,0.0,502178,0.0,#536DFE
2024-02-13,Benton County,XBB.2.3,0.0,502178,0.0,#F7BCDF
2024-02-13,Benton County,XDP,0.0,502178,0.0,#B60052
2024-02-13,Benton County,XDV.1,0.0,502178,0.0,#D367B6
2024-02-13,Benton County,unreportable,4392.1994414,502178,0.0087463,#eeeeee
2024-02-13,Chelan County,BA.2,0.0,923896,0.0,#9CCD67
2024-02-13,Chelan County,BA.2.12.1,0.0,923896,0.0,#7CB342
2024-02-13,Chelan County,BA.2.86,0.0,923896,0.0,#D770EE
2024-02-13,Chelan County,EG.5,0.0,923896,0.0,#FFBE7D
2024-02-13,Chelan County,EG.5.1.8,0.0,923896,0.0,#E14D6F
2024-02-13,Chelan County,EG.6.1,0.0,923896,0.0,#B9ABA8
2024-02-13,Chelan County,FE.1.1,0.0,923896,0.0,#499894
2024-02-13,Chelan County,FL.1.5.1,0.0,923896,0.0,#8CD17D
2024-02-13,Chelan County,GE.1,0.0,923896,0.0,#FABFD2
2024-02-13,Chelan County,GK.1.1,0.0,923896,0.0,#90FAE5
2024-02-13,Chelan County,HF.1,0.0,923896,0.0,#D399AD
2024-02-13,Chelan County,HK.3,0.0,923896,0.0,#859DBC
2024-02-13,Chelan County,HV.1,0.0,923896,0.0,#797765
2024-02-13,Chelan County,JD.1.1,0.0,923896,0.0,#80F192
2024-02-13,Chelan County,JF.1,0.0,923896,0.0,#FFF1A9
2024-02-13,Chelan County,JG.3,0.0,923896,0.0,#66A172
2024-02-13,Chelan County,JN.1,901686.7066880399,923896,0.9759612626183466,#61018F
2024-02-13,Chelan County,JN.1.11.1,1022.6950812000001,923896,0.0011069374488037616,#5C9CF1
2024-02-13,Chelan County,JN.1.13,0.0,923896,0.0,#E83C78
2024-02-13,Chelan County,JN.1.13.1,0.0,923896,0.0,#F2591C
2024-02-13,Chelan County,JN.1.16,1378.63568088,923896,0.0014921979106739289,#BC3A88
2024-02-13,Chelan County,JN.1.16.1,0.0,923896,0.0,#366298
2024-02-13,Chelan County,JN.1.18,0.0,923896,0.0,#4AF32F
2024-02-13,Chelan County,JN.1.32,0.0,923896,0.0,#2E7919
2024-02-13,Chelan County,JN.1.4.3,0.0,923896,0.0,#9D1010
2024-02-13,Chelan County,JN.1.7,7478.3054952,923896,0.008094315264055695,#CF15E8
2024-02-13,Chelan County,JN.1.8.1,0.0,923896,0.0,#FFB027
2024-02-13,Chelan County,KP.1.1,0.0,923896,0.0,#CBFF86
2024-02-13,Chelan County,KP.1.1.3,0.0,923896,0.0,#1EB3B6
2024-02-13,Chelan County,KP.1.2,0.0,923896,0.0,#D7B5A6
2024-02-13,Chelan County,KP.2,0.0,923896,0.0,#5875A1
2024-02-13,Chelan County,KP.2.15,0.0,923896,0.0,#175DFF
2024-02-13,Chelan County,KP.2.3,0.0,923896,0.0,#628DE8
2024-02-13,Chelan County,KP.3,0.0,923896,0.0,#B06589
2024-02-13,Chelan County,KP.3.1.1,0.0,923896,0.0,#2F92A1
2024-02-13,Chelan County,KP.4.1,0.0,923896,0.0,#FF473A
2024-02-13,Chelan County,KQ.1,0.0,923896,0.0,#E86CDE
2024-02-13,Chelan County,KV.2,0.0,923896,0.0,#E14365
2024-02-13,Chelan County,KW.1.1,0.0,923896,0.0,#34A0FF
2024-02-13,Chelan County,LB.1,0.0,923896,0.0,#795653
2024-02-13,Chelan County,Recombinant,405.07092432,923896,0.0004384377942106038,#FF0000
2024-02-13,Chelan County,XBB,0.0,923896,0.0,#9FA8DA
2024-02-13,Chelan County,XBB.1.16,0.0,923896,0.0,#4527A0
2024-02-13,Chelan County,XBB.1.16.1,0.0,923896,0.0,#F89B9B
2024-02-13,Chelan County,XBB.1.16.15,0.0,923896,0.0,#E3B5FA
2024-02-13,Chelan County,XBB.1.16.6,0.0,923896,0.0,#5AA350
2024-02-13,Chelan County,XBB.1.42.1,0.0,923896,0.0,#75D1A3
2024-02-13,Chelan County,XBB.1.5,0.0,923896,0.0,#3F51B5
2024-02-13,Chelan County,XBB.1.5.70,0.0,923896,0.0,#46783C
2024-02-13,Chelan County,XBB.1.5.72,0.0,923896,0.0,#254220
2024-02-13,Chelan County,XBB.1.9.1,0.0,923896,0.0,#304FFE
2024-02-13,Chelan County,XBB.1.9.2,0.0,923896,0.0,#536DFE
2024-02-13,Chelan County,XBB.2.3,0.0,923896,0.0,#F7BCDF
2024-02-13,Chelan County,XDP,6682.44846512,923896,0.007232901176236287,#B60052
2024-02-13,Chelan County,XDV.1,0.0,923896,0.0,#D367B6
2024-02-13,Chelan County,unreportable,5242.140623560001,923896,0.0056739509896784925,#eeeeee
2024-02-13,Franklin County,BA.2,0.0,1215063,0.0,#9CCD67
2024-02-13,Franklin County,BA.2.12.1,0.0,1215063,0.0,#7CB342
2024-02-13,Franklin County,BA.2.86,0.0,1215063,0.0,#D770EE
2024-02-13,Franklin County,EG.5,2337.319149,1215063,0.0019236197209527408,#FFBE7D
2024-02-13,Franklin County,EG.5.1.8,2703.9091662,1215063,0.00222532425577933,#E14D6F
2024-02-13,Franklin County,EG.6.1,0.0,1215063,0.0,#B9ABA8
2024-02-13,Franklin County,FE.1.1,0.0,1215063,0.0,#499894
2024-02-13,Franklin County,FL.1.5.1,0.0,1215063,0.0,#8CD17D
2024-02-13,Franklin County,GE.1,0.0,1215063,0.0,#FABFD2
2024-02-13,Franklin County,GK.1.1,0.0,1215063,0.0,#90FAE5
2024-02-13,Franklin County,HF.1,0.0,1215063,0.0,#D399AD
2024-02-13,Franklin County,HK.3,0.0,1215063,0.0,#859DBC
2024-02-13,Franklin County,HV.1,0.0,1215063,0.0,#797765
2024-02-13,Franklin County,JD.1.1,0.0,1215063,0.0,#80F192
2024-02-13,Franklin County,JF.1,0.0,1215063,0.0,#FFF1A9
2024-02-13,Franklin County,JG.3,2873.1159006,1215063,0.0023645818369911684,#66A172
2024-02-13,Franklin County,JN.1,865976.46875148,1215063,0.7127008795029394,#61018F
2024-02-13,Franklin County,JN.1.11.1,0.0,1215063,0.0,#5C9CF1
2024-02-13,Franklin County,JN.1.13,0.0,1215063,0.0,#E83C78
2024-02-13,Franklin County,JN.1.13.1,0.0,1215063,0.0,#F2591C
2024-02-13,Franklin County,JN.1.16,0.0,1215063,0.0,#BC3A88
2024-02-13,Franklin County,JN.1.16.1,0.0,1215063,0.0,#366298
2024-02-13,Franklin County,JN.1.18,271138.40427072,1215063,0.22314760985292123,#4AF32F
2024-02-13,Franklin County,JN.1.32,0.0,1215063,0.0,#2E7919
2024-02-13,Franklin County,JN.1.4.3,0.0,1215063,0.0,#9D1010
2024-02-13,Franklin County,JN.1.7,9815.361824399999,1215063,0.008078068235474209,#CF15E8
2024-02-13,Franklin County,JN.1.8.1,3531.62575299,1215063,0.0029065371532093396,#FFB027
2024-02-13,Franklin County,KP.1.1,0.0,1215063,0.0,#CBFF86
2024-02-13,Franklin County,KP.1.1.3,0.0,1215063,0.0,#1EB3B6
2024-02-13,Franklin County,KP.1.2,0.0,1215063,0.0,#D7B5A6
2024-02-13,Franklin County,KP.2,0.0,1215063,0.0,#5875A1
2024-02-13,Franklin County,KP.2.15,0.0,1215063,0.0,#175DFF
2024-02-13,Franklin County,KP.2.3,0.0,1215063,0.0,#628DE8
2024-02-13,Franklin County,KP.3,0.0,1215063,0.0,#B06589
2024-02-13,Franklin County,KP.3.1.1,0.0,1215063,0.0,#2F92A1
2024-02-13,Franklin County,KP.4.1,0.0,1215063,0.0,#FF473A
2024-02-13,Franklin County,KQ.1,0.0,1215063,0.0,#E86CDE
2024-02-13,Franklin County,KV.2,0.0,1215063,0.0,#E14365
2024-02-13,Franklin County,KW.1.1,0.0,1215063,0.0,#34A0FF
2024-02-13,Franklin County,LB.1,0.0,1215063,0.0,#795653
2024-02-13,Franklin County,Recombinant,0.0,1215063,0.0,#FF0000
2024-02-13,Franklin County,XBB,1207.5516156,1215063,0.0009938181111596683,#9FA8DA
2024-02-13,Franklin County,XBB.1.16,0.0,1215063,0.0,#4527A0
2024-02-13,Franklin County,XBB.1.16.1,0.0,1215063,0.0,#F89B9B
2024-02-13,Franklin County,XBB.1.16.15,0.0,1215063,0.0,#E3B5FA
2024-02-13,Franklin County,XBB.1.16.6,0.0,1215063,0.0,#5AA350
2024-02-13,Franklin County,XBB.1.42.1,0.0,1215063,0.0,#75D1A3
2024-02-13,Franklin County,XBB.1.5,0.0,1215063,0.0,#3F51B5
2024-02-13,Franklin County,XBB.1.5.70,0.0,1215063,0.0,#46783C
2024-02-13,Franklin County,XBB.1.5.72,0.0,1215063,0.0,#254220
2024-02-13,Franklin County,XBB.1.9.1,6739.5988902,1215063,0.005546707364309505,#304FFE
2024-02-13,Franklin County,XBB.1.9.2,7308.024999,1215063,0.00601452352594063,#536DFE
2024-02-13,Franklin County,XBB.2.3,0.0,1215063,0.0,#F7BCDF
2024-02-13,Franklin County,XDP,3536.6212728,1215063,0.0029106484789677574,#B60052
2024-02-13,Franklin County,XDV.1,0.0,1215063,0.0,#D367B6
2024-02-13,Franklin County,unreportable,37895.01315141,1215063,0.031187694096034526,#eeeeee
2024-02-13,Island County,BA.2,0.0,1778632,0.0,#9CCD67
2024-02-13,Island County,BA.2.12.1,0.0,1778632,0.0,#7CB342
2024-02-13,Island County,BA.2.86,758.90186085,1778632,0.0004266772782959038,#D770EE
2024-02-13,Island County,EG.5,0.0,1778632,0.0,#FFBE7D
2024-02-13,Island County,EG.5.1.8,0.0,1778632,0.0,#E14D6F
2024-02-13,Island County,EG.6.1,0.0,1778632,0.0,#B9ABA8
2024-02-13,Island County,FE.1.1,0.0,1778632,0.0,#499894
2024-02-13,Island County,FL.1.5.1,0.0,1778632,0.0,#8CD17D
2024-02-13,Island County,GE.1,0.0,1778632,0.0,#FABFD2
2024-02-13,Island County,GK.1.1,0.0,1778632,0.0,#90FAE5
2024-02-13,Island County,HF.1,0.0,1778632,0.0,#D399AD
2024-02-13,Island County,HK.3,0.0,1778632,0.0,#859DBC
2024-02-13,Island County,HV.1,0.0,1778632,0.0,#797765
2024-02-13,Island County,JD.1.1,0.0,1778632,0.0,#80F192
2024-02-13,Island County,JF.1,0.0,1778632,0.0,#FFF1A9
2024-02-13,Island County,JG.3,0.0,1778632,0.0,#66A172
2024-02-13,Island County,JN.1,1311066.8388825601,1778632,0.7371209102740534,#61018F
2024-02-13,Island County,JN.1.11.1,0.0,1778632,0.0,#5C9CF1
2024-02-13,Island County,JN.1.13,0.0,1778632,0.0,#E83C78
2024-02-13,Island County,JN.1.13.1,0.0,1778632,0.0,#F2591C
2024-02-13,Island County,JN.1.16,139647.80153783,1778632,0.07851416231003941,#BC3A88
2024-02-13,Island County,JN.1.16.1,0.0,1778632,0.0,#366298
2024-02-13,Island County,JN.1.18,2152.6582528500003,1778632,0.001210288723496485,#4AF32F
2024-02-13,Island County,JN.1.32,0.0,1778632,0.0,#2E7919
2024-02-13,Island County,JN.1.4.3,165532.50094844,1778632,0.09306731293963,#9D1010
2024-02-13,Island County,JN.1.7,104691.39798333,1778632,0.05886062883346864,#CF15E8
2024-02-13,Island County,JN.1.8.1,4146.0255797,1778632,0.002331019333791363,#FFB027
2024-02-13,Island County,KP.1.1,0.0,1778632,0.0,#CBFF86
2024-02-13,Island County,KP.1.1.3,0.0,1778632,0.0,#1EB3B6
2024-02-13,Island County,KP.1.2,0.0,1778632,0.0,#D7B5A6
2024-02-13,Island County,KP.2,0.0,1778632,0.0,#5875A1
2024-02-13,Island County,KP.2.15,0.0,1778632,0.0,#175DFF
2024-02-13,Island County,KP.2.3,0.0,1778632,0.0,#628DE8
2024-02-13,Island County,KP.3,0.0,1778632,0.0,#B06589
2024-02-13,Island County,KP.3.1.1,0.0,1778632,0.0,#2F92A1
2024-02-13,Island County,KP.4.1,0.0,1778632,0.0,#FF473A
2024-02-13,Island County,KQ.1,0.0,1778632,0.0,#E86CDE
2024-02-13,Island County,KV.2,0.0,1778632,0.0,#E14365
2024-02-13,Island County,KW.1.1,0.0,1778632,0.0,#34A0FF
2024-02-13,Island County,LB.1,0.0,1778632,0.0,#795653
2024-02-13,Island County,Recombinant,0.0,1778632,0.0,#FF0000
2024-02-13,Island County,XBB,0.0,1778632,0.0,#9FA8DA
2024-02-13,Island County,XBB.1.16,0.0,1778632,0.0,#4527A0
2024-02-13,Island County,XBB.1.16.1,0.0,1778632,0.0,#F89B9B
2024-02-13,Island County,XBB.1.16.15,0.0,1778632,0.0,#E3B5FA
2024-02-13,Island County,XBB.1.16.6,0.0,1778632,0.0,#5AA350
2024-02-13,Island County,XBB.1.42.1,0.0,1778632,0.0,#75D1A3
2024-02-13,Island County,XBB.1.5,0.0,1778632,0.0,#3F51B5
2024-02-13,Island County,XBB.1.5.70,0.0,1778632,0.0,#46783C
2024-02-13,Island County,XBB.1.5.72,0.0,1778632,0.0,#254220
2024-02-13,Island County,XBB.1.9.1,0.0,1778632,0.0,#304FFE
2024-02-13,Island County,XBB.1.9.2,0.0,1778632,0.0,#536DFE
2024-02-13,Island County,XBB.2.3,0.0,1778632,0.0,#F7BCDF
2024-02-13,Island County,XDP,37995.76688865,1778632,0.021362354263641945,#B60052
2024-02-13,Island County,XDV.1,0.0,1778632,0.0,#D367B6
2024-02-13,Island County,unreportable,12640.09986934,1778632,0.007106641435294091,#eeeeee
2024-02-13,Jefferson County,BA.2,0.0,162770,0.0,#9CCD67
2024-02-13,Jefferson County,BA.2.12.1,0.0,162770,0.0,#7CB342
2024-02-13,Jefferson County,BA.2.86,0.0,162770,0.0,#D770EE
2024-02-13,Jefferson County,EG.5,0.0,162770,0.0,#FFBE7D
2024-02-13,Jefferson County,EG.5.1.8,0.0,162770,0.0,#E14D6F
2024-02-13,Jefferson County,EG.6.1,0.0,162770,0.0,#B9ABA8
2024-02-13,Jefferson County,FE.1.1,0.0,162770,0.0,#499894
2024-02-13,Jefferson County,FL.1.5.1,0.0,162770,0.0,#8CD17D
2024-02-13,Jefferson County,GE.1,0.0,162770,0.0,#FABFD2
2024-02-13,Jefferson County,GK.1.1,0.0,162770,0.0,#90FAE5
2024-02-13,Jefferson County,HF.1,0.0,162770,0.0,#D399AD
2024-02-13,Jefferson County,HK.3,0.0,162770,0.0,#859DBC
2024-02-13,Jefferson County,HV.1,0.0,162770,0.0,#797765
2024-02-13,Jefferson County,JD.1.1,0.0,162770,0.0,#80F192
2024-02-13,Jefferson County,JF.1,0.0,162770,0.0,#FFF1A9
2024-02-13,Jefferson County,JG.3,0.0,162770,0.0,#66A172
2024-02-13,Jefferson County,JN.1,119019.1184357,162770,0.73121041,#61018F
2024-02-13,Jefferson County,JN.1.11.1,0.0,162770,0.0,#5C9CF1
2024-02-13,Jefferson County,JN.1.13,0.0,162770,0.0,#E83C78
2024-02-13,Jefferson County,JN.1.13.1,0.0,162770,0.0,#F2591C
2024-02-13,Jefferson County,JN.1.16,0.0,162770,0.0,#BC3A88
2024-02-13,Jefferson County,JN.1.16.1,0.0,162770,0.0,#366298
2024-02-13,Jefferson County,JN.1.18,0.0,162770,0.0,#4AF32F
2024-02-13,Jefferson County,JN.1.32,0.0,162770,0.0,#2E7919
2024-02-13,Jefferson County,JN.1.4.3,0.0,162770,0.0,#9D1010
2024-02-13,Jefferson County,JN.1.7,0.0,162770,0.0,#CF15E8
2024-02-13,Jefferson County,JN.1.8.1,0.0,162770,0.0,#FFB027
2024-02-13,Jefferson County,KP.1.1,0.0,162770,0.0,#CBFF86
2024-02-13,Jefferson County,KP.1.1.3,0.0,162770,0.0,#1EB3B6
2024-02-13,Jefferson County,KP.1.2,0.0,162770,0.0,#D7B5A6
2024-02-13,Jefferson County,KP.2,0.0,162770,0.0,#5875A1
2024-02-13,Jefferson County,KP.2.15,0.0,162770,0.0,#175DFF
2024-02-13,Jefferson County,KP.2.3,0.0,162770,0.0,#628DE8
2024-02-13,Jefferson County,KP.3,0.0,162770,0.0,#B06589
2024-02-13,Jefferson County,KP.3.1.1,0.0,162770,0.0,#2F92A1
2024-02-13,Jefferson County,KP.4.1,0.0,162770,0.0,#FF473A
2024-02-13,Jefferson County,KQ.1,0.0,162770,0.0,#E86CDE
2024-02-13,Jefferson County,KV.2,0.0,162770,0.0,#E14365
2024-02-13,Jefferson County,KW.1.1,0.0,162770,0.0,#34A0FF
2024-02-13,Jefferson County,LB.1,0.0,162770,0.0,#795653
2024-02-13,Jefferson County,Recombinant,42436.2973302,162770,0.26071326,#FF0000
2024-02-13,Jefferson County,XBB,0.0,162770,0.0,#9FA8DA
2024-02-13,Jefferson County,XBB.1.16,0.0,162770,0.0,#4527A0
2024-02-13,Jefferson County,XBB.1.16.1,0.0,162770,0.0,#F89B9B
2024-02-13,Jefferson County,XBB.1.16.15,0.0,162770,0.0,#E3B5FA
2024-02-13,Jefferson County,XBB.1.16.6,0.0,162770,0.0,#5AA350
2024-02-13,Jefferson County,XBB.1.42.1,0.0,162770,0.0,#75D1A3
2024-02-13,Jefferson County,XBB.1.5,0.0,162770,0.0,#3F51B5
2024-02-13,Jefferson County,XBB.1.5.70,0.0,162770,0.0,#46783C
2024-02-13,Jefferson County,XBB.1.5.72,0.0,162770,0.0,#254220
2024-02-13,Jefferson County,XBB.1.9.1,0.0,162770,0.0,#304FFE
2024-02-13,Jefferson County,XBB.1.9.2,0.0,162770,0.0,#536DFE
2024-02-13,Jefferson County,XBB.2.3,0.0,162770,0.0,#F7BCDF
2024-02-13,Jefferson County,XDP,0.0,162770,0.0,#B60052
2024-02-13,Jefferson County,XDV.1,0.0,162770,0.0,#D367B6
2024-02-13,Jefferson County,unreportable,1314.5842341,162770,0.00807633,#eeeeee
2024-02-13,King County,BA.2,0.0,973611,0.0,#9CCD67
2024-02-13,King County,BA.2.12.1,0.0,973611,0.0,#7CB342
2024-02-13,King County,BA.2.86,0.0,973611,0.0,#D770EE
2024-02-13,King County,EG.5,0.0,973611,0.0,#FFBE7D
2024-02-13,King County,EG.5.1.8,0.0,973611,0.0,#E14D6F
2024-02-13,King County,EG.6.1,0.0,973611,0.0,#B9ABA8
2024-02-13,King County,FE.1.1,0.0,973611,0.0,#499894
2024-02-13,King County,FL.1.5.1,0.0,973611,0.0,#8CD17D
2024-02-13,King County,GE.1,0.0,973611,0.0,#FABFD2
2024-02-13,King County,GK.1.1,0.0,973611,0.0,#90FAE5
2024-02-13,King County,HF.1,0.0,973611,0.0,#D399AD
2024-02-13,King County,HK.3,0.0,973611,0.0,#859DBC
2024-02-13,King County,HV.1,0.0,973611,0.0,#797765
2024-02-13,King County,JD.1.1,0.0,973611,0.0,#80F192
2024-02-13,King County,JF.1,0.0,973611,0.0,#FFF1A9
2024-02-13,King County,JG.3,0.0,973611,0.0,#66A172
2024-02-13,King County,JN.1,957574.8187328699,973611,0.98352917,#61018F
2024-02-13,King County,JN.1.11.1,0.0,973611,0.0,#5C9CF1
2024-02-13,King County,JN.1.13,0.0,973611,0.0,#E83C78
2024-02-13,King County,JN.1.13.1,0.0,973611,0.0,#F2591C
2024-02-13,King County,JN.1.16,2261.85413076,973611,0.00232316,#BC3A88
2024-02-13,King County,JN.1.16.1,0.0,973611,0.0,#366298
2024-02-13,King County,JN.1.18,0.0,973611,0.0,#4AF32F
2024-02-13,King County,JN.1.32,0.0,973611,0.0,#2E7919
2024-02-13,King County,JN.1.4.3,0.0,973611,0.0,#9D1010
2024-02-13,King County,JN.1.7,0.0,973611,0.0,#CF15E8
2024-02-13,King County,JN.1.8.1,2347.8531903900002,973611,0.00241149,#FFB027
2024-02-13,King County,KP.1.1,0.0,973611,0.0,#CBFF86
2024-02-13,King County,KP.1.1.3,0.0,973611,0.0,#1EB3B6
2024-02-13,King County,KP.1.2,0.0,973611,0.0,#D7B5A6
2024-02-13,King County,KP.2,0.0,973611,0.0,#5875A1
2024-02-13,King County,KP.2.15,0.0,973611,0.0,#175DFF
2024-02-13,King County,KP.2.3,0.0,973611,0.0,#628DE8
2024-02-13,King County,KP.3,0.0,973611,0.0,#B06589
2024-02-13,King County,KP.3.1.1,0.0,973611,0.0,#2F92A1
2024-02-13,King County,KP.4.1,0.0,973611,0.0,#FF473A
2024-02-13,King County,KQ.1,0.0,973611,0.0,#E86CDE
2024-02-13,King County,KV.2,0.0,973611,0.0,#E14365
2024-02-13,King County,KW.1.1,0.0,973611,0.0,#34A0FF
2024-02-13,King County,LB.1,0.0,973611,0.0,#795653
2024-02-13,King County,Recombinant,0.0,973611,0.0,#FF0000
2024-02-13,King County,XBB,0.0,973611,0.0,#9FA8DA
2024-02-13,King County,XBB.1.16,0.0,973611,0.0,#4527A0
2024-02-13,King County,XBB.1.16.1,0.0,973611,0.0,#F89B9B
2024-02-13,King County,XBB.1.16.15,0.0,973611,0.0,#E3B5FA
2024-02-13,King County,XBB.1.16.6,0.0,973611,0.0,#5AA350
2024-02-13,King County,XBB.1.42.1,0.0,973611,0.0,#75D1A3
2024-02-13,King County,XBB.1.5,0.0,973611,0.0,#3F51B5
2024-02-13,King County,XBB.1.5.70,0.0,973611,0.0,#46783C
2024-02-13,King County,XBB.1.5.72,0.0,973611,0.0,#254220
2024-02-13,King County,XBB.1.9.1,0.0,973611,0.0,#304FFE
2024-02-13,King County,XBB.1.9.2,0.0,973611,0.0,#536DFE
2024-02-13,King County,XBB.2.3,0.0,973611,0.0,#F7BCDF
2024-02-13,King County,XDP,6589.60370631,973611,0.00676821,#B60052
2024-02-13,King County,XDV.1,0.0,973611,0.0,#D367B6
2024-02-13,King County,unreportable,4836.879975780001,973611,0.00496798,#eeeeee
2024-02-13,Kittitas County,BA.2,0.0,143520,0.0,#9CCD67
2024-02-13,Kittitas County,BA.2.12.1,0.0,143520,0.0,#7CB342
2024-02-13,Kittitas County,BA.2.86,0.0,143520,0.0,#D770EE
2024-02-13,Kittitas County,EG.5,0.0,143520,0.0,#FFBE7D
2024-02-13,Kittitas County,EG.5.1.8,0.0,143520,0.0,#E14D6F
2024-02-13,Kittitas County,EG.6.1,0.0,143520,0.0,#B9ABA8
2024-02-13,Kittitas County,FE.1.1,0.0,143520,0.0,#499894
2024-02-13,Kittitas County,FL.1.5.1,0.0,143520,0.0,#8CD17D
2024-02-13,Kittitas County,GE.1,0.0,143520,0.0,#FABFD2
2024-02-13,Kittitas County,GK.1.1,0.0,143520,0.0,#90FAE5
2024-02-13,Kittitas County,HF.1,0.0,143520,0.0,#D399AD
2024-02-13,Kittitas County,HK.3,0.0,143520,0.0,#859DBC
2024-02-13,Kittitas County,HV.1,0.0,143520,0.0,#797765
2024-02-13,Kittitas County,JD.1.1,0.0,143520,0.0,#80F192
2024-02-13,Kittitas County,JF.1,0.0,143520,0.0,#FFF1A9
2024-02-13,Kittitas County,JG.3,0.0,143520,0.0,#66A172
2024-02-13,Kittitas County,JN.1,113015.355024,143520,0.7874537,#61018F
2024-02-13,Kittitas County,JN.1.11.1,0.0,143520,0.0,#5C9CF1
2024-02-13,Kittitas County,JN.1.13,0.0,143520,0.0,#E83C78
2024-02-13,Kittitas County,JN.1.13.1,0.0,143520,0.0,#F2591C
2024-02-13,Kittitas County,JN.1.16,0.0,143520,0.0,#BC3A88
2024-02-13,Kittitas County,JN.1.16.1,0.0,143520,0.0,#366298
2024-02-13,Kittitas County,JN.1.18,0.0,143520,0.0,#4AF32F
2024-02-13,Kittitas County,JN.1.32,0.0,143520,0.0,#2E7919
2024-02-13,Kittitas County,JN.1.4.3,26736.599136,143520,0.1862918,#9D1010
2024-02-13,Kittitas County,JN.1.7,0.0,143520,0.0,#CF15E8
2024-02-13,Kittitas County,JN.1.8.1,2665.9256208,143520,0.01857529,#FFB027
2024-02-13,Kittitas County,KP.1.1,0.0,143520,0.0,#CBFF86
2024-02-13,Kittitas County,KP.1.1.3,0.0,143520,0.0,#1EB3B6
2024-02-13,Kittitas County,KP.1.2,0.0,143520,0.0,#D7B5A6
2024-02-13,Kittitas County,KP.2,0.0,143520,0.0,#5875A1
2024-02-13,Kittitas County,KP.2.15,0.0,143520,0.0,#175DFF
2024-02-13,Kittitas County,KP.2.3,0.0,143520,0.0,#628DE8
2024-02-13,Kittitas County,KP.3,0.0,143520,0.0,#B06589
2024-02-13,Kittitas County,KP.3.1.1,0.0,143520,0.0,#2F92A1
2024-02-13,Kittitas County,KP.4.1,0.0,143520,0.0,#FF473A
2024-02-13,Kittitas County,KQ.1,0.0,143520,0.0,#E86CDE
2024-02-13,Kittitas County,KV.2,0.0,143520,0.0,#E14365
2024-02-13,Kittitas County,KW.1.1,0.0,143520,0.0,#34A0FF
2024-02-13,Kittitas County,LB.1,0.0,143520,0.0,#795653
2024-02-13,Kittitas County,Recombinant,239.34543359999998,143520,0.00166768,#FF0000
2024-02-13,Kittitas County,XBB,0.0,143520,0.0,#9FA8DA
2024-02-13,Kittitas County,XBB.1.16,0.0,143520,0.0,#4527A0
2024-02-13,Kittitas County,XBB.1.16.1,0.0,143520,0.0,#F89B9B
2024-02-13,Kittitas County,XBB.1.16.15,0.0,143520,0.0,#E3B5FA
2024-02-13,Kittitas County,XBB.1.16.6,0.0,143520,0.0,#5AA350
2024-02-13,Kittitas County,XBB.1.42.1,0.0,143520,0.0,#75D1A3
2024-02-13,Kittitas County,XBB.1.5,0.0,143520,0.0,#3F51B5
2024-02-13,Kittitas County,XBB.1.5.70,0.0,143520,0.0,#46783C
2024-02-13,Kittitas County,XBB.1.5.72,0.0,143520,0.0,#254220
2024-02-13,Kittitas County,XBB.1.9.1,0.0,143520,0.0,#304FFE
2024-02-13,Kittitas County,XBB.1.9.2,0.0,143520,0.0,#536DFE
2024-02-13,Kittitas County,XBB.2.3,0.0,143520,0.0,#F7BCDF
2024-02-13,Kittitas County,XDP,0.0,143520,0.0,#B60052
2024-02-13,Kittitas County,XDV.1,0.0,143520,0.0,#D367B6
2024-02-13,Kittitas County,unreportable,862.7733504,143520,0.00601152,#eeeeee
2024-02-13,Okanogan County,BA.2,0.0,927810,0.0,#9CCD67
2024-02-13,Okanogan County,BA.2.12.1,0.0,927810,0.0,#7CB342
2024-02-13,Okanogan County,BA.2.86,0.0,927810,0.0,#D770EE
2024-02-13,Okanogan County,EG.5,0.0,927810,0.0,#FFBE7D
2024-02-13,Okanogan County,EG.5.1.8,0.0,927810,0.0,#E14D6F
2024-02-13,Okanogan County,EG.6.1,0.0,927810,0.0,#B9ABA8
2024-02-13,Okanogan County,FE.1.1,0.0,927810,0.0,#499894
2024-02-13,Okanogan County,FL.1.5.1,0.0,927810,0.0,#8CD17D
2024-02-13,Okanogan County,GE.1,0.0,927810,0.0,#FABFD2
2024-02-13,Okanogan County,GK.1.1,0.0,927810,0.0,#90FAE5
2024-02-13,Okanogan County,HF.1,0.0,927810,0.0,#D399AD
2024-02-13,Okanogan County,HK.3,0.0,927810,0.0,#859DBC
2024-02-13,Okanogan County,HV.1,0.0,927810,0.0,#797765
2024-02-13,Okanogan County,JD.1.1,0.0,927810,0.0,#80F192
2024-02-13,Okanogan County,JF.1,0.0,927810,0.0,#FFF1A9
2024-02-13,Okanogan County,JG.3,0.0,927810,0.0,#66A172
2024-02-13,Okanogan County,JN.1,811082.7156393001,927810,0.87419053,#61018F
2024-02-13,Okanogan County,JN.1.11.1,2723.0945156999996,927810,0.0029349699999999994,#5C9CF1
2024-02-13,Okanogan County,JN.1.13,0.0,927810,0.0,#E83C78
2024-02-13,Okanogan County,JN.1.13.1,0.0,927810,0.0,#F2591C
2024-02-13,Okanogan County,JN.1.16,0.0,927810,0.0,#BC3A88
2024-02-13,Okanogan County,JN.1.16.1,0.0,927810,0.0,#366298
2024-02-13,Okanogan County,JN.1.18,0.0,927810,0.0,#4AF32F
2024-02-13,Okanogan County,JN.1.32,0.0,927810,0.0,#2E7919
2024-02-13,Okanogan County,JN.1.4.3,0.0,927810,0.0,#9D1010
2024-02-13,Okanogan County,JN.1.7,107886.3869889,927810,0.11628069,#CF15E8
2024-02-13,Okanogan County,JN.1.8.1,1151.7740559,927810,0.00124139,#FFB027
2024-02-13,Okanogan County,KP.1.1,0.0,927810,0.0,#CBFF86
2024-02-13,Okanogan County,KP.1.1.3,0.0,927810,0.0,#1EB3B6
2024-02-13,Okanogan County,KP.1.2,0.0,927810,0.0,#D7B5A6
2024-02-13,Okanogan County,KP.2,0.0,927810,0.0,#5875A1
2024-02-13,Okanogan County,KP.2.15,0.0,927810,0.0,#175DFF
2024-02-13,Okanogan County,KP.2.3,0.0,927810,0.0,#628DE8
2024-02-13,Okanogan County,KP.3,0.0,927810,0.0,#B06589
2024-02-13,Okanogan County,KP.3.1.1,0.0,927810,0.0,#2F92A1
2024-02-13,Okanogan County,KP.4.1,0.0,927810,0.0,#FF473A
2024-02-13,Okanogan County,KQ.1,0.0,927810,0.0,#E86CDE
2024-02-13,Okanogan County,KV.2,0.0,927810,0.0,#E14365
2024-02-13,Okanogan County,KW.1.1,0.0,927810,0.0,#34A0FF
2024-02-13,Okanogan County,LB.1,0.0,927810,0.0,#795653
2024-02-13,Okanogan County,Recombinant,0.0,927810,0.0,#FF0000
2024-02-13,Okanogan County,XBB,0.0,927810,0.0,#9FA8DA
2024-02-13,Okanogan County,XBB.1.16,0.0,927810,0.0,#4527A0
2024-02-13,Okanogan County,XBB.1.16.1,0.0,927810,0.0,#F89B9B
2024-02-13,Okanogan County,XBB.1.16.15,0.0,927810,0.0,#E3B5FA
2024-02-13,Okanogan County,XBB.1.16.6,0.0,927810,0.0,#5AA350
2024-02-13,Okanogan County,XBB.1.42.1,0.0,927810,0.0,#75D1A3
2024-02-13,Okanogan County,XBB.1.5,0.0,927810,0.0,#3F51B5
2024-02-13,Okanogan County,XBB.1.5.70,0.0,927810,0.0,#46783C
2024-02-13,Okanogan County,XBB.1.5.72,0.0,927810,0.0,#254220
2024-02-13,Okanogan County,XBB.1.9.1,0.0,927810,0.0,#304FFE
2024-02-13,Okanogan County,XBB.1.9.2,0.0,927810,0.0,#536DFE
2024-02-13,Okanogan County,XBB.2.3,0.0,927810,0.0,#F7BCDF
2024-02-13,Okanogan County,XDP,0.0,927810,0.0,#B60052
2024-02-13,Okanogan County,XDV.1,0.0,927810,0.0,#D367B6
2024-02-13,Okanogan County,unreportable,4966.0380783,927810,0.00535243,#eeeeee
2024-02-13,Pierce County,BA.2,0.0,1013026,0.0,#9CCD67
2024-02-13,Pierce County,BA.2.12.1,0.0,1013026,0.0,#7CB342
2024-02-13,Pierce County,BA.2.86,951.60779231,1013026,0.0009393715386475767,#D770EE
2024-02-13,Pierce County,EG.5,0.0,1013026,0.0,#FFBE7D
2024-02-13,Pierce County,EG.5.1.8,0.0,1013026,0.0,#E14D6F
2024-02-13,Pierce County,EG.6.1,0.0,1013026,0.0,#B9ABA8
2024-02-13,Pierce County,FE.1.1,0.0,1013026,0.0,#499894
2024-02-13,Pierce County,FL.1.5.1,0.0,1013026,0.0,#8CD17D
2024-02-13,Pierce County,GE.1,0.0,1013026,0.0,#FABFD2
2024-02-13,Pierce County,GK.1.1,0.0,1013026,0.0,#90FAE5
2024-02-13,Pierce County,HF.1,0.0,1013026,0.0,#D399AD
2024-02-13,Pierce County,HK.3,0.0,1013026,0.0,#859DBC
2024-02-13,Pierce County,HV.1,0.0,1013026,0.0,#797765
2024-02-13,Pierce County,JD.1.1,0.0,1013026,0.0,#80F192
2024-02-13,Pierce County,JF.1,0.0,1013026,0.0,#FFF1A9
2024-02-13,Pierce County,JG.3,0.0,1013026,0.0,#66A172
2024-02-13,Pierce County,JN.1,985040.37961081,1013026,0.9723742328536582,#61018F
2024-02-13,Pierce County,JN.1.11.1,0.0,1013026,0.0,#5C9CF1
2024-02-13,Pierce County,JN.1.13,0.0,1013026,0.0,#E83C78
2024-02-13,Pierce County,JN.1.13.1,0.0,1013026,0.0,#F2591C
2024-02-13,Pierce County,JN.1.16,191.42852524999998,1013026,0.00018896704057941256,#BC3A88
2024-02-13,Pierce County,JN.1.16.1,0.0,1013026,0.0,#366298
2024-02-13,Pierce County,JN.1.18,0.0,1013026,0.0,#4AF32F
2024-02-13,Pierce County,JN.1.32,0.0,1013026,0.0,#2E7919
2024-02-13,Pierce County,JN.1.4.3,0.0,1013026,0.0,#9D1010
2024-02-13,Pierce County,JN.1.7,19889.01803681,1013026,0.01963327499670295,#CF15E8
2024-02-13,Pierce County,JN.1.8.1,81.86888599000001,1013026,8.081617450095063e-05,#FFB027
2024-02-13,Pierce County,KP.1.1,0.0,1013026,0.0,#CBFF86
2024-02-13,Pierce County,KP.1.1.3,0.0,1013026,0.0,#1EB3B6
2024-02-13,Pierce County,KP.1.2,0.0,1013026,0.0,#D7B5A6
2024-02-13,Pierce County,KP.2,0.0,1013026,0.0,#5875A1
2024-02-13,Pierce County,KP.2.15,0.0,1013026,0.0,#175DFF
2024-02-13,Pierce County,KP.2.3,0.0,1013026,0.0,#628DE8
2024-02-13,Pierce County,KP.3,0.0,1013026,0.0,#B06589
2024-02-13,Pierce County,KP.3.1.1,0.0,1013026,0.0,#2F92A1
2024-02-13,Pierce County,KP.4.1,0.0,1013026,0.0,#FF473A
2024-02-13,Pierce County,KQ.1,0.0,1013026,0.0,#E86CDE
2024-02-13,Pierce County,KV.2,0.0,1013026,0.0,#E14365
2024-02-13,Pierce County,KW.1.1,0.0,1013026,0.0,#34A0FF
2024-02-13,Pierce County,LB.1,0.0,1013026,0.0,#795653
2024-02-13,Pierce County,Recombinant,0.0,1013026,0.0,#FF0000
2024-02-13,Pierce County,XBB,0.0,1013026,0.0,#9FA8DA
2024-02-13,Pierce County,XBB.1.16,0.0,1013026,0.0,#4527A0
2024-02-13,Pierce County,XBB.1.16.1,0.0,1013026,0.0,#F89B9B
2024-02-13,Pierce County,XBB.1.16.15,0.0,1013026,0.0,#E3B5FA
2024-02-13,Pierce County,XBB.1.16.6,0.0,1013026,0.0,#5AA350
2024-02-13,Pierce County,XBB.1.42.1,0.0,1013026,0.0,#75D1A3
2024-02-13,Pierce County,XBB.1.5,0.0,1013026,0.0,#3F51B5
2024-02-13,Pierce County,XBB.1.5.70,0.0,1013026,0.0,#46783C
2024-02-13,Pierce County,XBB.1.5.72,0.0,1013026,0.0,#254220
2024-02-13,Pierce County,XBB.1.9.1,0.0,1013026,0.0,#304FFE
2024-02-13,Pierce County,XBB.1.9.2,0.0,1013026,0.0,#536DFE
2024-02-13,Pierce County,XBB.2.3,0.0,1013026,0.0,#F7BCDF
2024-02-13,Pierce County,XDP,0.0,1013026,0.0,#B60052
2024-02-13,Pierce County,XDV.1,0.0,1013026,0.0,#D367B6
2024-02-13,Pierce County,unreportable,6871.70589431,1013026,0.006783346028937066,#eeeeee
2024-02-13,Thurston County,BA.2,0.0,166384,0.0,#9CCD67
2024-02-13,Thurston County,BA.2.12.1,0.0,166384,0.0,#7CB342
2024-02-13,Thurston County,BA.2.86,596.6775526399999,166384,0.0035861474218674867,#D770EE
2024-02-13,Thurston County,EG.5,0.0,166384,0.0,#FFBE7D
2024-02-13,Thurston County,EG.5.1.8,0.0,166384,0.0,#E14D6F
2024-02-13,Thurston County,EG.6.1,0.0,166384,0.0,#B9ABA8
2024-02-13,Thurston County,FE.1.1,0.0,166384,0.0,#499894
2024-02-13,Thurston County,FL.1.5.1,0.0,166384,0.0,#8CD17D
2024-02-13,Thurston County,GE.1,0.0,166384,0.0,#FABFD2
2024-02-13,Thurston County,GK.1.1,0.0,166384,0.0,#90FAE5
2024-02-13,Thurston County,HF.1,0.0,166384,0.0,#D399AD
2024-02-13,Thurston County,HK.3,0.0,166384,0.0,#859DBC
2024-02-13,Thurston County,HV.1,0.0,166384,0.0,#797765
2024-02-13,Thurston County,JD.1.1,0.0,166384,0.0,#80F192
2024-02-13,Thurston County,JF.1,0.0,166384,0.0,#FFF1A9
2024-02-13,Thurston County,JG.3,0.0,166384,0.0,#66A172
2024-02-13,Thurston County,JN.1,139519.80725152,166384,0.8385410090604866,#61018F
2024-02-13,Thurston County,JN.1.11.1,91.38809472,166384,0.0005492601134724493,#5C9CF1
2024-02-13,Thurston County,JN.1.13,0.0,166384,0.0,#E83C78
2024-02-13,Thurston County,JN.1.13.1,0.0,166384,0.0,#F2591C
2024-02-13,Thurston County,JN.1.16,841.5415584,166384,0.005057827425714011,#BC3A88
2024-02-13,Thurston County,JN.1.16.1,0.0,166384,0.0,#366298
2024-02-13,Thurston County,JN.1.18,0.0,166384,0.0,#4AF32F
2024-02-13,Thurston County,JN.1.32,0.0,166384,0.0,#2E7919
2024-02-13,Thurston County,JN.1.4.3,0.0,166384,0.0,#9D1010
2024-02-13,Thurston County,JN.1.7,18053.682964320004,166384,0.10850612417251661,#CF15E8
2024-02-13,Thurston County,JN.1.8.1,3724.8930968,166384,0.022387327488220022,#FFB027
2024-02-13,Thurston County,KP.1.1,0.0,166384,0.0,#CBFF86
2024-02-13,Thurston County,KP.1.1.3,0.0,166384,0.0,#1EB3B6
2024-02-13,Thurston County,KP.1.2,0.0,166384,0.0,#D7B5A6
2024-02-13,Thurston County,KP.2,0.0,166384,0.0,#5875A1
2024-02-13,Thurston County,KP.2.15,0.0,166384,0.0,#175DFF
2024-02-13,Thurston County,KP.2.3,0.0,166384,0.0,#628DE8
2024-02-13,Thurston County,KP.3,0.0,166384,0.0,#B06589
2024-02-13,Thurston County,KP.3.1.1,0.0,166384,0.0,#2F92A1
2024-02-13,Thurston County,KP.4.1,0.0,166384,0.0,#FF473A
2024-02-13,Thurston County,KQ.1,0.0,166384,0.0,#E86CDE
2024-02-13,Thurston County,KV.2,0.0,166384,0.0,#E14365
2024-02-13,Thurston County,KW.1.1,0.0,166384,0.0,#34A0FF
2024-02-13,Thurston County,LB.1,0.0,166384,0.0,#795653
2024-02-13,Thurston County,Recombinant,596.37600256,166384,0.0035843350476007308,#FF0000
2024-02-13,Thurston County,XBB,0.0,166384,0.0,#9FA8DA
2024-02-13,Thurston County,XBB.1.16,0.0,166384,0.0,#4527A0
2024-02-13,Thurston County,XBB.1.16.1,0.0,166384,0.0,#F89B9B
2024-02-13,Thurston County,XBB.1.16.15,0.0,166384,0.0,#E3B5FA
2024-02-13,Thurston County,XBB.1.16.6,98.88864128,166384,0.0005943398480623137,#5AA350
2024-02-13,Thurston County,XBB.1.42.1,0.0,166384,0.0,#75D1A3
2024-02-13,Thurston County,XBB.1.5,0.0,166384,0.0,#3F51B5
2024-02-13,Thurston County,XBB.1.5.70,0.0,166384,0.0,#46783C
2024-02-13,Thurston County,XBB.1.5.72,0.0,166384,0.0,#254220
2024-02-13,Thurston County,XBB.1.9.1,0.0,166384,0.0,#304FFE
2024-02-13,Thurston County,XBB.1.9.2,0.0,166384,0.0,#536DFE
2024-02-13,Thurston County,XBB.2.3,0.0,166384,0.0,#F7BCDF
2024-02-13,Thurston County,XDP,0.0,166384,0.0,#B60052
2024-02-13,Thurston County,XDV.1,0.0,166384,0.0,#D367B6
2024-02-13,Thurston County,unreportable,2860.74483776,166384,0.017193629422059813,#eeeeee
2024-02-13,Walla Walla County,BA.2,0.0,551552,0.0,#9CCD67
2024-02-13,Walla Walla County,BA.2.12.1,0.0,551552,0.0,#7CB342
2024-02-13,Walla Walla County,BA.2.86,0.0,551552,0.0,#D770EE
2024-02-13,Walla Walla County,EG.5,0.0,551552,0.0,#FFBE7D
2024-02-13,Walla Walla County,EG.5.1.8,0.0,551552,0.0,#E14D6F
2024-02-13,Walla Walla County,EG.6.1,0.0,551552,0.0,#B9ABA8
2024-02-13,Walla Walla County,FE.1.1,0.0,551552,0.0,#499894
2024-02-13,Walla Walla County,FL.1.5.1,0.0,551552,0.0,#8CD17D
2024-02-13,Walla Walla County,GE.1,0.0,551552,0.0,#FABFD2
2024-02-13,Walla Walla County,GK.1.1,0.0,551552,0.0,#90FAE5
2024-02-13,Walla Walla County,HF.1,0.0,551552,0.0,#D399AD
2024-02-13,Walla Walla County,HK.3,0.0,551552,0.0,#859DBC
2024-02-13,Walla Walla County,HV.1,0.0,551552,0.0,#797765
2024-02-13,Walla Walla County,JD.1.1,0.0,551552,0.0,#80F192
2024-02-13,Walla Walla County,JF.1,0.0,551552,0.0,#FFF1A9
2024-02-13,Walla Walla County,JG.3,0.0,551552,0.0,#66A172
2024-02-13,Walla Walla County,JN.1,469443.50170880003,551552,0.8511319,#61018F
2024-02-13,Walla Walla County,JN.1.11.1,0.0,551552,0.0,#5C9CF1
2024-02-13,Walla Walla County,JN.1.13,0.0,551552,0.0,#E83C78
2024-02-13,Walla Walla County,JN.1.13.1,0.0,551552,0.0,#F2591C
2024-02-13,Walla Walla County,JN.1.16,0.0,551552,0.0,#BC3A88
2024-02-13,Walla Walla County,JN.1.16.1,0.0,551552,0.0,#366298
2024-02-13,Walla Walla County,JN.1.18,0.0,551552,0.0,#4AF32F
2024-02-13,Walla Walla County,JN.1.32,0.0,551552,0.0,#2E7919
2024-02-13,Walla Walla County,JN.1.4.3,29126.54002816,551552,0.05280833,#9D1010
2024-02-13,Walla Walla County,JN.1.7,47272.953821439994,551552,0.08570897,#CF15E8
2024-02-13,Walla Walla County,JN.1.8.1,2920.7711936,551552,0.00529555,#FFB027
2024-02-13,Walla Walla County,KP.1.1,0.0,551552,0.0,#CBFF86
2024-02-13,Walla Walla County,KP.1.1.3,0.0,551552,0.0,#1EB3B6
2024-02-13,Walla Walla County,KP.1.2,0.0,551552,0.0,#D7B5A6
2024-02-13,Walla Walla County,KP.2,0.0,551552,0.0,#5875A1
2024-02-13,Walla Walla County,KP.2.15,0.0,551552,0.0,#175DFF
2024-02-13,Walla Walla County,KP.2.3,0.0,551552,0.0,#628DE8
2024-02-13,Walla Walla County,KP.3,0.0,551552,0.0,#B06589
2024-02-13,Walla Walla County,KP.3.1.1,0.0,551552,0.0,#2F92A1
2024-02-13,Walla Walla County,KP.4.1,0.0,551552,0.0,#FF473A
2024-02-13,Walla Walla County,KQ.1,0.0,551552,0.0,#E86CDE
2024-02-13,Walla Walla County,KV.2,0.0,551552,0.0,#E14365
2024-02-13,Walla Walla County,KW.1.1,0.0,551552,0.0,#34A0FF
2024-02-13,Walla Walla County,LB.1,0.0,551552,0.0,#795653
2024-02-13,Walla Walla County,Recombinant,0.0,551552,0.0,#FF0000
2024-02-13,Walla Walla County,XBB,0.0,551552,0.0,#9FA8DA
2024-02-13,Walla Walla County,XBB.1.16,0.0,551552,0.0,#4527A0
2024-02-13,Walla Walla County,XBB.1.16.1,0.0,551552,0.0,#F89B9B
2024-02-13,Walla Walla County,XBB.1.16.15,0.0,551552,0.0,#E3B5FA
2024-02-13,Walla Walla County,XBB.1.16.6,0.0,551552,0.0,#5AA350
2024-02-13,Walla Walla County,XBB.1.42.1,0.0,551552,0.0,#75D1A3
2024-02-13,Walla Walla County,XBB.1.5,0.0,551552,0.0,#3F51B5
2024-02-13,Walla Walla County,XBB.1.5.70,0.0,551552,0.0,#46783C
2024-02-13,Walla Walla County,XBB.1.5.72,0.0,551552,0.0,#254220
2024-02-13,Walla Walla County,XBB.1.9.1,0.0,551552,0.0,#304FFE
2024-02-13,Walla Walla County,XBB.1.9.2,0.0,551552,0.0,#536DFE
2024-02-13,Walla Walla County,XBB.2.3,0.0,551552,0.0,#F7BCDF
2024-02-13,Walla Walla County,XDP,0.0,551552,0.0,#B60052
2024-02-13,Walla Walla County,XDV.1,0.0,551552,0.0,#D367B6
2024-02-13,Walla Walla County,unreportable,2788.23876352,551552,0.00505526,#eeeeee
2024-02-13,Whitman County,BA.2,0.0,245487,0.0,#9CCD67
2024-02-13,Whitman County,BA.2.12.1,0.0,245487,0.0,#7CB342
2024-02-13,Whitman County,BA.2.86,0.0,245487,0.0,#D770EE
2024-02-13,Whitman County,EG.5,0.0,245487,0.0,#FFBE7D
2024-02-13,Whitman County,EG.5.1.8,0.0,245487,0.0,#E14D6F
2024-02-13,Whitman County,EG.6.1,0.0,245487,0.0,#B9ABA8
2024-02-13,Whitman County,FE.1.1,0.0,245487,0.0,#499894
2024-02-13,Whitman County,FL.1.5.1,0.0,245487,0.0,#8CD17D
2024-02-13,Whitman County,GE.1,0.0,245487,0.0,#FABFD2
2024-02-13,Whitman County,GK.1.1,0.0,245487,0.0,#90FAE5
2024-02-13,Whitman County,HF.1,0.0,245487,0.0,#D399AD
2024-02-13,Whitman County,HK.3,0.0,245487,0.0,#859DBC
2024-02-13,Whitman County,HV.1,0.0,245487,0.0,#797765
2024-02-13,Whitman County,JD.1.1,0.0,245487,0.0,#80F192
2024-02-13,Whitman County,JF.1,0.0,245487,0.0,#FFF1A9
2024-02-13,Whitman County,JG.3,0.0,245487,0.0,#66A172
2024-02-13,Whitman County,JN.1,66243.49597701,245487,0.26984523,#61018F
2024-02-13,Whitman County,JN.1.11.1,378.84290301,245487,0.00154323,#5C9CF1
2024-02-13,Whitman County,JN.1.13,0.0,245487,0.0,#E83C78
2024-02-13,Whitman County,JN.1.13.1,0.0,245487,0.0,#F2591C
2024-02-13,Whitman County,JN.1.16,0.0,245487,0.0,#BC3A88
2024-02-13,Whitman County,JN.1.16.1,0.0,245487,0.0,#366298
2024-02-13,Whitman County,JN.1.18,0.0,245487,0.0,#4AF32F
2024-02-13,Whitman County,JN.1.32,0.0,245487,0.0,#2E7919
2024-02-13,Whitman County,JN.1.4.3,136595.51639315998,245487,0.55642668,#9D1010
2024-02-13,Whitman County,JN.1.7,39634.737809369995,245487,0.16145351,#CF15E8
2024-02-13,Whitman County,JN.1.8.1,314.98191483,245487,0.00128309,#FFB027
2024-02-13,Whitman County,KP.1.1,0.0,245487,0.0,#CBFF86
2024-02-13,Whitman County,KP.1.1.3,0.0,245487,0.0,#1EB3B6
2024-02-13,Whitman County,KP.1.2,0.0,245487,0.0,#D7B5A6
2024-02-13,Whitman County,KP.2,0.0,245487,0.0,#5875A1
2024-02-13,Whitman County,KP.2.15,0.0,245487,0.0,#175DFF
2024-02-13,Whitman County,KP.2.3,0.0,245487,0.0,#628DE8
2024-02-13,Whitman County,KP.3,0.0,245487,0.0,#B06589
2024-02-13,Whitman County,KP.3.1.1,0.0,245487,0.0,#2F92A1
2024-02-13,Whitman County,KP.4.1,0.0,245487,0.0,#FF473A
2024-02-13,Whitman County,KQ.1,0.0,245487,0.0,#E86CDE
2024-02-13,Whitman County,KV.2,0.0,245487,0.0,#E14365
2024-02-13,Whitman County,KW.1.1,0.0,245487,0.0,#34A0FF
2024-02-13,Whitman County,LB.1,0.0,245487,0.0,#795653
2024-02-13,Whitman County,Recombinant,0.0,245487,0.0,#FF0000
2024-02-13,Whitman County,XBB,0.0,245487,0.0,#9FA8DA
2024-02-13,Whitman County,XBB.1.16,0.0,245487,0.0,#4527A0
2024-02-13,Whitman County,XBB.1.16.1,0.0,245487,0.0,#F89B9B
2024-02-13,Whitman County,XBB.1.16.15,0.0,245487,0.0,#E3B5FA
2024-02-13,Whitman County,XBB.1.16.6,0.0,245487,0.0,#5AA350
2024-02-13,Whitman County,XBB.1.42.1,0.0,245487,0.0,#75D1A3
2024-02-13,Whitman County,XBB.1.5,0.0,245487,0.0,#3F51B5
2024-02-13,Whitman County,XBB.1.5.70,0.0,245487,0.0,#46783C
2024-02-13,Whitman County,XBB.1.5.72,0.0,245487,0.0,#254220
2024-02-13,Whitman County,XBB.1.9.1,0.0,245487,0.0,#304FFE
2024-02-13,Whitman County,XBB.1.9.2,0.0,245487,0.0,#536DFE
2024-02-13,Whitman County,XBB.2.3,0.0,245487,0.0,#F7BCDF
2024-02-13,Whitman County,XDP,0.0,245487,0.0,#B60052
2024-02-13,Whitman County,XDV.1,0.0,245487,0.0,#D367B6
2024-02-13,Whitman County,unreportable,2319.42009288,245487,0.00944824,#eeeeee
2024-02-13,Yakima County,BA.2,0.0,1933008,0.0,#9CCD67
2024-02-13,Yakima County,BA.2.12.1,0.0,1933008,0.0,#7CB342
2024-02-13,Yakima County,BA.2.86,3450.5454732800004,1933008,0.0017850652833718227,#D770EE
2024-02-13,Yakima County,EG.5,0.0,1933008,0.0,#FFBE7D
2024-02-13,Yakima County,EG.5.1.8,0.0,1933008,0.0,#E14D6F
2024-02-13,Yakima County,EG.6.1,0.0,1933008,0.0,#B9ABA8
2024-02-13,Yakima County,FE.1.1,0.0,1933008,0.0,#499894
2024-02-13,Yakima County,FL.1.5.1,0.0,1933008,0.0,#8CD17D
2024-02-13,Yakima County,GE.1,0.0,1933008,0.0,#FABFD2
2024-02-13,Yakima County,GK.1.1,0.0,1933008,0.0,#90FAE5
2024-02-13,Yakima County,HF.1,0.0,1933008,0.0,#D399AD
2024-02-13,Yakima County,HK.3,0.0,1933008,0.0,#859DBC
2024-02-13,Yakima County,HV.1,0.0,1933008,0.0,#797765
2024-02-13,Yakima County,JD.1.1,0.0,1933008,0.0,#80F192
2024-02-13,Yakima County,JF.1,0.0,1933008,0.0,#FFF1A9
2024-02-13,Yakima County,JG.3,0.0,1933008,0.0,#66A172
2024-02-13,Yakima County,JN.1,1359915.77120688,1933008,0.7035230952002681,#61018F
2024-02-13,Yakima County,JN.1.11.1,2119.53432832,1933008,0.0010964953731800386,#5C9CF1
2024-02-13,Yakima County,JN.1.13,0.0,1933008,0.0,#E83C78
2024-02-13,Yakima County,JN.1.13.1,0.0,1933008,0.0,#F2591C
2024-02-13,Yakima County,JN.1.16,2002.98030368,1933008,0.001036198662230058,#BC3A88
2024-02-13,Yakima County,JN.1.16.1,0.0,1933008,0.0,#366298
2024-02-13,Yakima County,JN.1.18,0.0,1933008,0.0,#4AF32F
2024-02-13,Yakima County,JN.1.32,0.0,1933008,0.0,#2E7919
2024-02-13,Yakima County,JN.1.4.3,124501.3961625,1933008,0.06440811220776116,#9D1010
2024-02-13,Yakima County,JN.1.7,175715.79996002,1933008,0.0909027794815231,#CF15E8
2024-02-13,Yakima County,JN.1.8.1,134126.26455068,1933008,0.06938733029075927,#FFB027
2024-02-13,Yakima County,KP.1.1,0.0,1933008,0.0,#CBFF86
2024-02-13,Yakima County,KP.1.1.3,0.0,1933008,0.0,#1EB3B6
2024-02-13,Yakima County,KP.1.2,0.0,1933008,0.0,#D7B5A6
2024-02-13,Yakima County,KP.2,0.0,1933008,0.0,#5875A1
2024-02-13,Yakima County,KP.2.15,0.0,1933008,0.0,#175DFF
2024-02-13,Yakima County,KP.2.3,0.0,1933008,0.0,#628DE8
2024-02-13,Yakima County,KP.3,0.0,1933008,0.0,#B06589
2024-02-13,Yakima County,KP.3.1.1,0.0,1933008,0.0,#2F92A1
2024-02-13,Yakima County,KP.4.1,0.0,1933008,0.0,#FF473A
2024-02-13,Yakima County,KQ.1,0.0,1933008,0.0,#E86CDE
2024-02-13,Yakima County,KV.2,379.41244494,1933008,0.00019628084567678976,#E14365
2024-02-13,Yakima County,KW.1.1,0.0,1933008,0.0,#34A0FF
2024-02-13,Yakima County,LB.1,0.0,1933008,0.0,#795653
2024-02-13,Yakima County,Recombinant,375.96642260000004,1933008,0.00019449812033887085,#FF0000
2024-02-13,Yakima County,XBB,0.0,1933008,0.0,#9FA8DA
2024-02-13,Yakima County,XBB.1.16,0.0,1933008,0.0,#4527A0
2024-02-13,Yakima County,XBB.1.16.1,0.0,1933008,0.0,#F89B9B
2024-02-13,Yakima County,XBB.1.16.15,0.0,1933008,0.0,#E3B5FA
2024-02-13,Yakima County,XBB.1.16.6,0.0,1933008,0.0,#5AA350
2024-02-13,Yakima County,XBB.1.42.1,0.0,1933008,0.0,#75D1A3
2024-02-13,Yakima County,XBB.1.5,0.0,1933008,0.0,#3F51B5
2024-02-13,Yakima County,XBB.1.5.70,0.0,1933008,0.0,#46783C
2024-02-13,Yakima County,XBB.1.5.72,0.0,1933008,0.0,#254220
2024-02-13,Yakima County,XBB.1.9.1,0.0,1933008,0.0,#304FFE
2024-02-13,Yakima County,XBB.1.9.2,0.0,1933008,0.0,#536DFE
2024-02-13,Yakima County,XBB.2.3,0.0,1933008,0.0,#F7BCDF
2024-02-13,Yakima County,XDP,105841.7397705,1933008,0.05475494140246704,#B60052
2024-02-13,Yakima County,XDV.1,0.0,1933008,0.0,#D367B6
2024-02-13,Yakima County,unreportable,24578.5860022,1933008,0.0127152013867506,#eeeeee
2024-02-20,Benton County,BA.2,0.0,502178,0.0,#9CCD67
2024-02-20,Benton County,BA.2.12.1,0.0,502178,0.0,#7CB342
2024-02-20,Benton County,BA.2.86,22183.55747482,502178,0.04417469,#D770EE
2024-02-20,Benton County,EG.5,0.0,502178,0.0,#FFBE7D
2024-02-20,Benton County,EG.5.1.8,0.0,502178,0.0,#E14D6F
2024-02-20,Benton County,EG.6.1,0.0,502178,0.0,#B9ABA8
2024-02-20,Benton County,FE.1.1,0.0,502178,0.0,#499894
2024-02-20,Benton County,FL.1.5.1,0.0,502178,0.0,#8CD17D
2024-02-20,Benton County,GE.1,0.0,502178,0.0,#FABFD2
2024-02-20,Benton County,GK.1.1,0.0,502178,0.0,#90FAE5
2024-02-20,Benton County,HF.1,0.0,502178,0.0,#D399AD
2024-02-20,Benton County,HK.3,0.0,502178,0.0,#859DBC
2024-02-20,Benton County,HV.1,71157.61824400001,502178,0.14169800000000002,#797765
2024-02-20,Benton County,JD.1.1,0.0,502178,0.0,#80F192
2024-02-20,Benton County,JF.1,0.0,502178,0.0,#FFF1A9
2024-02-20,Benton County,JG.3,0.0,502178,0.0,#66A172
2024-02-20,Benton County,JN.1,215965.51064882,502178,0.43005769,#61018F
2024-02-20,Benton County,JN.1.11.1,601.07191354,502178,0.00119693,#5C9CF1
2024-02-20,Benton County,JN.1.13,0.0,502178,0.0,#E83C78
2024-02-20,Benton County,JN.1.13.1,0.0,502178,0.0,#F2591C
2024-02-20,Benton County,JN.1.16,0.0,502178,0.0,#BC3A88
2024-02-20,Benton County,JN.1.16.1,0.0,502178,0.0,#366298
2024-02-20,Benton County,JN.1.18,14682.70045112,502178,0.02923804,#4AF32F
2024-02-20,Benton County,JN.1.32,0.0,502178,0.0,#2E7919
2024-02-20,Benton County,JN.1.4.3,12729.13763908,502178,0.02534786,#9D1010
2024-02-20,Benton County,JN.1.7,69024.07483675999,502178,0.13744942,#CF15E8
2024-02-20,Benton County,JN.1.8.1,0.0,502178,0.0,#FFB027
2024-02-20,Benton County,KP.1.1,0.0,502178,0.0,#CBFF86
2024-02-20,Benton County,KP.1.1.3,0.0,502178,0.0,#1EB3B6
2024-02-20,Benton County,KP.1.2,0.0,502178,0.0,#D7B5A6
2024-02-20,Benton County,KP.2,0.0,502178,0.0,#5875A1
2024-02-20,Benton County,KP.2.15,0.0,502178,0.0,#175DFF
2024-02-20,Benton County,KP.2.3,0.0,502178,0.0,#628DE8
2024-02-20,Benton County,KP.3,0.0,502178,0.0,#B06589
2024-02-20,Benton County,KP.3.1.1,0.0,502178,0.0,#2F92A1
2024-02-20,Benton County,KP.4.1,0.0,502178,0.0,#FF473A
2024-02-20,Benton County,KQ.1,0.0,502178,0.0,#E86CDE
2024-02-20,Benton County,KV.2,0.0,502178,0.0,#E14365
2024-02-20,Benton County,KW.1.1,0.0,502178,0.0,#34A0FF
2024-02-20,Benton County,LB.1,0.0,502178,0.0,#795653
2024-02-20,Benton County,Recombinant,86336.26968792001,502178,0.17192364000000002,#FF0000
2024-02-20,Benton County,XBB,0.0,502178,0.0,#9FA8DA
2024-02-20,Benton County,XBB.1.16,0.0,502178,0.0,#4527A0
2024-02-20,Benton County,XBB.1.16.1,0.0,502178,0.0,#F89B9B
2024-02-20,Benton County,XBB.1.16.15,0.0,502178,0.0,#E3B5FA
2024-02-20,Benton County,XBB.1.16.6,0.0,502178,0.0,#5AA350
2024-02-20,Benton County,XBB.1.42.1,0.0,502178,0.0,#75D1A3
2024-02-20,Benton County,XBB.1.5,0.0,502178,0.0,#3F51B5
2024-02-20,Benton County,XBB.1.5.70,0.0,502178,0.0,#46783C
2024-02-20,Benton County,XBB.1.5.72,0.0,502178,0.0,#254220
2024-02-20,Benton County,XBB.1.9.1,0.0,502178,0.0,#304FFE
2024-02-20,Benton County,XBB.1.9.2,0.0,502178,0.0,#536DFE
2024-02-20,Benton County,XBB.2.3,0.0,502178,0.0,#F7BCDF
2024-02-20,Benton County,XDP,0.0,502178,0.0,#B60052
2024-02-20,Benton County,XDV.1,0.0,502178,0.0,#D367B6
2024-02-20,Benton County,unreportable,9498.064125719999,502178,0.01891374,#eeeeee
2024-02-20,Chelan County,BA.2,0.0,923896,0.0,#9CCD67
2024-02-20,Chelan County,BA.2.12.1,0.0,923896,0.0,#7CB342
2024-02-20,Chelan County,BA.2.86,0.0,923896,0.0,#D770EE
2024-02-20,Chelan County,EG.5,0.0,923896,0.0,#FFBE7D
2024-02-20,Chelan County,EG.5.1.8,0.0,923896,0.0,#E14D6F
2024-02-20,Chelan County,EG.6.1,0.0,923896,0.0,#B9ABA8
2024-02-20,Chelan County,FE.1.1,0.0,923896,0.0,#499894
2024-02-20,Chelan County,FL.1.5.1,0.0,923896,0.0,#8CD17D
2024-02-20,Chelan County,GE.1,0.0,923896,0.0,#FABFD2
2024-02-20,Chelan County,GK.1.1,0.0,923896,0.0,#90FAE5
2024-02-20,Chelan County,HF.1,0.0,923896,0.0,#D399AD
2024-02-20,Chelan County,HK.3,0.0,923896,0.0,#859DBC
2024-02-20,Chelan County,HV.1,993.99847832,923896,0.001075877023301324,#797765
2024-02-20,Chelan County,JD.1.1,0.0,923896,0.0,#80F192
2024-02-20,Chelan County,JF.1,0.0,923896,0.0,#FFF1A9
2024-02-20,Chelan County,JG.3,0.0,923896,0.0,#66A172
2024-02-20,Chelan County,JN.1,767608.1733744399,923896,0.8308382906457437,#61018F
2024-02-20,Chelan County,JN.1.11.1,2306.71208072,923896,0.002496722662204404,#5C9CF1
2024-02-20,Chelan County,JN.1.13,0.0,923896,0.0,#E83C78
2024-02-20,Chelan County,JN.1.13.1,0.0,923896,0.0,#F2591C
2024-02-20,Chelan County,JN.1.16,7452.7328684,923896,0.008066636145626782,#BC3A88
2024-02-20,Chelan County,JN.1.16.1,0.0,923896,0.0,#366298
2024-02-20,Chelan County,JN.1.18,0.0,923896,0.0,#4AF32F
2024-02-20,Chelan County,JN.1.32,0.0,923896,0.0,#2E7919
2024-02-20,Chelan County,JN.1.4.3,67802.765661,923896,0.07338787662355936,#9D1010
2024-02-20,Chelan County,JN.1.7,24332.3893404,923896,0.026336719003437616,#CF15E8
2024-02-20,Chelan County,JN.1.8.1,7842.5660268,923896,0.008488580994830587,#FFB027
2024-02-20,Chelan County,KP.1.1,0.0,923896,0.0,#CBFF86
2024-02-20,Chelan County,KP.1.1.3,0.0,923896,0.0,#1EB3B6
2024-02-20,Chelan County,KP.1.2,0.0,923896,0.0,#D7B5A6
2024-02-20,Chelan County,KP.2,0.0,923896,0.0,#5875A1
2024-02-20,Chelan County,KP.2.15,0.0,923896,0.0,#175DFF
2024-02-20,Chelan County,KP.2.3,0.0,923896,0.0,#628DE8
2024-02-20,Chelan County,KP.3,0.0,923896,0.0,#B06589
2024-02-20,Chelan County,KP.3.1.1,0.0,923896,0.0,#2F92A1
2024-02-20,Chelan County,KP.4.1,0.0,923896,0.0,#FF473A
2024-02-20,Chelan County,KQ.1,0.0,923896,0.0,#E86CDE
2024-02-20,Chelan County,KV.2,0.0,923896,0.0,#E14365
2024-02-20,Chelan County,KW.1.1,0.0,923896,0.0,#34A0FF
2024-02-20,Chelan County,LB.1,0.0,923896,0.0,#795653
2024-02-20,Chelan County,Recombinant,37104.18426912,923896,0.0401605638179189,#FF0000
2024-02-20,Chelan County,XBB,0.0,923896,0.0,#9FA8DA
2024-02-20,Chelan County,XBB.1.16,0.0,923896,0.0,#4527A0
2024-02-20,Chelan County,XBB.1.16.1,0.0,923896,0.0,#F89B9B
2024-02-20,Chelan County,XBB.1.16.15,0.0,923896,0.0,#E3B5FA
2024-02-20,Chelan County,XBB.1.16.6,0.0,923896,0.0,#5AA350
2024-02-20,Chelan County,XBB.1.42.1,0.0,923896,0.0,#75D1A3
2024-02-20,Chelan County,XBB.1.5,0.0,923896,0.0,#3F51B5
2024-02-20,Chelan County,XBB.1.5.70,0.0,923896,0.0,#46783C
2024-02-20,Chelan County,XBB.1.5.72,0.0,923896,0.0,#254220
2024-02-20,Chelan County,XBB.1.9.1,0.0,923896,0.0,#304FFE
2024-02-20,Chelan County,XBB.1.9.2,0.0,923896,0.0,#536DFE
2024-02-20,Chelan County,XBB.2.3,0.0,923896,0.0,#F7BCDF
2024-02-20,Chelan County,XDP,3322.1282769599998,923896,0.0035957816431286638,#B60052
2024-02-20,Chelan County,XDV.1,0.0,923896,0.0,#D367B6
2024-02-20,Chelan County,unreportable,5130.35590448,923896,0.005552958238243266,#eeeeee
2024-02-20,Franklin County,BA.2,0.0,1215063,0.0,#9CCD67
2024-02-20,Franklin County,BA.2.12.1,0.0,1215063,0.0,#7CB342
2024-02-20,Franklin County,BA.2.86,0.0,1215063,0.0,#D770EE
2024-02-20,Franklin County,EG.5,0.0,1215063,0.0,#FFBE7D
2024-02-20,Franklin County,EG.5.1.8,0.0,1215063,0.0,#E14D6F
2024-02-20,Franklin County,EG.6.1,0.0,1215063,0.0,#B9ABA8
2024-02-20,Franklin County,FE.1.1,0.0,1215063,0.0,#499894
2024-02-20,Franklin County,FL.1.5.1,0.0,1215063,0.0,#8CD17D
2024-02-20,Franklin County,GE.1,0.0,1215063,0.0,#FABFD2
2024-02-20,Franklin County,GK.1.1,0.0,1215063,0.0,#90FAE5
2024-02-20,Franklin County,HF.1,0.0,1215063,0.0,#D399AD
2024-02-20,Franklin County,HK.3,0.0,1215063,0.0,#859DBC
2024-02-20,Franklin County,HV.1,0.0,1215063,0.0,#797765
2024-02-20,Franklin County,JD.1.1,0.0,1215063,0.0,#80F192
2024-02-20,Franklin County,JF.1,0.0,1215063,0.0,#FFF1A9
2024-02-20,Franklin County,JG.3,0.0,1215063,0.0,#66A172
2024-02-20,Franklin County,JN.1,141881.00600697,1215063,0.11676843588107778,#61018F
2024-02-20,Franklin County,JN.1.11.1,2431.9118472,1215063,0.002001469756876804,#5C9CF1
2024-02-20,Franklin County,JN.1.13,0.0,1215063,0.0,#E83C78
2024-02-20,Franklin County,JN.1.13.1,0.0,1215063,0.0,#F2591C
2024-02-20,Franklin County,JN.1.16,21437.0158596,1215063,0.0176427196446604,#BC3A88
2024-02-20,Franklin County,JN.1.16.1,0.0,1215063,0.0,#366298
2024-02-20,Franklin County,JN.1.18,298955.84726039995,1215063,0.24604143757187896,#4AF32F
2024-02-20,Franklin County,JN.1.32,0.0,1215063,0.0,#2E7919
2024-02-20,Franklin County,JN.1.4.3,60306.254745000006,1215063,0.04963220404620995,#9D1010
2024-02-20,Franklin County,JN.1.7,440653.51069929,1215063,0.3626589820439681,#CF15E8
2024-02-20,Franklin County,JN.1.8.1,239726.64292169997,1215063,0.19729564880314845,#FFB027
2024-02-20,Franklin County,KP.1.1,0.0,1215063,0.0,#CBFF86
2024-02-20,Franklin County,KP.1.1.3,0.0,1215063,0.0,#1EB3B6
2024-02-20,Franklin County,KP.1.2,0.0,1215063,0.0,#D7B5A6
2024-02-20,Franklin County,KP.2,0.0,1215063,0.0,#5875A1
2024-02-20,Franklin County,KP.2.15,0.0,1215063,0.0,#175DFF
2024-02-20,Franklin County,KP.2.3,0.0,1215063,0.0,#628DE8
2024-02-20,Franklin County,KP.3,0.0,1215063,0.0,#B06589
2024-02-20,Franklin County,KP.3.1.1,0.0,1215063,0.0,#2F92A1
2024-02-20,Franklin County,KP.4.1,0.0,1215063,0.0,#FF473A
2024-02-20,Franklin County,KQ.1,0.0,1215063,0.0,#E86CDE
2024-02-20,Franklin County,KV.2,0.0,1215063,0.0,#E14365
2024-02-20,Franklin County,KW.1.1,0.0,1215063,0.0,#34A0FF
2024-02-20,Franklin County,LB.1,0.0,1215063,0.0,#795653
2024-02-20,Franklin County,Recombinant,0.0,1215063,0.0,#FF0000
2024-02-20,Franklin County,XBB,0.0,1215063,0.0,#9FA8DA
2024-02-20,Franklin County,XBB.1.16,0.0,1215063,0.0,#4527A0
2024-02-20,Franklin County,XBB.1.16.1,0.0,1215063,0.0,#F89B9B
2024-02-20,Franklin County,XBB.1.16.15,0.0,1215063,0.0,#E3B5FA
2024-02-20,Franklin County,XBB.1.16.6,0.0,1215063,0.0,#5AA350
2024-02-20,Franklin County,XBB.1.42.1,0.0,1215063,0.0,#75D1A3
2024-02-20,Franklin County,XBB.1.5,0.0,1215063,0.0,#3F51B5
2024-02-20,Franklin County,XBB.1.5.70,0.0,1215063,0.0,#46783C
2024-02-20,Franklin County,XBB.1.5.72,0.0,1215063,0.0,#254220
2024-02-20,Franklin County,XBB.1.9.1,0.0,1215063,0.0,#304FFE
2024-02-20,Franklin County,XBB.1.9.2,0.0,1215063,0.0,#536DFE
2024-02-20,Franklin County,XBB.2.3,0.0,1215063,0.0,#F7BCDF
2024-02-20,Franklin County,XDP,0.0,1215063,0.0,#B60052
2024-02-20,Franklin County,XDV.1,0.0,1215063,0.0,#D367B6
2024-02-20,Franklin County,unreportable,9670.80328764,1215063,0.007959096184839799,#eeeeee
2024-02-20,Island County,BA.2,0.0,1778632,0.0,#9CCD67
2024-02-20,Island County,BA.2.12.1,0.0,1778632,0.0,#7CB342
2024-02-20,Island County,BA.2.86,352.23661264000003,1778632,0.00019803793738108841,#D770EE
2024-02-20,Island County,EG.5,0.0,1778632,0.0,#FFBE7D
2024-02-20,Island County,EG.5.1.8,0.0,1778632,0.0,#E14D6F
2024-02-20,Island County,EG.6.1,0.0,1778632,0.0,#B9ABA8
2024-02-20,Island County,FE.1.1,0.0,1778632,0.0,#499894
2024-02-20,Island County,FL.1.5.1,0.0,1778632,0.0,#8CD17D
2024-02-20,Island County,GE.1,0.0,1778632,0.0,#FABFD2
2024-02-20,Island County,GK.1.1,0.0,1778632,0.0,#90FAE5
2024-02-20,Island County,HF.1,0.0,1778632,0.0,#D399AD
2024-02-20,Island County,HK.3,0.0,1778632,0.0,#859DBC
2024-02-20,Island County,HV.1,0.0,1778632,0.0,#797765
2024-02-20,Island County,JD.1.1,0.0,1778632,0.0,#80F192
2024-02-20,Island County,JF.1,0.0,1778632,0.0,#FFF1A9
2024-02-20,Island County,JG.3,0.0,1778632,0.0,#66A172
2024-02-20,Island County,JN.1,1495293.8371583,1778632,0.8406988276148748,#61018F
2024-02-20,Island County,JN.1.11.1,4127.63621556,1778632,0.0023206802843758574,#5C9CF1
2024-02-20,Island County,JN.1.13,0.0,1778632,0.0,#E83C78
2024-02-20,Island County,JN.1.13.1,0.0,1778632,0.0,#F2591C
2024-02-20,Island County,JN.1.16,788.3861261,1778632,0.00044325421228224833,#BC3A88
2024-02-20,Island County,JN.1.16.1,0.0,1778632,0.0,#366298
2024-02-20,Island County,JN.1.18,64269.061305220006,1778632,0.03613398460458375,#4AF32F
2024-02-20,Island County,JN.1.32,0.0,1778632,0.0,#2E7919
2024-02-20,Island County,JN.1.4.3,32153.308424439998,1778632,0.018077549726104106,#9D1010
2024-02-20,Island County,JN.1.7,140236.85109100002,1778632,0.0788453435511112,#CF15E8
2024-02-20,Island County,JN.1.8.1,23773.564915590003,1778632,0.013366207802170434,#FFB027
2024-02-20,Island County,KP.1.1,0.0,1778632,0.0,#CBFF86
2024-02-20,Island County,KP.1.1.3,0.0,1778632,0.0,#1EB3B6
2024-02-20,Island County,KP.1.2,0.0,1778632,0.0,#D7B5A6
2024-02-20,Island County,KP.2,0.0,1778632,0.0,#5875A1
2024-02-20,Island County,KP.2.15,0.0,1778632,0.0,#175DFF
2024-02-20,Island County,KP.2.3,0.0,1778632,0.0,#628DE8
2024-02-20,Island County,KP.3,0.0,1778632,0.0,#B06589
2024-02-20,Island County,KP.3.1.1,0.0,1778632,0.0,#2F92A1
2024-02-20,Island County,KP.4.1,0.0,1778632,0.0,#FF473A
2024-02-20,Island County,KQ.1,0.0,1778632,0.0,#E86CDE
2024-02-20,Island County,KV.2,0.0,1778632,0.0,#E14365
2024-02-20,Island County,KW.1.1,0.0,1778632,0.0,#34A0FF
2024-02-20,Island County,LB.1,0.0,1778632,0.0,#795653
2024-02-20,Island County,Recombinant,0.0,1778632,0.0,#FF0000
2024-02-20,Island County,XBB,0.0,1778632,0.0,#9FA8DA
2024-02-20,Island County,XBB.1.16,0.0,1778632,0.0,#4527A0
2024-02-20,Island County,XBB.1.16.1,0.0,1778632,0.0,#F89B9B
2024-02-20,Island County,XBB.1.16.15,0.0,1778632,0.0,#E3B5FA
2024-02-20,Island County,XBB.1.16.6,0.0,1778632,0.0,#5AA350
2024-02-20,Island County,XBB.1.42.1,0.0,1778632,0.0,#75D1A3
2024-02-20,Island County,XBB.1.5,0.0,1778632,0.0,#3F51B5
2024-02-20,Island County,XBB.1.5.70,0.0,1778632,0.0,#46783C
2024-02-20,Island County,XBB.1.5.72,0.0,1778632,0.0,#254220
2024-02-20,Island County,XBB.1.9.1,0.0,1778632,0.0,#304FFE
2024-02-20,Island County,XBB.1.9.2,0.0,1778632,0.0,#536DFE
2024-02-20,Island County,XBB.2.3,0.0,1778632,0.0,#F7BCDF
2024-02-20,Island County,XDP,1141.57696665,1778632,0.0006418286450766657,#B60052
2024-02-20,Island County,XDV.1,0.0,1778632,0.0,#D367B6
2024-02-20,Island County,unreportable,16495.549380950004,1778632,0.009274290230328705,#eeeeee
2024-02-20,Jefferson County,BA.2,0.0,162770,0.0,#9CCD67
2024-02-20,Jefferson County,BA.2.12.1,0.0,162770,0.0,#7CB342
2024-02-20,Jefferson County,BA.2.86,0.0,162770,0.0,#D770EE
2024-02-20,Jefferson County,EG.5,0.0,162770,0.0,#FFBE7D
2024-02-20,Jefferson County,EG.5.1.8,0.0,162770,0.0,#E14D6F
2024-02-20,Jefferson County,EG.6.1,0.0,162770,0.0,#B9ABA8
2024-02-20,Jefferson County,FE.1.1,0.0,162770,0.0,#499894
2024-02-20,Jefferson County,FL.1.5.1,0.0,162770,0.0,#8CD17D
2024-02-20,Jefferson County,GE.1,0.0,162770,0.0,#FABFD2
2024-02-20,Jefferson County,GK.1.1,0.0,162770,0.0,#90FAE5
2024-02-20,Jefferson County,HF.1,0.0,162770,0.0,#D399AD
2024-02-20,Jefferson County,HK.3,0.0,162770,0.0,#859DBC
2024-02-20,Jefferson County,HV.1,0.0,162770,0.0,#797765
2024-02-20,Jefferson County,JD.1.1,0.0,162770,0.0,#80F192
2024-02-20,Jefferson County,JF.1,0.0,162770,0.0,#FFF1A9
2024-02-20,Jefferson County,JG.3,0.0,162770,0.0,#66A172
2024-02-20,Jefferson County,JN.1,124646.46147289999,162770,0.76578277,#61018F
2024-02-20,Jefferson County,JN.1.11.1,185.3478267,162770,0.00113871,#5C9CF1
2024-02-20,Jefferson County,JN.1.13,0.0,162770,0.0,#E83C78
2024-02-20,Jefferson County,JN.1.13.1,0.0,162770,0.0,#F2591C
2024-02-20,Jefferson County,JN.1.16,0.0,162770,0.0,#BC3A88
2024-02-20,Jefferson County,JN.1.16.1,0.0,162770,0.0,#366298
2024-02-20,Jefferson County,JN.1.18,35824.6255058,162770,0.22009354,#4AF32F
2024-02-20,Jefferson County,JN.1.32,0.0,162770,0.0,#2E7919
2024-02-20,Jefferson County,JN.1.4.3,0.0,162770,0.0,#9D1010
2024-02-20,Jefferson County,JN.1.7,0.0,162770,0.0,#CF15E8
2024-02-20,Jefferson County,JN.1.8.1,273.7482137,162770,0.00168181,#FFB027
2024-02-20,Jefferson County,KP.1.1,0.0,162770,0.0,#CBFF86
2024-02-20,Jefferson County,KP.1.1.3,0.0,162770,0.0,#1EB3B6
2024-02-20,Jefferson County,KP.1.2,0.0,162770,0.0,#D7B5A6
2024-02-20,Jefferson County,KP.2,0.0,162770,0.0,#5875A1
2024-02-20,Jefferson County,KP.2.15,0.0,162770,0.0,#175DFF
2024-02-20,Jefferson County,KP.2.3,0.0,162770,0.0,#628DE8
2024-02-20,Jefferson County,KP.3,0.0,162770,0.0,#B06589
2024-02-20,Jefferson County,KP.3.1.1,0.0,162770,0.0,#2F92A1
2024-02-20,Jefferson County,KP.4.1,0.0,162770,0.0,#FF473A
2024-02-20,Jefferson County,KQ.1,0.0,162770,0.0,#E86CDE
2024-02-20,Jefferson County,KV.2,0.0,162770,0.0,#E14365
2024-02-20,Jefferson County,KW.1.1,0.0,162770,0.0,#34A0FF
2024-02-20,Jefferson County,LB.1,0.0,162770,0.0,#795653
2024-02-20,Jefferson County,Recombinant,0.0,162770,0.0,#FF0000
2024-02-20,Jefferson County,XBB,0.0,162770,0.0,#9FA8DA
2024-02-20,Jefferson County,XBB.1.16,0.0,162770,0.0,#4527A0
2024-02-20,Jefferson County,XBB.1.16.1,0.0,162770,0.0,#F89B9B
2024-02-20,Jefferson County,XBB.1.16.15,0.0,162770,0.0,#E3B5FA
2024-02-20,Jefferson County,XBB.1.16.6,0.0,162770,0.0,#5AA350
2024-02-20,Jefferson County,XBB.1.42.1,0.0,162770,0.0,#75D1A3
2024-02-20,Jefferson County,XBB.1.5,0.0,162770,0.0,#3F51B5
2024-02-20,Jefferson County,XBB.1.5.70,0.0,162770,0.0,#46783C
2024-02-20,Jefferson County,XBB.1.5.72,0.0,162770,0.0,#254220
2024-02-20,Jefferson County,XBB.1.9.1,0.0,162770,0.0,#304FFE
2024-02-20,Jefferson County,XBB.1.9.2,0.0,162770,0.0,#536DFE
2024-02-20,Jefferson County,XBB.2.3,0.0,162770,0.0,#F7BCDF
2024-02-20,Jefferson County,XDP,0.0,162770,0.0,#B60052
2024-02-20,Jefferson County,XDV.1,0.0,162770,0.0,#D367B6
2024-02-20,Jefferson County,unreportable,1839.8186085999998,162770,0.01130318,#eeeeee
2024-02-20,King County,BA.2,0.0,973611,0.0,#9CCD67
2024-02-20,King County,BA.2.12.1,0.0,973611,0.0,#7CB342
2024-02-20,King County,BA.2.86,4586.91508764,973611,0.00471124,#D770EE
2024-02-20,King County,EG.5,0.0,973611,0.0,#FFBE7D
2024-02-20,King County,EG.5.1.8,0.0,973611,0.0,#E14D6F
2024-02-20,King County,EG.6.1,0.0,973611,0.0,#B9ABA8
2024-02-20,King County,FE.1.1,0.0,973611,0.0,#499894
2024-02-20,King County,FL.1.5.1,0.0,973611,0.0,#8CD17D
2024-02-20,King County,GE.1,0.0,973611,0.0,#FABFD2
2024-02-20,King County,GK.1.1,0.0,973611,0.0,#90FAE5
2024-02-20,King County,HF.1,0.0,973611,0.0,#D399AD
2024-02-20,King County,HK.3,0.0,973611,0.0,#859DBC
2024-02-20,King County,HV.1,0.0,973611,0.0,#797765
2024-02-20,King County,JD.1.1,0.0,973611,0.0,#80F192
2024-02-20,King County,JF.1,0.0,973611,0.0,#FFF1A9
2024-02-20,King County,JG.3,0.0,973611,0.0,#66A172
2024-02-20,King County,JN.1,917336.25499167,973611,0.94219997,#61018F
2024-02-20,King County,JN.1.11.1,14492.28735999,973611,0.01488509,#5C9CF1
2024-02-20,King County,JN.1.13,0.0,973611,0.0,#E83C78
2024-02-20,King County,JN.1.13.1,0.0,973611,0.0,#F2591C
2024-02-20,King County,JN.1.16,4965.7958082899995,973611,0.00510039,#BC3A88
2024-02-20,King County,JN.1.16.1,0.0,973611,0.0,#366298
2024-02-20,King County,JN.1.18,23022.37567818,973611,0.02364638,#4AF32F
2024-02-20,King County,JN.1.32,0.0,973611,0.0,#2E7919
2024-02-20,King County,JN.1.4.3,0.0,973611,0.0,#9D1010
2024-02-20,King County,JN.1.7,0.0,973611,0.0,#CF15E8
2024-02-20,King County,JN.1.8.1,1198.5930298800001,973611,0.00123108,#FFB027
2024-02-20,King County,KP.1.1,0.0,973611,0.0,#CBFF86
2024-02-20,King County,KP.1.1.3,0.0,973611,0.0,#1EB3B6
2024-02-20,King County,KP.1.2,0.0,973611,0.0,#D7B5A6
2024-02-20,King County,KP.2,0.0,973611,0.0,#5875A1
2024-02-20,King County,KP.2.15,0.0,973611,0.0,#175DFF
2024-02-20,King County,KP.2.3,0.0,973611,0.0,#628DE8
2024-02-20,King County,KP.3,0.0,973611,0.0,#B06589
2024-02-20,King County,KP.3.1.1,0.0,973611,0.0,#2F92A1
2024-02-20,King County,KP.4.1,0.0,973611,0.0,#FF473A
2024-02-20,King County,KQ.1,0.0,973611,0.0,#E86CDE
2024-02-20,King County,KV.2,0.0,973611,0.0,#E14365
2024-02-20,King County,KW.1.1,0.0,973611,0.0,#34A0FF
2024-02-20,King County,LB.1,0.0,973611,0.0,#795653
2024-02-20,King County,Recombinant,0.0,973611,0.0,#FF0000
2024-02-20,King County,XBB,0.0,973611,0.0,#9FA8DA
2024-02-20,King County,XBB.1.16,0.0,973611,0.0,#4527A0
2024-02-20,King County,XBB.1.16.1,0.0,973611,0.0,#F89B9B
2024-02-20,King County,XBB.1.16.15,0.0,973611,0.0,#E3B5FA
2024-02-20,King County,XBB.1.16.6,0.0,973611,0.0,#5AA350
2024-02-20,King County,XBB.1.42.1,0.0,973611,0.0,#75D1A3
2024-02-20,King County,XBB.1.5,0.0,973611,0.0,#3F51B5
2024-02-20,King County,XBB.1.5.70,0.0,973611,0.0,#46783C
2024-02-20,King County,XBB.1.5.72,0.0,973611,0.0,#254220
2024-02-20,King County,XBB.1.9.1,0.0,973611,0.0,#304FFE
2024-02-20,King County,XBB.1.9.2,0.0,973611,0.0,#536DFE
2024-02-20,King County,XBB.2.3,0.0,973611,0.0,#F7BCDF
2024-02-20,King County,XDP,0.0,973611,0.0,#B60052
2024-02-20,King County,XDV.1,0.0,973611,0.0,#D367B6
2024-02-20,King County,unreportable,8008.77804435,973611,0.00822585,#eeeeee
2024-02-20,Kittitas County,BA.2,0.0,143520,0.0,#9CCD67
2024-02-20,Kittitas County,BA.2.12.1,0.0,143520,0.0,#7CB342
2024-02-20,Kittitas County,BA.2.86,0.0,143520,0.0,#D770EE
2024-02-20,Kittitas County,EG.5,0.0,143520,0.0,#FFBE7D
2024-02-20,Kittitas County,EG.5.1.8,0.0,143520,0.0,#E14D6F
2024-02-20,Kittitas County,EG.6.1,0.0,143520,0.0,#B9ABA8
2024-02-20,Kittitas County,FE.1.1,0.0,143520,0.0,#499894
2024-02-20,Kittitas County,FL.1.5.1,0.0,143520,0.0,#8CD17D
2024-02-20,Kittitas County,GE.1,0.0,143520,0.0,#FABFD2
2024-02-20,Kittitas County,GK.1.1,0.0,143520,0.0,#90FAE5
2024-02-20,Kittitas County,HF.1,0.0,143520,0.0,#D399AD
2024-02-20,Kittitas County,HK.3,0.0,143520,0.0,#859DBC
2024-02-20,Kittitas County,HV.1,0.0,143520,0.0,#797765
2024-02-20,Kittitas County,JD.1.1,0.0,143520,0.0,#80F192
2024-02-20,Kittitas County,JF.1,0.0,143520,0.0,#FFF1A9
2024-02-20,Kittitas County,JG.3,0.0,143520,0.0,#66A172
2024-02-20,Kittitas County,JN.1,84094.79769600001,143520,0.5859448,#61018F
2024-02-20,Kittitas County,JN.1.11.1,306.94909440000004,143520,0.00213872,#5C9CF1
2024-02-20,Kittitas County,JN.1.13,0.0,143520,0.0,#E83C78
2024-02-20,Kittitas County,JN.1.13.1,0.0,143520,0.0,#F2591C
2024-02-20,Kittitas County,JN.1.16,0.0,143520,0.0,#BC3A88
2024-02-20,Kittitas County,JN.1.16.1,0.0,143520,0.0,#366298
2024-02-20,Kittitas County,JN.1.18,0.0,143520,0.0,#4AF32F
2024-02-20,Kittitas County,JN.1.32,0.0,143520,0.0,#2E7919
2024-02-20,Kittitas County,JN.1.4.3,0.0,143520,0.0,#9D1010
2024-02-20,Kittitas County,JN.1.7,17416.6485792,143520,0.12135346,#CF15E8
2024-02-20,Kittitas County,JN.1.8.1,40461.192844799996,143520,0.28192024,#FFB027
2024-02-20,Kittitas County,KP.1.1,0.0,143520,0.0,#CBFF86
2024-02-20,Kittitas County,KP.1.1.3,0.0,143520,0.0,#1EB3B6
2024-02-20,Kittitas County,KP.1.2,0.0,143520,0.0,#D7B5A6
2024-02-20,Kittitas County,KP.2,0.0,143520,0.0,#5875A1
2024-02-20,Kittitas County,KP.2.15,0.0,143520,0.0,#175DFF
2024-02-20,Kittitas County,KP.2.3,0.0,143520,0.0,#628DE8
2024-02-20,Kittitas County,KP.3,0.0,143520,0.0,#B06589
2024-02-20,Kittitas County,KP.3.1.1,0.0,143520,0.0,#2F92A1
2024-02-20,Kittitas County,KP.4.1,0.0,143520,0.0,#FF473A
2024-02-20,Kittitas County,KQ.1,0.0,143520,0.0,#E86CDE
2024-02-20,Kittitas County,KV.2,0.0,143520,0.0,#E14365
2024-02-20,Kittitas County,KW.1.1,0.0,143520,0.0,#34A0FF
2024-02-20,Kittitas County,LB.1,0.0,143520,0.0,#795653
2024-02-20,Kittitas County,Recombinant,0.0,143520,0.0,#FF0000
2024-02-20,Kittitas County,XBB,0.0,143520,0.0,#9FA8DA
2024-02-20,Kittitas County,XBB.1.16,0.0,143520,0.0,#4527A0
2024-02-20,Kittitas County,XBB.1.16.1,0.0,143520,0.0,#F89B9B
2024-02-20,Kittitas County,XBB.1.16.15,0.0,143520,0.0,#E3B5FA
2024-02-20,Kittitas County,XBB.1.16.6,0.0,143520,0.0,#5AA350
2024-02-20,Kittitas County,XBB.1.42.1,0.0,143520,0.0,#75D1A3
2024-02-20,Kittitas County,XBB.1.5,0.0,143520,0.0,#3F51B5
2024-02-20,Kittitas County,XBB.1.5.70,0.0,143520,0.0,#46783C
2024-02-20,Kittitas County,XBB.1.5.72,0.0,143520,0.0,#254220
2024-02-20,Kittitas County,XBB.1.9.1,0.0,143520,0.0,#304FFE
2024-02-20,Kittitas County,XBB.1.9.2,0.0,143520,0.0,#536DFE
2024-02-20,Kittitas County,XBB.2.3,0.0,143520,0.0,#F7BCDF
2024-02-20,Kittitas County,XDP,0.0,143520,0.0,#B60052
2024-02-20,Kittitas County,XDV.1,0.0,143520,0.0,#D367B6
2024-02-20,Kittitas County,unreportable,1240.4132207999999,143520,0.00864279,#eeeeee
2024-02-20,Okanogan County,BA.2,0.0,927810,0.0,#9CCD67
2024-02-20,Okanogan County,BA.2.12.1,0.0,927810,0.0,#7CB342
2024-02-20,Okanogan County,BA.2.86,0.0,927810,0.0,#D770EE
2024-02-20,Okanogan County,EG.5,0.0,927810,0.0,#FFBE7D
2024-02-20,Okanogan County,EG.5.1.8,0.0,927810,0.0,#E14D6F
2024-02-20,Okanogan County,EG.6.1,0.0,927810,0.0,#B9ABA8
2024-02-20,Okanogan County,FE.1.1,0.0,927810,0.0,#499894
2024-02-20,Okanogan County,FL.1.5.1,0.0,927810,0.0,#8CD17D
2024-02-20,Okanogan County,GE.1,0.0,927810,0.0,#FABFD2
2024-02-20,Okanogan County,GK.1.1,0.0,927810,0.0,#90FAE5
2024-02-20,Okanogan County,HF.1,0.0,927810,0.0,#D399AD
2024-02-20,Okanogan County,HK.3,0.0,927810,0.0,#859DBC
2024-02-20,Okanogan County,HV.1,0.0,927810,0.0,#797765
2024-02-20,Okanogan County,JD.1.1,0.0,927810,0.0,#80F192
2024-02-20,Okanogan County,JF.1,0.0,927810,0.0,#FFF1A9
2024-02-20,Okanogan County,JG.3,0.0,927810,0.0,#66A172
2024-02-20,Okanogan County,JN.1,318801.5096526,927810,0.34360646,#61018F
2024-02-20,Okanogan County,JN.1.11.1,1100.4290505,927810,0.00118605,#5C9CF1
2024-02-20,Okanogan County,JN.1.13,0.0,927810,0.0,#E83C78
2024-02-20,Okanogan County,JN.1.13.1,0.0,927810,0.0,#F2591C
2024-02-20,Okanogan County,JN.1.16,0.0,927810,0.0,#BC3A88
2024-02-20,Okanogan County,JN.1.16.1,0.0,927810,0.0,#366298
2024-02-20,Okanogan County,JN.1.18,0.0,927810,0.0,#4AF32F
2024-02-20,Okanogan County,JN.1.32,0.0,927810,0.0,#2E7919
2024-02-20,Okanogan County,JN.1.4.3,306044.8551225,927810,0.32985725,#9D1010
2024-02-20,Okanogan County,JN.1.7,53310.570885,927810,0.0574585,#CF15E8
2024-02-20,Okanogan County,JN.1.8.1,1178.5599306000001,927810,0.00127026,#FFB027
2024-02-20,Okanogan County,KP.1.1,0.0,927810,0.0,#CBFF86
2024-02-20,Okanogan County,KP.1.1.3,0.0,927810,0.0,#1EB3B6
2024-02-20,Okanogan County,KP.1.2,0.0,927810,0.0,#D7B5A6
2024-02-20,Okanogan County,KP.2,0.0,927810,0.0,#5875A1
2024-02-20,Okanogan County,KP.2.15,0.0,927810,0.0,#175DFF
2024-02-20,Okanogan County,KP.2.3,0.0,927810,0.0,#628DE8
2024-02-20,Okanogan County,KP.3,0.0,927810,0.0,#B06589
2024-02-20,Okanogan County,KP.3.1.1,0.0,927810,0.0,#2F92A1
2024-02-20,Okanogan County,KP.4.1,0.0,927810,0.0,#FF473A
2024-02-20,Okanogan County,KQ.1,0.0,927810,0.0,#E86CDE
2024-02-20,Okanogan County,KV.2,0.0,927810,0.0,#E14365
2024-02-20,Okanogan County,KW.1.1,0.0,927810,0.0,#34A0FF
2024-02-20,Okanogan County,LB.1,0.0,927810,0.0,#795653
2024-02-20,Okanogan County,Recombinant,0.0,927810,0.0,#FF0000
2024-02-20,Okanogan County,XBB,0.0,927810,0.0,#9FA8DA
2024-02-20,Okanogan County,XBB.1.16,0.0,927810,0.0,#4527A0
2024-02-20,Okanogan County,XBB.1.16.1,0.0,927810,0.0,#F89B9B
2024-02-20,Okanogan County,XBB.1.16.15,0.0,927810,0.0,#E3B5FA
2024-02-20,Okanogan County,XBB.1.16.6,0.0,927810,0.0,#5AA350
2024-02-20,Okanogan County,XBB.1.42.1,0.0,927810,0.0,#75D1A3
2024-02-20,Okanogan County,XBB.1.5,0.0,927810,0.0,#3F51B5
2024-02-20,Okanogan County,XBB.1.5.70,0.0,927810,0.0,#46783C
2024-02-20,Okanogan County,XBB.1.5.72,0.0,927810,0.0,#254220
2024-02-20,Okanogan County,XBB.1.9.1,0.0,927810,0.0,#304FFE
2024-02-20,Okanogan County,XBB.1.9.2,0.0,927810,0.0,#536DFE
2024-02-20,Okanogan County,XBB.2.3,0.0,927810,0.0,#F7BCDF
2024-02-20,Okanogan County,XDP,239206.7773251,927810,0.25781871,#B60052
2024-02-20,Okanogan County,XDV.1,0.0,927810,0.0,#D367B6
2024-02-20,Okanogan County,unreportable,8167.307311799999,927810,0.00880278,#eeeeee
2024-02-20,Pierce County,BA.2,0.0,1013026,0.0,#9CCD67
2024-02-20,Pierce County,BA.2.12.1,0.0,1013026,0.0,#7CB342
2024-02-20,Pierce County,BA.2.86,0.0,1013026,0.0,#D770EE
2024-02-20,Pierce County,EG.5,0.0,1013026,0.0,#FFBE7D
2024-02-20,Pierce County,EG.5.1.8,0.0,1013026,0.0,#E14D6F
2024-02-20,Pierce County,EG.6.1,0.0,1013026,0.0,#B9ABA8
2024-02-20,Pierce County,FE.1.1,0.0,1013026,0.0,#499894
2024-02-20,Pierce County,FL.1.5.1,0.0,1013026,0.0,#8CD17D
2024-02-20,Pierce County,GE.1,0.0,1013026,0.0,#FABFD2
2024-02-20,Pierce County,GK.1.1,0.0,1013026,0.0,#90FAE5
2024-02-20,Pierce County,HF.1,0.0,1013026,0.0,#D399AD
2024-02-20,Pierce County,HK.3,0.0,1013026,0.0,#859DBC
2024-02-20,Pierce County,HV.1,0.0,1013026,0.0,#797765
2024-02-20,Pierce County,JD.1.1,0.0,1013026,0.0,#80F192
2024-02-20,Pierce County,JF.1,0.0,1013026,0.0,#FFF1A9
2024-02-20,Pierce County,JG.3,0.0,1013026,0.0,#66A172
2024-02-20,Pierce County,JN.1,72280.24697625,1013026,0.07135083105097993,#61018F
2024-02-20,Pierce County,JN.1.11.1,1600.26720643,1013026,0.0015796901623749045,#5C9CF1
2024-02-20,Pierce County,JN.1.13,0.0,1013026,0.0,#E83C78
2024-02-20,Pierce County,JN.1.13.1,0.0,1013026,0.0,#F2591C
2024-02-20,Pierce County,JN.1.16,0.0,1013026,0.0,#BC3A88
2024-02-20,Pierce County,JN.1.16.1,0.0,1013026,0.0,#366298
2024-02-20,Pierce County,JN.1.18,0.0,1013026,0.0,#4AF32F
2024-02-20,Pierce County,JN.1.32,0.0,1013026,0.0,#2E7919
2024-02-20,Pierce County,JN.1.4.3,624092.73484493,1013026,0.6160678352233111,#9D1010
2024-02-20,Pierce County,JN.1.7,0.0,1013026,0.0,#CF15E8
2024-02-20,Pierce County,JN.1.8.1,307549.23652427003,1013026,0.3035946130941062,#FFB027
2024-02-20,Pierce County,KP.1.1,0.0,1013026,0.0,#CBFF86
2024-02-20,Pierce County,KP.1.1.3,0.0,1013026,0.0,#1EB3B6
2024-02-20,Pierce County,KP.1.2,0.0,1013026,0.0,#D7B5A6
2024-02-20,Pierce County,KP.2,0.0,1013026,0.0,#5875A1
2024-02-20,Pierce County,KP.2.15,0.0,1013026,0.0,#175DFF
2024-02-20,Pierce County,KP.2.3,0.0,1013026,0.0,#628DE8
2024-02-20,Pierce County,KP.3,0.0,1013026,0.0,#B06589
2024-02-20,Pierce County,KP.3.1.1,0.0,1013026,0.0,#2F92A1
2024-02-20,Pierce County,KP.4.1,0.0,1013026,0.0,#FF473A
2024-02-20,Pierce County,KQ.1,0.0,1013026,0.0,#E86CDE
2024-02-20,Pierce County,KV.2,0.0,1013026,0.0,#E14365
2024-02-20,Pierce County,KW.1.1,0.0,1013026,0.0,#34A0FF
2024-02-20,Pierce County,LB.1,0.0,1013026,0.0,#795653
2024-02-20,Pierce County,Recombinant,0.0,1013026,0.0,#FF0000
2024-02-20,Pierce County,XBB,0.0,1013026,0.0,#9FA8DA
2024-02-20,Pierce County,XBB.1.16,0.0,1013026,0.0,#4527A0
2024-02-20,Pierce County,XBB.1.16.1,0.0,1013026,0.0,#F89B9B
2024-02-20,Pierce County,XBB.1.16.15,0.0,1013026,0.0,#E3B5FA
2024-02-20,Pierce County,XBB.1.16.6,0.0,1013026,0.0,#5AA350
2024-02-20,Pierce County,XBB.1.42.1,0.0,1013026,0.0,#75D1A3
2024-02-20,Pierce County,XBB.1.5,0.0,1013026,0.0,#3F51B5
2024-02-20,Pierce County,XBB.1.5.70,0.0,1013026,0.0,#46783C
2024-02-20,Pierce County,XBB.1.5.72,0.0,1013026,0.0,#254220
2024-02-20,Pierce County,XBB.1.9.1,0.0,1013026,0.0,#304FFE
2024-02-20,Pierce County,XBB.1.9.2,0.0,1013026,0.0,#536DFE
2024-02-20,Pierce County,XBB.2.3,0.0,1013026,0.0,#F7BCDF
2024-02-20,Pierce County,XDP,0.0,1013026,0.0,#B60052
2024-02-20,Pierce County,XDV.1,0.0,1013026,0.0,#D367B6
2024-02-20,Pierce County,unreportable,7503.5151405100005,1013026,0.007407031152714738,#eeeeee
2024-02-20,Spokane County,BA.2,0.0,713850,0.0,#9CCD67
2024-02-20,Spokane County,BA.2.12.1,0.0,713850,0.0,#7CB342
2024-02-20,Spokane County,BA.2.86,644.5565805,713850,0.00090293,#D770EE
2024-02-20,Spokane County,EG.5,0.0,713850,0.0,#FFBE7D
2024-02-20,Spokane County,EG.5.1.8,0.0,713850,0.0,#E14D6F
2024-02-20,Spokane County,EG.6.1,0.0,713850,0.0,#B9ABA8
2024-02-20,Spokane County,FE.1.1,0.0,713850,0.0,#499894
2024-02-20,Spokane County,FL.1.5.1,0.0,713850,0.0,#8CD17D
2024-02-20,Spokane County,GE.1,0.0,713850,0.0,#FABFD2
2024-02-20,Spokane County,GK.1.1,0.0,713850,0.0,#90FAE5
2024-02-20,Spokane County,HF.1,0.0,713850,0.0,#D399AD
2024-02-20,Spokane County,HK.3,0.0,713850,0.0,#859DBC
2024-02-20,Spokane County,HV.1,0.0,713850,0.0,#797765
2024-02-20,Spokane County,JD.1.1,0.0,713850,0.0,#80F192
2024-02-20,Spokane County,JF.1,0.0,713850,0.0,#FFF1A9
2024-02-20,Spokane County,JG.3,0.0,713850,0.0,#66A172
2024-02-20,Spokane County,JN.1,703839.0889545,713850,0.98597617,#61018F
2024-02-20,Spokane County,JN.1.11.1,1156.0443825,713850,0.00161945,#5C9CF1
2024-02-20,Spokane County,JN.1.13,0.0,713850,0.0,#E83C78
2024-02-20,Spokane County,JN.1.13.1,0.0,713850,0.0,#F2591C
2024-02-20,Spokane County,JN.1.16,0.0,713850,0.0,#BC3A88
2024-02-20,Spokane County,JN.1.16.1,0.0,713850,0.0,#366298
2024-02-20,Spokane County,JN.1.18,0.0,713850,0.0,#4AF32F
2024-02-20,Spokane County,JN.1.32,0.0,713850,0.0,#2E7919
2024-02-20,Spokane County,JN.1.4.3,0.0,713850,0.0,#9D1010
2024-02-20,Spokane County,JN.1.7,0.0,713850,0.0,#CF15E8
2024-02-20,Spokane County,JN.1.8.1,902.0137215,713850,0.00126359,#FFB027
2024-02-20,Spokane County,KP.1.1,0.0,713850,0.0,#CBFF86
2024-02-20,Spokane County,KP.1.1.3,0.0,713850,0.0,#1EB3B6
2024-02-20,Spokane County,KP.1.2,0.0,713850,0.0,#D7B5A6
2024-02-20,Spokane County,KP.2,0.0,713850,0.0,#5875A1
2024-02-20,Spokane County,KP.2.15,0.0,713850,0.0,#175DFF
2024-02-20,Spokane County,KP.2.3,0.0,713850,0.0,#628DE8
2024-02-20,Spokane County,KP.3,0.0,713850,0.0,#B06589
2024-02-20,Spokane County,KP.3.1.1,0.0,713850,0.0,#2F92A1
2024-02-20,Spokane County,KP.4.1,0.0,713850,0.0,#FF473A
2024-02-20,Spokane County,KQ.1,0.0,713850,0.0,#E86CDE
2024-02-20,Spokane County,KV.2,0.0,713850,0.0,#E14365
2024-02-20,Spokane County,KW.1.1,0.0,713850,0.0,#34A0FF
2024-02-20,Spokane County,LB.1,0.0,713850,0.0,#795653
2024-02-20,Spokane County,Recombinant,1354.1234805,713850,0.0018969299999999998,#FF0000
2024-02-20,Spokane County,XBB,0.0,713850,0.0,#9FA8DA
2024-02-20,Spokane County,XBB.1.16,0.0,713850,0.0,#4527A0
2024-02-20,Spokane County,XBB.1.16.1,0.0,713850,0.0,#F89B9B
2024-02-20,Spokane County,XBB.1.16.15,0.0,713850,0.0,#E3B5FA
2024-02-20,Spokane County,XBB.1.16.6,0.0,713850,0.0,#5AA350
2024-02-20,Spokane County,XBB.1.42.1,0.0,713850,0.0,#75D1A3
2024-02-20,Spokane County,XBB.1.5,0.0,713850,0.0,#3F51B5
2024-02-20,Spokane County,XBB.1.5.70,0.0,713850,0.0,#46783C
2024-02-20,Spokane County,XBB.1.5.72,0.0,713850,0.0,#254220
2024-02-20,Spokane County,XBB.1.9.1,0.0,713850,0.0,#304FFE
2024-02-20,Spokane County,XBB.1.9.2,0.0,713850,0.0,#536DFE
2024-02-20,Spokane County,XBB.2.3,0.0,713850,0.0,#F7BCDF
2024-02-20,Spokane County,XDP,0.0,713850,0.0,#B60052
2024-02-20,Spokane County,XDV.1,0.0,713850,0.0,#D367B6
2024-02-20,Spokane County,unreportable,5954.1728805,713850,0.00834093,#eeeeee
2024-02-20,Thurston County,BA.2,0.0,166384,0.0,#9CCD67
2024-02-20,Thurston County,BA.2.12.1,0.0,166384,0.0,#7CB342
2024-02-20,Thurston County,BA.2.86,2617.10538752,166384,0.015729309233580152,#D770EE
2024-02-20,Thurston County,EG.5,0.0,166384,0.0,#FFBE7D
2024-02-20,Thurston County,EG.5.1.8,0.0,166384,0.0,#E14D6F
2024-02-20,Thurston County,EG.6.1,0.0,166384,0.0,#B9ABA8
2024-02-20,Thurston County,FE.1.1,0.0,166384,0.0,#499894
2024-02-20,Thurston County,FL.1.5.1,0.0,166384,0.0,#8CD17D
2024-02-20,Thurston County,GE.1,0.0,166384,0.0,#FABFD2
2024-02-20,Thurston County,GK.1.1,0.0,166384,0.0,#90FAE5
2024-02-20,Thurston County,HF.1,0.0,166384,0.0,#D399AD
2024-02-20,Thurston County,HK.3,0.0,166384,0.0,#859DBC
2024-02-20,Thurston County,HV.1,0.0,166384,0.0,#797765
2024-02-20,Thurston County,JD.1.1,0.0,166384,0.0,#80F192
2024-02-20,Thurston County,JF.1,0.0,166384,0.0,#FFF1A9
2024-02-20,Thurston County,JG.3,0.0,166384,0.0,#66A172
2024-02-20,Thurston County,JN.1,136441.54634416,166384,0.8200400660169246,#61018F
2024-02-20,Thurston County,JN.1.11.1,320.68479360000003,166384,0.0019273775939994233,#5C9CF1
2024-02-20,Thurston County,JN.1.13,0.0,166384,0.0,#E83C78
2024-02-20,Thurston County,JN.1.13.1,0.0,166384,0.0,#F2591C
2024-02-20,Thurston County,JN.1.16,0.0,166384,0.0,#BC3A88
2024-02-20,Thurston County,JN.1.16.1,0.0,166384,0.0,#366298
2024-02-20,Thurston County,JN.1.18,0.0,166384,0.0,#4AF32F
2024-02-20,Thurston County,JN.1.32,0.0,166384,0.0,#2E7919
2024-02-20,Thurston County,JN.1.4.3,4388.3144568,166384,0.02637461809308587,#9D1010
2024-02-20,Thurston County,JN.1.7,8365.02545152,166384,0.05027541982113665,#CF15E8
2024-02-20,Thurston County,JN.1.8.1,9335.5185792,166384,0.056108271102990666,#FFB027
2024-02-20,Thurston County,KP.1.1,0.0,166384,0.0,#CBFF86
2024-02-20,Thurston County,KP.1.1.3,0.0,166384,0.0,#1EB3B6
2024-02-20,Thurston County,KP.1.2,0.0,166384,0.0,#D7B5A6
2024-02-20,Thurston County,KP.2,0.0,166384,0.0,#5875A1
2024-02-20,Thurston County,KP.2.15,0.0,166384,0.0,#175DFF
2024-02-20,Thurston County,KP.2.3,0.0,166384,0.0,#628DE8
2024-02-20,Thurston County,KP.3,0.0,166384,0.0,#B06589
2024-02-20,Thurston County,KP.3.1.1,0.0,166384,0.0,#2F92A1
2024-02-20,Thurston County,KP.4.1,0.0,166384,0.0,#FF473A
2024-02-20,Thurston County,KQ.1,0.0,166384,0.0,#E86CDE
2024-02-20,Thurston County,KV.2,0.0,166384,0.0,#E14365
2024-02-20,Thurston County,KW.1.1,0.0,166384,0.0,#34A0FF
2024-02-20,Thurston County,LB.1,0.0,166384,0.0,#795653
2024-02-20,Thurston County,Recombinant,0.0,166384,0.0,#FF0000
2024-02-20,Thurston County,XBB,0.0,166384,0.0,#9FA8DA
2024-02-20,Thurston County,XBB.1.16,0.0,166384,0.0,#4527A0
2024-02-20,Thurston County,XBB.1.16.1,0.0,166384,0.0,#F89B9B
2024-02-20,Thurston County,XBB.1.16.15,0.0,166384,0.0,#E3B5FA
2024-02-20,Thurston County,XBB.1.16.6,0.0,166384,0.0,#5AA350
2024-02-20,Thurston County,XBB.1.42.1,0.0,166384,0.0,#75D1A3
2024-02-20,Thurston County,XBB.1.5,0.0,166384,0.0,#3F51B5
2024-02-20,Thurston County,XBB.1.5.70,0.0,166384,0.0,#46783C
2024-02-20,Thurston County,XBB.1.5.72,0.0,166384,0.0,#254220
2024-02-20,Thurston County,XBB.1.9.1,0.0,166384,0.0,#304FFE
2024-02-20,Thurston County,XBB.1.9.2,0.0,166384,0.0,#536DFE
2024-02-20,Thurston County,XBB.2.3,0.0,166384,0.0,#F7BCDF
2024-02-20,Thurston County,XDP,2654.7195312,166384,0.01595537750745264,#B60052
2024-02-20,Thurston County,XDV.1,0.0,166384,0.0,#D367B6
2024-02-20,Thurston County,unreportable,2261.0864376,166384,0.013589566530435618,#eeeeee
2024-02-20,Walla Walla County,BA.2,0.0,551552,0.0,#9CCD67
2024-02-20,Walla Walla County,BA.2.12.1,0.0,551552,0.0,#7CB342
2024-02-20,Walla Walla County,BA.2.86,0.0,551552,0.0,#D770EE
2024-02-20,Walla Walla County,EG.5,0.0,551552,0.0,#FFBE7D
2024-02-20,Walla Walla County,EG.5.1.8,0.0,551552,0.0,#E14D6F
2024-02-20,Walla Walla County,EG.6.1,0.0,551552,0.0,#B9ABA8
2024-02-20,Walla Walla County,FE.1.1,0.0,551552,0.0,#499894
2024-02-20,Walla Walla County,FL.1.5.1,0.0,551552,0.0,#8CD17D
2024-02-20,Walla Walla County,GE.1,0.0,551552,0.0,#FABFD2
2024-02-20,Walla Walla County,GK.1.1,0.0,551552,0.0,#90FAE5
2024-02-20,Walla Walla County,HF.1,0.0,551552,0.0,#D399AD
2024-02-20,Walla Walla County,HK.3,0.0,551552,0.0,#859DBC
2024-02-20,Walla Walla County,HV.1,0.0,551552,0.0,#797765
2024-02-20,Walla Walla County,JD.1.1,0.0,551552,0.0,#80F192
2024-02-20,Walla Walla County,JF.1,0.0,551552,0.0,#FFF1A9
2024-02-20,Walla Walla County,JG.3,0.0,551552,0.0,#66A172
2024-02-20,Walla Walla County,JN.1,547443.04239488,551552,0.99255019,#61018F
2024-02-20,Walla Walla County,JN.1.11.1,828.4586816,551552,0.00150205,#5C9CF1
2024-02-20,Walla Walla County,JN.1.13,0.0,551552,0.0,#E83C78
2024-02-20,Walla Walla County,JN.1.13.1,0.0,551552,0.0,#F2591C
2024-02-20,Walla Walla County,JN.1.16,0.0,551552,0.0,#BC3A88
2024-02-20,Walla Walla County,JN.1.16.1,0.0,551552,0.0,#366298
2024-02-20,Walla Walla County,JN.1.18,0.0,551552,0.0,#4AF32F
2024-02-20,Walla Walla County,JN.1.32,0.0,551552,0.0,#2E7919
2024-02-20,Walla Walla County,JN.1.4.3,0.0,551552,0.0,#9D1010
2024-02-20,Walla Walla County,JN.1.7,0.0,551552,0.0,#CF15E8
2024-02-20,Walla Walla County,JN.1.8.1,0.0,551552,0.0,#FFB027
2024-02-20,Walla Walla County,KP.1.1,0.0,551552,0.0,#CBFF86
2024-02-20,Walla Walla County,KP.1.1.3,0.0,551552,0.0,#1EB3B6
2024-02-20,Walla Walla County,KP.1.2,0.0,551552,0.0,#D7B5A6
2024-02-20,Walla Walla County,KP.2,0.0,551552,0.0,#5875A1
2024-02-20,Walla Walla County,KP.2.15,0.0,551552,0.0,#175DFF
2024-02-20,Walla Walla County,KP.2.3,0.0,551552,0.0,#628DE8
2024-02-20,Walla Walla County,KP.3,0.0,551552,0.0,#B06589
2024-02-20,Walla Walla County,KP.3.1.1,0.0,551552,0.0,#2F92A1
2024-02-20,Walla Walla County,KP.4.1,0.0,551552,0.0,#FF473A
2024-02-20,Walla Walla County,KQ.1,0.0,551552,0.0,#E86CDE
2024-02-20,Walla Walla County,KV.2,0.0,551552,0.0,#E14365
2024-02-20,Walla Walla County,KW.1.1,0.0,551552,0.0,#34A0FF
2024-02-20,Walla Walla County,LB.1,0.0,551552,0.0,#795653
2024-02-20,Walla Walla County,Recombinant,0.0,551552,0.0,#FF0000
2024-02-20,Walla Walla County,XBB,0.0,551552,0.0,#9FA8DA
2024-02-20,Walla Walla County,XBB.1.16,0.0,551552,0.0,#4527A0
2024-02-20,Walla Walla County,XBB.1.16.1,0.0,551552,0.0,#F89B9B
2024-02-20,Walla Walla County,XBB.1.16.15,0.0,551552,0.0,#E3B5FA
2024-02-20,Walla Walla County,XBB.1.16.6,0.0,551552,0.0,#5AA350
2024-02-20,Walla Walla County,XBB.1.42.1,0.0,551552,0.0,#75D1A3
2024-02-20,Walla Walla County,XBB.1.5,0.0,551552,0.0,#3F51B5
2024-02-20,Walla Walla County,XBB.1.5.70,0.0,551552,0.0,#46783C
2024-02-20,Walla Walla County,XBB.1.5.72,0.0,551552,0.0,#254220
2024-02-20,Walla Walla County,XBB.1.9.1,0.0,551552,0.0,#304FFE
2024-02-20,Walla Walla County,XBB.1.9.2,0.0,551552,0.0,#536DFE
2024-02-20,Walla Walla County,XBB.2.3,0.0,551552,0.0,#F7BCDF
2024-02-20,Walla Walla County,XDP,0.0,551552,0.0,#B60052
2024-02-20,Walla Walla County,XDV.1,0.0,551552,0.0,#D367B6
2024-02-20,Walla Walla County,unreportable,3280.50443904,551552,0.00594777,#eeeeee
2024-02-20,Whitman County,BA.2,0.0,245487,0.0,#9CCD67
2024-02-20,Whitman County,BA.2.12.1,0.0,245487,0.0,#7CB342
2024-02-20,Whitman County,BA.2.86,0.0,245487,0.0,#D770EE
2024-02-20,Whitman County,EG.5,0.0,245487,0.0,#FFBE7D
2024-02-20,Whitman County,EG.5.1.8,0.0,245487,0.0,#E14D6F
2024-02-20,Whitman County,EG.6.1,0.0,245487,0.0,#B9ABA8
2024-02-20,Whitman County,FE.1.1,0.0,245487,0.0,#499894
2024-02-20,Whitman County,FL.1.5.1,0.0,245487,0.0,#8CD17D
2024-02-20,Whitman County,GE.1,0.0,245487,0.0,#FABFD2
2024-02-20,Whitman County,GK.1.1,0.0,245487,0.0,#90FAE5
2024-02-20,Whitman County,HF.1,0.0,245487,0.0,#D399AD
2024-02-20,Whitman County,HK.3,0.0,245487,0.0,#859DBC
2024-02-20,Whitman County,HV.1,0.0,245487,0.0,#797765
2024-02-20,Whitman County,JD.1.1,0.0,245487,0.0,#80F192
2024-02-20,Whitman County,JF.1,0.0,245487,0.0,#FFF1A9
2024-02-20,Whitman County,JG.3,0.0,245487,0.0,#66A172
2024-02-20,Whitman County,JN.1,240901.02789456001,245487,0.9813188800000001,#61018F
2024-02-20,Whitman County,JN.1.11.1,604.8406900800001,245487,0.00246384,#5C9CF1
2024-02-20,Whitman County,JN.1.13,0.0,245487,0.0,#E83C78
2024-02-20,Whitman County,JN.1.13.1,0.0,245487,0.0,#F2591C
2024-02-20,Whitman County,JN.1.16,1405.02520554,245487,0.00572342,#BC3A88
2024-02-20,Whitman County,JN.1.16.1,0.0,245487,0.0,#366298
2024-02-20,Whitman County,JN.1.18,0.0,245487,0.0,#4AF32F
2024-02-20,Whitman County,JN.1.32,0.0,245487,0.0,#2E7919
2024-02-20,Whitman County,JN.1.4.3,0.0,245487,0.0,#9D1010
2024-02-20,Whitman County,JN.1.7,0.0,245487,0.0,#CF15E8
2024-02-20,Whitman County,JN.1.8.1,181.67265435000002,245487,0.00074005,#FFB027
2024-02-20,Whitman County,KP.1.1,0.0,245487,0.0,#CBFF86
2024-02-20,Whitman County,KP.1.1.3,0.0,245487,0.0,#1EB3B6
2024-02-20,Whitman County,KP.1.2,0.0,245487,0.0,#D7B5A6
2024-02-20,Whitman County,KP.2,0.0,245487,0.0,#5875A1
2024-02-20,Whitman County,KP.2.15,0.0,245487,0.0,#175DFF
2024-02-20,Whitman County,KP.2.3,0.0,245487,0.0,#628DE8
2024-02-20,Whitman County,KP.3,0.0,245487,0.0,#B06589
2024-02-20,Whitman County,KP.3.1.1,0.0,245487,0.0,#2F92A1
2024-02-20,Whitman County,KP.4.1,0.0,245487,0.0,#FF473A
2024-02-20,Whitman County,KQ.1,0.0,245487,0.0,#E86CDE
2024-02-20,Whitman County,KV.2,0.0,245487,0.0,#E14365
2024-02-20,Whitman County,KW.1.1,0.0,245487,0.0,#34A0FF
2024-02-20,Whitman County,LB.1,0.0,245487,0.0,#795653
2024-02-20,Whitman County,Recombinant,0.0,245487,0.0,#FF0000
2024-02-20,Whitman County,XBB,0.0,245487,0.0,#9FA8DA
2024-02-20,Whitman County,XBB.1.16,0.0,245487,0.0,#4527A0
2024-02-20,Whitman County,XBB.1.16.1,0.0,245487,0.0,#F89B9B
2024-02-20,Whitman County,XBB.1.16.15,0.0,245487,0.0,#E3B5FA
2024-02-20,Whitman County,XBB.1.16.6,0.0,245487,0.0,#5AA350
2024-02-20,Whitman County,XBB.1.42.1,0.0,245487,0.0,#75D1A3
2024-02-20,Whitman County,XBB.1.5,0.0,245487,0.0,#3F51B5
2024-02-20,Whitman County,XBB.1.5.70,0.0,245487,0.0,#46783C
2024-02-20,Whitman County,XBB.1.5.72,0.0,245487,0.0,#254220
2024-02-20,Whitman County,XBB.1.9.1,0.0,245487,0.0,#304FFE
2024-02-20,Whitman County,XBB.1.9.2,0.0,245487,0.0,#536DFE
2024-02-20,Whitman County,XBB.2.3,0.0,245487,0.0,#F7BCDF
2024-02-20,Whitman County,XDP,234.24615027000002,245487,0.00095421,#B60052
2024-02-20,Whitman County,XDV.1,0.0,245487,0.0,#D367B6
2024-02-20,Whitman County,unreportable,2160.1874052,245487,0.0087996,#eeeeee
2024-02-20,Yakima County,BA.2,0.0,1933008,0.0,#9CCD67
2024-02-20,Yakima County,BA.2.12.1,0.0,1933008,0.0,#7CB342
2024-02-20,Yakima County,BA.2.86,515.658936,1933008,0.0002667650294256413,#D770EE
2024-02-20,Yakima County,EG.5,0.0,1933008,0.0,#FFBE7D
2024-02-20,Yakima County,EG.5.1.8,0.0,1933008,0.0,#E14D6F
2024-02-20,Yakima County,EG.6.1,0.0,1933008,0.0,#B9ABA8
2024-02-20,Yakima County,FE.1.1,0.0,1933008,0.0,#499894
2024-02-20,Yakima County,FL.1.5.1,0.0,1933008,0.0,#8CD17D
2024-02-20,Yakima County,GE.1,0.0,1933008,0.0,#FABFD2
2024-02-20,Yakima County,GK.1.1,0.0,1933008,0.0,#90FAE5
2024-02-20,Yakima County,HF.1,0.0,1933008,0.0,#D399AD
2024-02-20,Yakima County,HK.3,0.0,1933008,0.0,#859DBC
2024-02-20,Yakima County,HV.1,0.0,1933008,0.0,#797765
2024-02-20,Yakima County,JD.1.1,0.0,1933008,0.0,#80F192
2024-02-20,Yakima County,JF.1,0.0,1933008,0.0,#FFF1A9
2024-02-20,Yakima County,JG.3,0.0,1933008,0.0,#66A172
2024-02-20,Yakima County,JN.1,838174.97292008,1933008,0.4336117454868681,#61018F
2024-02-20,Yakima County,JN.1.11.1,60956.12346848,1933008,0.031534335847797836,#5C9CF1
2024-02-20,Yakima County,JN.1.13,0.0,1933008,0.0,#E83C78
2024-02-20,Yakima County,JN.1.13.1,0.0,1933008,0.0,#F2591C
2024-02-20,Yakima County,JN.1.16,243869.0894456,1933008,0.12616041394841615,#BC3A88
2024-02-20,Yakima County,JN.1.16.1,0.0,1933008,0.0,#366298
2024-02-20,Yakima County,JN.1.18,364.8533617,1933008,0.00018874901795543525,#4AF32F
2024-02-20,Yakima County,JN.1.32,0.0,1933008,0.0,#2E7919
2024-02-20,Yakima County,JN.1.4.3,434485.81309674,1933008,0.2247718649362755,#9D1010
2024-02-20,Yakima County,JN.1.7,272905.31281958,1933008,0.1411816778924764,#CF15E8
2024-02-20,Yakima County,JN.1.8.1,42511.47594394,1933008,0.021992395243030552,#FFB027
2024-02-20,Yakima County,KP.1.1,0.0,1933008,0.0,#CBFF86
2024-02-20,Yakima County,KP.1.1.3,0.0,1933008,0.0,#1EB3B6
2024-02-20,Yakima County,KP.1.2,0.0,1933008,0.0,#D7B5A6
2024-02-20,Yakima County,KP.2,0.0,1933008,0.0,#5875A1
2024-02-20,Yakima County,KP.2.15,0.0,1933008,0.0,#175DFF
2024-02-20,Yakima County,KP.2.3,0.0,1933008,0.0,#628DE8
2024-02-20,Yakima County,KP.3,0.0,1933008,0.0,#B06589
2024-02-20,Yakima County,KP.3.1.1,0.0,1933008,0.0,#2F92A1
2024-02-20,Yakima County,KP.4.1,0.0,1933008,0.0,#FF473A
2024-02-20,Yakima County,KQ.1,0.0,1933008,0.0,#E86CDE
2024-02-20,Yakima County,KV.2,431.63022557999994,1933008,0.0002232945883203794,#E14365
2024-02-20,Yakima County,KW.1.1,0.0,1933008,0.0,#34A0FF
2024-02-20,Yakima County,LB.1,0.0,1933008,0.0,#795653
2024-02-20,Yakima County,Recombinant,650.1490223999999,1933008,0.00033634057510367255,#FF0000
2024-02-20,Yakima County,XBB,0.0,1933008,0.0,#9FA8DA
2024-02-20,Yakima County,XBB.1.16,0.0,1933008,0.0,#4527A0
2024-02-20,Yakima County,XBB.1.16.1,0.0,1933008,0.0,#F89B9B
2024-02-20,Yakima County,XBB.1.16.15,0.0,1933008,0.0,#E3B5FA
2024-02-20,Yakima County,XBB.1.16.6,0.0,1933008,0.0,#5AA350
2024-02-20,Yakima County,XBB.1.42.1,0.0,1933008,0.0,#75D1A3
2024-02-20,Yakima County,XBB.1.5,0.0,1933008,0.0,#3F51B5
2024-02-20,Yakima County,XBB.1.5.70,0.0,1933008,0.0,#46783C
2024-02-20,Yakima County,XBB.1.5.72,0.0,1933008,0.0,#254220
2024-02-20,Yakima County,XBB.1.9.1,0.0,1933008,0.0,#304FFE
2024-02-20,Yakima County,XBB.1.9.2,0.0,1933008,0.0,#536DFE
2024-02-20,Yakima County,XBB.2.3,0.0,1933008,0.0,#F7BCDF
2024-02-20,Yakima County,XDP,18844.6598612,1933008,0.00974887836015164,#B60052
2024-02-20,Yakima County,XDV.1,0.0,1933008,0.0,#D367B6
2024-02-20,Yakima County,unreportable,19298.2683053,1933008,0.009983542905823463,#eeeeee
2024-02-27,Benton County,BA.2,0.0,502178,0.0,#9CCD67
2024-02-27,Benton County,BA.2.12.1,0.0,502178,0.0,#7CB342
2024-02-27,Benton County,BA.2.86,0.0,502178,0.0,#D770EE
2024-02-27,Benton County,EG.5,0.0,502178,0.0,#FFBE7D
2024-02-27,Benton County,EG.5.1.8,0.0,502178,0.0,#E14D6F
2024-02-27,Benton County,EG.6.1,0.0,502178,0.0,#B9ABA8
2024-02-27,Benton County,FE.1.1,0.0,502178,0.0,#499894
2024-02-27,Benton County,FL.1.5.1,0.0,502178,0.0,#8CD17D
2024-02-27,Benton County,GE.1,0.0,502178,0.0,#FABFD2
2024-02-27,Benton County,GK.1.1,0.0,502178,0.0,#90FAE5
2024-02-27,Benton County,HF.1,0.0,502178,0.0,#D399AD
2024-02-27,Benton County,HK.3,0.0,502178,0.0,#859DBC
2024-02-27,Benton County,HV.1,0.0,502178,0.0,#797765
2024-02-27,Benton County,JD.1.1,0.0,502178,0.0,#80F192
2024-02-27,Benton County,JF.1,0.0,502178,0.0,#FFF1A9
2024-02-27,Benton County,JG.3,0.0,502178,0.0,#66A172
2024-02-27,Benton County,JN.1,452219.7506993,502178,0.90051685,#61018F
2024-02-27,Benton County,JN.1.11.1,801.5263058,502178,0.0015961,#5C9CF1
2024-02-27,Benton County,JN.1.13,0.0,502178,0.0,#E83C78
2024-02-27,Benton County,JN.1.13.1,0.0,502178,0.0,#F2591C
2024-02-27,Benton County,JN.1.16,0.0,502178,0.0,#BC3A88
2024-02-27,Benton County,JN.1.16.1,0.0,502178,0.0,#366298
2024-02-27,Benton County,JN.1.18,0.0,502178,0.0,#4AF32F
2024-02-27,Benton County,JN.1.32,0.0,502178,0.0,#2E7919
2024-02-27,Benton County,JN.1.4.3,0.0,502178,0.0,#9D1010
2024-02-27,Benton County,JN.1.7,0.0,502178,0.0,#CF15E8
2024-02-27,Benton County,JN.1.8.1,0.0,502178,0.0,#FFB027
2024-02-27,Benton County,KP.1.1,0.0,502178,0.0,#CBFF86
2024-02-27,Benton County,KP.1.1.3,0.0,502178,0.0,#1EB3B6
2024-02-27,Benton County,KP.1.2,0.0,502178,0.0,#D7B5A6
2024-02-27,Benton County,KP.2,0.0,502178,0.0,#5875A1
2024-02-27,Benton County,KP.2.15,0.0,502178,0.0,#175DFF
2024-02-27,Benton County,KP.2.3,0.0,502178,0.0,#628DE8
2024-02-27,Benton County,KP.3,0.0,502178,0.0,#B06589
2024-02-27,Benton County,KP.3.1.1,0.0,502178,0.0,#2F92A1
2024-02-27,Benton County,KP.4.1,0.0,502178,0.0,#FF473A
2024-02-27,Benton County,KQ.1,0.0,502178,0.0,#E86CDE
2024-02-27,Benton County,KV.2,0.0,502178,0.0,#E14365
2024-02-27,Benton County,KW.1.1,0.0,502178,0.0,#34A0FF
2024-02-27,Benton County,LB.1,0.0,502178,0.0,#795653
2024-02-27,Benton County,Recombinant,0.0,502178,0.0,#FF0000
2024-02-27,Benton County,XBB,0.0,502178,0.0,#9FA8DA
2024-02-27,Benton County,XBB.1.16,0.0,502178,0.0,#4527A0
2024-02-27,Benton County,XBB.1.16.1,0.0,502178,0.0,#F89B9B
2024-02-27,Benton County,XBB.1.16.15,0.0,502178,0.0,#E3B5FA
2024-02-27,Benton County,XBB.1.16.6,0.0,502178,0.0,#5AA350
2024-02-27,Benton County,XBB.1.42.1,0.0,502178,0.0,#75D1A3
2024-02-27,Benton County,XBB.1.5,0.0,502178,0.0,#3F51B5
2024-02-27,Benton County,XBB.1.5.70,0.0,502178,0.0,#46783C
2024-02-27,Benton County,XBB.1.5.72,0.0,502178,0.0,#254220
2024-02-27,Benton County,XBB.1.9.1,0.0,502178,0.0,#304FFE
2024-02-27,Benton County,XBB.1.9.2,0.0,502178,0.0,#536DFE
2024-02-27,Benton County,XBB.2.3,0.0,502178,0.0,#F7BCDF
2024-02-27,Benton County,XDP,44116.15651592,502178,0.08784964,#B60052
2024-02-27,Benton County,XDV.1,0.0,502178,0.0,#D367B6
2024-02-27,Benton County,unreportable,5040.5614572,502178,0.0100374,#eeeeee
2024-02-27,Chelan County,BA.2,0.0,147916,0.0,#9CCD67
2024-02-27,Chelan County,BA.2.12.1,0.0,147916,0.0,#7CB342
2024-02-27,Chelan County,BA.2.86,430.86007892000003,147916,0.00291287,#D770EE
2024-02-27,Chelan County,EG.5,0.0,147916,0.0,#FFBE7D
2024-02-27,Chelan County,EG.5.1.8,0.0,147916,0.0,#E14D6F
2024-02-27,Chelan County,EG.6.1,0.0,147916,0.0,#B9ABA8
2024-02-27,Chelan County,FE.1.1,0.0,147916,0.0,#499894
2024-02-27,Chelan County,FL.1.5.1,0.0,147916,0.0,#8CD17D
2024-02-27,Chelan County,GE.1,0.0,147916,0.0,#FABFD2
2024-02-27,Chelan County,GK.1.1,0.0,147916,0.0,#90FAE5
2024-02-27,Chelan County,HF.1,0.0,147916,0.0,#D399AD
2024-02-27,Chelan County,HK.3,0.0,147916,0.0,#859DBC
2024-02-27,Chelan County,HV.1,0.0,147916,0.0,#797765
2024-02-27,Chelan County,JD.1.1,0.0,147916,0.0,#80F192
2024-02-27,Chelan County,JF.1,0.0,147916,0.0,#FFF1A9
2024-02-27,Chelan County,JG.3,0.0,147916,0.0,#66A172
2024-02-27,Chelan County,JN.1,145361.68740828,147916,0.98273133,#61018F
2024-02-27,Chelan County,JN.1.11.1,0.0,147916,0.0,#5C9CF1
2024-02-27,Chelan County,JN.1.13,0.0,147916,0.0,#E83C78
2024-02-27,Chelan County,JN.1.13.1,0.0,147916,0.0,#F2591C
2024-02-27,Chelan County,JN.1.16,0.0,147916,0.0,#BC3A88
2024-02-27,Chelan County,JN.1.16.1,0.0,147916,0.0,#366298
2024-02-27,Chelan County,JN.1.18,0.0,147916,0.0,#4AF32F
2024-02-27,Chelan County,JN.1.32,0.0,147916,0.0,#2E7919
2024-02-27,Chelan County,JN.1.4.3,0.0,147916,0.0,#9D1010
2024-02-27,Chelan County,JN.1.7,0.0,147916,0.0,#CF15E8
2024-02-27,Chelan County,JN.1.8.1,0.0,147916,0.0,#FFB027
2024-02-27,Chelan County,KP.1.1,0.0,147916,0.0,#CBFF86
2024-02-27,Chelan County,KP.1.1.3,0.0,147916,0.0,#1EB3B6
2024-02-27,Chelan County,KP.1.2,0.0,147916,0.0,#D7B5A6
2024-02-27,Chelan County,KP.2,0.0,147916,0.0,#5875A1
2024-02-27,Chelan County,KP.2.15,0.0,147916,0.0,#175DFF
2024-02-27,Chelan County,KP.2.3,0.0,147916,0.0,#628DE8
2024-02-27,Chelan County,KP.3,0.0,147916,0.0,#B06589
2024-02-27,Chelan County,KP.3.1.1,0.0,147916,0.0,#2F92A1
2024-02-27,Chelan County,KP.4.1,0.0,147916,0.0,#FF473A
2024-02-27,Chelan County,KQ.1,0.0,147916,0.0,#E86CDE
2024-02-27,Chelan County,KV.2,0.0,147916,0.0,#E14365
2024-02-27,Chelan County,KW.1.1,0.0,147916,0.0,#34A0FF
2024-02-27,Chelan County,LB.1,0.0,147916,0.0,#795653
2024-02-27,Chelan County,Recombinant,0.0,147916,0.0,#FF0000
2024-02-27,Chelan County,XBB,0.0,147916,0.0,#9FA8DA
2024-02-27,Chelan County,XBB.1.16,0.0,147916,0.0,#4527A0
2024-02-27,Chelan County,XBB.1.16.1,0.0,147916,0.0,#F89B9B
2024-02-27,Chelan County,XBB.1.16.15,0.0,147916,0.0,#E3B5FA
2024-02-27,Chelan County,XBB.1.16.6,0.0,147916,0.0,#5AA350
2024-02-27,Chelan County,XBB.1.42.1,0.0,147916,0.0,#75D1A3
2024-02-27,Chelan County,XBB.1.5,0.0,147916,0.0,#3F51B5
2024-02-27,Chelan County,XBB.1.5.70,0.0,147916,0.0,#46783C
2024-02-27,Chelan County,XBB.1.5.72,0.0,147916,0.0,#254220
2024-02-27,Chelan County,XBB.1.9.1,0.0,147916,0.0,#304FFE
2024-02-27,Chelan County,XBB.1.9.2,0.0,147916,0.0,#536DFE
2024-02-27,Chelan County,XBB.2.3,0.0,147916,0.0,#F7BCDF
2024-02-27,Chelan County,XDP,926.35057488,147916,0.00626268,#B60052
2024-02-27,Chelan County,XDV.1,0.0,147916,0.0,#D367B6
2024-02-27,Chelan County,unreportable,1197.1019379200002,147916,0.00809312,#eeeeee
2024-02-27,Franklin County,BA.2,0.0,477843,0.0,#9CCD67
2024-02-27,Franklin County,BA.2.12.1,0.0,477843,0.0,#7CB342
2024-02-27,Franklin County,BA.2.86,0.0,477843,0.0,#D770EE
2024-02-27,Franklin County,EG.5,0.0,477843,0.0,#FFBE7D
2024-02-27,Franklin County,EG.5.1.8,0.0,477843,0.0,#E14D6F
2024-02-27,Franklin County,EG.6.1,0.0,477843,0.0,#B9ABA8
2024-02-27,Franklin County,FE.1.1,0.0,477843,0.0,#499894
2024-02-27,Franklin County,FL.1.5.1,0.0,477843,0.0,#8CD17D
2024-02-27,Franklin County,GE.1,0.0,477843,0.0,#FABFD2
2024-02-27,Franklin County,GK.1.1,0.0,477843,0.0,#90FAE5
2024-02-27,Franklin County,HF.1,0.0,477843,0.0,#D399AD
2024-02-27,Franklin County,HK.3,0.0,477843,0.0,#859DBC
2024-02-27,Franklin County,HV.1,0.0,477843,0.0,#797765
2024-02-27,Franklin County,JD.1.1,0.0,477843,0.0,#80F192
2024-02-27,Franklin County,JF.1,0.0,477843,0.0,#FFF1A9
2024-02-27,Franklin County,JG.3,0.0,477843,0.0,#66A172
2024-02-27,Franklin County,JN.1,0.0,477843,0.0,#61018F
2024-02-27,Franklin County,JN.1.11.1,0.0,477843,0.0,#5C9CF1
2024-02-27,Franklin County,JN.1.13,0.0,477843,0.0,#E83C78
2024-02-27,Franklin County,JN.1.13.1,0.0,477843,0.0,#F2591C
2024-02-27,Franklin County,JN.1.16,0.0,477843,0.0,#BC3A88
2024-02-27,Franklin County,JN.1.16.1,0.0,477843,0.0,#366298
2024-02-27,Franklin County,JN.1.18,0.0,477843,0.0,#4AF32F
2024-02-27,Franklin County,JN.1.32,0.0,477843,0.0,#2E7919
2024-02-27,Franklin County,JN.1.4.3,0.0,477843,0.0,#9D1010
2024-02-27,Franklin County,JN.1.7,476364.04246599,477843,0.99690493,#CF15E8
2024-02-27,Franklin County,JN.1.8.1,0.0,477843,0.0,#FFB027
2024-02-27,Franklin County,KP.1.1,0.0,477843,0.0,#CBFF86
2024-02-27,Franklin County,KP.1.1.3,0.0,477843,0.0,#1EB3B6
2024-02-27,Franklin County,KP.1.2,0.0,477843,0.0,#D7B5A6
2024-02-27,Franklin County,KP.2,0.0,477843,0.0,#5875A1
2024-02-27,Franklin County,KP.2.15,0.0,477843,0.0,#175DFF
2024-02-27,Franklin County,KP.2.3,0.0,477843,0.0,#628DE8
2024-02-27,Franklin County,KP.3,0.0,477843,0.0,#B06589
2024-02-27,Franklin County,KP.3.1.1,0.0,477843,0.0,#2F92A1
2024-02-27,Franklin County,KP.4.1,0.0,477843,0.0,#FF473A
2024-02-27,Franklin County,KQ.1,0.0,477843,0.0,#E86CDE
2024-02-27,Franklin County,KV.2,0.0,477843,0.0,#E14365
2024-02-27,Franklin County,KW.1.1,0.0,477843,0.0,#34A0FF
2024-02-27,Franklin County,LB.1,0.0,477843,0.0,#795653
2024-02-27,Franklin County,Recombinant,0.0,477843,0.0,#FF0000
2024-02-27,Franklin County,XBB,0.0,477843,0.0,#9FA8DA
2024-02-27,Franklin County,XBB.1.16,0.0,477843,0.0,#4527A0
2024-02-27,Franklin County,XBB.1.16.1,0.0,477843,0.0,#F89B9B
2024-02-27,Franklin County,XBB.1.16.15,0.0,477843,0.0,#E3B5FA
2024-02-27,Franklin County,XBB.1.16.6,0.0,477843,0.0,#5AA350
2024-02-27,Franklin County,XBB.1.42.1,0.0,477843,0.0,#75D1A3
2024-02-27,Franklin County,XBB.1.5,0.0,477843,0.0,#3F51B5
2024-02-27,Franklin County,XBB.1.5.70,0.0,477843,0.0,#46783C
2024-02-27,Franklin County,XBB.1.5.72,0.0,477843,0.0,#254220
2024-02-27,Franklin County,XBB.1.9.1,0.0,477843,0.0,#304FFE
2024-02-27,Franklin County,XBB.1.9.2,0.0,477843,0.0,#536DFE
2024-02-27,Franklin County,XBB.2.3,0.0,477843,0.0,#F7BCDF
2024-02-27,Franklin County,XDP,0.0,477843,0.0,#B60052
2024-02-27,Franklin County,XDV.1,0.0,477843,0.0,#D367B6
2024-02-27,Franklin County,unreportable,1478.95753401,477843,0.00309507,#eeeeee
2024-02-27,Island County,BA.2,0.0,1778632,0.0,#9CCD67
2024-02-27,Island County,BA.2.12.1,0.0,1778632,0.0,#7CB342
2024-02-27,Island County,BA.2.86,0.0,1778632,0.0,#D770EE
2024-02-27,Island County,EG.5,0.0,1778632,0.0,#FFBE7D
2024-02-27,Island County,EG.5.1.8,0.0,1778632,0.0,#E14D6F
2024-02-27,Island County,EG.6.1,0.0,1778632,0.0,#B9ABA8
2024-02-27,Island County,FE.1.1,0.0,1778632,0.0,#499894
2024-02-27,Island County,FL.1.5.1,0.0,1778632,0.0,#8CD17D
2024-02-27,Island County,GE.1,0.0,1778632,0.0,#FABFD2
2024-02-27,Island County,GK.1.1,0.0,1778632,0.0,#90FAE5
2024-02-27,Island County,HF.1,0.0,1778632,0.0,#D399AD
2024-02-27,Island County,HK.3,0.0,1778632,0.0,#859DBC
2024-02-27,Island County,HV.1,0.0,1778632,0.0,#797765
2024-02-27,Island County,JD.1.1,0.0,1778632,0.0,#80F192
2024-02-27,Island County,JF.1,0.0,1778632,0.0,#FFF1A9
2024-02-27,Island County,JG.3,0.0,1778632,0.0,#66A172
2024-02-27,Island County,JN.1,1197905.9856577301,1778632,0.6734985009027894,#61018F
2024-02-27,Island County,JN.1.11.1,1571.62183298,1778632,0.0008836127051464271,#5C9CF1
2024-02-27,Island County,JN.1.13,0.0,1778632,0.0,#E83C78
2024-02-27,Island County,JN.1.13.1,0.0,1778632,0.0,#F2591C
2024-02-27,Island County,JN.1.16,86145.72264856001,1778632,0.04843369659859938,#BC3A88
2024-02-27,Island County,JN.1.16.1,0.0,1778632,0.0,#366298
2024-02-27,Island County,JN.1.18,0.0,1778632,0.0,#4AF32F
2024-02-27,Island County,JN.1.32,0.0,1778632,0.0,#2E7919
2024-02-27,Island County,JN.1.4.3,335082.50588090497,1778632,0.1883933865357786,#9D1010
2024-02-27,Island County,JN.1.7,79504.78607286501,1778632,0.044699963833364637,#CF15E8
2024-02-27,Island County,JN.1.8.1,2678.618711735,1778632,0.0015059993926427727,#FFB027
2024-02-27,Island County,KP.1.1,0.0,1778632,0.0,#CBFF86
2024-02-27,Island County,KP.1.1.3,0.0,1778632,0.0,#1EB3B6
2024-02-27,Island County,KP.1.2,0.0,1778632,0.0,#D7B5A6
2024-02-27,Island County,KP.2,0.0,1778632,0.0,#5875A1
2024-02-27,Island County,KP.2.15,0.0,1778632,0.0,#175DFF
2024-02-27,Island County,KP.2.3,0.0,1778632,0.0,#628DE8
2024-02-27,Island County,KP.3,0.0,1778632,0.0,#B06589
2024-02-27,Island County,KP.3.1.1,0.0,1778632,0.0,#2F92A1
2024-02-27,Island County,KP.4.1,0.0,1778632,0.0,#FF473A
2024-02-27,Island County,KQ.1,0.0,1778632,0.0,#E86CDE
2024-02-27,Island County,KV.2,50714.4430863,1778632,0.028513173656101995,#E14365
2024-02-27,Island County,KW.1.1,0.0,1778632,0.0,#34A0FF
2024-02-27,Island County,LB.1,0.0,1778632,0.0,#795653
2024-02-27,Island County,Recombinant,322.10877411999996,1778632,0.00018109916729261587,#FF0000
2024-02-27,Island County,XBB,0.0,1778632,0.0,#9FA8DA
2024-02-27,Island County,XBB.1.16,0.0,1778632,0.0,#4527A0
2024-02-27,Island County,XBB.1.16.1,0.0,1778632,0.0,#F89B9B
2024-02-27,Island County,XBB.1.16.15,0.0,1778632,0.0,#E3B5FA
2024-02-27,Island County,XBB.1.16.6,0.0,1778632,0.0,#5AA350
2024-02-27,Island County,XBB.1.42.1,0.0,1778632,0.0,#75D1A3
2024-02-27,Island County,XBB.1.5,0.0,1778632,0.0,#3F51B5
2024-02-27,Island County,XBB.1.5.70,0.0,1778632,0.0,#46783C
2024-02-27,Island County,XBB.1.5.72,0.0,1778632,0.0,#254220
2024-02-27,Island County,XBB.1.9.1,0.0,1778632,0.0,#304FFE
2024-02-27,Island County,XBB.1.9.2,0.0,1778632,0.0,#536DFE
2024-02-27,Island County,XBB.2.3,0.0,1778632,0.0,#F7BCDF
2024-02-27,Island County,XDP,13297.615362309998,1778632,0.0074763162713309995,#B60052
2024-02-27,Island County,XDV.1,0.0,1778632,0.0,#D367B6
2024-02-27,Island County,unreportable,11408.588886649999,1778632,0.006414249201999064,#eeeeee
2024-02-27,King County,BA.2,0.0,973611,0.0,#9CCD67
2024-02-27,King County,BA.2.12.1,0.0,973611,0.0,#7CB342
2024-02-27,King County,BA.2.86,0.0,973611,0.0,#D770EE
2024-02-27,King County,EG.5,0.0,973611,0.0,#FFBE7D
2024-02-27,King County,EG.5.1.8,0.0,973611,0.0,#E14D6F
2024-02-27,King County,EG.6.1,0.0,973611,0.0,#B9ABA8
2024-02-27,King County,FE.1.1,0.0,973611,0.0,#499894
2024-02-27,King County,FL.1.5.1,0.0,973611,0.0,#8CD17D
2024-02-27,King County,GE.1,0.0,973611,0.0,#FABFD2
2024-02-27,King County,GK.1.1,0.0,973611,0.0,#90FAE5
2024-02-27,King County,HF.1,0.0,973611,0.0,#D399AD
2024-02-27,King County,HK.3,0.0,973611,0.0,#859DBC
2024-02-27,King County,HV.1,0.0,973611,0.0,#797765
2024-02-27,King County,JD.1.1,0.0,973611,0.0,#80F192
2024-02-27,King County,JF.1,0.0,973611,0.0,#FFF1A9
2024-02-27,King County,JG.3,0.0,973611,0.0,#66A172
2024-02-27,King County,JN.1,963776.1658446,973611,0.9898986,#61018F
2024-02-27,King County,JN.1.11.1,0.0,973611,0.0,#5C9CF1
2024-02-27,King County,JN.1.13,0.0,973611,0.0,#E83C78
2024-02-27,King County,JN.1.13.1,0.0,973611,0.0,#F2591C
2024-02-27,King County,JN.1.16,887.2224959700001,973611,0.00091127,#BC3A88
2024-02-27,King County,JN.1.16.1,0.0,973611,0.0,#366298
2024-02-27,King County,JN.1.18,0.0,973611,0.0,#4AF32F
2024-02-27,King County,JN.1.32,0.0,973611,0.0,#2E7919
2024-02-27,King County,JN.1.4.3,0.0,973611,0.0,#9D1010
2024-02-27,King County,JN.1.7,0.0,973611,0.0,#CF15E8
2024-02-27,King County,JN.1.8.1,0.0,973611,0.0,#FFB027
2024-02-27,King County,KP.1.1,0.0,973611,0.0,#CBFF86
2024-02-27,King County,KP.1.1.3,0.0,973611,0.0,#1EB3B6
2024-02-27,King County,KP.1.2,0.0,973611,0.0,#D7B5A6
2024-02-27,King County,KP.2,0.0,973611,0.0,#5875A1
2024-02-27,King County,KP.2.15,0.0,973611,0.0,#175DFF
2024-02-27,King County,KP.2.3,0.0,973611,0.0,#628DE8
2024-02-27,King County,KP.3,0.0,973611,0.0,#B06589
2024-02-27,King County,KP.3.1.1,0.0,973611,0.0,#2F92A1
2024-02-27,King County,KP.4.1,0.0,973611,0.0,#FF473A
2024-02-27,King County,KQ.1,0.0,973611,0.0,#E86CDE
2024-02-27,King County,KV.2,0.0,973611,0.0,#E14365
2024-02-27,King County,KW.1.1,0.0,973611,0.0,#34A0FF
2024-02-27,King County,LB.1,0.0,973611,0.0,#795653
2024-02-27,King County,Recombinant,0.0,973611,0.0,#FF0000
2024-02-27,King County,XBB,0.0,973611,0.0,#9FA8DA
2024-02-27,King County,XBB.1.16,0.0,973611,0.0,#4527A0
2024-02-27,King County,XBB.1.16.1,0.0,973611,0.0,#F89B9B
2024-02-27,King County,XBB.1.16.15,0.0,973611,0.0,#E3B5FA
2024-02-27,King County,XBB.1.16.6,0.0,973611,0.0,#5AA350
2024-02-27,King County,XBB.1.42.1,0.0,973611,0.0,#75D1A3
2024-02-27,King County,XBB.1.5,0.0,973611,0.0,#3F51B5
2024-02-27,King County,XBB.1.5.70,0.0,973611,0.0,#46783C
2024-02-27,King County,XBB.1.5.72,0.0,973611,0.0,#254220
2024-02-27,King County,XBB.1.9.1,0.0,973611,0.0,#304FFE
2024-02-27,King County,XBB.1.9.2,0.0,973611,0.0,#536DFE
2024-02-27,King County,XBB.2.3,0.0,973611,0.0,#F7BCDF
2024-02-27,King County,XDP,0.0,973611,0.0,#B60052
2024-02-27,King County,XDV.1,0.0,973611,0.0,#D367B6
2024-02-27,King County,unreportable,8947.60192332,973611,0.009190120000000001,#eeeeee
2024-02-27,Kittitas County,BA.2,0.0,143520,0.0,#9CCD67
2024-02-27,Kittitas County,BA.2.12.1,0.0,143520,0.0,#7CB342
2024-02-27,Kittitas County,BA.2.86,0.0,143520,0.0,#D770EE
2024-02-27,Kittitas County,EG.5,0.0,143520,0.0,#FFBE7D
2024-02-27,Kittitas County,EG.5.1.8,0.0,143520,0.0,#E14D6F
2024-02-27,Kittitas County,EG.6.1,0.0,143520,0.0,#B9ABA8
2024-02-27,Kittitas County,FE.1.1,0.0,143520,0.0,#499894
2024-02-27,Kittitas County,FL.1.5.1,0.0,143520,0.0,#8CD17D
2024-02-27,Kittitas County,GE.1,0.0,143520,0.0,#FABFD2
2024-02-27,Kittitas County,GK.1.1,0.0,143520,0.0,#90FAE5
2024-02-27,Kittitas County,HF.1,0.0,143520,0.0,#D399AD
2024-02-27,Kittitas County,HK.3,0.0,143520,0.0,#859DBC
2024-02-27,Kittitas County,HV.1,0.0,143520,0.0,#797765
2024-02-27,Kittitas County,JD.1.1,0.0,143520,0.0,#80F192
2024-02-27,Kittitas County,JF.1,0.0,143520,0.0,#FFF1A9
2024-02-27,Kittitas County,JG.3,0.0,143520,0.0,#66A172
2024-02-27,Kittitas County,JN.1,20154.4073952,143520,0.14042926,#61018F
2024-02-27,Kittitas County,JN.1.11.1,0.0,143520,0.0,#5C9CF1
2024-02-27,Kittitas County,JN.1.13,0.0,143520,0.0,#E83C78
2024-02-27,Kittitas County,JN.1.13.1,331.9875936,143520,0.00231318,#F2591C
2024-02-27,Kittitas County,JN.1.16,322.1564736,143520,0.00224468,#BC3A88
2024-02-27,Kittitas County,JN.1.16.1,0.0,143520,0.0,#366298
2024-02-27,Kittitas County,JN.1.18,107572.2757824,143520,0.74952812,#4AF32F
2024-02-27,Kittitas County,JN.1.32,0.0,143520,0.0,#2E7919
2024-02-27,Kittitas County,JN.1.4.3,0.0,143520,0.0,#9D1010
2024-02-27,Kittitas County,JN.1.7,0.0,143520,0.0,#CF15E8
2024-02-27,Kittitas County,JN.1.8.1,194.0935776,143520,0.00135238,#FFB027
2024-02-27,Kittitas County,KP.1.1,0.0,143520,0.0,#CBFF86
2024-02-27,Kittitas County,KP.1.1.3,0.0,143520,0.0,#1EB3B6
2024-02-27,Kittitas County,KP.1.2,0.0,143520,0.0,#D7B5A6
2024-02-27,Kittitas County,KP.2,0.0,143520,0.0,#5875A1
2024-02-27,Kittitas County,KP.2.15,0.0,143520,0.0,#175DFF
2024-02-27,Kittitas County,KP.2.3,0.0,143520,0.0,#628DE8
2024-02-27,Kittitas County,KP.3,0.0,143520,0.0,#B06589
2024-02-27,Kittitas County,KP.3.1.1,0.0,143520,0.0,#2F92A1
2024-02-27,Kittitas County,KP.4.1,0.0,143520,0.0,#FF473A
2024-02-27,Kittitas County,KQ.1,13788.382608,143520,0.0960729,#E86CDE
2024-02-27,Kittitas County,KV.2,0.0,143520,0.0,#E14365
2024-02-27,Kittitas County,KW.1.1,0.0,143520,0.0,#34A0FF
2024-02-27,Kittitas County,LB.1,0.0,143520,0.0,#795653
2024-02-27,Kittitas County,Recombinant,0.0,143520,0.0,#FF0000
2024-02-27,Kittitas County,XBB,0.0,143520,0.0,#9FA8DA
2024-02-27,Kittitas County,XBB.1.16,0.0,143520,0.0,#4527A0
2024-02-27,Kittitas County,XBB.1.16.1,0.0,143520,0.0,#F89B9B
2024-02-27,Kittitas County,XBB.1.16.15,0.0,143520,0.0,#E3B5FA
2024-02-27,Kittitas County,XBB.1.16.6,0.0,143520,0.0,#5AA350
2024-02-27,Kittitas County,XBB.1.42.1,0.0,143520,0.0,#75D1A3
2024-02-27,Kittitas County,XBB.1.5,0.0,143520,0.0,#3F51B5
2024-02-27,Kittitas County,XBB.1.5.70,0.0,143520,0.0,#46783C
2024-02-27,Kittitas County,XBB.1.5.72,0.0,143520,0.0,#254220
2024-02-27,Kittitas County,XBB.1.9.1,0.0,143520,0.0,#304FFE
2024-02-27,Kittitas County,XBB.1.9.2,0.0,143520,0.0,#536DFE
2024-02-27,Kittitas County,XBB.2.3,0.0,143520,0.0,#F7BCDF
2024-02-27,Kittitas County,XDP,0.0,143520,0.0,#B60052
2024-02-27,Kittitas County,XDV.1,0.0,143520,0.0,#D367B6
2024-02-27,Kittitas County,unreportable,1156.6980048,143520,0.00805949,#eeeeee
2024-02-27,Okanogan County,BA.2,0.0,927810,0.0,#9CCD67
2024-02-27,Okanogan County,BA.2.12.1,0.0,927810,0.0,#7CB342
2024-02-27,Okanogan County,BA.2.86,0.0,927810,0.0,#D770EE
2024-02-27,Okanogan County,EG.5,0.0,927810,0.0,#FFBE7D
2024-02-27,Okanogan County,EG.5.1.8,0.0,927810,0.0,#E14D6F
2024-02-27,Okanogan County,EG.6.1,0.0,927810,0.0,#B9ABA8
2024-02-27,Okanogan County,FE.1.1,0.0,927810,0.0,#499894
2024-02-27,Okanogan County,FL.1.5.1,0.0,927810,0.0,#8CD17D
2024-02-27,Okanogan County,GE.1,0.0,927810,0.0,#FABFD2
2024-02-27,Okanogan County,GK.1.1,0.0,927810,0.0,#90FAE5
2024-02-27,Okanogan County,HF.1,0.0,927810,0.0,#D399AD
2024-02-27,Okanogan County,HK.3,0.0,927810,0.0,#859DBC
2024-02-27,Okanogan County,HV.1,0.0,927810,0.0,#797765
2024-02-27,Okanogan County,JD.1.1,0.0,927810,0.0,#80F192
2024-02-27,Okanogan County,JF.1,0.0,927810,0.0,#FFF1A9
2024-02-27,Okanogan County,JG.3,0.0,927810,0.0,#66A172
2024-02-27,Okanogan County,JN.1,455402.1409236,927810,0.49083556,#61018F
2024-02-27,Okanogan County,JN.1.11.1,0.0,927810,0.0,#5C9CF1
2024-02-27,Okanogan County,JN.1.13,0.0,927810,0.0,#E83C78
2024-02-27,Okanogan County,JN.1.13.1,0.0,927810,0.0,#F2591C
2024-02-27,Okanogan County,JN.1.16,0.0,927810,0.0,#BC3A88
2024-02-27,Okanogan County,JN.1.16.1,0.0,927810,0.0,#366298
2024-02-27,Okanogan County,JN.1.18,0.0,927810,0.0,#4AF32F
2024-02-27,Okanogan County,JN.1.32,0.0,927810,0.0,#2E7919
2024-02-27,Okanogan County,JN.1.4.3,0.0,927810,0.0,#9D1010
2024-02-27,Okanogan County,JN.1.7,423660.684564,927810,0.4566244,#CF15E8
2024-02-27,Okanogan County,JN.1.8.1,39372.6472191,927810,0.04243611,#FFB027
2024-02-27,Okanogan County,KP.1.1,0.0,927810,0.0,#CBFF86
2024-02-27,Okanogan County,KP.1.1.3,0.0,927810,0.0,#1EB3B6
2024-02-27,Okanogan County,KP.1.2,0.0,927810,0.0,#D7B5A6
2024-02-27,Okanogan County,KP.2,0.0,927810,0.0,#5875A1
2024-02-27,Okanogan County,KP.2.15,0.0,927810,0.0,#175DFF
2024-02-27,Okanogan County,KP.2.3,0.0,927810,0.0,#628DE8
2024-02-27,Okanogan County,KP.3,0.0,927810,0.0,#B06589
2024-02-27,Okanogan County,KP.3.1.1,0.0,927810,0.0,#2F92A1
2024-02-27,Okanogan County,KP.4.1,0.0,927810,0.0,#FF473A
2024-02-27,Okanogan County,KQ.1,0.0,927810,0.0,#E86CDE
2024-02-27,Okanogan County,KV.2,0.0,927810,0.0,#E14365
2024-02-27,Okanogan County,KW.1.1,0.0,927810,0.0,#34A0FF
2024-02-27,Okanogan County,LB.1,0.0,927810,0.0,#795653
2024-02-27,Okanogan County,Recombinant,0.0,927810,0.0,#FF0000
2024-02-27,Okanogan County,XBB,0.0,927810,0.0,#9FA8DA
2024-02-27,Okanogan County,XBB.1.16,0.0,927810,0.0,#4527A0
2024-02-27,Okanogan County,XBB.1.16.1,0.0,927810,0.0,#F89B9B
2024-02-27,Okanogan County,XBB.1.16.15,0.0,927810,0.0,#E3B5FA
2024-02-27,Okanogan County,XBB.1.16.6,0.0,927810,0.0,#5AA350
2024-02-27,Okanogan County,XBB.1.42.1,0.0,927810,0.0,#75D1A3
2024-02-27,Okanogan County,XBB.1.5,0.0,927810,0.0,#3F51B5
2024-02-27,Okanogan County,XBB.1.5.70,0.0,927810,0.0,#46783C
2024-02-27,Okanogan County,XBB.1.5.72,0.0,927810,0.0,#254220
2024-02-27,Okanogan County,XBB.1.9.1,0.0,927810,0.0,#304FFE
2024-02-27,Okanogan County,XBB.1.9.2,0.0,927810,0.0,#536DFE
2024-02-27,Okanogan County,XBB.2.3,0.0,927810,0.0,#F7BCDF
2024-02-27,Okanogan County,XDP,0.0,927810,0.0,#B60052
2024-02-27,Okanogan County,XDV.1,0.0,927810,0.0,#D367B6
2024-02-27,Okanogan County,unreportable,9374.5272933,927810,0.010103929999999999,#eeeeee
2024-02-27,Pierce County,BA.2,0.0,69239,0.0,#9CCD67
2024-02-27,Pierce County,BA.2.12.1,0.0,69239,0.0,#7CB342
2024-02-27,Pierce County,BA.2.86,0.0,69239,0.0,#D770EE
2024-02-27,Pierce County,EG.5,0.0,69239,0.0,#FFBE7D
2024-02-27,Pierce County,EG.5.1.8,0.0,69239,0.0,#E14D6F
2024-02-27,Pierce County,EG.6.1,0.0,69239,0.0,#B9ABA8
2024-02-27,Pierce County,FE.1.1,0.0,69239,0.0,#499894
2024-02-27,Pierce County,FL.1.5.1,0.0,69239,0.0,#8CD17D
2024-02-27,Pierce County,GE.1,0.0,69239,0.0,#FABFD2
2024-02-27,Pierce County,GK.1.1,0.0,69239,0.0,#90FAE5
2024-02-27,Pierce County,HF.1,0.0,69239,0.0,#D399AD
2024-02-27,Pierce County,HK.3,0.0,69239,0.0,#859DBC
2024-02-27,Pierce County,HV.1,0.0,69239,0.0,#797765
2024-02-27,Pierce County,JD.1.1,0.0,69239,0.0,#80F192
2024-02-27,Pierce County,JF.1,0.0,69239,0.0,#FFF1A9
2024-02-27,Pierce County,JG.3,0.0,69239,0.0,#66A172
2024-02-27,Pierce County,JN.1,60484.0400255,69239,0.8735545,#61018F
2024-02-27,Pierce County,JN.1.11.1,0.0,69239,0.0,#5C9CF1
2024-02-27,Pierce County,JN.1.13,0.0,69239,0.0,#E83C78
2024-02-27,Pierce County,JN.1.13.1,0.0,69239,0.0,#F2591C
2024-02-27,Pierce County,JN.1.16,293.56782088,69239,0.00423992,#BC3A88
2024-02-27,Pierce County,JN.1.16.1,0.0,69239,0.0,#366298
2024-02-27,Pierce County,JN.1.18,0.0,69239,0.0,#4AF32F
2024-02-27,Pierce County,JN.1.32,0.0,69239,0.0,#2E7919
2024-02-27,Pierce County,JN.1.4.3,0.0,69239,0.0,#9D1010
2024-02-27,Pierce County,JN.1.7,7858.31284733,69239,0.11349547,#CF15E8
2024-02-27,Pierce County,JN.1.8.1,0.0,69239,0.0,#FFB027
2024-02-27,Pierce County,KP.1.1,0.0,69239,0.0,#CBFF86
2024-02-27,Pierce County,KP.1.1.3,0.0,69239,0.0,#1EB3B6
2024-02-27,Pierce County,KP.1.2,0.0,69239,0.0,#D7B5A6
2024-02-27,Pierce County,KP.2,0.0,69239,0.0,#5875A1
2024-02-27,Pierce County,KP.2.15,0.0,69239,0.0,#175DFF
2024-02-27,Pierce County,KP.2.3,0.0,69239,0.0,#628DE8
2024-02-27,Pierce County,KP.3,0.0,69239,0.0,#B06589
2024-02-27,Pierce County,KP.3.1.1,0.0,69239,0.0,#2F92A1
2024-02-27,Pierce County,KP.4.1,0.0,69239,0.0,#FF473A
2024-02-27,Pierce County,KQ.1,0.0,69239,0.0,#E86CDE
2024-02-27,Pierce County,KV.2,0.0,69239,0.0,#E14365
2024-02-27,Pierce County,KW.1.1,0.0,69239,0.0,#34A0FF
2024-02-27,Pierce County,LB.1,0.0,69239,0.0,#795653
2024-02-27,Pierce County,Recombinant,0.0,69239,0.0,#FF0000
2024-02-27,Pierce County,XBB,0.0,69239,0.0,#9FA8DA
2024-02-27,Pierce County,XBB.1.16,0.0,69239,0.0,#4527A0
2024-02-27,Pierce County,XBB.1.16.1,0.0,69239,0.0,#F89B9B
2024-02-27,Pierce County,XBB.1.16.15,0.0,69239,0.0,#E3B5FA
2024-02-27,Pierce County,XBB.1.16.6,0.0,69239,0.0,#5AA350
2024-02-27,Pierce County,XBB.1.42.1,0.0,69239,0.0,#75D1A3
2024-02-27,Pierce County,XBB.1.5,0.0,69239,0.0,#3F51B5
2024-02-27,Pierce County,XBB.1.5.70,0.0,69239,0.0,#46783C
2024-02-27,Pierce County,XBB.1.5.72,0.0,69239,0.0,#254220
2024-02-27,Pierce County,XBB.1.9.1,0.0,69239,0.0,#304FFE
2024-02-27,Pierce County,XBB.1.9.2,0.0,69239,0.0,#536DFE
2024-02-27,Pierce County,XBB.2.3,0.0,69239,0.0,#F7BCDF
2024-02-27,Pierce County,XDP,0.0,69239,0.0,#B60052
2024-02-27,Pierce County,XDV.1,0.0,69239,0.0,#D367B6
2024-02-27,Pierce County,unreportable,603.07930629,69239,0.00871011,#eeeeee
2024-02-27,Spokane County,BA.2,0.0,713850,0.0,#9CCD67
2024-02-27,Spokane County,BA.2.12.1,0.0,713850,0.0,#7CB342
2024-02-27,Spokane County,BA.2.86,0.0,713850,0.0,#D770EE
2024-02-27,Spokane County,EG.5,0.0,713850,0.0,#FFBE7D
2024-02-27,Spokane County,EG.5.1.8,0.0,713850,0.0,#E14D6F
2024-02-27,Spokane County,EG.6.1,0.0,713850,0.0,#B9ABA8
2024-02-27,Spokane County,FE.1.1,0.0,713850,0.0,#499894
2024-02-27,Spokane County,FL.1.5.1,0.0,713850,0.0,#8CD17D
2024-02-27,Spokane County,GE.1,0.0,713850,0.0,#FABFD2
2024-02-27,Spokane County,GK.1.1,0.0,713850,0.0,#90FAE5
2024-02-27,Spokane County,HF.1,0.0,713850,0.0,#D399AD
2024-02-27,Spokane County,HK.3,0.0,713850,0.0,#859DBC
2024-02-27,Spokane County,HV.1,0.0,713850,0.0,#797765
2024-02-27,Spokane County,JD.1.1,0.0,713850,0.0,#80F192
2024-02-27,Spokane County,JF.1,0.0,713850,0.0,#FFF1A9
2024-02-27,Spokane County,JG.3,0.0,713850,0.0,#66A172
2024-02-27,Spokane County,JN.1,192101.6536095,713850,0.26910647,#61018F
2024-02-27,Spokane County,JN.1.11.1,0.0,713850,0.0,#5C9CF1
2024-02-27,Spokane County,JN.1.13,0.0,713850,0.0,#E83C78
2024-02-27,Spokane County,JN.1.13.1,0.0,713850,0.0,#F2591C
2024-02-27,Spokane County,JN.1.16,1616.72748,713850,0.0022648,#BC3A88
2024-02-27,Spokane County,JN.1.16.1,0.0,713850,0.0,#366298
2024-02-27,Spokane County,JN.1.18,0.0,713850,0.0,#4AF32F
2024-02-27,Spokane County,JN.1.32,0.0,713850,0.0,#2E7919
2024-02-27,Spokane County,JN.1.4.3,325547.1164775,713850,0.45604415000000004,#9D1010
2024-02-27,Spokane County,JN.1.7,177020.394507,713850,0.24797982,#CF15E8
2024-02-27,Spokane County,JN.1.8.1,10514.910560999999,713850,0.01472986,#FFB027
2024-02-27,Spokane County,KP.1.1,0.0,713850,0.0,#CBFF86
2024-02-27,Spokane County,KP.1.1.3,0.0,713850,0.0,#1EB3B6
2024-02-27,Spokane County,KP.1.2,0.0,713850,0.0,#D7B5A6
2024-02-27,Spokane County,KP.2,0.0,713850,0.0,#5875A1
2024-02-27,Spokane County,KP.2.15,0.0,713850,0.0,#175DFF
2024-02-27,Spokane County,KP.2.3,0.0,713850,0.0,#628DE8
2024-02-27,Spokane County,KP.3,0.0,713850,0.0,#B06589
2024-02-27,Spokane County,KP.3.1.1,0.0,713850,0.0,#2F92A1
2024-02-27,Spokane County,KP.4.1,0.0,713850,0.0,#FF473A
2024-02-27,Spokane County,KQ.1,0.0,713850,0.0,#E86CDE
2024-02-27,Spokane County,KV.2,0.0,713850,0.0,#E14365
2024-02-27,Spokane County,KW.1.1,0.0,713850,0.0,#34A0FF
2024-02-27,Spokane County,LB.1,0.0,713850,0.0,#795653
2024-02-27,Spokane County,Recombinant,0.0,713850,0.0,#FF0000
2024-02-27,Spokane County,XBB,0.0,713850,0.0,#9FA8DA
2024-02-27,Spokane County,XBB.1.16,0.0,713850,0.0,#4527A0
2024-02-27,Spokane County,XBB.1.16.1,0.0,713850,0.0,#F89B9B
2024-02-27,Spokane County,XBB.1.16.15,0.0,713850,0.0,#E3B5FA
2024-02-27,Spokane County,XBB.1.16.6,0.0,713850,0.0,#5AA350
2024-02-27,Spokane County,XBB.1.42.1,0.0,713850,0.0,#75D1A3
2024-02-27,Spokane County,XBB.1.5,0.0,713850,0.0,#3F51B5
2024-02-27,Spokane County,XBB.1.5.70,0.0,713850,0.0,#46783C
2024-02-27,Spokane County,XBB.1.5.72,0.0,713850,0.0,#254220
2024-02-27,Spokane County,XBB.1.9.1,0.0,713850,0.0,#304FFE
2024-02-27,Spokane County,XBB.1.9.2,0.0,713850,0.0,#536DFE
2024-02-27,Spokane County,XBB.2.3,0.0,713850,0.0,#F7BCDF
2024-02-27,Spokane County,XDP,0.0,713850,0.0,#B60052
2024-02-27,Spokane County,XDV.1,0.0,713850,0.0,#D367B6
2024-02-27,Spokane County,unreportable,7049.2045035,713850,0.00987491,#eeeeee
2024-02-27,Thurston County,BA.2,0.0,98160,0.0,#9CCD67
2024-02-27,Thurston County,BA.2.12.1,0.0,98160,0.0,#7CB342
2024-02-27,Thurston County,BA.2.86,0.0,98160,0.0,#D770EE
2024-02-27,Thurston County,EG.5,0.0,98160,0.0,#FFBE7D
2024-02-27,Thurston County,EG.5.1.8,0.0,98160,0.0,#E14D6F
2024-02-27,Thurston County,EG.6.1,0.0,98160,0.0,#B9ABA8
2024-02-27,Thurston County,FE.1.1,0.0,98160,0.0,#499894
2024-02-27,Thurston County,FL.1.5.1,0.0,98160,0.0,#8CD17D
2024-02-27,Thurston County,GE.1,0.0,98160,0.0,#FABFD2
2024-02-27,Thurston County,GK.1.1,0.0,98160,0.0,#90FAE5
2024-02-27,Thurston County,HF.1,0.0,98160,0.0,#D399AD
2024-02-27,Thurston County,HK.3,0.0,98160,0.0,#859DBC
2024-02-27,Thurston County,HV.1,0.0,98160,0.0,#797765
2024-02-27,Thurston County,JD.1.1,0.0,98160,0.0,#80F192
2024-02-27,Thurston County,JF.1,0.0,98160,0.0,#FFF1A9
2024-02-27,Thurston County,JG.3,0.0,98160,0.0,#66A172
2024-02-27,Thurston County,JN.1,97126.7226864,98160,0.98947354,#61018F
2024-02-27,Thurston County,JN.1.11.1,0.0,98160,0.0,#5C9CF1
2024-02-27,Thurston County,JN.1.13,0.0,98160,0.0,#E83C78
2024-02-27,Thurston County,JN.1.13.1,0.0,98160,0.0,#F2591C
2024-02-27,Thurston County,JN.1.16,0.0,98160,0.0,#BC3A88
2024-02-27,Thurston County,JN.1.16.1,0.0,98160,0.0,#366298
2024-02-27,Thurston County,JN.1.18,0.0,98160,0.0,#4AF32F
2024-02-27,Thurston County,JN.1.32,0.0,98160,0.0,#2E7919
2024-02-27,Thurston County,JN.1.4.3,105.7507128,98160,0.00107733,#9D1010
2024-02-27,Thurston County,JN.1.7,0.0,98160,0.0,#CF15E8
2024-02-27,Thurston County,JN.1.8.1,47.1197448,98160,0.00048003,#FFB027
2024-02-27,Thurston County,KP.1.1,0.0,98160,0.0,#CBFF86
2024-02-27,Thurston County,KP.1.1.3,0.0,98160,0.0,#1EB3B6
2024-02-27,Thurston County,KP.1.2,0.0,98160,0.0,#D7B5A6
2024-02-27,Thurston County,KP.2,0.0,98160,0.0,#5875A1
2024-02-27,Thurston County,KP.2.15,0.0,98160,0.0,#175DFF
2024-02-27,Thurston County,KP.2.3,0.0,98160,0.0,#628DE8
2024-02-27,Thurston County,KP.3,0.0,98160,0.0,#B06589
2024-02-27,Thurston County,KP.3.1.1,0.0,98160,0.0,#2F92A1
2024-02-27,Thurston County,KP.4.1,0.0,98160,0.0,#FF473A
2024-02-27,Thurston County,KQ.1,0.0,98160,0.0,#E86CDE
2024-02-27,Thurston County,KV.2,0.0,98160,0.0,#E14365
2024-02-27,Thurston County,KW.1.1,0.0,98160,0.0,#34A0FF
2024-02-27,Thurston County,LB.1,0.0,98160,0.0,#795653
2024-02-27,Thurston County,Recombinant,0.0,98160,0.0,#FF0000
2024-02-27,Thurston County,XBB,0.0,98160,0.0,#9FA8DA
2024-02-27,Thurston County,XBB.1.16,0.0,98160,0.0,#4527A0
2024-02-27,Thurston County,XBB.1.16.1,0.0,98160,0.0,#F89B9B
2024-02-27,Thurston County,XBB.1.16.15,0.0,98160,0.0,#E3B5FA
2024-02-27,Thurston County,XBB.1.16.6,0.0,98160,0.0,#5AA350
2024-02-27,Thurston County,XBB.1.42.1,0.0,98160,0.0,#75D1A3
2024-02-27,Thurston County,XBB.1.5,0.0,98160,0.0,#3F51B5
2024-02-27,Thurston County,XBB.1.5.70,0.0,98160,0.0,#46783C
2024-02-27,Thurston County,XBB.1.5.72,0.0,98160,0.0,#254220
2024-02-27,Thurston County,XBB.1.9.1,0.0,98160,0.0,#304FFE
2024-02-27,Thurston County,XBB.1.9.2,0.0,98160,0.0,#536DFE
2024-02-27,Thurston County,XBB.2.3,0.0,98160,0.0,#F7BCDF
2024-02-27,Thurston County,XDP,0.0,98160,0.0,#B60052
2024-02-27,Thurston County,XDV.1,0.0,98160,0.0,#D367B6
2024-02-27,Thurston County,unreportable,880.4058744,98160,0.00896909,#eeeeee
2024-02-27,Whitman County,BA.2,0.0,245487,0.0,#9CCD67
2024-02-27,Whitman County,BA.2.12.1,0.0,245487,0.0,#7CB342
2024-02-27,Whitman County,BA.2.86,0.0,245487,0.0,#D770EE
2024-02-27,Whitman County,EG.5,0.0,245487,0.0,#FFBE7D
2024-02-27,Whitman County,EG.5.1.8,0.0,245487,0.0,#E14D6F
2024-02-27,Whitman County,EG.6.1,0.0,245487,0.0,#B9ABA8
2024-02-27,Whitman County,FE.1.1,0.0,245487,0.0,#499894
2024-02-27,Whitman County,FL.1.5.1,0.0,245487,0.0,#8CD17D
2024-02-27,Whitman County,GE.1,0.0,245487,0.0,#FABFD2
2024-02-27,Whitman County,GK.1.1,0.0,245487,0.0,#90FAE5
2024-02-27,Whitman County,HF.1,0.0,245487,0.0,#D399AD
2024-02-27,Whitman County,HK.3,0.0,245487,0.0,#859DBC
2024-02-27,Whitman County,HV.1,0.0,245487,0.0,#797765
2024-02-27,Whitman County,JD.1.1,0.0,245487,0.0,#80F192
2024-02-27,Whitman County,JF.1,0.0,245487,0.0,#FFF1A9
2024-02-27,Whitman County,JG.3,0.0,245487,0.0,#66A172
2024-02-27,Whitman County,JN.1,123823.30157307,245487,0.50439861,#61018F
2024-02-27,Whitman County,JN.1.11.1,0.0,245487,0.0,#5C9CF1
2024-02-27,Whitman County,JN.1.13,0.0,245487,0.0,#E83C78
2024-02-27,Whitman County,JN.1.13.1,0.0,245487,0.0,#F2591C
2024-02-27,Whitman County,JN.1.16,64379.59665159001,245487,0.26225257,#BC3A88
2024-02-27,Whitman County,JN.1.16.1,0.0,245487,0.0,#366298
2024-02-27,Whitman County,JN.1.18,0.0,245487,0.0,#4AF32F
2024-02-27,Whitman County,JN.1.32,0.0,245487,0.0,#2E7919
2024-02-27,Whitman County,JN.1.4.3,15306.56614608,245487,0.06235184,#9D1010
2024-02-27,Whitman County,JN.1.7,16024.942118789999,245487,0.06527817,#CF15E8
2024-02-27,Whitman County,JN.1.8.1,23824.645912980002,245487,0.09705054,#FFB027
2024-02-27,Whitman County,KP.1.1,0.0,245487,0.0,#CBFF86
2024-02-27,Whitman County,KP.1.1.3,0.0,245487,0.0,#1EB3B6
2024-02-27,Whitman County,KP.1.2,0.0,245487,0.0,#D7B5A6
2024-02-27,Whitman County,KP.2,0.0,245487,0.0,#5875A1
2024-02-27,Whitman County,KP.2.15,0.0,245487,0.0,#175DFF
2024-02-27,Whitman County,KP.2.3,0.0,245487,0.0,#628DE8
2024-02-27,Whitman County,KP.3,0.0,245487,0.0,#B06589
2024-02-27,Whitman County,KP.3.1.1,0.0,245487,0.0,#2F92A1
2024-02-27,Whitman County,KP.4.1,0.0,245487,0.0,#FF473A
2024-02-27,Whitman County,KQ.1,0.0,245487,0.0,#E86CDE
2024-02-27,Whitman County,KV.2,0.0,245487,0.0,#E14365
2024-02-27,Whitman County,KW.1.1,0.0,245487,0.0,#34A0FF
2024-02-27,Whitman County,LB.1,0.0,245487,0.0,#795653
2024-02-27,Whitman County,Recombinant,0.0,245487,0.0,#FF0000
2024-02-27,Whitman County,XBB,0.0,245487,0.0,#9FA8DA
2024-02-27,Whitman County,XBB.1.16,0.0,245487,0.0,#4527A0
2024-02-27,Whitman County,XBB.1.16.1,0.0,245487,0.0,#F89B9B
2024-02-27,Whitman County,XBB.1.16.15,0.0,245487,0.0,#E3B5FA
2024-02-27,Whitman County,XBB.1.16.6,0.0,245487,0.0,#5AA350
2024-02-27,Whitman County,XBB.1.42.1,0.0,245487,0.0,#75D1A3
2024-02-27,Whitman County,XBB.1.5,0.0,245487,0.0,#3F51B5
2024-02-27,Whitman County,XBB.1.5.70,0.0,245487,0.0,#46783C
2024-02-27,Whitman County,XBB.1.5.72,0.0,245487,0.0,#254220
2024-02-27,Whitman County,XBB.1.9.1,0.0,245487,0.0,#304FFE
2024-02-27,Whitman County,XBB.1.9.2,0.0,245487,0.0,#536DFE
2024-02-27,Whitman County,XBB.2.3,0.0,245487,0.0,#F7BCDF
2024-02-27,Whitman County,XDP,0.0,245487,0.0,#B60052
2024-02-27,Whitman County,XDV.1,0.0,245487,0.0,#D367B6
2024-02-27,Whitman County,unreportable,2127.9525072300003,245487,0.00866829,#eeeeee
2024-02-27,Yakima County,BA.2,0.0,1933008,0.0,#9CCD67
2024-02-27,Yakima County,BA.2.12.1,0.0,1933008,0.0,#7CB342
2024-02-27,Yakima County,BA.2.86,3993.1042864,1933008,0.0020657463840811833,#D770EE
2024-02-27,Yakima County,EG.5,0.0,1933008,0.0,#FFBE7D
2024-02-27,Yakima County,EG.5.1.8,0.0,1933008,0.0,#E14D6F
2024-02-27,Yakima County,EG.6.1,0.0,1933008,0.0,#B9ABA8
2024-02-27,Yakima County,FE.1.1,0.0,1933008,0.0,#499894
2024-02-27,Yakima County,FL.1.5.1,0.0,1933008,0.0,#8CD17D
2024-02-27,Yakima County,GE.1,0.0,1933008,0.0,#FABFD2
2024-02-27,Yakima County,GK.1.1,0.0,1933008,0.0,#90FAE5
2024-02-27,Yakima County,HF.1,0.0,1933008,0.0,#D399AD
2024-02-27,Yakima County,HK.3,0.0,1933008,0.0,#859DBC
2024-02-27,Yakima County,HV.1,0.0,1933008,0.0,#797765
2024-02-27,Yakima County,JD.1.1,0.0,1933008,0.0,#80F192
2024-02-27,Yakima County,JF.1,0.0,1933008,0.0,#FFF1A9
2024-02-27,Yakima County,JG.3,0.0,1933008,0.0,#66A172
2024-02-27,Yakima County,JN.1,1712305.53659706,1933008,0.8858243404047268,#61018F
2024-02-27,Yakima County,JN.1.11.1,6920.2136808,1933008,0.003580023300886494,#5C9CF1
2024-02-27,Yakima County,JN.1.13,0.0,1933008,0.0,#E83C78
2024-02-27,Yakima County,JN.1.13.1,0.0,1933008,0.0,#F2591C
2024-02-27,Yakima County,JN.1.16,22008.2526908,1933008,0.011385494881966345,#BC3A88
2024-02-27,Yakima County,JN.1.16.1,0.0,1933008,0.0,#366298
2024-02-27,Yakima County,JN.1.18,1581.8790177999997,1933008,0.00081835099378792,#4AF32F
2024-02-27,Yakima County,JN.1.32,0.0,1933008,0.0,#2E7919
2024-02-27,Yakima County,JN.1.4.3,101849.4103514,1933008,0.0526895958792721,#9D1010
2024-02-27,Yakima County,JN.1.7,35546.3479682,1933008,0.018389136500314537,#CF15E8
2024-02-27,Yakima County,JN.1.8.1,3664.5884508,1933008,0.0018957958015693676,#FFB027
2024-02-27,Yakima County,KP.1.1,604.67215386,1933008,0.00031281409795510417,#CBFF86
2024-02-27,Yakima County,KP.1.1.3,0.0,1933008,0.0,#1EB3B6
2024-02-27,Yakima County,KP.1.2,0.0,1933008,0.0,#D7B5A6
2024-02-27,Yakima County,KP.2,0.0,1933008,0.0,#5875A1
2024-02-27,Yakima County,KP.2.15,0.0,1933008,0.0,#175DFF
2024-02-27,Yakima County,KP.2.3,0.0,1933008,0.0,#628DE8
2024-02-27,Yakima County,KP.3,0.0,1933008,0.0,#B06589
2024-02-27,Yakima County,KP.3.1.1,0.0,1933008,0.0,#2F92A1
2024-02-27,Yakima County,KP.4.1,0.0,1933008,0.0,#FF473A
2024-02-27,Yakima County,KQ.1,0.0,1933008,0.0,#E86CDE
2024-02-27,Yakima County,KV.2,0.0,1933008,0.0,#E14365
2024-02-27,Yakima County,KW.1.1,0.0,1933008,0.0,#34A0FF
2024-02-27,Yakima County,LB.1,0.0,1933008,0.0,#795653
2024-02-27,Yakima County,Recombinant,0.0,1933008,0.0,#FF0000
2024-02-27,Yakima County,XBB,0.0,1933008,0.0,#9FA8DA
2024-02-27,Yakima County,XBB.1.16,0.0,1933008,0.0,#4527A0
2024-02-27,Yakima County,XBB.1.16.1,0.0,1933008,0.0,#F89B9B
2024-02-27,Yakima County,XBB.1.16.15,0.0,1933008,0.0,#E3B5FA
2024-02-27,Yakima County,XBB.1.16.6,0.0,1933008,0.0,#5AA350
2024-02-27,Yakima County,XBB.1.42.1,0.0,1933008,0.0,#75D1A3
2024-02-27,Yakima County,XBB.1.5,0.0,1933008,0.0,#3F51B5
2024-02-27,Yakima County,XBB.1.5.70,0.0,1933008,0.0,#46783C
2024-02-27,Yakima County,XBB.1.5.72,0.0,1933008,0.0,#254220
2024-02-27,Yakima County,XBB.1.9.1,0.0,1933008,0.0,#304FFE
2024-02-27,Yakima County,XBB.1.9.2,0.0,1933008,0.0,#536DFE
2024-02-27,Yakima County,XBB.2.3,0.0,1933008,0.0,#F7BCDF
2024-02-27,Yakima County,XDP,23284.40329552,1933008,0.01204568387483135,#B60052
2024-02-27,Yakima County,XDV.1,0.0,1933008,0.0,#D367B6
2024-02-27,Yakima County,unreportable,21249.57669416,1933008,0.010993010217319328,#eeeeee
2024-03-05,Benton County,BA.2,0.0,502178,0.0,#9CCD67
2024-03-05,Benton County,BA.2.12.1,0.0,502178,0.0,#7CB342
2024-03-05,Benton County,BA.2.86,0.0,502178,0.0,#D770EE
2024-03-05,Benton County,EG.5,0.0,502178,0.0,#FFBE7D
2024-03-05,Benton County,EG.5.1.8,0.0,502178,0.0,#E14D6F
2024-03-05,Benton County,EG.6.1,0.0,502178,0.0,#B9ABA8
2024-03-05,Benton County,FE.1.1,0.0,502178,0.0,#499894
2024-03-05,Benton County,FL.1.5.1,0.0,502178,0.0,#8CD17D
2024-03-05,Benton County,GE.1,0.0,502178,0.0,#FABFD2
2024-03-05,Benton County,GK.1.1,0.0,502178,0.0,#90FAE5
2024-03-05,Benton County,HF.1,0.0,502178,0.0,#D399AD
2024-03-05,Benton County,HK.3,0.0,502178,0.0,#859DBC
2024-03-05,Benton County,HV.1,0.0,502178,0.0,#797765
2024-03-05,Benton County,JD.1.1,0.0,502178,0.0,#80F192
2024-03-05,Benton County,JF.1,0.0,502178,0.0,#FFF1A9
2024-03-05,Benton County,JG.3,0.0,502178,0.0,#66A172
2024-03-05,Benton County,JN.1,90255.47771468,502178,0.17972806,#61018F
2024-03-05,Benton County,JN.1.11.1,0.0,502178,0.0,#5C9CF1
2024-03-05,Benton County,JN.1.13,0.0,502178,0.0,#E83C78
2024-03-05,Benton County,JN.1.13.1,0.0,502178,0.0,#F2591C
2024-03-05,Benton County,JN.1.16,1342.2314019599999,502178,0.00267282,#BC3A88
2024-03-05,Benton County,JN.1.16.1,0.0,502178,0.0,#366298
2024-03-05,Benton County,JN.1.18,42181.68651144,502178,0.08399748,#4AF32F
2024-03-05,Benton County,JN.1.32,0.0,502178,0.0,#2E7919
2024-03-05,Benton County,JN.1.4.3,270962.15701953997,502178,0.53957393,#9D1010
2024-03-05,Benton County,JN.1.7,13427.39103918,502178,0.02673831,#CF15E8
2024-03-05,Benton County,JN.1.8.1,751.54955124,502178,0.00149658,#FFB027
2024-03-05,Benton County,KP.1.1,0.0,502178,0.0,#CBFF86
2024-03-05,Benton County,KP.1.1.3,0.0,502178,0.0,#1EB3B6
2024-03-05,Benton County,KP.1.2,0.0,502178,0.0,#D7B5A6
2024-03-05,Benton County,KP.2,0.0,502178,0.0,#5875A1
2024-03-05,Benton County,KP.2.15,0.0,502178,0.0,#175DFF
2024-03-05,Benton County,KP.2.3,0.0,502178,0.0,#628DE8
2024-03-05,Benton County,KP.3,0.0,502178,0.0,#B06589
2024-03-05,Benton County,KP.3.1.1,0.0,502178,0.0,#2F92A1
2024-03-05,Benton County,KP.4.1,0.0,502178,0.0,#FF473A
2024-03-05,Benton County,KQ.1,77426.52215454,502178,0.15418143,#E86CDE
2024-03-05,Benton County,KV.2,0.0,502178,0.0,#E14365
2024-03-05,Benton County,KW.1.1,0.0,502178,0.0,#34A0FF
2024-03-05,Benton County,LB.1,0.0,502178,0.0,#795653
2024-03-05,Benton County,Recombinant,0.0,502178,0.0,#FF0000
2024-03-05,Benton County,XBB,0.0,502178,0.0,#9FA8DA
2024-03-05,Benton County,XBB.1.16,0.0,502178,0.0,#4527A0
2024-03-05,Benton County,XBB.1.16.1,0.0,502178,0.0,#F89B9B
2024-03-05,Benton County,XBB.1.16.15,0.0,502178,0.0,#E3B5FA
2024-03-05,Benton County,XBB.1.16.6,0.0,502178,0.0,#5AA350
2024-03-05,Benton County,XBB.1.42.1,0.0,502178,0.0,#75D1A3
2024-03-05,Benton County,XBB.1.5,0.0,502178,0.0,#3F51B5
2024-03-05,Benton County,XBB.1.5.70,0.0,502178,0.0,#46783C
2024-03-05,Benton County,XBB.1.5.72,0.0,502178,0.0,#254220
2024-03-05,Benton County,XBB.1.9.1,0.0,502178,0.0,#304FFE
2024-03-05,Benton County,XBB.1.9.2,0.0,502178,0.0,#536DFE
2024-03-05,Benton County,XBB.2.3,0.0,502178,0.0,#F7BCDF
2024-03-05,Benton County,XDP,0.0,502178,0.0,#B60052
2024-03-05,Benton County,XDV.1,0.0,502178,0.0,#D367B6
2024-03-05,Benton County,unreportable,5830.989629199999,502178,0.0116114,#eeeeee
2024-03-05,Chelan County,BA.2,0.0,923896,0.0,#9CCD67
2024-03-05,Chelan County,BA.2.12.1,0.0,923896,0.0,#7CB342
2024-03-05,Chelan County,BA.2.86,0.0,923896,0.0,#D770EE
2024-03-05,Chelan County,EG.5,0.0,923896,0.0,#FFBE7D
2024-03-05,Chelan County,EG.5.1.8,0.0,923896,0.0,#E14D6F
2024-03-05,Chelan County,EG.6.1,0.0,923896,0.0,#B9ABA8
2024-03-05,Chelan County,FE.1.1,0.0,923896,0.0,#499894
2024-03-05,Chelan County,FL.1.5.1,0.0,923896,0.0,#8CD17D
2024-03-05,Chelan County,GE.1,0.0,923896,0.0,#FABFD2
2024-03-05,Chelan County,GK.1.1,0.0,923896,0.0,#90FAE5
2024-03-05,Chelan County,HF.1,0.0,923896,0.0,#D399AD
2024-03-05,Chelan County,HK.3,0.0,923896,0.0,#859DBC
2024-03-05,Chelan County,HV.1,0.0,923896,0.0,#797765
2024-03-05,Chelan County,JD.1.1,0.0,923896,0.0,#80F192
2024-03-05,Chelan County,JF.1,0.0,923896,0.0,#FFF1A9
2024-03-05,Chelan County,JG.3,0.0,923896,0.0,#66A172
2024-03-05,Chelan County,JN.1,724087.5473894,923896,0.7837327441502073,#61018F
2024-03-05,Chelan County,JN.1.11.1,2707.9684451999997,923896,0.002931031680189112,#5C9CF1
2024-03-05,Chelan County,JN.1.13,0.0,923896,0.0,#E83C78
2024-03-05,Chelan County,JN.1.13.1,0.0,923896,0.0,#F2591C
2024-03-05,Chelan County,JN.1.16,217.53710288,923896,0.00023545626659277668,#BC3A88
2024-03-05,Chelan County,JN.1.16.1,0.0,923896,0.0,#366298
2024-03-05,Chelan County,JN.1.18,0.0,923896,0.0,#4AF32F
2024-03-05,Chelan County,JN.1.32,0.0,923896,0.0,#2E7919
2024-03-05,Chelan County,JN.1.4.3,184257.3666564,923896,0.19943518172651467,#9D1010
2024-03-05,Chelan County,JN.1.7,162.4339554,923896,0.0001758141126273953,#CF15E8
2024-03-05,Chelan County,JN.1.8.1,7033.58656136,923896,0.00761296353849351,#FFB027
2024-03-05,Chelan County,KP.1.1,0.0,923896,0.0,#CBFF86
2024-03-05,Chelan County,KP.1.1.3,0.0,923896,0.0,#1EB3B6
2024-03-05,Chelan County,KP.1.2,0.0,923896,0.0,#D7B5A6
2024-03-05,Chelan County,KP.2,0.0,923896,0.0,#5875A1
2024-03-05,Chelan County,KP.2.15,0.0,923896,0.0,#175DFF
2024-03-05,Chelan County,KP.2.3,0.0,923896,0.0,#628DE8
2024-03-05,Chelan County,KP.3,0.0,923896,0.0,#B06589
2024-03-05,Chelan County,KP.3.1.1,0.0,923896,0.0,#2F92A1
2024-03-05,Chelan County,KP.4.1,0.0,923896,0.0,#FF473A
2024-03-05,Chelan County,KQ.1,0.0,923896,0.0,#E86CDE
2024-03-05,Chelan County,KV.2,0.0,923896,0.0,#E14365
2024-03-05,Chelan County,KW.1.1,0.0,923896,0.0,#34A0FF
2024-03-05,Chelan County,LB.1,0.0,923896,0.0,#795653
2024-03-05,Chelan County,Recombinant,0.0,923896,0.0,#FF0000
2024-03-05,Chelan County,XBB,0.0,923896,0.0,#9FA8DA
2024-03-05,Chelan County,XBB.1.16,0.0,923896,0.0,#4527A0
2024-03-05,Chelan County,XBB.1.16.1,0.0,923896,0.0,#F89B9B
2024-03-05,Chelan County,XBB.1.16.15,0.0,923896,0.0,#E3B5FA
2024-03-05,Chelan County,XBB.1.16.6,0.0,923896,0.0,#5AA350
2024-03-05,Chelan County,XBB.1.42.1,0.0,923896,0.0,#75D1A3
2024-03-05,Chelan County,XBB.1.5,0.0,923896,0.0,#3F51B5
2024-03-05,Chelan County,XBB.1.5.70,0.0,923896,0.0,#46783C
2024-03-05,Chelan County,XBB.1.5.72,0.0,923896,0.0,#254220
2024-03-05,Chelan County,XBB.1.9.1,0.0,923896,0.0,#304FFE
2024-03-05,Chelan County,XBB.1.9.2,0.0,923896,0.0,#536DFE
2024-03-05,Chelan County,XBB.2.3,0.0,923896,0.0,#F7BCDF
2024-03-05,Chelan County,XDP,0.0,923896,0.0,#B60052
2024-03-05,Chelan County,XDV.1,0.0,923896,0.0,#D367B6
2024-03-05,Chelan County,unreportable,5429.56617,923896,0.00587681532336973,#eeeeee
2024-03-05,Franklin County,BA.2,0.0,1215063,0.0,#9CCD67
2024-03-05,Franklin County,BA.2.12.1,0.0,1215063,0.0,#7CB342
2024-03-05,Franklin County,BA.2.86,0.0,1215063,0.0,#D770EE
2024-03-05,Franklin County,EG.5,0.0,1215063,0.0,#FFBE7D
2024-03-05,Franklin County,EG.5.1.8,0.0,1215063,0.0,#E14D6F
2024-03-05,Franklin County,EG.6.1,0.0,1215063,0.0,#B9ABA8
2024-03-05,Franklin County,FE.1.1,0.0,1215063,0.0,#499894
2024-03-05,Franklin County,FL.1.5.1,0.0,1215063,0.0,#8CD17D
2024-03-05,Franklin County,GE.1,0.0,1215063,0.0,#FABFD2
2024-03-05,Franklin County,GK.1.1,0.0,1215063,0.0,#90FAE5
2024-03-05,Franklin County,HF.1,0.0,1215063,0.0,#D399AD
2024-03-05,Franklin County,HK.3,0.0,1215063,0.0,#859DBC
2024-03-05,Franklin County,HV.1,0.0,1215063,0.0,#797765
2024-03-05,Franklin County,JD.1.1,0.0,1215063,0.0,#80F192
2024-03-05,Franklin County,JF.1,0.0,1215063,0.0,#FFF1A9
2024-03-05,Franklin County,JG.3,0.0,1215063,0.0,#66A172
2024-03-05,Franklin County,JN.1,1117361.11854579,1215063,0.9195910981947356,#61018F
2024-03-05,Franklin County,JN.1.11.1,0.0,1215063,0.0,#5C9CF1
2024-03-05,Franklin County,JN.1.13,0.0,1215063,0.0,#E83C78
2024-03-05,Franklin County,JN.1.13.1,0.0,1215063,0.0,#F2591C
2024-03-05,Franklin County,JN.1.16,0.0,1215063,0.0,#BC3A88
2024-03-05,Franklin County,JN.1.16.1,0.0,1215063,0.0,#366298
2024-03-05,Franklin County,JN.1.18,0.0,1215063,0.0,#4AF32F
2024-03-05,Franklin County,JN.1.32,0.0,1215063,0.0,#2E7919
2024-03-05,Franklin County,JN.1.4.3,0.0,1215063,0.0,#9D1010
2024-03-05,Franklin County,JN.1.7,0.0,1215063,0.0,#CF15E8
2024-03-05,Franklin County,JN.1.8.1,83255.9207172,1215063,0.0685198386562672,#FFB027
2024-03-05,Franklin County,KP.1.1,0.0,1215063,0.0,#CBFF86
2024-03-05,Franklin County,KP.1.1.3,0.0,1215063,0.0,#1EB3B6
2024-03-05,Franklin County,KP.1.2,0.0,1215063,0.0,#D7B5A6
2024-03-05,Franklin County,KP.2,0.0,1215063,0.0,#5875A1
2024-03-05,Franklin County,KP.2.15,0.0,1215063,0.0,#175DFF
2024-03-05,Franklin County,KP.2.3,0.0,1215063,0.0,#628DE8
2024-03-05,Franklin County,KP.3,0.0,1215063,0.0,#B06589
2024-03-05,Franklin County,KP.3.1.1,0.0,1215063,0.0,#2F92A1
2024-03-05,Franklin County,KP.4.1,0.0,1215063,0.0,#FF473A
2024-03-05,Franklin County,KQ.1,0.0,1215063,0.0,#E86CDE
2024-03-05,Franklin County,KV.2,0.0,1215063,0.0,#E14365
2024-03-05,Franklin County,KW.1.1,0.0,1215063,0.0,#34A0FF
2024-03-05,Franklin County,LB.1,0.0,1215063,0.0,#795653
2024-03-05,Franklin County,Recombinant,0.0,1215063,0.0,#FF0000
2024-03-05,Franklin County,XBB,0.0,1215063,0.0,#9FA8DA
2024-03-05,Franklin County,XBB.1.16,0.0,1215063,0.0,#4527A0
2024-03-05,Franklin County,XBB.1.16.1,0.0,1215063,0.0,#F89B9B
2024-03-05,Franklin County,XBB.1.16.15,0.0,1215063,0.0,#E3B5FA
2024-03-05,Franklin County,XBB.1.16.6,0.0,1215063,0.0,#5AA350
2024-03-05,Franklin County,XBB.1.42.1,0.0,1215063,0.0,#75D1A3
2024-03-05,Franklin County,XBB.1.5,0.0,1215063,0.0,#3F51B5
2024-03-05,Franklin County,XBB.1.5.70,0.0,1215063,0.0,#46783C
2024-03-05,Franklin County,XBB.1.5.72,0.0,1215063,0.0,#254220
2024-03-05,Franklin County,XBB.1.9.1,0.0,1215063,0.0,#304FFE
2024-03-05,Franklin County,XBB.1.9.2,0.0,1215063,0.0,#536DFE
2024-03-05,Franklin County,XBB.2.3,0.0,1215063,0.0,#F7BCDF
2024-03-05,Franklin County,XDP,0.0,1215063,0.0,#B60052
2024-03-05,Franklin County,XDV.1,0.0,1215063,0.0,#D367B6
2024-03-05,Franklin County,unreportable,14445.95595858,1215063,0.01188905921633693,#eeeeee
2024-03-05,Island County,BA.2,0.0,1778632,0.0,#9CCD67
2024-03-05,Island County,BA.2.12.1,0.0,1778632,0.0,#7CB342
2024-03-05,Island County,BA.2.86,0.0,1778632,0.0,#D770EE
2024-03-05,Island County,EG.5,0.0,1778632,0.0,#FFBE7D
2024-03-05,Island County,EG.5.1.8,0.0,1778632,0.0,#E14D6F
2024-03-05,Island County,EG.6.1,0.0,1778632,0.0,#B9ABA8
2024-03-05,Island County,FE.1.1,0.0,1778632,0.0,#499894
2024-03-05,Island County,FL.1.5.1,0.0,1778632,0.0,#8CD17D
2024-03-05,Island County,GE.1,0.0,1778632,0.0,#FABFD2
2024-03-05,Island County,GK.1.1,0.0,1778632,0.0,#90FAE5
2024-03-05,Island County,HF.1,0.0,1778632,0.0,#D399AD
2024-03-05,Island County,HK.3,0.0,1778632,0.0,#859DBC
2024-03-05,Island County,HV.1,0.0,1778632,0.0,#797765
2024-03-05,Island County,JD.1.1,0.0,1778632,0.0,#80F192
2024-03-05,Island County,JF.1,0.0,1778632,0.0,#FFF1A9
2024-03-05,Island County,JG.3,0.0,1778632,0.0,#66A172
2024-03-05,Island County,JN.1,1224336.06411819,1778632,0.6883582799129837,#61018F
2024-03-05,Island County,JN.1.11.1,0.0,1778632,0.0,#5C9CF1
2024-03-05,Island County,JN.1.13,0.0,1778632,0.0,#E83C78
2024-03-05,Island County,JN.1.13.1,0.0,1778632,0.0,#F2591C
2024-03-05,Island County,JN.1.16,0.0,1778632,0.0,#BC3A88
2024-03-05,Island County,JN.1.16.1,0.0,1778632,0.0,#366298
2024-03-05,Island County,JN.1.18,376.76315943,1778632,0.0002118274940684751,#4AF32F
2024-03-05,Island County,JN.1.32,130693.60832052,1778632,0.0734798476135142,#2E7919
2024-03-05,Island County,JN.1.4.3,0.0,1778632,0.0,#9D1010
2024-03-05,Island County,JN.1.7,328887.50087349495,1778632,0.18491036980864786,#CF15E8
2024-03-05,Island County,JN.1.8.1,78928.51611880498,1778632,0.04437596766436507,#FFB027
2024-03-05,Island County,KP.1.1,0.0,1778632,0.0,#CBFF86
2024-03-05,Island County,KP.1.1.3,0.0,1778632,0.0,#1EB3B6
2024-03-05,Island County,KP.1.2,0.0,1778632,0.0,#D7B5A6
2024-03-05,Island County,KP.2,0.0,1778632,0.0,#5875A1
2024-03-05,Island County,KP.2.15,0.0,1778632,0.0,#175DFF
2024-03-05,Island County,KP.2.3,0.0,1778632,0.0,#628DE8
2024-03-05,Island County,KP.3,0.0,1778632,0.0,#B06589
2024-03-05,Island County,KP.3.1.1,0.0,1778632,0.0,#2F92A1
2024-03-05,Island County,KP.4.1,0.0,1778632,0.0,#FF473A
2024-03-05,Island County,KQ.1,0.0,1778632,0.0,#E86CDE
2024-03-05,Island County,KV.2,0.0,1778632,0.0,#E14365
2024-03-05,Island County,KW.1.1,0.0,1778632,0.0,#34A0FF
2024-03-05,Island County,LB.1,0.0,1778632,0.0,#795653
2024-03-05,Island County,Recombinant,0.0,1778632,0.0,#FF0000
2024-03-05,Island County,XBB,0.0,1778632,0.0,#9FA8DA
2024-03-05,Island County,XBB.1.16,0.0,1778632,0.0,#4527A0
2024-03-05,Island County,XBB.1.16.1,0.0,1778632,0.0,#F89B9B
2024-03-05,Island County,XBB.1.16.15,0.0,1778632,0.0,#E3B5FA
2024-03-05,Island County,XBB.1.16.6,0.0,1778632,0.0,#5AA350
2024-03-05,Island County,XBB.1.42.1,0.0,1778632,0.0,#75D1A3
2024-03-05,Island County,XBB.1.5,0.0,1778632,0.0,#3F51B5
2024-03-05,Island County,XBB.1.5.70,0.0,1778632,0.0,#46783C
2024-03-05,Island County,XBB.1.5.72,0.0,1778632,0.0,#254220
2024-03-05,Island County,XBB.1.9.1,0.0,1778632,0.0,#304FFE
2024-03-05,Island County,XBB.1.9.2,0.0,1778632,0.0,#536DFE
2024-03-05,Island County,XBB.2.3,0.0,1778632,0.0,#F7BCDF
2024-03-05,Island County,XDP,0.0,1778632,0.0,#B60052
2024-03-05,Island County,XDV.1,0.0,1778632,0.0,#D367B6
2024-03-05,Island County,unreportable,15409.562110035,1778632,0.008663715771466497,#eeeeee
2024-03-05,Jefferson County,BA.2,0.0,162770,0.0,#9CCD67
2024-03-05,Jefferson County,BA.2.12.1,0.0,162770,0.0,#7CB342
2024-03-05,Jefferson County,BA.2.86,0.0,162770,0.0,#D770EE
2024-03-05,Jefferson County,EG.5,0.0,162770,0.0,#FFBE7D
2024-03-05,Jefferson County,EG.5.1.8,0.0,162770,0.0,#E14D6F
2024-03-05,Jefferson County,EG.6.1,0.0,162770,0.0,#B9ABA8
2024-03-05,Jefferson County,FE.1.1,0.0,162770,0.0,#499894
2024-03-05,Jefferson County,FL.1.5.1,0.0,162770,0.0,#8CD17D
2024-03-05,Jefferson County,GE.1,0.0,162770,0.0,#FABFD2
2024-03-05,Jefferson County,GK.1.1,0.0,162770,0.0,#90FAE5
2024-03-05,Jefferson County,HF.1,0.0,162770,0.0,#D399AD
2024-03-05,Jefferson County,HK.3,0.0,162770,0.0,#859DBC
2024-03-05,Jefferson County,HV.1,0.0,162770,0.0,#797765
2024-03-05,Jefferson County,JD.1.1,0.0,162770,0.0,#80F192
2024-03-05,Jefferson County,JF.1,0.0,162770,0.0,#FFF1A9
2024-03-05,Jefferson County,JG.3,0.0,162770,0.0,#66A172
2024-03-05,Jefferson County,JN.1,77449.89038469999,162770,0.4758241099999999,#61018F
2024-03-05,Jefferson County,JN.1.11.1,0.0,162770,0.0,#5C9CF1
2024-03-05,Jefferson County,JN.1.13,0.0,162770,0.0,#E83C78
2024-03-05,Jefferson County,JN.1.13.1,0.0,162770,0.0,#F2591C
2024-03-05,Jefferson County,JN.1.16,863.7390049999999,162770,0.0053065,#BC3A88
2024-03-05,Jefferson County,JN.1.16.1,0.0,162770,0.0,#366298
2024-03-05,Jefferson County,JN.1.18,0.0,162770,0.0,#4AF32F
2024-03-05,Jefferson County,JN.1.32,0.0,162770,0.0,#2E7919
2024-03-05,Jefferson County,JN.1.4.3,65210.427905599994,162770,0.40062928,#9D1010
2024-03-05,Jefferson County,JN.1.7,169.32149249999998,162770,0.00104025,#CF15E8
2024-03-05,Jefferson County,JN.1.8.1,0.0,162770,0.0,#FFB027
2024-03-05,Jefferson County,KP.1.1,0.0,162770,0.0,#CBFF86
2024-03-05,Jefferson County,KP.1.1.3,0.0,162770,0.0,#1EB3B6
2024-03-05,Jefferson County,KP.1.2,0.0,162770,0.0,#D7B5A6
2024-03-05,Jefferson County,KP.2,0.0,162770,0.0,#5875A1
2024-03-05,Jefferson County,KP.2.15,0.0,162770,0.0,#175DFF
2024-03-05,Jefferson County,KP.2.3,0.0,162770,0.0,#628DE8
2024-03-05,Jefferson County,KP.3,0.0,162770,0.0,#B06589
2024-03-05,Jefferson County,KP.3.1.1,0.0,162770,0.0,#2F92A1
2024-03-05,Jefferson County,KP.4.1,0.0,162770,0.0,#FF473A
2024-03-05,Jefferson County,KQ.1,0.0,162770,0.0,#E86CDE
2024-03-05,Jefferson County,KV.2,0.0,162770,0.0,#E14365
2024-03-05,Jefferson County,KW.1.1,0.0,162770,0.0,#34A0FF
2024-03-05,Jefferson County,LB.1,0.0,162770,0.0,#795653
2024-03-05,Jefferson County,Recombinant,0.0,162770,0.0,#FF0000
2024-03-05,Jefferson County,XBB,0.0,162770,0.0,#9FA8DA
2024-03-05,Jefferson County,XBB.1.16,0.0,162770,0.0,#4527A0
2024-03-05,Jefferson County,XBB.1.16.1,0.0,162770,0.0,#F89B9B
2024-03-05,Jefferson County,XBB.1.16.15,0.0,162770,0.0,#E3B5FA
2024-03-05,Jefferson County,XBB.1.16.6,0.0,162770,0.0,#5AA350
2024-03-05,Jefferson County,XBB.1.42.1,0.0,162770,0.0,#75D1A3
2024-03-05,Jefferson County,XBB.1.5,0.0,162770,0.0,#3F51B5
2024-03-05,Jefferson County,XBB.1.5.70,0.0,162770,0.0,#46783C
2024-03-05,Jefferson County,XBB.1.5.72,0.0,162770,0.0,#254220
2024-03-05,Jefferson County,XBB.1.9.1,0.0,162770,0.0,#304FFE
2024-03-05,Jefferson County,XBB.1.9.2,0.0,162770,0.0,#536DFE
2024-03-05,Jefferson County,XBB.2.3,0.0,162770,0.0,#F7BCDF
2024-03-05,Jefferson County,XDP,17032.1942028,162770,0.10463964,#B60052
2024-03-05,Jefferson County,XDV.1,0.0,162770,0.0,#D367B6
2024-03-05,Jefferson County,unreportable,2044.4270094,162770,0.01256022,#eeeeee
2024-03-05,King County,BA.2,0.0,973611,0.0,#9CCD67
2024-03-05,King County,BA.2.12.1,0.0,973611,0.0,#7CB342
2024-03-05,King County,BA.2.86,0.0,973611,0.0,#D770EE
2024-03-05,King County,EG.5,0.0,973611,0.0,#FFBE7D
2024-03-05,King County,EG.5.1.8,0.0,973611,0.0,#E14D6F
2024-03-05,King County,EG.6.1,0.0,973611,0.0,#B9ABA8
2024-03-05,King County,FE.1.1,0.0,973611,0.0,#499894
2024-03-05,King County,FL.1.5.1,0.0,973611,0.0,#8CD17D
2024-03-05,King County,GE.1,0.0,973611,0.0,#FABFD2
2024-03-05,King County,GK.1.1,0.0,973611,0.0,#90FAE5
2024-03-05,King County,HF.1,0.0,973611,0.0,#D399AD
2024-03-05,King County,HK.3,0.0,973611,0.0,#859DBC
2024-03-05,King County,HV.1,0.0,973611,0.0,#797765
2024-03-05,King County,JD.1.1,0.0,973611,0.0,#80F192
2024-03-05,King County,JF.1,0.0,973611,0.0,#FFF1A9
2024-03-05,King County,JG.3,0.0,973611,0.0,#66A172
2024-03-05,King County,JN.1,967799.81776041,973611,0.99403131,#61018F
2024-03-05,King County,JN.1.11.1,0.0,973611,0.0,#5C9CF1
2024-03-05,King County,JN.1.13,0.0,973611,0.0,#E83C78
2024-03-05,King County,JN.1.13.1,0.0,973611,0.0,#F2591C
2024-03-05,King County,JN.1.16,811.08611577,973611,0.00083307,#BC3A88
2024-03-05,King County,JN.1.16.1,0.0,973611,0.0,#366298
2024-03-05,King County,JN.1.18,0.0,973611,0.0,#4AF32F
2024-03-05,King County,JN.1.32,0.0,973611,0.0,#2E7919
2024-03-05,King County,JN.1.4.3,0.0,973611,0.0,#9D1010
2024-03-05,King County,JN.1.7,0.0,973611,0.0,#CF15E8
2024-03-05,King County,JN.1.8.1,0.0,973611,0.0,#FFB027
2024-03-05,King County,KP.1.1,0.0,973611,0.0,#CBFF86
2024-03-05,King County,KP.1.1.3,0.0,973611,0.0,#1EB3B6
2024-03-05,King County,KP.1.2,0.0,973611,0.0,#D7B5A6
2024-03-05,King County,KP.2,0.0,973611,0.0,#5875A1
2024-03-05,King County,KP.2.15,0.0,973611,0.0,#175DFF
2024-03-05,King County,KP.2.3,0.0,973611,0.0,#628DE8
2024-03-05,King County,KP.3,0.0,973611,0.0,#B06589
2024-03-05,King County,KP.3.1.1,0.0,973611,0.0,#2F92A1
2024-03-05,King County,KP.4.1,0.0,973611,0.0,#FF473A
2024-03-05,King County,KQ.1,0.0,973611,0.0,#E86CDE
2024-03-05,King County,KV.2,0.0,973611,0.0,#E14365
2024-03-05,King County,KW.1.1,0.0,973611,0.0,#34A0FF
2024-03-05,King County,LB.1,0.0,973611,0.0,#795653
2024-03-05,King County,Recombinant,0.0,973611,0.0,#FF0000
2024-03-05,King County,XBB,0.0,973611,0.0,#9FA8DA
2024-03-05,King County,XBB.1.16,0.0,973611,0.0,#4527A0
2024-03-05,King County,XBB.1.16.1,0.0,973611,0.0,#F89B9B
2024-03-05,King County,XBB.1.16.15,0.0,973611,0.0,#E3B5FA
2024-03-05,King County,XBB.1.16.6,0.0,973611,0.0,#5AA350
2024-03-05,King County,XBB.1.42.1,0.0,973611,0.0,#75D1A3
2024-03-05,King County,XBB.1.5,0.0,973611,0.0,#3F51B5
2024-03-05,King County,XBB.1.5.70,0.0,973611,0.0,#46783C
2024-03-05,King County,XBB.1.5.72,0.0,973611,0.0,#254220
2024-03-05,King County,XBB.1.9.1,0.0,973611,0.0,#304FFE
2024-03-05,King County,XBB.1.9.2,0.0,973611,0.0,#536DFE
2024-03-05,King County,XBB.2.3,0.0,973611,0.0,#F7BCDF
2024-03-05,King County,XDP,0.0,973611,0.0,#B60052
2024-03-05,King County,XDV.1,0.0,973611,0.0,#D367B6
2024-03-05,King County,unreportable,5000.09612382,973611,0.00513562,#eeeeee
2024-03-05,Kittitas County,BA.2,0.0,143520,0.0,#9CCD67
2024-03-05,Kittitas County,BA.2.12.1,0.0,143520,0.0,#7CB342
2024-03-05,Kittitas County,BA.2.86,0.0,143520,0.0,#D770EE
2024-03-05,Kittitas County,EG.5,0.0,143520,0.0,#FFBE7D
2024-03-05,Kittitas County,EG.5.1.8,0.0,143520,0.0,#E14D6F
2024-03-05,Kittitas County,EG.6.1,0.0,143520,0.0,#B9ABA8
2024-03-05,Kittitas County,FE.1.1,0.0,143520,0.0,#499894
2024-03-05,Kittitas County,FL.1.5.1,0.0,143520,0.0,#8CD17D
2024-03-05,Kittitas County,GE.1,0.0,143520,0.0,#FABFD2
2024-03-05,Kittitas County,GK.1.1,0.0,143520,0.0,#90FAE5
2024-03-05,Kittitas County,HF.1,0.0,143520,0.0,#D399AD
2024-03-05,Kittitas County,HK.3,0.0,143520,0.0,#859DBC
2024-03-05,Kittitas County,HV.1,0.0,143520,0.0,#797765
2024-03-05,Kittitas County,JD.1.1,0.0,143520,0.0,#80F192
2024-03-05,Kittitas County,JF.1,0.0,143520,0.0,#FFF1A9
2024-03-05,Kittitas County,JG.3,0.0,143520,0.0,#66A172
2024-03-05,Kittitas County,JN.1,44648.6888016,143520,0.31109733,#61018F
2024-03-05,Kittitas County,JN.1.11.1,0.0,143520,0.0,#5C9CF1
2024-03-05,Kittitas County,JN.1.13,0.0,143520,0.0,#E83C78
2024-03-05,Kittitas County,JN.1.13.1,0.0,143520,0.0,#F2591C
2024-03-05,Kittitas County,JN.1.16,244.2107616,143520,0.00170158,#BC3A88
2024-03-05,Kittitas County,JN.1.16.1,0.0,143520,0.0,#366298
2024-03-05,Kittitas County,JN.1.18,0.0,143520,0.0,#4AF32F
2024-03-05,Kittitas County,JN.1.32,0.0,143520,0.0,#2E7919
2024-03-05,Kittitas County,JN.1.4.3,37489.641384,143520,0.26121545,#9D1010
2024-03-05,Kittitas County,JN.1.7,59638.8763152,143520,0.41554401,#CF15E8
2024-03-05,Kittitas County,JN.1.8.1,623.4193056,143520,0.00434378,#FFB027
2024-03-05,Kittitas County,KP.1.1,0.0,143520,0.0,#CBFF86
2024-03-05,Kittitas County,KP.1.1.3,0.0,143520,0.0,#1EB3B6
2024-03-05,Kittitas County,KP.1.2,0.0,143520,0.0,#D7B5A6
2024-03-05,Kittitas County,KP.2,0.0,143520,0.0,#5875A1
2024-03-05,Kittitas County,KP.2.15,0.0,143520,0.0,#175DFF
2024-03-05,Kittitas County,KP.2.3,0.0,143520,0.0,#628DE8
2024-03-05,Kittitas County,KP.3,0.0,143520,0.0,#B06589
2024-03-05,Kittitas County,KP.3.1.1,0.0,143520,0.0,#2F92A1
2024-03-05,Kittitas County,KP.4.1,0.0,143520,0.0,#FF473A
2024-03-05,Kittitas County,KQ.1,0.0,143520,0.0,#E86CDE
2024-03-05,Kittitas County,KV.2,0.0,143520,0.0,#E14365
2024-03-05,Kittitas County,KW.1.1,0.0,143520,0.0,#34A0FF
2024-03-05,Kittitas County,LB.1,0.0,143520,0.0,#795653
2024-03-05,Kittitas County,Recombinant,0.0,143520,0.0,#FF0000
2024-03-05,Kittitas County,XBB,0.0,143520,0.0,#9FA8DA
2024-03-05,Kittitas County,XBB.1.16,0.0,143520,0.0,#4527A0
2024-03-05,Kittitas County,XBB.1.16.1,0.0,143520,0.0,#F89B9B
2024-03-05,Kittitas County,XBB.1.16.15,0.0,143520,0.0,#E3B5FA
2024-03-05,Kittitas County,XBB.1.16.6,0.0,143520,0.0,#5AA350
2024-03-05,Kittitas County,XBB.1.42.1,0.0,143520,0.0,#75D1A3
2024-03-05,Kittitas County,XBB.1.5,0.0,143520,0.0,#3F51B5
2024-03-05,Kittitas County,XBB.1.5.70,0.0,143520,0.0,#46783C
2024-03-05,Kittitas County,XBB.1.5.72,0.0,143520,0.0,#254220
2024-03-05,Kittitas County,XBB.1.9.1,0.0,143520,0.0,#304FFE
2024-03-05,Kittitas County,XBB.1.9.2,0.0,143520,0.0,#536DFE
2024-03-05,Kittitas County,XBB.2.3,0.0,143520,0.0,#F7BCDF
2024-03-05,Kittitas County,XDP,0.0,143520,0.0,#B60052
2024-03-05,Kittitas County,XDV.1,0.0,143520,0.0,#D367B6
2024-03-05,Kittitas County,unreportable,875.1634320000001,143520,0.00609785,#eeeeee
2024-03-05,Okanogan County,BA.2,0.0,927810,0.0,#9CCD67
2024-03-05,Okanogan County,BA.2.12.1,0.0,927810,0.0,#7CB342
2024-03-05,Okanogan County,BA.2.86,0.0,927810,0.0,#D770EE
2024-03-05,Okanogan County,EG.5,0.0,927810,0.0,#FFBE7D
2024-03-05,Okanogan County,EG.5.1.8,0.0,927810,0.0,#E14D6F
2024-03-05,Okanogan County,EG.6.1,0.0,927810,0.0,#B9ABA8
2024-03-05,Okanogan County,FE.1.1,0.0,927810,0.0,#499894
2024-03-05,Okanogan County,FL.1.5.1,0.0,927810,0.0,#8CD17D
2024-03-05,Okanogan County,GE.1,0.0,927810,0.0,#FABFD2
2024-03-05,Okanogan County,GK.1.1,0.0,927810,0.0,#90FAE5
2024-03-05,Okanogan County,HF.1,0.0,927810,0.0,#D399AD
2024-03-05,Okanogan County,HK.3,0.0,927810,0.0,#859DBC
2024-03-05,Okanogan County,HV.1,0.0,927810,0.0,#797765
2024-03-05,Okanogan County,JD.1.1,0.0,927810,0.0,#80F192
2024-03-05,Okanogan County,JF.1,0.0,927810,0.0,#FFF1A9
2024-03-05,Okanogan County,JG.3,0.0,927810,0.0,#66A172
2024-03-05,Okanogan County,JN.1,529876.3362516001,927810,0.5711043600000001,#61018F
2024-03-05,Okanogan County,JN.1.11.1,0.0,927810,0.0,#5C9CF1
2024-03-05,Okanogan County,JN.1.13,0.0,927810,0.0,#E83C78
2024-03-05,Okanogan County,JN.1.13.1,0.0,927810,0.0,#F2591C
2024-03-05,Okanogan County,JN.1.16,0.0,927810,0.0,#BC3A88
2024-03-05,Okanogan County,JN.1.16.1,0.0,927810,0.0,#366298
2024-03-05,Okanogan County,JN.1.18,0.0,927810,0.0,#4AF32F
2024-03-05,Okanogan County,JN.1.32,0.0,927810,0.0,#2E7919
2024-03-05,Okanogan County,JN.1.4.3,117421.9913763,927810,0.12655823,#9D1010
2024-03-05,Okanogan County,JN.1.7,93732.561936,927810,0.1010256,#CF15E8
2024-03-05,Okanogan County,JN.1.8.1,176380.84686689998,927810,0.19010449,#FFB027
2024-03-05,Okanogan County,KP.1.1,0.0,927810,0.0,#CBFF86
2024-03-05,Okanogan County,KP.1.1.3,0.0,927810,0.0,#1EB3B6
2024-03-05,Okanogan County,KP.1.2,0.0,927810,0.0,#D7B5A6
2024-03-05,Okanogan County,KP.2,0.0,927810,0.0,#5875A1
2024-03-05,Okanogan County,KP.2.15,0.0,927810,0.0,#175DFF
2024-03-05,Okanogan County,KP.2.3,0.0,927810,0.0,#628DE8
2024-03-05,Okanogan County,KP.3,0.0,927810,0.0,#B06589
2024-03-05,Okanogan County,KP.3.1.1,0.0,927810,0.0,#2F92A1
2024-03-05,Okanogan County,KP.4.1,0.0,927810,0.0,#FF473A
2024-03-05,Okanogan County,KQ.1,0.0,927810,0.0,#E86CDE
2024-03-05,Okanogan County,KV.2,0.0,927810,0.0,#E14365
2024-03-05,Okanogan County,KW.1.1,0.0,927810,0.0,#34A0FF
2024-03-05,Okanogan County,LB.1,0.0,927810,0.0,#795653
2024-03-05,Okanogan County,Recombinant,0.0,927810,0.0,#FF0000
2024-03-05,Okanogan County,XBB,0.0,927810,0.0,#9FA8DA
2024-03-05,Okanogan County,XBB.1.16,0.0,927810,0.0,#4527A0
2024-03-05,Okanogan County,XBB.1.16.1,0.0,927810,0.0,#F89B9B
2024-03-05,Okanogan County,XBB.1.16.15,0.0,927810,0.0,#E3B5FA
2024-03-05,Okanogan County,XBB.1.16.6,0.0,927810,0.0,#5AA350
2024-03-05,Okanogan County,XBB.1.42.1,0.0,927810,0.0,#75D1A3
2024-03-05,Okanogan County,XBB.1.5,0.0,927810,0.0,#3F51B5
2024-03-05,Okanogan County,XBB.1.5.70,0.0,927810,0.0,#46783C
2024-03-05,Okanogan County,XBB.1.5.72,0.0,927810,0.0,#254220
2024-03-05,Okanogan County,XBB.1.9.1,0.0,927810,0.0,#304FFE
2024-03-05,Okanogan County,XBB.1.9.2,0.0,927810,0.0,#536DFE
2024-03-05,Okanogan County,XBB.2.3,0.0,927810,0.0,#F7BCDF
2024-03-05,Okanogan County,XDP,0.0,927810,0.0,#B60052
2024-03-05,Okanogan County,XDV.1,0.0,927810,0.0,#D367B6
2024-03-05,Okanogan County,unreportable,10398.2635692,927810,0.01120732,#eeeeee
2024-03-05,Pierce County,BA.2,0.0,1013026,0.0,#9CCD67
2024-03-05,Pierce County,BA.2.12.1,0.0,1013026,0.0,#7CB342
2024-03-05,Pierce County,BA.2.86,3469.25719543,1013026,0.0034246477340463127,#D770EE
2024-03-05,Pierce County,EG.5,0.0,1013026,0.0,#FFBE7D
2024-03-05,Pierce County,EG.5.1.8,0.0,1013026,0.0,#E14D6F
2024-03-05,Pierce County,EG.6.1,0.0,1013026,0.0,#B9ABA8
2024-03-05,Pierce County,FE.1.1,0.0,1013026,0.0,#499894
2024-03-05,Pierce County,FL.1.5.1,1091.8671803,1013026,0.0010778274005800443,#8CD17D
2024-03-05,Pierce County,GE.1,0.0,1013026,0.0,#FABFD2
2024-03-05,Pierce County,GK.1.1,0.0,1013026,0.0,#90FAE5
2024-03-05,Pierce County,HF.1,0.0,1013026,0.0,#D399AD
2024-03-05,Pierce County,HK.3,0.0,1013026,0.0,#859DBC
2024-03-05,Pierce County,HV.1,0.0,1013026,0.0,#797765
2024-03-05,Pierce County,JD.1.1,0.0,1013026,0.0,#80F192
2024-03-05,Pierce County,JF.1,0.0,1013026,0.0,#FFF1A9
2024-03-05,Pierce County,JG.3,0.0,1013026,0.0,#66A172
2024-03-05,Pierce County,JN.1,99506.19377424,1013026,0.0982266928728779,#61018F
2024-03-05,Pierce County,JN.1.11.1,0.0,1013026,0.0,#5C9CF1
2024-03-05,Pierce County,JN.1.13,0.0,1013026,0.0,#E83C78
2024-03-05,Pierce County,JN.1.13.1,0.0,1013026,0.0,#F2591C
2024-03-05,Pierce County,JN.1.16,603074.7493608501,1013026,0.5953201096130307,#BC3A88
2024-03-05,Pierce County,JN.1.16.1,0.0,1013026,0.0,#366298
2024-03-05,Pierce County,JN.1.18,0.0,1013026,0.0,#4AF32F
2024-03-05,Pierce County,JN.1.32,0.0,1013026,0.0,#2E7919
2024-03-05,Pierce County,JN.1.4.3,24310.74485694,1013026,0.023998145019910645,#9D1010
2024-03-05,Pierce County,JN.1.7,0.0,1013026,0.0,#CF15E8
2024-03-05,Pierce County,JN.1.8.1,238.36772052,1013026,0.00023530266796706106,#FFB027
2024-03-05,Pierce County,KP.1.1,0.0,1013026,0.0,#CBFF86
2024-03-05,Pierce County,KP.1.1.3,0.0,1013026,0.0,#1EB3B6
2024-03-05,Pierce County,KP.1.2,0.0,1013026,0.0,#D7B5A6
2024-03-05,Pierce County,KP.2,0.0,1013026,0.0,#5875A1
2024-03-05,Pierce County,KP.2.15,0.0,1013026,0.0,#175DFF
2024-03-05,Pierce County,KP.2.3,0.0,1013026,0.0,#628DE8
2024-03-05,Pierce County,KP.3,0.0,1013026,0.0,#B06589
2024-03-05,Pierce County,KP.3.1.1,0.0,1013026,0.0,#2F92A1
2024-03-05,Pierce County,KP.4.1,0.0,1013026,0.0,#FF473A
2024-03-05,Pierce County,KQ.1,0.0,1013026,0.0,#E86CDE
2024-03-05,Pierce County,KV.2,0.0,1013026,0.0,#E14365
2024-03-05,Pierce County,KW.1.1,0.0,1013026,0.0,#34A0FF
2024-03-05,Pierce County,LB.1,0.0,1013026,0.0,#795653
2024-03-05,Pierce County,Recombinant,272733.06622445,1013026,0.2692261266980808,#FF0000
2024-03-05,Pierce County,XBB,0.0,1013026,0.0,#9FA8DA
2024-03-05,Pierce County,XBB.1.16,0.0,1013026,0.0,#4527A0
2024-03-05,Pierce County,XBB.1.16.1,0.0,1013026,0.0,#F89B9B
2024-03-05,Pierce County,XBB.1.16.15,0.0,1013026,0.0,#E3B5FA
2024-03-05,Pierce County,XBB.1.16.6,0.0,1013026,0.0,#5AA350
2024-03-05,Pierce County,XBB.1.42.1,0.0,1013026,0.0,#75D1A3
2024-03-05,Pierce County,XBB.1.5,0.0,1013026,0.0,#3F51B5
2024-03-05,Pierce County,XBB.1.5.70,0.0,1013026,0.0,#46783C
2024-03-05,Pierce County,XBB.1.5.72,0.0,1013026,0.0,#254220
2024-03-05,Pierce County,XBB.1.9.1,0.0,1013026,0.0,#304FFE
2024-03-05,Pierce County,XBB.1.9.2,0.0,1013026,0.0,#536DFE
2024-03-05,Pierce County,XBB.2.3,0.0,1013026,0.0,#F7BCDF
2024-03-05,Pierce County,XDP,0.0,1013026,0.0,#B60052
2024-03-05,Pierce County,XDV.1,0.0,1013026,0.0,#D367B6
2024-03-05,Pierce County,unreportable,8601.75368727,1013026,0.008491147993506584,#eeeeee
2024-03-05,Spokane County,BA.2,0.0,713850,0.0,#9CCD67
2024-03-05,Spokane County,BA.2.12.1,0.0,713850,0.0,#7CB342
2024-03-05,Spokane County,BA.2.86,0.0,713850,0.0,#D770EE
2024-03-05,Spokane County,EG.5,0.0,713850,0.0,#FFBE7D
2024-03-05,Spokane County,EG.5.1.8,0.0,713850,0.0,#E14D6F
2024-03-05,Spokane County,EG.6.1,0.0,713850,0.0,#B9ABA8
2024-03-05,Spokane County,FE.1.1,0.0,713850,0.0,#499894
2024-03-05,Spokane County,FL.1.5.1,0.0,713850,0.0,#8CD17D
2024-03-05,Spokane County,GE.1,0.0,713850,0.0,#FABFD2
2024-03-05,Spokane County,GK.1.1,0.0,713850,0.0,#90FAE5
2024-03-05,Spokane County,HF.1,0.0,713850,0.0,#D399AD
2024-03-05,Spokane County,HK.3,0.0,713850,0.0,#859DBC
2024-03-05,Spokane County,HV.1,0.0,713850,0.0,#797765
2024-03-05,Spokane County,JD.1.1,0.0,713850,0.0,#80F192
2024-03-05,Spokane County,JF.1,0.0,713850,0.0,#FFF1A9
2024-03-05,Spokane County,JG.3,0.0,713850,0.0,#66A172
2024-03-05,Spokane County,JN.1,708639.8444205,713850,0.9927013299999999,#61018F
2024-03-05,Spokane County,JN.1.11.1,0.0,713850,0.0,#5C9CF1
2024-03-05,Spokane County,JN.1.13,0.0,713850,0.0,#E83C78
2024-03-05,Spokane County,JN.1.13.1,0.0,713850,0.0,#F2591C
2024-03-05,Spokane County,JN.1.16,0.0,713850,0.0,#BC3A88
2024-03-05,Spokane County,JN.1.16.1,0.0,713850,0.0,#366298
2024-03-05,Spokane County,JN.1.18,0.0,713850,0.0,#4AF32F
2024-03-05,Spokane County,JN.1.32,0.0,713850,0.0,#2E7919
2024-03-05,Spokane County,JN.1.4.3,0.0,713850,0.0,#9D1010
2024-03-05,Spokane County,JN.1.7,0.0,713850,0.0,#CF15E8
2024-03-05,Spokane County,JN.1.8.1,0.0,713850,0.0,#FFB027
2024-03-05,Spokane County,KP.1.1,0.0,713850,0.0,#CBFF86
2024-03-05,Spokane County,KP.1.1.3,0.0,713850,0.0,#1EB3B6
2024-03-05,Spokane County,KP.1.2,0.0,713850,0.0,#D7B5A6
2024-03-05,Spokane County,KP.2,0.0,713850,0.0,#5875A1
2024-03-05,Spokane County,KP.2.15,0.0,713850,0.0,#175DFF
2024-03-05,Spokane County,KP.2.3,0.0,713850,0.0,#628DE8
2024-03-05,Spokane County,KP.3,0.0,713850,0.0,#B06589
2024-03-05,Spokane County,KP.3.1.1,0.0,713850,0.0,#2F92A1
2024-03-05,Spokane County,KP.4.1,0.0,713850,0.0,#FF473A
2024-03-05,Spokane County,KQ.1,0.0,713850,0.0,#E86CDE
2024-03-05,Spokane County,KV.2,0.0,713850,0.0,#E14365
2024-03-05,Spokane County,KW.1.1,0.0,713850,0.0,#34A0FF
2024-03-05,Spokane County,LB.1,0.0,713850,0.0,#795653
2024-03-05,Spokane County,Recombinant,0.0,713850,0.0,#FF0000
2024-03-05,Spokane County,XBB,0.0,713850,0.0,#9FA8DA
2024-03-05,Spokane County,XBB.1.16,0.0,713850,0.0,#4527A0
2024-03-05,Spokane County,XBB.1.16.1,0.0,713850,0.0,#F89B9B
2024-03-05,Spokane County,XBB.1.16.15,0.0,713850,0.0,#E3B5FA
2024-03-05,Spokane County,XBB.1.16.6,0.0,713850,0.0,#5AA350
2024-03-05,Spokane County,XBB.1.42.1,0.0,713850,0.0,#75D1A3
2024-03-05,Spokane County,XBB.1.5,0.0,713850,0.0,#3F51B5
2024-03-05,Spokane County,XBB.1.5.70,0.0,713850,0.0,#46783C
2024-03-05,Spokane County,XBB.1.5.72,0.0,713850,0.0,#254220
2024-03-05,Spokane County,XBB.1.9.1,0.0,713850,0.0,#304FFE
2024-03-05,Spokane County,XBB.1.9.2,0.0,713850,0.0,#536DFE
2024-03-05,Spokane County,XBB.2.3,0.0,713850,0.0,#F7BCDF
2024-03-05,Spokane County,XDP,0.0,713850,0.0,#B60052
2024-03-05,Spokane County,XDV.1,0.0,713850,0.0,#D367B6
2024-03-05,Spokane County,unreportable,5210.1627180000005,713850,0.007298680000000001,#eeeeee
2024-03-05,Thurston County,BA.2,0.0,166384,0.0,#9CCD67
2024-03-05,Thurston County,BA.2.12.1,0.0,166384,0.0,#7CB342
2024-03-05,Thurston County,BA.2.86,12801.33674224,166384,0.07693850816328493,#D770EE
2024-03-05,Thurston County,EG.5,0.0,166384,0.0,#FFBE7D
2024-03-05,Thurston County,EG.5.1.8,0.0,166384,0.0,#E14D6F
2024-03-05,Thurston County,EG.6.1,0.0,166384,0.0,#B9ABA8
2024-03-05,Thurston County,FE.1.1,0.0,166384,0.0,#499894
2024-03-05,Thurston County,FL.1.5.1,0.0,166384,0.0,#8CD17D
2024-03-05,Thurston County,GE.1,0.0,166384,0.0,#FABFD2
2024-03-05,Thurston County,GK.1.1,0.0,166384,0.0,#90FAE5
2024-03-05,Thurston County,HF.1,0.0,166384,0.0,#D399AD
2024-03-05,Thurston County,HK.3,0.0,166384,0.0,#859DBC
2024-03-05,Thurston County,HV.1,0.0,166384,0.0,#797765
2024-03-05,Thurston County,JD.1.1,0.0,166384,0.0,#80F192
2024-03-05,Thurston County,JF.1,0.0,166384,0.0,#FFF1A9
2024-03-05,Thurston County,JG.3,0.0,166384,0.0,#66A172
2024-03-05,Thurston County,JN.1,36546.63806368,166384,0.21965235878257527,#61018F
2024-03-05,Thurston County,JN.1.11.1,0.0,166384,0.0,#5C9CF1
2024-03-05,Thurston County,JN.1.13,0.0,166384,0.0,#E83C78
2024-03-05,Thurston County,JN.1.13.1,0.0,166384,0.0,#F2591C
2024-03-05,Thurston County,JN.1.16,39614.2067216,166384,0.2380890393403212,#BC3A88
2024-03-05,Thurston County,JN.1.16.1,0.0,166384,0.0,#366298
2024-03-05,Thurston County,JN.1.18,0.0,166384,0.0,#4AF32F
2024-03-05,Thurston County,JN.1.32,0.0,166384,0.0,#2E7919
2024-03-05,Thurston County,JN.1.4.3,29675.44990592,166384,0.17835518983748436,#9D1010
2024-03-05,Thurston County,JN.1.7,855.2799424,166384,0.005140397769016251,#CF15E8
2024-03-05,Thurston County,JN.1.8.1,321.23747968,166384,0.0019306993441677084,#FFB027
2024-03-05,Thurston County,KP.1.1,0.0,166384,0.0,#CBFF86
2024-03-05,Thurston County,KP.1.1.3,0.0,166384,0.0,#1EB3B6
2024-03-05,Thurston County,KP.1.2,0.0,166384,0.0,#D7B5A6
2024-03-05,Thurston County,KP.2,0.0,166384,0.0,#5875A1
2024-03-05,Thurston County,KP.2.15,0.0,166384,0.0,#175DFF
2024-03-05,Thurston County,KP.2.3,0.0,166384,0.0,#628DE8
2024-03-05,Thurston County,KP.3,0.0,166384,0.0,#B06589
2024-03-05,Thurston County,KP.3.1.1,0.0,166384,0.0,#2F92A1
2024-03-05,Thurston County,KP.4.1,0.0,166384,0.0,#FF473A
2024-03-05,Thurston County,KQ.1,45164.8962528,166384,0.2714497563034907,#E86CDE
2024-03-05,Thurston County,KV.2,0.0,166384,0.0,#E14365
2024-03-05,Thurston County,KW.1.1,0.0,166384,0.0,#34A0FF
2024-03-05,Thurston County,LB.1,0.0,166384,0.0,#795653
2024-03-05,Thurston County,Recombinant,0.0,166384,0.0,#FF0000
2024-03-05,Thurston County,XBB,0.0,166384,0.0,#9FA8DA
2024-03-05,Thurston County,XBB.1.16,0.0,166384,0.0,#4527A0
2024-03-05,Thurston County,XBB.1.16.1,0.0,166384,0.0,#F89B9B
2024-03-05,Thurston County,XBB.1.16.15,0.0,166384,0.0,#E3B5FA
2024-03-05,Thurston County,XBB.1.16.6,0.0,166384,0.0,#5AA350
2024-03-05,Thurston County,XBB.1.42.1,0.0,166384,0.0,#75D1A3
2024-03-05,Thurston County,XBB.1.5,0.0,166384,0.0,#3F51B5
2024-03-05,Thurston County,XBB.1.5.70,0.0,166384,0.0,#46783C
2024-03-05,Thurston County,XBB.1.5.72,0.0,166384,0.0,#254220
2024-03-05,Thurston County,XBB.1.9.1,0.0,166384,0.0,#304FFE
2024-03-05,Thurston County,XBB.1.9.2,0.0,166384,0.0,#536DFE
2024-03-05,Thurston County,XBB.2.3,0.0,166384,0.0,#F7BCDF
2024-03-05,Thurston County,XDP,0.0,166384,0.0,#B60052
2024-03-05,Thurston County,XDV.1,0.0,166384,0.0,#D367B6
2024-03-05,Thurston County,unreportable,1404.9545923199998,166384,0.008444048660448119,#eeeeee
2024-03-05,Whitman County,BA.2,0.0,245487,0.0,#9CCD67
2024-03-05,Whitman County,BA.2.12.1,0.0,245487,0.0,#7CB342
2024-03-05,Whitman County,BA.2.86,0.0,245487,0.0,#D770EE
2024-03-05,Whitman County,EG.5,0.0,245487,0.0,#FFBE7D
2024-03-05,Whitman County,EG.5.1.8,0.0,245487,0.0,#E14D6F
2024-03-05,Whitman County,EG.6.1,0.0,245487,0.0,#B9ABA8
2024-03-05,Whitman County,FE.1.1,0.0,245487,0.0,#499894
2024-03-05,Whitman County,FL.1.5.1,0.0,245487,0.0,#8CD17D
2024-03-05,Whitman County,GE.1,0.0,245487,0.0,#FABFD2
2024-03-05,Whitman County,GK.1.1,0.0,245487,0.0,#90FAE5
2024-03-05,Whitman County,HF.1,0.0,245487,0.0,#D399AD
2024-03-05,Whitman County,HK.3,0.0,245487,0.0,#859DBC
2024-03-05,Whitman County,HV.1,0.0,245487,0.0,#797765
2024-03-05,Whitman County,JD.1.1,0.0,245487,0.0,#80F192
2024-03-05,Whitman County,JF.1,0.0,245487,0.0,#FFF1A9
2024-03-05,Whitman County,JG.3,0.0,245487,0.0,#66A172
2024-03-05,Whitman County,JN.1,0.0,245487,0.0,#61018F
2024-03-05,Whitman County,JN.1.11.1,0.0,245487,0.0,#5C9CF1
2024-03-05,Whitman County,JN.1.13,0.0,245487,0.0,#E83C78
2024-03-05,Whitman County,JN.1.13.1,0.0,245487,0.0,#F2591C
2024-03-05,Whitman County,JN.1.16,118596.33590706,245487,0.48310638,#BC3A88
2024-03-05,Whitman County,JN.1.16.1,0.0,245487,0.0,#366298
2024-03-05,Whitman County,JN.1.18,0.0,245487,0.0,#4AF32F
2024-03-05,Whitman County,JN.1.32,0.0,245487,0.0,#2E7919
2024-03-05,Whitman County,JN.1.4.3,65052.57225851999,245487,0.26499396,#9D1010
2024-03-05,Whitman County,JN.1.7,0.0,245487,0.0,#CF15E8
2024-03-05,Whitman County,JN.1.8.1,444.18908754,245487,0.00180942,#FFB027
2024-03-05,Whitman County,KP.1.1,0.0,245487,0.0,#CBFF86
2024-03-05,Whitman County,KP.1.1.3,0.0,245487,0.0,#1EB3B6
2024-03-05,Whitman County,KP.1.2,0.0,245487,0.0,#D7B5A6
2024-03-05,Whitman County,KP.2,0.0,245487,0.0,#5875A1
2024-03-05,Whitman County,KP.2.15,0.0,245487,0.0,#175DFF
2024-03-05,Whitman County,KP.2.3,0.0,245487,0.0,#628DE8
2024-03-05,Whitman County,KP.3,0.0,245487,0.0,#B06589
2024-03-05,Whitman County,KP.3.1.1,0.0,245487,0.0,#2F92A1
2024-03-05,Whitman County,KP.4.1,0.0,245487,0.0,#FF473A
2024-03-05,Whitman County,KQ.1,59363.438037089996,245487,0.24181907,#E86CDE
2024-03-05,Whitman County,KV.2,0.0,245487,0.0,#E14365
2024-03-05,Whitman County,KW.1.1,0.0,245487,0.0,#34A0FF
2024-03-05,Whitman County,LB.1,0.0,245487,0.0,#795653
2024-03-05,Whitman County,Recombinant,0.0,245487,0.0,#FF0000
2024-03-05,Whitman County,XBB,0.0,245487,0.0,#9FA8DA
2024-03-05,Whitman County,XBB.1.16,0.0,245487,0.0,#4527A0
2024-03-05,Whitman County,XBB.1.16.1,0.0,245487,0.0,#F89B9B
2024-03-05,Whitman County,XBB.1.16.15,0.0,245487,0.0,#E3B5FA
2024-03-05,Whitman County,XBB.1.16.6,0.0,245487,0.0,#5AA350
2024-03-05,Whitman County,XBB.1.42.1,0.0,245487,0.0,#75D1A3
2024-03-05,Whitman County,XBB.1.5,0.0,245487,0.0,#3F51B5
2024-03-05,Whitman County,XBB.1.5.70,0.0,245487,0.0,#46783C
2024-03-05,Whitman County,XBB.1.5.72,0.0,245487,0.0,#254220
2024-03-05,Whitman County,XBB.1.9.1,0.0,245487,0.0,#304FFE
2024-03-05,Whitman County,XBB.1.9.2,0.0,245487,0.0,#536DFE
2024-03-05,Whitman County,XBB.2.3,0.0,245487,0.0,#F7BCDF
2024-03-05,Whitman County,XDP,0.0,245487,0.0,#B60052
2024-03-05,Whitman County,XDV.1,0.0,245487,0.0,#D367B6
2024-03-05,Whitman County,unreportable,2030.46470979,245487,0.00827117,#eeeeee
2024-03-05,Yakima County,BA.2,0.0,1192348,0.0,#9CCD67
2024-03-05,Yakima County,BA.2.12.1,0.0,1192348,0.0,#7CB342
2024-03-05,Yakima County,BA.2.86,321.3711072,1192348,0.00026952794586815256,#D770EE
2024-03-05,Yakima County,EG.5,0.0,1192348,0.0,#FFBE7D
2024-03-05,Yakima County,EG.5.1.8,0.0,1192348,0.0,#E14D6F
2024-03-05,Yakima County,EG.6.1,0.0,1192348,0.0,#B9ABA8
2024-03-05,Yakima County,FE.1.1,0.0,1192348,0.0,#499894
2024-03-05,Yakima County,FL.1.5.1,0.0,1192348,0.0,#8CD17D
2024-03-05,Yakima County,GE.1,0.0,1192348,0.0,#FABFD2
2024-03-05,Yakima County,GK.1.1,0.0,1192348,0.0,#90FAE5
2024-03-05,Yakima County,HF.1,0.0,1192348,0.0,#D399AD
2024-03-05,Yakima County,HK.3,0.0,1192348,0.0,#859DBC
2024-03-05,Yakima County,HV.1,0.0,1192348,0.0,#797765
2024-03-05,Yakima County,JD.1.1,0.0,1192348,0.0,#80F192
2024-03-05,Yakima County,JF.1,0.0,1192348,0.0,#FFF1A9
2024-03-05,Yakima County,JG.3,0.0,1192348,0.0,#66A172
2024-03-05,Yakima County,JN.1,1052536.1252682,1192348,0.8827423917079577,#61018F
2024-03-05,Yakima County,JN.1.11.1,0.0,1192348,0.0,#5C9CF1
2024-03-05,Yakima County,JN.1.13,0.0,1192348,0.0,#E83C78
2024-03-05,Yakima County,JN.1.13.1,0.0,1192348,0.0,#F2591C
2024-03-05,Yakima County,JN.1.16,23369.527757480002,1192348,0.019599586494446253,#BC3A88
2024-03-05,Yakima County,JN.1.16.1,0.0,1192348,0.0,#366298
2024-03-05,Yakima County,JN.1.18,0.0,1192348,0.0,#4AF32F
2024-03-05,Yakima County,JN.1.32,0.0,1192348,0.0,#2E7919
2024-03-05,Yakima County,JN.1.4.3,82789.0784496,1192348,0.06943365397484627,#9D1010
2024-03-05,Yakima County,JN.1.7,0.0,1192348,0.0,#CF15E8
2024-03-05,Yakima County,JN.1.8.1,518.0750064,1192348,0.0004344998325992076,#FFB027
2024-03-05,Yakima County,KP.1.1,0.0,1192348,0.0,#CBFF86
2024-03-05,Yakima County,KP.1.1.3,0.0,1192348,0.0,#1EB3B6
2024-03-05,Yakima County,KP.1.2,0.0,1192348,0.0,#D7B5A6
2024-03-05,Yakima County,KP.2,0.0,1192348,0.0,#5875A1
2024-03-05,Yakima County,KP.2.15,0.0,1192348,0.0,#175DFF
2024-03-05,Yakima County,KP.2.3,0.0,1192348,0.0,#628DE8
2024-03-05,Yakima County,KP.3,0.0,1192348,0.0,#B06589
2024-03-05,Yakima County,KP.3.1.1,0.0,1192348,0.0,#2F92A1
2024-03-05,Yakima County,KP.4.1,0.0,1192348,0.0,#FF473A
2024-03-05,Yakima County,KQ.1,0.0,1192348,0.0,#E86CDE
2024-03-05,Yakima County,KV.2,391.47092228,1192348,0.0003283193516322416,#E14365
2024-03-05,Yakima County,KW.1.1,0.0,1192348,0.0,#34A0FF
2024-03-05,Yakima County,LB.1,0.0,1192348,0.0,#795653
2024-03-05,Yakima County,Recombinant,0.0,1192348,0.0,#FF0000
2024-03-05,Yakima County,XBB,0.0,1192348,0.0,#9FA8DA
2024-03-05,Yakima County,XBB.1.16,0.0,1192348,0.0,#4527A0
2024-03-05,Yakima County,XBB.1.16.1,0.0,1192348,0.0,#F89B9B
2024-03-05,Yakima County,XBB.1.16.15,0.0,1192348,0.0,#E3B5FA
2024-03-05,Yakima County,XBB.1.16.6,0.0,1192348,0.0,#5AA350
2024-03-05,Yakima County,XBB.1.42.1,0.0,1192348,0.0,#75D1A3
2024-03-05,Yakima County,XBB.1.5,0.0,1192348,0.0,#3F51B5
2024-03-05,Yakima County,XBB.1.5.70,0.0,1192348,0.0,#46783C
2024-03-05,Yakima County,XBB.1.5.72,0.0,1192348,0.0,#254220
2024-03-05,Yakima County,XBB.1.9.1,0.0,1192348,0.0,#304FFE
2024-03-05,Yakima County,XBB.1.9.2,0.0,1192348,0.0,#536DFE
2024-03-05,Yakima County,XBB.2.3,0.0,1192348,0.0,#F7BCDF
2024-03-05,Yakima County,XDP,16647.2177184,1192348,0.013961710606634975,#B60052
2024-03-05,Yakima County,XDV.1,0.0,1192348,0.0,#D367B6
2024-03-05,Yakima County,unreportable,15775.13039604,1192348,0.013230307255968896,#eeeeee
2024-03-12,Benton County,BA.2,0.0,502178,0.0,#9CCD67
2024-03-12,Benton County,BA.2.12.1,0.0,502178,0.0,#7CB342
2024-03-12,Benton County,BA.2.86,0.0,502178,0.0,#D770EE
2024-03-12,Benton County,EG.5,0.0,502178,0.0,#FFBE7D
2024-03-12,Benton County,EG.5.1.8,0.0,502178,0.0,#E14D6F
2024-03-12,Benton County,EG.6.1,0.0,502178,0.0,#B9ABA8
2024-03-12,Benton County,FE.1.1,0.0,502178,0.0,#499894
2024-03-12,Benton County,FL.1.5.1,0.0,502178,0.0,#8CD17D
2024-03-12,Benton County,GE.1,0.0,502178,0.0,#FABFD2
2024-03-12,Benton County,GK.1.1,0.0,502178,0.0,#90FAE5
2024-03-12,Benton County,HF.1,0.0,502178,0.0,#D399AD
2024-03-12,Benton County,HK.3,0.0,502178,0.0,#859DBC
2024-03-12,Benton County,HV.1,0.0,502178,0.0,#797765
2024-03-12,Benton County,JD.1.1,0.0,502178,0.0,#80F192
2024-03-12,Benton County,JF.1,0.0,502178,0.0,#FFF1A9
2024-03-12,Benton County,JG.3,0.0,502178,0.0,#66A172
2024-03-12,Benton County,JN.1,499634.71449722,502178,0.99493549,#61018F
2024-03-12,Benton County,JN.1.11.1,0.0,502178,0.0,#5C9CF1
2024-03-12,Benton County,JN.1.13,0.0,502178,0.0,#E83C78
2024-03-12,Benton County,JN.1.13.1,1371.1468112,502178,0.0027304,#F2591C
2024-03-12,Benton County,JN.1.16,0.0,502178,0.0,#BC3A88
2024-03-12,Benton County,JN.1.16.1,0.0,502178,0.0,#366298
2024-03-12,Benton County,JN.1.18,0.0,502178,0.0,#4AF32F
2024-03-12,Benton County,JN.1.32,0.0,502178,0.0,#2E7919
2024-03-12,Benton County,JN.1.4.3,0.0,502178,0.0,#9D1010
2024-03-12,Benton County,JN.1.7,0.0,502178,0.0,#CF15E8
2024-03-12,Benton County,JN.1.8.1,0.0,502178,0.0,#FFB027
2024-03-12,Benton County,KP.1.1,0.0,502178,0.0,#CBFF86
2024-03-12,Benton County,KP.1.1.3,0.0,502178,0.0,#1EB3B6
2024-03-12,Benton County,KP.1.2,0.0,502178,0.0,#D7B5A6
2024-03-12,Benton County,KP.2,0.0,502178,0.0,#5875A1
2024-03-12,Benton County,KP.2.15,0.0,502178,0.0,#175DFF
2024-03-12,Benton County,KP.2.3,0.0,502178,0.0,#628DE8
2024-03-12,Benton County,KP.3,0.0,502178,0.0,#B06589
2024-03-12,Benton County,KP.3.1.1,0.0,502178,0.0,#2F92A1
2024-03-12,Benton County,KP.4.1,0.0,502178,0.0,#FF473A
2024-03-12,Benton County,KQ.1,0.0,502178,0.0,#E86CDE
2024-03-12,Benton County,KV.2,0.0,502178,0.0,#E14365
2024-03-12,Benton County,KW.1.1,0.0,502178,0.0,#34A0FF
2024-03-12,Benton County,LB.1,0.0,502178,0.0,#795653
2024-03-12,Benton County,Recombinant,0.0,502178,0.0,#FF0000
2024-03-12,Benton County,XBB,0.0,502178,0.0,#9FA8DA
2024-03-12,Benton County,XBB.1.16,0.0,502178,0.0,#4527A0
2024-03-12,Benton County,XBB.1.16.1,0.0,502178,0.0,#F89B9B
2024-03-12,Benton County,XBB.1.16.15,0.0,502178,0.0,#E3B5FA
2024-03-12,Benton County,XBB.1.16.6,0.0,502178,0.0,#5AA350
2024-03-12,Benton County,XBB.1.42.1,0.0,502178,0.0,#75D1A3
2024-03-12,Benton County,XBB.1.5,0.0,502178,0.0,#3F51B5
2024-03-12,Benton County,XBB.1.5.70,0.0,502178,0.0,#46783C
2024-03-12,Benton County,XBB.1.5.72,0.0,502178,0.0,#254220
2024-03-12,Benton County,XBB.1.9.1,0.0,502178,0.0,#304FFE
2024-03-12,Benton County,XBB.1.9.2,0.0,502178,0.0,#536DFE
2024-03-12,Benton County,XBB.2.3,0.0,502178,0.0,#F7BCDF
2024-03-12,Benton County,XDP,0.0,502178,0.0,#B60052
2024-03-12,Benton County,XDV.1,0.0,502178,0.0,#D367B6
2024-03-12,Benton County,unreportable,1172.1336698,502178,0.0023341,#eeeeee
2024-03-12,Chelan County,BA.2,0.0,923896,0.0,#9CCD67
2024-03-12,Chelan County,BA.2.12.1,0.0,923896,0.0,#7CB342
2024-03-12,Chelan County,BA.2.86,206.33690336,923896,0.00022333347407067463,#D770EE
2024-03-12,Chelan County,EG.5,0.0,923896,0.0,#FFBE7D
2024-03-12,Chelan County,EG.5.1.8,0.0,923896,0.0,#E14D6F
2024-03-12,Chelan County,EG.6.1,0.0,923896,0.0,#B9ABA8
2024-03-12,Chelan County,FE.1.1,0.0,923896,0.0,#499894
2024-03-12,Chelan County,FL.1.5.1,0.0,923896,0.0,#8CD17D
2024-03-12,Chelan County,GE.1,0.0,923896,0.0,#FABFD2
2024-03-12,Chelan County,GK.1.1,0.0,923896,0.0,#90FAE5
2024-03-12,Chelan County,HF.1,0.0,923896,0.0,#D399AD
2024-03-12,Chelan County,HK.3,0.0,923896,0.0,#859DBC
2024-03-12,Chelan County,HV.1,0.0,923896,0.0,#797765
2024-03-12,Chelan County,JD.1.1,0.0,923896,0.0,#80F192
2024-03-12,Chelan County,JF.1,0.0,923896,0.0,#FFF1A9
2024-03-12,Chelan County,JG.3,0.0,923896,0.0,#66A172
2024-03-12,Chelan County,JN.1,583834.47553048,923896,0.6319266189381489,#61018F
2024-03-12,Chelan County,JN.1.11.1,0.0,923896,0.0,#5C9CF1
2024-03-12,Chelan County,JN.1.13,0.0,923896,0.0,#E83C78
2024-03-12,Chelan County,JN.1.13.1,0.0,923896,0.0,#F2591C
2024-03-12,Chelan County,JN.1.16,5787.38711268,923896,0.0062641110175604186,#BC3A88
2024-03-12,Chelan County,JN.1.16.1,0.0,923896,0.0,#366298
2024-03-12,Chelan County,JN.1.18,0.0,923896,0.0,#4AF32F
2024-03-12,Chelan County,JN.1.32,281109.85859172,923896,0.3042656950476244,#2E7919
2024-03-12,Chelan County,JN.1.4.3,26183.00492888,923896,0.028339775179111067,#9D1010
2024-03-12,Chelan County,JN.1.7,19890.11808316,923896,0.021528524945621585,#CF15E8
2024-03-12,Chelan County,JN.1.8.1,2144.4862785600003,923896,0.0023211338490046504,#FFB027
2024-03-12,Chelan County,KP.1.1,0.0,923896,0.0,#CBFF86
2024-03-12,Chelan County,KP.1.1.3,0.0,923896,0.0,#1EB3B6
2024-03-12,Chelan County,KP.1.2,0.0,923896,0.0,#D7B5A6
2024-03-12,Chelan County,KP.2,0.0,923896,0.0,#5875A1
2024-03-12,Chelan County,KP.2.15,0.0,923896,0.0,#175DFF
2024-03-12,Chelan County,KP.2.3,0.0,923896,0.0,#628DE8
2024-03-12,Chelan County,KP.3,0.0,923896,0.0,#B06589
2024-03-12,Chelan County,KP.3.1.1,0.0,923896,0.0,#2F92A1
2024-03-12,Chelan County,KP.4.1,0.0,923896,0.0,#FF473A
2024-03-12,Chelan County,KQ.1,0.0,923896,0.0,#E86CDE
2024-03-12,Chelan County,KV.2,0.0,923896,0.0,#E14365
2024-03-12,Chelan County,KW.1.1,0.0,923896,0.0,#34A0FF
2024-03-12,Chelan County,LB.1,0.0,923896,0.0,#795653
2024-03-12,Chelan County,Recombinant,0.0,923896,0.0,#FF0000
2024-03-12,Chelan County,XBB,0.0,923896,0.0,#9FA8DA
2024-03-12,Chelan County,XBB.1.16,0.0,923896,0.0,#4527A0
2024-03-12,Chelan County,XBB.1.16.1,0.0,923896,0.0,#F89B9B
2024-03-12,Chelan County,XBB.1.16.15,0.0,923896,0.0,#E3B5FA
2024-03-12,Chelan County,XBB.1.16.6,0.0,923896,0.0,#5AA350
2024-03-12,Chelan County,XBB.1.42.1,0.0,923896,0.0,#75D1A3
2024-03-12,Chelan County,XBB.1.5,0.0,923896,0.0,#3F51B5
2024-03-12,Chelan County,XBB.1.5.70,0.0,923896,0.0,#46783C
2024-03-12,Chelan County,XBB.1.5.72,0.0,923896,0.0,#254220
2024-03-12,Chelan County,XBB.1.9.1,0.0,923896,0.0,#304FFE
2024-03-12,Chelan County,XBB.1.9.2,0.0,923896,0.0,#536DFE
2024-03-12,Chelan County,XBB.2.3,0.0,923896,0.0,#F7BCDF
2024-03-12,Chelan County,XDP,0.0,923896,0.0,#B60052
2024-03-12,Chelan County,XDV.1,0.0,923896,0.0,#D367B6
2024-03-12,Chelan County,unreportable,4740.315572400001,923896,0.005130789149861024,#eeeeee
2024-03-12,Franklin County,BA.2,0.0,1215063,0.0,#9CCD67
2024-03-12,Franklin County,BA.2.12.1,0.0,1215063,0.0,#7CB342
2024-03-12,Franklin County,BA.2.86,0.0,1215063,0.0,#D770EE
2024-03-12,Franklin County,EG.5,0.0,1215063,0.0,#FFBE7D
2024-03-12,Franklin County,EG.5.1.8,0.0,1215063,0.0,#E14D6F
2024-03-12,Franklin County,EG.6.1,0.0,1215063,0.0,#B9ABA8
2024-03-12,Franklin County,FE.1.1,0.0,1215063,0.0,#499894
2024-03-12,Franklin County,FL.1.5.1,0.0,1215063,0.0,#8CD17D
2024-03-12,Franklin County,GE.1,0.0,1215063,0.0,#FABFD2
2024-03-12,Franklin County,GK.1.1,0.0,1215063,0.0,#90FAE5
2024-03-12,Franklin County,HF.1,0.0,1215063,0.0,#D399AD
2024-03-12,Franklin County,HK.3,0.0,1215063,0.0,#859DBC
2024-03-12,Franklin County,HV.1,0.0,1215063,0.0,#797765
2024-03-12,Franklin County,JD.1.1,0.0,1215063,0.0,#80F192
2024-03-12,Franklin County,JF.1,0.0,1215063,0.0,#FFF1A9
2024-03-12,Franklin County,JG.3,0.0,1215063,0.0,#66A172
2024-03-12,Franklin County,JN.1,734237.22021096,1215063,0.6042791363171787,#61018F
2024-03-12,Franklin County,JN.1.11.1,0.0,1215063,0.0,#5C9CF1
2024-03-12,Franklin County,JN.1.13,0.0,1215063,0.0,#E83C78
2024-03-12,Franklin County,JN.1.13.1,0.0,1215063,0.0,#F2591C
2024-03-12,Franklin County,JN.1.16,1861.4155693500002,1215063,0.0015319498407489983,#BC3A88
2024-03-12,Franklin County,JN.1.16.1,0.0,1215063,0.0,#366298
2024-03-12,Franklin County,JN.1.18,0.0,1215063,0.0,#4AF32F
2024-03-12,Franklin County,JN.1.32,473441.41132509,1215063,0.38964350928724684,#2E7919
2024-03-12,Franklin County,JN.1.4.3,0.0,1215063,0.0,#9D1010
2024-03-12,Franklin County,JN.1.7,0.0,1215063,0.0,#CF15E8
2024-03-12,Franklin County,JN.1.8.1,0.0,1215063,0.0,#FFB027
2024-03-12,Franklin County,KP.1.1,0.0,1215063,0.0,#CBFF86
2024-03-12,Franklin County,KP.1.1.3,0.0,1215063,0.0,#1EB3B6
2024-03-12,Franklin County,KP.1.2,0.0,1215063,0.0,#D7B5A6
2024-03-12,Franklin County,KP.2,0.0,1215063,0.0,#5875A1
2024-03-12,Franklin County,KP.2.15,0.0,1215063,0.0,#175DFF
2024-03-12,Franklin County,KP.2.3,0.0,1215063,0.0,#628DE8
2024-03-12,Franklin County,KP.3,0.0,1215063,0.0,#B06589
2024-03-12,Franklin County,KP.3.1.1,0.0,1215063,0.0,#2F92A1
2024-03-12,Franklin County,KP.4.1,0.0,1215063,0.0,#FF473A
2024-03-12,Franklin County,KQ.1,0.0,1215063,0.0,#E86CDE
2024-03-12,Franklin County,KV.2,0.0,1215063,0.0,#E14365
2024-03-12,Franklin County,KW.1.1,0.0,1215063,0.0,#34A0FF
2024-03-12,Franklin County,LB.1,0.0,1215063,0.0,#795653
2024-03-12,Franklin County,Recombinant,0.0,1215063,0.0,#FF0000
2024-03-12,Franklin County,XBB,0.0,1215063,0.0,#9FA8DA
2024-03-12,Franklin County,XBB.1.16,0.0,1215063,0.0,#4527A0
2024-03-12,Franklin County,XBB.1.16.1,0.0,1215063,0.0,#F89B9B
2024-03-12,Franklin County,XBB.1.16.15,0.0,1215063,0.0,#E3B5FA
2024-03-12,Franklin County,XBB.1.16.6,0.0,1215063,0.0,#5AA350
2024-03-12,Franklin County,XBB.1.42.1,0.0,1215063,0.0,#75D1A3
2024-03-12,Franklin County,XBB.1.5,0.0,1215063,0.0,#3F51B5
2024-03-12,Franklin County,XBB.1.5.70,0.0,1215063,0.0,#46783C
2024-03-12,Franklin County,XBB.1.5.72,0.0,1215063,0.0,#254220
2024-03-12,Franklin County,XBB.1.9.1,0.0,1215063,0.0,#304FFE
2024-03-12,Franklin County,XBB.1.9.2,0.0,1215063,0.0,#536DFE
2024-03-12,Franklin County,XBB.2.3,0.0,1215063,0.0,#F7BCDF
2024-03-12,Franklin County,XDP,0.0,1215063,0.0,#B60052
2024-03-12,Franklin County,XDV.1,0.0,1215063,0.0,#D367B6
2024-03-12,Franklin County,unreportable,5522.9528946,1215063,0.004545404554825552,#eeeeee
2024-03-12,Island County,BA.2,0.0,1778632,0.0,#9CCD67
2024-03-12,Island County,BA.2.12.1,0.0,1778632,0.0,#7CB342
2024-03-12,Island County,BA.2.86,0.0,1778632,0.0,#D770EE
2024-03-12,Island County,EG.5,0.0,1778632,0.0,#FFBE7D
2024-03-12,Island County,EG.5.1.8,0.0,1778632,0.0,#E14D6F
2024-03-12,Island County,EG.6.1,0.0,1778632,0.0,#B9ABA8
2024-03-12,Island County,FE.1.1,0.0,1778632,0.0,#499894
2024-03-12,Island County,FL.1.5.1,0.0,1778632,0.0,#8CD17D
2024-03-12,Island County,GE.1,0.0,1778632,0.0,#FABFD2
2024-03-12,Island County,GK.1.1,0.0,1778632,0.0,#90FAE5
2024-03-12,Island County,HF.1,0.0,1778632,0.0,#D399AD
2024-03-12,Island County,HK.3,0.0,1778632,0.0,#859DBC
2024-03-12,Island County,HV.1,0.0,1778632,0.0,#797765
2024-03-12,Island County,JD.1.1,0.0,1778632,0.0,#80F192
2024-03-12,Island County,JF.1,0.0,1778632,0.0,#FFF1A9
2024-03-12,Island County,JG.3,0.0,1778632,0.0,#66A172
2024-03-12,Island County,JN.1,919723.597318765,1778632,0.5170960588355349,#61018F
2024-03-12,Island County,JN.1.11.1,0.0,1778632,0.0,#5C9CF1
2024-03-12,Island County,JN.1.13,0.0,1778632,0.0,#E83C78
2024-03-12,Island County,JN.1.13.1,0.0,1778632,0.0,#F2591C
2024-03-12,Island County,JN.1.16,72763.89742341,1778632,0.04091003502883677,#BC3A88
2024-03-12,Island County,JN.1.16.1,0.0,1778632,0.0,#366298
2024-03-12,Island County,JN.1.18,0.0,1778632,0.0,#4AF32F
2024-03-12,Island County,JN.1.32,64155.08831174,1778632,0.03606990558571981,#2E7919
2024-03-12,Island County,JN.1.4.3,116958.74731513999,1778632,0.06575769879049741,#9D1010
2024-03-12,Island County,JN.1.7,584603.792205055,1778632,0.32868170155774495,#CF15E8
2024-03-12,Island County,JN.1.8.1,4989.58864036,1778632,0.002805295665635162,#FFB027
2024-03-12,Island County,KP.1.1,0.0,1778632,0.0,#CBFF86
2024-03-12,Island County,KP.1.1.3,0.0,1778632,0.0,#1EB3B6
2024-03-12,Island County,KP.1.2,271.427840355,1778632,0.00015260483357715368,#D7B5A6
2024-03-12,Island County,KP.2,0.0,1778632,0.0,#5875A1
2024-03-12,Island County,KP.2.15,0.0,1778632,0.0,#175DFF
2024-03-12,Island County,KP.2.3,0.0,1778632,0.0,#628DE8
2024-03-12,Island County,KP.3,0.0,1778632,0.0,#B06589
2024-03-12,Island County,KP.3.1.1,0.0,1778632,0.0,#2F92A1
2024-03-12,Island County,KP.4.1,0.0,1778632,0.0,#FF473A
2024-03-12,Island County,KQ.1,0.0,1778632,0.0,#E86CDE
2024-03-12,Island County,KV.2,784.474258365,1778632,0.0004410548434780213,#E14365
2024-03-12,Island County,KW.1.1,0.0,1778632,0.0,#34A0FF
2024-03-12,Island County,LB.1,0.0,1778632,0.0,#795653
2024-03-12,Island County,Recombinant,0.0,1778632,0.0,#FF0000
2024-03-12,Island County,XBB,0.0,1778632,0.0,#9FA8DA
2024-03-12,Island County,XBB.1.16,0.0,1778632,0.0,#4527A0
2024-03-12,Island County,XBB.1.16.1,0.0,1778632,0.0,#F89B9B
2024-03-12,Island County,XBB.1.16.15,0.0,1778632,0.0,#E3B5FA
2024-03-12,Island County,XBB.1.16.6,0.0,1778632,0.0,#5AA350
2024-03-12,Island County,XBB.1.42.1,0.0,1778632,0.0,#75D1A3
2024-03-12,Island County,XBB.1.5,0.0,1778632,0.0,#3F51B5
2024-03-12,Island County,XBB.1.5.70,0.0,1778632,0.0,#46783C
2024-03-12,Island County,XBB.1.5.72,0.0,1778632,0.0,#254220
2024-03-12,Island County,XBB.1.9.1,0.0,1778632,0.0,#304FFE
2024-03-12,Island County,XBB.1.9.2,0.0,1778632,0.0,#536DFE
2024-03-12,Island County,XBB.2.3,0.0,1778632,0.0,#F7BCDF
2024-03-12,Island County,XDP,0.0,1778632,0.0,#B60052
2024-03-12,Island County,XDV.1,0.0,1778632,0.0,#D367B6
2024-03-12,Island County,unreportable,14381.406165555,1778632,0.008085655810507738,#eeeeee
2024-03-12,Jefferson County,BA.2,0.0,162770,0.0,#9CCD67
2024-03-12,Jefferson County,BA.2.12.1,0.0,162770,0.0,#7CB342
2024-03-12,Jefferson County,BA.2.86,15037.047438599999,162770,0.09238218,#D770EE
2024-03-12,Jefferson County,EG.5,0.0,162770,0.0,#FFBE7D
2024-03-12,Jefferson County,EG.5.1.8,0.0,162770,0.0,#E14D6F
2024-03-12,Jefferson County,EG.6.1,0.0,162770,0.0,#B9ABA8
2024-03-12,Jefferson County,FE.1.1,0.0,162770,0.0,#499894
2024-03-12,Jefferson County,FL.1.5.1,0.0,162770,0.0,#8CD17D
2024-03-12,Jefferson County,GE.1,0.0,162770,0.0,#FABFD2
2024-03-12,Jefferson County,GK.1.1,0.0,162770,0.0,#90FAE5
2024-03-12,Jefferson County,HF.1,0.0,162770,0.0,#D399AD
2024-03-12,Jefferson County,HK.3,0.0,162770,0.0,#859DBC
2024-03-12,Jefferson County,HV.1,0.0,162770,0.0,#797765
2024-03-12,Jefferson County,JD.1.1,0.0,162770,0.0,#80F192
2024-03-12,Jefferson County,JF.1,0.0,162770,0.0,#FFF1A9
2024-03-12,Jefferson County,JG.3,0.0,162770,0.0,#66A172
2024-03-12,Jefferson County,JN.1,96146.7529099,162770,0.59069087,#61018F
2024-03-12,Jefferson County,JN.1.11.1,0.0,162770,0.0,#5C9CF1
2024-03-12,Jefferson County,JN.1.13,0.0,162770,0.0,#E83C78
2024-03-12,Jefferson County,JN.1.13.1,0.0,162770,0.0,#F2591C
2024-03-12,Jefferson County,JN.1.16,318.5213576,162770,0.00195688,#BC3A88
2024-03-12,Jefferson County,JN.1.16.1,0.0,162770,0.0,#366298
2024-03-12,Jefferson County,JN.1.18,0.0,162770,0.0,#4AF32F
2024-03-12,Jefferson County,JN.1.32,0.0,162770,0.0,#2E7919
2024-03-12,Jefferson County,JN.1.4.3,0.0,162770,0.0,#9D1010
2024-03-12,Jefferson County,JN.1.7,49291.9923109,162770,0.30283217,#CF15E8
2024-03-12,Jefferson County,JN.1.8.1,0.0,162770,0.0,#FFB027
2024-03-12,Jefferson County,KP.1.1,0.0,162770,0.0,#CBFF86
2024-03-12,Jefferson County,KP.1.1.3,0.0,162770,0.0,#1EB3B6
2024-03-12,Jefferson County,KP.1.2,0.0,162770,0.0,#D7B5A6
2024-03-12,Jefferson County,KP.2,0.0,162770,0.0,#5875A1
2024-03-12,Jefferson County,KP.2.15,0.0,162770,0.0,#175DFF
2024-03-12,Jefferson County,KP.2.3,0.0,162770,0.0,#628DE8
2024-03-12,Jefferson County,KP.3,0.0,162770,0.0,#B06589
2024-03-12,Jefferson County,KP.3.1.1,0.0,162770,0.0,#2F92A1
2024-03-12,Jefferson County,KP.4.1,0.0,162770,0.0,#FF473A
2024-03-12,Jefferson County,KQ.1,0.0,162770,0.0,#E86CDE
2024-03-12,Jefferson County,KV.2,0.0,162770,0.0,#E14365
2024-03-12,Jefferson County,KW.1.1,0.0,162770,0.0,#34A0FF
2024-03-12,Jefferson County,LB.1,0.0,162770,0.0,#795653
2024-03-12,Jefferson County,Recombinant,0.0,162770,0.0,#FF0000
2024-03-12,Jefferson County,XBB,0.0,162770,0.0,#9FA8DA
2024-03-12,Jefferson County,XBB.1.16,0.0,162770,0.0,#4527A0
2024-03-12,Jefferson County,XBB.1.16.1,0.0,162770,0.0,#F89B9B
2024-03-12,Jefferson County,XBB.1.16.15,0.0,162770,0.0,#E3B5FA
2024-03-12,Jefferson County,XBB.1.16.6,0.0,162770,0.0,#5AA350
2024-03-12,Jefferson County,XBB.1.42.1,0.0,162770,0.0,#75D1A3
2024-03-12,Jefferson County,XBB.1.5,0.0,162770,0.0,#3F51B5
2024-03-12,Jefferson County,XBB.1.5.70,0.0,162770,0.0,#46783C
2024-03-12,Jefferson County,XBB.1.5.72,0.0,162770,0.0,#254220
2024-03-12,Jefferson County,XBB.1.9.1,0.0,162770,0.0,#304FFE
2024-03-12,Jefferson County,XBB.1.9.2,0.0,162770,0.0,#536DFE
2024-03-12,Jefferson County,XBB.2.3,0.0,162770,0.0,#F7BCDF
2024-03-12,Jefferson County,XDP,208.5002315,162770,0.00128095,#B60052
2024-03-12,Jefferson County,XDV.1,0.0,162770,0.0,#D367B6
2024-03-12,Jefferson County,unreportable,1767.1841238000002,162770,0.01085694,#eeeeee
2024-03-12,Kittitas County,BA.2,0.0,143520,0.0,#9CCD67
2024-03-12,Kittitas County,BA.2.12.1,0.0,143520,0.0,#7CB342
2024-03-12,Kittitas County,BA.2.86,0.0,143520,0.0,#D770EE
2024-03-12,Kittitas County,EG.5,0.0,143520,0.0,#FFBE7D
2024-03-12,Kittitas County,EG.5.1.8,0.0,143520,0.0,#E14D6F
2024-03-12,Kittitas County,EG.6.1,0.0,143520,0.0,#B9ABA8
2024-03-12,Kittitas County,FE.1.1,0.0,143520,0.0,#499894
2024-03-12,Kittitas County,FL.1.5.1,0.0,143520,0.0,#8CD17D
2024-03-12,Kittitas County,GE.1,0.0,143520,0.0,#FABFD2
2024-03-12,Kittitas County,GK.1.1,0.0,143520,0.0,#90FAE5
2024-03-12,Kittitas County,HF.1,0.0,143520,0.0,#D399AD
2024-03-12,Kittitas County,HK.3,0.0,143520,0.0,#859DBC
2024-03-12,Kittitas County,HV.1,0.0,143520,0.0,#797765
2024-03-12,Kittitas County,JD.1.1,0.0,143520,0.0,#80F192
2024-03-12,Kittitas County,JF.1,0.0,143520,0.0,#FFF1A9
2024-03-12,Kittitas County,JG.3,0.0,143520,0.0,#66A172
2024-03-12,Kittitas County,JN.1,141909.3697632,143520,0.98877766,#61018F
2024-03-12,Kittitas County,JN.1.11.1,0.0,143520,0.0,#5C9CF1
2024-03-12,Kittitas County,JN.1.13,0.0,143520,0.0,#E83C78
2024-03-12,Kittitas County,JN.1.13.1,0.0,143520,0.0,#F2591C
2024-03-12,Kittitas County,JN.1.16,615.2027856000001,143520,0.00428653,#BC3A88
2024-03-12,Kittitas County,JN.1.16.1,0.0,143520,0.0,#366298
2024-03-12,Kittitas County,JN.1.18,0.0,143520,0.0,#4AF32F
2024-03-12,Kittitas County,JN.1.32,0.0,143520,0.0,#2E7919
2024-03-12,Kittitas County,JN.1.4.3,0.0,143520,0.0,#9D1010
2024-03-12,Kittitas County,JN.1.7,0.0,143520,0.0,#CF15E8
2024-03-12,Kittitas County,JN.1.8.1,0.0,143520,0.0,#FFB027
2024-03-12,Kittitas County,KP.1.1,0.0,143520,0.0,#CBFF86
2024-03-12,Kittitas County,KP.1.1.3,0.0,143520,0.0,#1EB3B6
2024-03-12,Kittitas County,KP.1.2,0.0,143520,0.0,#D7B5A6
2024-03-12,Kittitas County,KP.2,0.0,143520,0.0,#5875A1
2024-03-12,Kittitas County,KP.2.15,0.0,143520,0.0,#175DFF
2024-03-12,Kittitas County,KP.2.3,0.0,143520,0.0,#628DE8
2024-03-12,Kittitas County,KP.3,0.0,143520,0.0,#B06589
2024-03-12,Kittitas County,KP.3.1.1,0.0,143520,0.0,#2F92A1
2024-03-12,Kittitas County,KP.4.1,0.0,143520,0.0,#FF473A
2024-03-12,Kittitas County,KQ.1,0.0,143520,0.0,#E86CDE
2024-03-12,Kittitas County,KV.2,0.0,143520,0.0,#E14365
2024-03-12,Kittitas County,KW.1.1,0.0,143520,0.0,#34A0FF
2024-03-12,Kittitas County,LB.1,0.0,143520,0.0,#795653
2024-03-12,Kittitas County,Recombinant,0.0,143520,0.0,#FF0000
2024-03-12,Kittitas County,XBB,0.0,143520,0.0,#9FA8DA
2024-03-12,Kittitas County,XBB.1.16,0.0,143520,0.0,#4527A0
2024-03-12,Kittitas County,XBB.1.16.1,0.0,143520,0.0,#F89B9B
2024-03-12,Kittitas County,XBB.1.16.15,0.0,143520,0.0,#E3B5FA
2024-03-12,Kittitas County,XBB.1.16.6,0.0,143520,0.0,#5AA350
2024-03-12,Kittitas County,XBB.1.42.1,0.0,143520,0.0,#75D1A3
2024-03-12,Kittitas County,XBB.1.5,0.0,143520,0.0,#3F51B5
2024-03-12,Kittitas County,XBB.1.5.70,0.0,143520,0.0,#46783C
2024-03-12,Kittitas County,XBB.1.5.72,0.0,143520,0.0,#254220
2024-03-12,Kittitas County,XBB.1.9.1,0.0,143520,0.0,#304FFE
2024-03-12,Kittitas County,XBB.1.9.2,0.0,143520,0.0,#536DFE
2024-03-12,Kittitas County,XBB.2.3,0.0,143520,0.0,#F7BCDF
2024-03-12,Kittitas County,XDP,0.0,143520,0.0,#B60052
2024-03-12,Kittitas County,XDV.1,0.0,143520,0.0,#D367B6
2024-03-12,Kittitas County,unreportable,995.4274512,143520,0.00693581,#eeeeee
2024-03-12,Pierce County,BA.2,0.0,1013026,0.0,#9CCD67
2024-03-12,Pierce County,BA.2.12.1,0.0,1013026,0.0,#7CB342
2024-03-12,Pierce County,BA.2.86,0.0,1013026,0.0,#D770EE
2024-03-12,Pierce County,EG.5,0.0,1013026,0.0,#FFBE7D
2024-03-12,Pierce County,EG.5.1.8,0.0,1013026,0.0,#E14D6F
2024-03-12,Pierce County,EG.6.1,0.0,1013026,0.0,#B9ABA8
2024-03-12,Pierce County,FE.1.1,0.0,1013026,0.0,#499894
2024-03-12,Pierce County,FL.1.5.1,0.0,1013026,0.0,#8CD17D
2024-03-12,Pierce County,GE.1,0.0,1013026,0.0,#FABFD2
2024-03-12,Pierce County,GK.1.1,0.0,1013026,0.0,#90FAE5
2024-03-12,Pierce County,HF.1,0.0,1013026,0.0,#D399AD
2024-03-12,Pierce County,HK.3,0.0,1013026,0.0,#859DBC
2024-03-12,Pierce County,HV.1,0.0,1013026,0.0,#797765
2024-03-12,Pierce County,JD.1.1,0.0,1013026,0.0,#80F192
2024-03-12,Pierce County,JF.1,0.0,1013026,0.0,#FFF1A9
2024-03-12,Pierce County,JG.3,0.0,1013026,0.0,#66A172
2024-03-12,Pierce County,JN.1,12718.924703089999,1013026,0.012555378344771011,#61018F
2024-03-12,Pierce County,JN.1.11.1,0.0,1013026,0.0,#5C9CF1
2024-03-12,Pierce County,JN.1.13,29442.11500116,1013026,0.029063533414897546,#E83C78
2024-03-12,Pierce County,JN.1.13.1,156.96896734,1013026,0.00015495058107096955,#F2591C
2024-03-12,Pierce County,JN.1.16,1389.3677184399999,1013026,0.0013715025265294276,#BC3A88
2024-03-12,Pierce County,JN.1.16.1,0.0,1013026,0.0,#366298
2024-03-12,Pierce County,JN.1.18,15022.753287669999,1013026,0.014829583137718084,#4AF32F
2024-03-12,Pierce County,JN.1.32,572495.8372206701,1013026,0.565134396570937,#2E7919
2024-03-12,Pierce County,JN.1.4.3,361459.70901755,1013026,0.3568118775012191,#9D1010
2024-03-12,Pierce County,JN.1.7,0.0,1013026,0.0,#CF15E8
2024-03-12,Pierce County,JN.1.8.1,1494.81819439,1013026,0.001475597066995319,#FFB027
2024-03-12,Pierce County,KP.1.1,0.0,1013026,0.0,#CBFF86
2024-03-12,Pierce County,KP.1.1.3,0.0,1013026,0.0,#1EB3B6
2024-03-12,Pierce County,KP.1.2,0.0,1013026,0.0,#D7B5A6
2024-03-12,Pierce County,KP.2,0.0,1013026,0.0,#5875A1
2024-03-12,Pierce County,KP.2.15,0.0,1013026,0.0,#175DFF
2024-03-12,Pierce County,KP.2.3,0.0,1013026,0.0,#628DE8
2024-03-12,Pierce County,KP.3,0.0,1013026,0.0,#B06589
2024-03-12,Pierce County,KP.3.1.1,0.0,1013026,0.0,#2F92A1
2024-03-12,Pierce County,KP.4.1,0.0,1013026,0.0,#FF473A
2024-03-12,Pierce County,KQ.1,12110.85036669,1013026,0.011955122935334335,#E86CDE
2024-03-12,Pierce County,KV.2,0.0,1013026,0.0,#E14365
2024-03-12,Pierce County,KW.1.1,0.0,1013026,0.0,#34A0FF
2024-03-12,Pierce County,LB.1,0.0,1013026,0.0,#795653
2024-03-12,Pierce County,Recombinant,0.0,1013026,0.0,#FF0000
2024-03-12,Pierce County,XBB,0.0,1013026,0.0,#9FA8DA
2024-03-12,Pierce County,XBB.1.16,0.0,1013026,0.0,#4527A0
2024-03-12,Pierce County,XBB.1.16.1,0.0,1013026,0.0,#F89B9B
2024-03-12,Pierce County,XBB.1.16.15,0.0,1013026,0.0,#E3B5FA
2024-03-12,Pierce County,XBB.1.16.6,0.0,1013026,0.0,#5AA350
2024-03-12,Pierce County,XBB.1.42.1,0.0,1013026,0.0,#75D1A3
2024-03-12,Pierce County,XBB.1.5,0.0,1013026,0.0,#3F51B5
2024-03-12,Pierce County,XBB.1.5.70,0.0,1013026,0.0,#46783C
2024-03-12,Pierce County,XBB.1.5.72,0.0,1013026,0.0,#254220
2024-03-12,Pierce County,XBB.1.9.1,0.0,1013026,0.0,#304FFE
2024-03-12,Pierce County,XBB.1.9.2,0.0,1013026,0.0,#536DFE
2024-03-12,Pierce County,XBB.2.3,0.0,1013026,0.0,#F7BCDF
2024-03-12,Pierce County,XDP,0.0,1013026,0.0,#B60052
2024-03-12,Pierce County,XDV.1,0.0,1013026,0.0,#D367B6
2024-03-12,Pierce County,unreportable,6734.655522999999,1013026,0.006648057920527212,#eeeeee
2024-03-12,Spokane County,BA.2,0.0,713850,0.0,#9CCD67
2024-03-12,Spokane County,BA.2.12.1,0.0,713850,0.0,#7CB342
2024-03-12,Spokane County,BA.2.86,0.0,713850,0.0,#D770EE
2024-03-12,Spokane County,EG.5,0.0,713850,0.0,#FFBE7D
2024-03-12,Spokane County,EG.5.1.8,0.0,713850,0.0,#E14D6F
2024-03-12,Spokane County,EG.6.1,0.0,713850,0.0,#B9ABA8
2024-03-12,Spokane County,FE.1.1,0.0,713850,0.0,#499894
2024-03-12,Spokane County,FL.1.5.1,0.0,713850,0.0,#8CD17D
2024-03-12,Spokane County,GE.1,0.0,713850,0.0,#FABFD2
2024-03-12,Spokane County,GK.1.1,0.0,713850,0.0,#90FAE5
2024-03-12,Spokane County,HF.1,0.0,713850,0.0,#D399AD
2024-03-12,Spokane County,HK.3,0.0,713850,0.0,#859DBC
2024-03-12,Spokane County,HV.1,0.0,713850,0.0,#797765
2024-03-12,Spokane County,JD.1.1,0.0,713850,0.0,#80F192
2024-03-12,Spokane County,JF.1,0.0,713850,0.0,#FFF1A9
2024-03-12,Spokane County,JG.3,0.0,713850,0.0,#66A172
2024-03-12,Spokane County,JN.1,277731.81589950004,713850,0.38906187000000003,#61018F
2024-03-12,Spokane County,JN.1.11.1,0.0,713850,0.0,#5C9CF1
2024-03-12,Spokane County,JN.1.13,0.0,713850,0.0,#E83C78
2024-03-12,Spokane County,JN.1.13.1,0.0,713850,0.0,#F2591C
2024-03-12,Spokane County,JN.1.16,0.0,713850,0.0,#BC3A88
2024-03-12,Spokane County,JN.1.16.1,0.0,713850,0.0,#366298
2024-03-12,Spokane County,JN.1.18,174333.720093,713850,0.24421618,#4AF32F
2024-03-12,Spokane County,JN.1.32,166630.4005575,713850,0.23342495,#2E7919
2024-03-12,Spokane County,JN.1.4.3,0.0,713850,0.0,#9D1010
2024-03-12,Spokane County,JN.1.7,87463.9501395,713850,0.12252426999999999,#CF15E8
2024-03-12,Spokane County,JN.1.8.1,0.0,713850,0.0,#FFB027
2024-03-12,Spokane County,KP.1.1,0.0,713850,0.0,#CBFF86
2024-03-12,Spokane County,KP.1.1.3,0.0,713850,0.0,#1EB3B6
2024-03-12,Spokane County,KP.1.2,0.0,713850,0.0,#D7B5A6
2024-03-12,Spokane County,KP.2,0.0,713850,0.0,#5875A1
2024-03-12,Spokane County,KP.2.15,0.0,713850,0.0,#175DFF
2024-03-12,Spokane County,KP.2.3,0.0,713850,0.0,#628DE8
2024-03-12,Spokane County,KP.3,0.0,713850,0.0,#B06589
2024-03-12,Spokane County,KP.3.1.1,0.0,713850,0.0,#2F92A1
2024-03-12,Spokane County,KP.4.1,0.0,713850,0.0,#FF473A
2024-03-12,Spokane County,KQ.1,0.0,713850,0.0,#E86CDE
2024-03-12,Spokane County,KV.2,0.0,713850,0.0,#E14365
2024-03-12,Spokane County,KW.1.1,0.0,713850,0.0,#34A0FF
2024-03-12,Spokane County,LB.1,0.0,713850,0.0,#795653
2024-03-12,Spokane County,Recombinant,0.0,713850,0.0,#FF0000
2024-03-12,Spokane County,XBB,0.0,713850,0.0,#9FA8DA
2024-03-12,Spokane County,XBB.1.16,0.0,713850,0.0,#4527A0
2024-03-12,Spokane County,XBB.1.16.1,0.0,713850,0.0,#F89B9B
2024-03-12,Spokane County,XBB.1.16.15,0.0,713850,0.0,#E3B5FA
2024-03-12,Spokane County,XBB.1.16.6,0.0,713850,0.0,#5AA350
2024-03-12,Spokane County,XBB.1.42.1,0.0,713850,0.0,#75D1A3
2024-03-12,Spokane County,XBB.1.5,0.0,713850,0.0,#3F51B5
2024-03-12,Spokane County,XBB.1.5.70,0.0,713850,0.0,#46783C
2024-03-12,Spokane County,XBB.1.5.72,0.0,713850,0.0,#254220
2024-03-12,Spokane County,XBB.1.9.1,0.0,713850,0.0,#304FFE
2024-03-12,Spokane County,XBB.1.9.2,0.0,713850,0.0,#536DFE
2024-03-12,Spokane County,XBB.2.3,0.0,713850,0.0,#F7BCDF
2024-03-12,Spokane County,XDP,0.0,713850,0.0,#B60052
2024-03-12,Spokane County,XDV.1,0.0,713850,0.0,#D367B6
2024-03-12,Spokane County,unreportable,7690.106172,713850,0.01077272,#eeeeee
2024-03-12,Thurston County,BA.2,0.0,166384,0.0,#9CCD67
2024-03-12,Thurston County,BA.2.12.1,0.0,166384,0.0,#7CB342
2024-03-12,Thurston County,BA.2.86,0.0,166384,0.0,#D770EE
2024-03-12,Thurston County,EG.5,0.0,166384,0.0,#FFBE7D
2024-03-12,Thurston County,EG.5.1.8,0.0,166384,0.0,#E14D6F
2024-03-12,Thurston County,EG.6.1,0.0,166384,0.0,#B9ABA8
2024-03-12,Thurston County,FE.1.1,0.0,166384,0.0,#499894
2024-03-12,Thurston County,FL.1.5.1,0.0,166384,0.0,#8CD17D
2024-03-12,Thurston County,GE.1,0.0,166384,0.0,#FABFD2
2024-03-12,Thurston County,GK.1.1,0.0,166384,0.0,#90FAE5
2024-03-12,Thurston County,HF.1,0.0,166384,0.0,#D399AD
2024-03-12,Thurston County,HK.3,0.0,166384,0.0,#859DBC
2024-03-12,Thurston County,HV.1,0.0,166384,0.0,#797765
2024-03-12,Thurston County,JD.1.1,0.0,166384,0.0,#80F192
2024-03-12,Thurston County,JF.1,0.0,166384,0.0,#FFF1A9
2024-03-12,Thurston County,JG.3,0.0,166384,0.0,#66A172
2024-03-12,Thurston County,JN.1,164240.33882176,166384,0.9871161819751899,#61018F
2024-03-12,Thurston County,JN.1.11.1,0.0,166384,0.0,#5C9CF1
2024-03-12,Thurston County,JN.1.13,0.0,166384,0.0,#E83C78
2024-03-12,Thurston County,JN.1.13.1,0.0,166384,0.0,#F2591C
2024-03-12,Thurston County,JN.1.16,438.44657503999997,166384,0.0026351486623713816,#BC3A88
2024-03-12,Thurston County,JN.1.16.1,0.0,166384,0.0,#366298
2024-03-12,Thurston County,JN.1.18,0.0,166384,0.0,#4AF32F
2024-03-12,Thurston County,JN.1.32,0.0,166384,0.0,#2E7919
2024-03-12,Thurston County,JN.1.4.3,0.0,166384,0.0,#9D1010
2024-03-12,Thurston County,JN.1.7,0.0,166384,0.0,#CF15E8
2024-03-12,Thurston County,JN.1.8.1,0.0,166384,0.0,#FFB027
2024-03-12,Thurston County,KP.1.1,0.0,166384,0.0,#CBFF86
2024-03-12,Thurston County,KP.1.1.3,0.0,166384,0.0,#1EB3B6
2024-03-12,Thurston County,KP.1.2,0.0,166384,0.0,#D7B5A6
2024-03-12,Thurston County,KP.2,0.0,166384,0.0,#5875A1
2024-03-12,Thurston County,KP.2.15,0.0,166384,0.0,#175DFF
2024-03-12,Thurston County,KP.2.3,0.0,166384,0.0,#628DE8
2024-03-12,Thurston County,KP.3,0.0,166384,0.0,#B06589
2024-03-12,Thurston County,KP.3.1.1,0.0,166384,0.0,#2F92A1
2024-03-12,Thurston County,KP.4.1,0.0,166384,0.0,#FF473A
2024-03-12,Thurston County,KQ.1,0.0,166384,0.0,#E86CDE
2024-03-12,Thurston County,KV.2,0.0,166384,0.0,#E14365
2024-03-12,Thurston County,KW.1.1,0.0,166384,0.0,#34A0FF
2024-03-12,Thurston County,LB.1,0.0,166384,0.0,#795653
2024-03-12,Thurston County,Recombinant,0.0,166384,0.0,#FF0000
2024-03-12,Thurston County,XBB,0.0,166384,0.0,#9FA8DA
2024-03-12,Thurston County,XBB.1.16,0.0,166384,0.0,#4527A0
2024-03-12,Thurston County,XBB.1.16.1,0.0,166384,0.0,#F89B9B
2024-03-12,Thurston County,XBB.1.16.15,0.0,166384,0.0,#E3B5FA
2024-03-12,Thurston County,XBB.1.16.6,0.0,166384,0.0,#5AA350
2024-03-12,Thurston County,XBB.1.42.1,0.0,166384,0.0,#75D1A3
2024-03-12,Thurston County,XBB.1.5,0.0,166384,0.0,#3F51B5
2024-03-12,Thurston County,XBB.1.5.70,0.0,166384,0.0,#46783C
2024-03-12,Thurston County,XBB.1.5.72,0.0,166384,0.0,#254220
2024-03-12,Thurston County,XBB.1.9.1,0.0,166384,0.0,#304FFE
2024-03-12,Thurston County,XBB.1.9.2,0.0,166384,0.0,#536DFE
2024-03-12,Thurston County,XBB.2.3,0.0,166384,0.0,#F7BCDF
2024-03-12,Thurston County,XDP,0.0,166384,0.0,#B60052
2024-03-12,Thurston County,XDV.1,0.0,166384,0.0,#D367B6
2024-03-12,Thurston County,unreportable,1705.2152854400001,166384,0.010248673462832966,#eeeeee
2024-03-12,Whitman County,BA.2,0.0,245487,0.0,#9CCD67
2024-03-12,Whitman County,BA.2.12.1,0.0,245487,0.0,#7CB342
2024-03-12,Whitman County,BA.2.86,0.0,245487,0.0,#D770EE
2024-03-12,Whitman County,EG.5,0.0,245487,0.0,#FFBE7D
2024-03-12,Whitman County,EG.5.1.8,0.0,245487,0.0,#E14D6F
2024-03-12,Whitman County,EG.6.1,0.0,245487,0.0,#B9ABA8
2024-03-12,Whitman County,FE.1.1,0.0,245487,0.0,#499894
2024-03-12,Whitman County,FL.1.5.1,0.0,245487,0.0,#8CD17D
2024-03-12,Whitman County,GE.1,0.0,245487,0.0,#FABFD2
2024-03-12,Whitman County,GK.1.1,0.0,245487,0.0,#90FAE5
2024-03-12,Whitman County,HF.1,0.0,245487,0.0,#D399AD
2024-03-12,Whitman County,HK.3,0.0,245487,0.0,#859DBC
2024-03-12,Whitman County,HV.1,0.0,245487,0.0,#797765
2024-03-12,Whitman County,JD.1.1,0.0,245487,0.0,#80F192
2024-03-12,Whitman County,JF.1,0.0,245487,0.0,#FFF1A9
2024-03-12,Whitman County,JG.3,0.0,245487,0.0,#66A172
2024-03-12,Whitman County,JN.1,92586.29598372,245487,0.37715356,#61018F
2024-03-12,Whitman County,JN.1.11.1,0.0,245487,0.0,#5C9CF1
2024-03-12,Whitman County,JN.1.13,0.0,245487,0.0,#E83C78
2024-03-12,Whitman County,JN.1.13.1,0.0,245487,0.0,#F2591C
2024-03-12,Whitman County,JN.1.16,151052.53058808,245487,0.61531784,#BC3A88
2024-03-12,Whitman County,JN.1.16.1,0.0,245487,0.0,#366298
2024-03-12,Whitman County,JN.1.18,0.0,245487,0.0,#4AF32F
2024-03-12,Whitman County,JN.1.32,0.0,245487,0.0,#2E7919
2024-03-12,Whitman County,JN.1.4.3,0.0,245487,0.0,#9D1010
2024-03-12,Whitman County,JN.1.7,0.0,245487,0.0,#CF15E8
2024-03-12,Whitman County,JN.1.8.1,0.0,245487,0.0,#FFB027
2024-03-12,Whitman County,KP.1.1,0.0,245487,0.0,#CBFF86
2024-03-12,Whitman County,KP.1.1.3,0.0,245487,0.0,#1EB3B6
2024-03-12,Whitman County,KP.1.2,0.0,245487,0.0,#D7B5A6
2024-03-12,Whitman County,KP.2,0.0,245487,0.0,#5875A1
2024-03-12,Whitman County,KP.2.15,0.0,245487,0.0,#175DFF
2024-03-12,Whitman County,KP.2.3,0.0,245487,0.0,#628DE8
2024-03-12,Whitman County,KP.3,0.0,245487,0.0,#B06589
2024-03-12,Whitman County,KP.3.1.1,0.0,245487,0.0,#2F92A1
2024-03-12,Whitman County,KP.4.1,0.0,245487,0.0,#FF473A
2024-03-12,Whitman County,KQ.1,0.0,245487,0.0,#E86CDE
2024-03-12,Whitman County,KV.2,0.0,245487,0.0,#E14365
2024-03-12,Whitman County,KW.1.1,0.0,245487,0.0,#34A0FF
2024-03-12,Whitman County,LB.1,0.0,245487,0.0,#795653
2024-03-12,Whitman County,Recombinant,0.0,245487,0.0,#FF0000
2024-03-12,Whitman County,XBB,0.0,245487,0.0,#9FA8DA
2024-03-12,Whitman County,XBB.1.16,0.0,245487,0.0,#4527A0
2024-03-12,Whitman County,XBB.1.16.1,0.0,245487,0.0,#F89B9B
2024-03-12,Whitman County,XBB.1.16.15,0.0,245487,0.0,#E3B5FA
2024-03-12,Whitman County,XBB.1.16.6,0.0,245487,0.0,#5AA350
2024-03-12,Whitman County,XBB.1.42.1,0.0,245487,0.0,#75D1A3
2024-03-12,Whitman County,XBB.1.5,0.0,245487,0.0,#3F51B5
2024-03-12,Whitman County,XBB.1.5.70,0.0,245487,0.0,#46783C
2024-03-12,Whitman County,XBB.1.5.72,0.0,245487,0.0,#254220
2024-03-12,Whitman County,XBB.1.9.1,0.0,245487,0.0,#304FFE
2024-03-12,Whitman County,XBB.1.9.2,0.0,245487,0.0,#536DFE
2024-03-12,Whitman County,XBB.2.3,0.0,245487,0.0,#F7BCDF
2024-03-12,Whitman County,XDP,0.0,245487,0.0,#B60052
2024-03-12,Whitman County,XDV.1,0.0,245487,0.0,#D367B6
2024-03-12,Whitman County,unreportable,1848.17588307,245487,0.00752861,#eeeeee
2024-03-12,Yakima County,BA.2,0.0,1933008,0.0,#9CCD67
2024-03-12,Yakima County,BA.2.12.1,0.0,1933008,0.0,#7CB342
2024-03-12,Yakima County,BA.2.86,0.0,1933008,0.0,#D770EE
2024-03-12,Yakima County,EG.5,0.0,1933008,0.0,#FFBE7D
2024-03-12,Yakima County,EG.5.1.8,0.0,1933008,0.0,#E14D6F
2024-03-12,Yakima County,EG.6.1,0.0,1933008,0.0,#B9ABA8
2024-03-12,Yakima County,FE.1.1,0.0,1933008,0.0,#499894
2024-03-12,Yakima County,FL.1.5.1,0.0,1933008,0.0,#8CD17D
2024-03-12,Yakima County,GE.1,0.0,1933008,0.0,#FABFD2
2024-03-12,Yakima County,GK.1.1,0.0,1933008,0.0,#90FAE5
2024-03-12,Yakima County,HF.1,0.0,1933008,0.0,#D399AD
2024-03-12,Yakima County,HK.3,0.0,1933008,0.0,#859DBC
2024-03-12,Yakima County,HV.1,0.0,1933008,0.0,#797765
2024-03-12,Yakima County,JD.1.1,0.0,1933008,0.0,#80F192
2024-03-12,Yakima County,JF.1,0.0,1933008,0.0,#FFF1A9
2024-03-12,Yakima County,JG.3,0.0,1933008,0.0,#66A172
2024-03-12,Yakima County,JN.1,1404094.53595128,1933008,0.72637802634613,#61018F
2024-03-12,Yakima County,JN.1.11.1,868.48393904,1933008,0.00044929143544155016,#5C9CF1
2024-03-12,Yakima County,JN.1.13,0.0,1933008,0.0,#E83C78
2024-03-12,Yakima County,JN.1.13.1,0.0,1933008,0.0,#F2591C
2024-03-12,Yakima County,JN.1.16,340.2846192,1933008,0.00017603890889225497,#BC3A88
2024-03-12,Yakima County,JN.1.16.1,0.0,1933008,0.0,#366298
2024-03-12,Yakima County,JN.1.18,303507.56592079997,1933008,0.1570130935416718,#4AF32F
2024-03-12,Yakima County,JN.1.32,133883.1162,1933008,0.06926154273546721,#2E7919
2024-03-12,Yakima County,JN.1.4.3,0.0,1933008,0.0,#9D1010
2024-03-12,Yakima County,JN.1.7,68236.92278234,1933008,0.03530090034926912,#CF15E8
2024-03-12,Yakima County,JN.1.8.1,728.2832544,1933008,0.000376761634923394,#FFB027
2024-03-12,Yakima County,KP.1.1,712.52734714,1933008,0.00036861065610695865,#CBFF86
2024-03-12,Yakima County,KP.1.1.3,0.0,1933008,0.0,#1EB3B6
2024-03-12,Yakima County,KP.1.2,0.0,1933008,0.0,#D7B5A6
2024-03-12,Yakima County,KP.2,0.0,1933008,0.0,#5875A1
2024-03-12,Yakima County,KP.2.15,0.0,1933008,0.0,#175DFF
2024-03-12,Yakima County,KP.2.3,0.0,1933008,0.0,#628DE8
2024-03-12,Yakima County,KP.3,0.0,1933008,0.0,#B06589
2024-03-12,Yakima County,KP.3.1.1,0.0,1933008,0.0,#2F92A1
2024-03-12,Yakima County,KP.4.1,0.0,1933008,0.0,#FF473A
2024-03-12,Yakima County,KQ.1,0.0,1933008,0.0,#E86CDE
2024-03-12,Yakima County,KV.2,0.0,1933008,0.0,#E14365
2024-03-12,Yakima County,KW.1.1,0.0,1933008,0.0,#34A0FF
2024-03-12,Yakima County,LB.1,0.0,1933008,0.0,#795653
2024-03-12,Yakima County,Recombinant,0.0,1933008,0.0,#FF0000
2024-03-12,Yakima County,XBB,0.0,1933008,0.0,#9FA8DA
2024-03-12,Yakima County,XBB.1.16,0.0,1933008,0.0,#4527A0
2024-03-12,Yakima County,XBB.1.16.1,0.0,1933008,0.0,#F89B9B
2024-03-12,Yakima County,XBB.1.16.15,0.0,1933008,0.0,#E3B5FA
2024-03-12,Yakima County,XBB.1.16.6,0.0,1933008,0.0,#5AA350
2024-03-12,Yakima County,XBB.1.42.1,0.0,1933008,0.0,#75D1A3
2024-03-12,Yakima County,XBB.1.5,0.0,1933008,0.0,#3F51B5
2024-03-12,Yakima County,XBB.1.5.70,0.0,1933008,0.0,#46783C
2024-03-12,Yakima County,XBB.1.5.72,0.0,1933008,0.0,#254220
2024-03-12,Yakima County,XBB.1.9.1,0.0,1933008,0.0,#304FFE
2024-03-12,Yakima County,XBB.1.9.2,0.0,1933008,0.0,#536DFE
2024-03-12,Yakima County,XBB.2.3,0.0,1933008,0.0,#F7BCDF
2024-03-12,Yakima County,XDP,0.0,1933008,0.0,#B60052
2024-03-12,Yakima County,XDV.1,0.0,1933008,0.0,#D367B6
2024-03-12,Yakima County,unreportable,20636.273237,1933008,0.010675730900751575,#eeeeee
2024-03-19,Benton County,BA.2,0.0,502178,0.0,#9CCD67
2024-03-19,Benton County,BA.2.12.1,0.0,502178,0.0,#7CB342
2024-03-19,Benton County,BA.2.86,0.0,502178,0.0,#D770EE
2024-03-19,Benton County,EG.5,0.0,502178,0.0,#FFBE7D
2024-03-19,Benton County,EG.5.1.8,0.0,502178,0.0,#E14D6F
2024-03-19,Benton County,EG.6.1,0.0,502178,0.0,#B9ABA8
2024-03-19,Benton County,FE.1.1,0.0,502178,0.0,#499894
2024-03-19,Benton County,FL.1.5.1,0.0,502178,0.0,#8CD17D
2024-03-19,Benton County,GE.1,0.0,502178,0.0,#FABFD2
2024-03-19,Benton County,GK.1.1,0.0,502178,0.0,#90FAE5
2024-03-19,Benton County,HF.1,0.0,502178,0.0,#D399AD
2024-03-19,Benton County,HK.3,0.0,502178,0.0,#859DBC
2024-03-19,Benton County,HV.1,0.0,502178,0.0,#797765
2024-03-19,Benton County,JD.1.1,0.0,502178,0.0,#80F192
2024-03-19,Benton County,JF.1,0.0,502178,0.0,#FFF1A9
2024-03-19,Benton County,JG.3,0.0,502178,0.0,#66A172
2024-03-19,Benton County,JN.1,497805.81737368,502178,0.99129356,#61018F
2024-03-19,Benton County,JN.1.11.1,0.0,502178,0.0,#5C9CF1
2024-03-19,Benton County,JN.1.13,0.0,502178,0.0,#E83C78
2024-03-19,Benton County,JN.1.13.1,0.0,502178,0.0,#F2591C
2024-03-19,Benton County,JN.1.16,791.21659146,502178,0.00157557,#BC3A88
2024-03-19,Benton County,JN.1.16.1,0.0,502178,0.0,#366298
2024-03-19,Benton County,JN.1.18,0.0,502178,0.0,#4AF32F
2024-03-19,Benton County,JN.1.32,0.0,502178,0.0,#2E7919
2024-03-19,Benton County,JN.1.4.3,0.0,502178,0.0,#9D1010
2024-03-19,Benton County,JN.1.7,0.0,502178,0.0,#CF15E8
2024-03-19,Benton County,JN.1.8.1,0.0,502178,0.0,#FFB027
2024-03-19,Benton County,KP.1.1,0.0,502178,0.0,#CBFF86
2024-03-19,Benton County,KP.1.1.3,0.0,502178,0.0,#1EB3B6
2024-03-19,Benton County,KP.1.2,0.0,502178,0.0,#D7B5A6
2024-03-19,Benton County,KP.2,0.0,502178,0.0,#5875A1
2024-03-19,Benton County,KP.2.15,0.0,502178,0.0,#175DFF
2024-03-19,Benton County,KP.2.3,0.0,502178,0.0,#628DE8
2024-03-19,Benton County,KP.3,0.0,502178,0.0,#B06589
2024-03-19,Benton County,KP.3.1.1,0.0,502178,0.0,#2F92A1
2024-03-19,Benton County,KP.4.1,0.0,502178,0.0,#FF473A
2024-03-19,Benton County,KQ.1,0.0,502178,0.0,#E86CDE
2024-03-19,Benton County,KV.2,0.0,502178,0.0,#E14365
2024-03-19,Benton County,KW.1.1,0.0,502178,0.0,#34A0FF
2024-03-19,Benton County,LB.1,0.0,502178,0.0,#795653
2024-03-19,Benton County,Recombinant,0.0,502178,0.0,#FF0000
2024-03-19,Benton County,XBB,0.0,502178,0.0,#9FA8DA
2024-03-19,Benton County,XBB.1.16,0.0,502178,0.0,#4527A0
2024-03-19,Benton County,XBB.1.16.1,0.0,502178,0.0,#F89B9B
2024-03-19,Benton County,XBB.1.16.15,0.0,502178,0.0,#E3B5FA
2024-03-19,Benton County,XBB.1.16.6,0.0,502178,0.0,#5AA350
2024-03-19,Benton County,XBB.1.42.1,0.0,502178,0.0,#75D1A3
2024-03-19,Benton County,XBB.1.5,0.0,502178,0.0,#3F51B5
2024-03-19,Benton County,XBB.1.5.70,0.0,502178,0.0,#46783C
2024-03-19,Benton County,XBB.1.5.72,0.0,502178,0.0,#254220
2024-03-19,Benton County,XBB.1.9.1,0.0,502178,0.0,#304FFE
2024-03-19,Benton County,XBB.1.9.2,0.0,502178,0.0,#536DFE
2024-03-19,Benton County,XBB.2.3,0.0,502178,0.0,#F7BCDF
2024-03-19,Benton County,XDP,0.0,502178,0.0,#B60052
2024-03-19,Benton County,XDV.1,0.0,502178,0.0,#D367B6
2024-03-19,Benton County,unreportable,3580.96101308,502178,0.00713086,#eeeeee
2024-03-19,Chelan County,BA.2,0.0,923896,0.0,#9CCD67
2024-03-19,Chelan County,BA.2.12.1,0.0,923896,0.0,#7CB342
2024-03-19,Chelan County,BA.2.86,0.0,923896,0.0,#D770EE
2024-03-19,Chelan County,EG.5,0.0,923896,0.0,#FFBE7D
2024-03-19,Chelan County,EG.5.1.8,0.0,923896,0.0,#E14D6F
2024-03-19,Chelan County,EG.6.1,0.0,923896,0.0,#B9ABA8
2024-03-19,Chelan County,FE.1.1,0.0,923896,0.0,#499894
2024-03-19,Chelan County,FL.1.5.1,0.0,923896,0.0,#8CD17D
2024-03-19,Chelan County,GE.1,0.0,923896,0.0,#FABFD2
2024-03-19,Chelan County,GK.1.1,0.0,923896,0.0,#90FAE5
2024-03-19,Chelan County,HF.1,0.0,923896,0.0,#D399AD
2024-03-19,Chelan County,HK.3,0.0,923896,0.0,#859DBC
2024-03-19,Chelan County,HV.1,0.0,923896,0.0,#797765
2024-03-19,Chelan County,JD.1.1,0.0,923896,0.0,#80F192
2024-03-19,Chelan County,JF.1,0.0,923896,0.0,#FFF1A9
2024-03-19,Chelan County,JG.3,0.0,923896,0.0,#66A172
2024-03-19,Chelan County,JN.1,801039.78571688,923896,0.8670237621083758,#61018F
2024-03-19,Chelan County,JN.1.11.1,192.08075928,923896,0.00020790300994917175,#5C9CF1
2024-03-19,Chelan County,JN.1.13,0.0,923896,0.0,#E83C78
2024-03-19,Chelan County,JN.1.13.1,3753.0427896,923896,0.004062191837176479,#F2591C
2024-03-19,Chelan County,JN.1.16,0.0,923896,0.0,#BC3A88
2024-03-19,Chelan County,JN.1.16.1,0.0,923896,0.0,#366298
2024-03-19,Chelan County,JN.1.18,0.0,923896,0.0,#4AF32F
2024-03-19,Chelan County,JN.1.32,7130.798131879999,923896,0.007718182708746438,#2E7919
2024-03-19,Chelan County,JN.1.4.3,18730.907872199998,923896,0.02027382721886446,#9D1010
2024-03-19,Chelan County,JN.1.7,61004.90860956,923896,0.06603006032016591,#CF15E8
2024-03-19,Chelan County,JN.1.8.1,451.8242136,923896,0.0004890422878765575,#FFB027
2024-03-19,Chelan County,KP.1.1,0.0,923896,0.0,#CBFF86
2024-03-19,Chelan County,KP.1.1.3,0.0,923896,0.0,#1EB3B6
2024-03-19,Chelan County,KP.1.2,0.0,923896,0.0,#D7B5A6
2024-03-19,Chelan County,KP.2,0.0,923896,0.0,#5875A1
2024-03-19,Chelan County,KP.2.15,0.0,923896,0.0,#175DFF
2024-03-19,Chelan County,KP.2.3,0.0,923896,0.0,#628DE8
2024-03-19,Chelan County,KP.3,0.0,923896,0.0,#B06589
2024-03-19,Chelan County,KP.3.1.1,0.0,923896,0.0,#2F92A1
2024-03-19,Chelan County,KP.4.1,0.0,923896,0.0,#FF473A
2024-03-19,Chelan County,KQ.1,27131.6518326,923896,0.029366564886740498,#E86CDE
2024-03-19,Chelan County,KV.2,0.0,923896,0.0,#E14365
2024-03-19,Chelan County,KW.1.1,0.0,923896,0.0,#34A0FF
2024-03-19,Chelan County,LB.1,0.0,923896,0.0,#795653
2024-03-19,Chelan County,Recombinant,0.0,923896,0.0,#FF0000
2024-03-19,Chelan County,XBB,0.0,923896,0.0,#9FA8DA
2024-03-19,Chelan County,XBB.1.16,0.0,923896,0.0,#4527A0
2024-03-19,Chelan County,XBB.1.16.1,0.0,923896,0.0,#F89B9B
2024-03-19,Chelan County,XBB.1.16.15,0.0,923896,0.0,#E3B5FA
2024-03-19,Chelan County,XBB.1.16.6,0.0,923896,0.0,#5AA350
2024-03-19,Chelan County,XBB.1.42.1,0.0,923896,0.0,#75D1A3
2024-03-19,Chelan County,XBB.1.5,0.0,923896,0.0,#3F51B5
2024-03-19,Chelan County,XBB.1.5.70,0.0,923896,0.0,#46783C
2024-03-19,Chelan County,XBB.1.5.72,0.0,923896,0.0,#254220
2024-03-19,Chelan County,XBB.1.9.1,0.0,923896,0.0,#304FFE
2024-03-19,Chelan County,XBB.1.9.2,0.0,923896,0.0,#536DFE
2024-03-19,Chelan County,XBB.2.3,0.0,923896,0.0,#F7BCDF
2024-03-19,Chelan County,XDP,202.70852388,923896,0.00021940621442240253,#B60052
2024-03-19,Chelan County,XDV.1,0.0,923896,0.0,#D367B6
2024-03-19,Chelan County,unreportable,4258.29155052,923896,0.0046090594076822495,#eeeeee
2024-03-19,Franklin County,BA.2,0.0,737220,0.0,#9CCD67
2024-03-19,Franklin County,BA.2.12.1,0.0,737220,0.0,#7CB342
2024-03-19,Franklin County,BA.2.86,0.0,737220,0.0,#D770EE
2024-03-19,Franklin County,EG.5,0.0,737220,0.0,#FFBE7D
2024-03-19,Franklin County,EG.5.1.8,0.0,737220,0.0,#E14D6F
2024-03-19,Franklin County,EG.6.1,0.0,737220,0.0,#B9ABA8
2024-03-19,Franklin County,FE.1.1,0.0,737220,0.0,#499894
2024-03-19,Franklin County,FL.1.5.1,0.0,737220,0.0,#8CD17D
2024-03-19,Franklin County,GE.1,0.0,737220,0.0,#FABFD2
2024-03-19,Franklin County,GK.1.1,0.0,737220,0.0,#90FAE5
2024-03-19,Franklin County,HF.1,0.0,737220,0.0,#D399AD
2024-03-19,Franklin County,HK.3,0.0,737220,0.0,#859DBC
2024-03-19,Franklin County,HV.1,0.0,737220,0.0,#797765
2024-03-19,Franklin County,JD.1.1,0.0,737220,0.0,#80F192
2024-03-19,Franklin County,JF.1,0.0,737220,0.0,#FFF1A9
2024-03-19,Franklin County,JG.3,0.0,737220,0.0,#66A172
2024-03-19,Franklin County,JN.1,731453.4356712,737220,0.99217796,#61018F
2024-03-19,Franklin County,JN.1.11.1,0.0,737220,0.0,#5C9CF1
2024-03-19,Franklin County,JN.1.13,0.0,737220,0.0,#E83C78
2024-03-19,Franklin County,JN.1.13.1,0.0,737220,0.0,#F2591C
2024-03-19,Franklin County,JN.1.16,999.6260867999999,737220,0.00135594,#BC3A88
2024-03-19,Franklin County,JN.1.16.1,0.0,737220,0.0,#366298
2024-03-19,Franklin County,JN.1.18,0.0,737220,0.0,#4AF32F
2024-03-19,Franklin County,JN.1.32,0.0,737220,0.0,#2E7919
2024-03-19,Franklin County,JN.1.4.3,0.0,737220,0.0,#9D1010
2024-03-19,Franklin County,JN.1.7,0.0,737220,0.0,#CF15E8
2024-03-19,Franklin County,JN.1.8.1,0.0,737220,0.0,#FFB027
2024-03-19,Franklin County,KP.1.1,0.0,737220,0.0,#CBFF86
2024-03-19,Franklin County,KP.1.1.3,0.0,737220,0.0,#1EB3B6
2024-03-19,Franklin County,KP.1.2,0.0,737220,0.0,#D7B5A6
2024-03-19,Franklin County,KP.2,0.0,737220,0.0,#5875A1
2024-03-19,Franklin County,KP.2.15,0.0,737220,0.0,#175DFF
2024-03-19,Franklin County,KP.2.3,0.0,737220,0.0,#628DE8
2024-03-19,Franklin County,KP.3,0.0,737220,0.0,#B06589
2024-03-19,Franklin County,KP.3.1.1,0.0,737220,0.0,#2F92A1
2024-03-19,Franklin County,KP.4.1,0.0,737220,0.0,#FF473A
2024-03-19,Franklin County,KQ.1,0.0,737220,0.0,#E86CDE
2024-03-19,Franklin County,KV.2,0.0,737220,0.0,#E14365
2024-03-19,Franklin County,KW.1.1,0.0,737220,0.0,#34A0FF
2024-03-19,Franklin County,LB.1,0.0,737220,0.0,#795653
2024-03-19,Franklin County,Recombinant,1089.537438,737220,0.0014779,#FF0000
2024-03-19,Franklin County,XBB,0.0,737220,0.0,#9FA8DA
2024-03-19,Franklin County,XBB.1.16,0.0,737220,0.0,#4527A0
2024-03-19,Franklin County,XBB.1.16.1,0.0,737220,0.0,#F89B9B
2024-03-19,Franklin County,XBB.1.16.15,0.0,737220,0.0,#E3B5FA
2024-03-19,Franklin County,XBB.1.16.6,0.0,737220,0.0,#5AA350
2024-03-19,Franklin County,XBB.1.42.1,0.0,737220,0.0,#75D1A3
2024-03-19,Franklin County,XBB.1.5,0.0,737220,0.0,#3F51B5
2024-03-19,Franklin County,XBB.1.5.70,0.0,737220,0.0,#46783C
2024-03-19,Franklin County,XBB.1.5.72,0.0,737220,0.0,#254220
2024-03-19,Franklin County,XBB.1.9.1,0.0,737220,0.0,#304FFE
2024-03-19,Franklin County,XBB.1.9.2,0.0,737220,0.0,#536DFE
2024-03-19,Franklin County,XBB.2.3,0.0,737220,0.0,#F7BCDF
2024-03-19,Franklin County,XDP,0.0,737220,0.0,#B60052
2024-03-19,Franklin County,XDV.1,0.0,737220,0.0,#D367B6
2024-03-19,Franklin County,unreportable,3677.400804,737220,0.0049882,#eeeeee
2024-03-19,Island County,BA.2,0.0,1778632,0.0,#9CCD67
2024-03-19,Island County,BA.2.12.1,0.0,1778632,0.0,#7CB342
2024-03-19,Island County,BA.2.86,0.0,1778632,0.0,#D770EE
2024-03-19,Island County,EG.5,0.0,1778632,0.0,#FFBE7D
2024-03-19,Island County,EG.5.1.8,0.0,1778632,0.0,#E14D6F
2024-03-19,Island County,EG.6.1,0.0,1778632,0.0,#B9ABA8
2024-03-19,Island County,FE.1.1,0.0,1778632,0.0,#499894
2024-03-19,Island County,FL.1.5.1,0.0,1778632,0.0,#8CD17D
2024-03-19,Island County,GE.1,0.0,1778632,0.0,#FABFD2
2024-03-19,Island County,GK.1.1,0.0,1778632,0.0,#90FAE5
2024-03-19,Island County,HF.1,0.0,1778632,0.0,#D399AD
2024-03-19,Island County,HK.3,0.0,1778632,0.0,#859DBC
2024-03-19,Island County,HV.1,0.0,1778632,0.0,#797765
2024-03-19,Island County,JD.1.1,0.0,1778632,0.0,#80F192
2024-03-19,Island County,JF.1,0.0,1778632,0.0,#FFF1A9
2024-03-19,Island County,JG.3,0.0,1778632,0.0,#66A172
2024-03-19,Island County,JN.1,1172920.645832555,1778632,0.6594509970767167,#61018F
2024-03-19,Island County,JN.1.11.1,0.0,1778632,0.0,#5C9CF1
2024-03-19,Island County,JN.1.13,0.0,1778632,0.0,#E83C78
2024-03-19,Island County,JN.1.13.1,0.0,1778632,0.0,#F2591C
2024-03-19,Island County,JN.1.16,110572.99060273,1778632,0.06216743576115239,#BC3A88
2024-03-19,Island County,JN.1.16.1,0.0,1778632,0.0,#366298
2024-03-19,Island County,JN.1.18,0.0,1778632,0.0,#4AF32F
2024-03-19,Island County,JN.1.32,24810.186148540004,1778632,0.01394902720098368,#2E7919
2024-03-19,Island County,JN.1.4.3,304394.684693715,1778632,0.17113977747713693,#9D1010
2024-03-19,Island County,JN.1.7,154648.830530905,1778632,0.08694818856902664,#CF15E8
2024-03-19,Island County,JN.1.8.1,635.5081768350001,1778632,0.00035730166601916536,#FFB027
2024-03-19,Island County,KP.1.1,0.0,1778632,0.0,#CBFF86
2024-03-19,Island County,KP.1.1.3,0.0,1778632,0.0,#1EB3B6
2024-03-19,Island County,KP.1.2,0.0,1778632,0.0,#D7B5A6
2024-03-19,Island County,KP.2,0.0,1778632,0.0,#5875A1
2024-03-19,Island County,KP.2.15,0.0,1778632,0.0,#175DFF
2024-03-19,Island County,KP.2.3,0.0,1778632,0.0,#628DE8
2024-03-19,Island County,KP.3,0.0,1778632,0.0,#B06589
2024-03-19,Island County,KP.3.1.1,0.0,1778632,0.0,#2F92A1
2024-03-19,Island County,KP.4.1,0.0,1778632,0.0,#FF473A
2024-03-19,Island County,KQ.1,0.0,1778632,0.0,#E86CDE
2024-03-19,Island County,KV.2,0.0,1778632,0.0,#E14365
2024-03-19,Island County,KW.1.1,0.0,1778632,0.0,#34A0FF
2024-03-19,Island County,LB.1,0.0,1778632,0.0,#795653
2024-03-19,Island County,Recombinant,1144.060491,1778632,0.0006432249565958557,#FF0000
2024-03-19,Island County,XBB,0.0,1778632,0.0,#9FA8DA
2024-03-19,Island County,XBB.1.16,0.0,1778632,0.0,#4527A0
2024-03-19,Island County,XBB.1.16.1,0.0,1778632,0.0,#F89B9B
2024-03-19,Island County,XBB.1.16.15,0.0,1778632,0.0,#E3B5FA
2024-03-19,Island County,XBB.1.16.6,0.0,1778632,0.0,#5AA350
2024-03-19,Island County,XBB.1.42.1,0.0,1778632,0.0,#75D1A3
2024-03-19,Island County,XBB.1.5,0.0,1778632,0.0,#3F51B5
2024-03-19,Island County,XBB.1.5.70,0.0,1778632,0.0,#46783C
2024-03-19,Island County,XBB.1.5.72,0.0,1778632,0.0,#254220
2024-03-19,Island County,XBB.1.9.1,0.0,1778632,0.0,#304FFE
2024-03-19,Island County,XBB.1.9.2,0.0,1778632,0.0,#536DFE
2024-03-19,Island County,XBB.2.3,0.0,1778632,0.0,#F7BCDF
2024-03-19,Island County,XDP,492.10587384,1778632,0.00027667661092345126,#B60052
2024-03-19,Island County,XDV.1,0.0,1778632,0.0,#D367B6
2024-03-19,Island County,unreportable,9012.98287161,1778632,0.005067367994959047,#eeeeee
2024-03-19,Jefferson County,BA.2,0.0,162770,0.0,#9CCD67
2024-03-19,Jefferson County,BA.2.12.1,0.0,162770,0.0,#7CB342
2024-03-19,Jefferson County,BA.2.86,0.0,162770,0.0,#D770EE
2024-03-19,Jefferson County,EG.5,0.0,162770,0.0,#FFBE7D
2024-03-19,Jefferson County,EG.5.1.8,0.0,162770,0.0,#E14D6F
2024-03-19,Jefferson County,EG.6.1,0.0,162770,0.0,#B9ABA8
2024-03-19,Jefferson County,FE.1.1,0.0,162770,0.0,#499894
2024-03-19,Jefferson County,FL.1.5.1,0.0,162770,0.0,#8CD17D
2024-03-19,Jefferson County,GE.1,0.0,162770,0.0,#FABFD2
2024-03-19,Jefferson County,GK.1.1,0.0,162770,0.0,#90FAE5
2024-03-19,Jefferson County,HF.1,0.0,162770,0.0,#D399AD
2024-03-19,Jefferson County,HK.3,0.0,162770,0.0,#859DBC
2024-03-19,Jefferson County,HV.1,0.0,162770,0.0,#797765
2024-03-19,Jefferson County,JD.1.1,0.0,162770,0.0,#80F192
2024-03-19,Jefferson County,JF.1,0.0,162770,0.0,#FFF1A9
2024-03-19,Jefferson County,JG.3,0.0,162770,0.0,#66A172
2024-03-19,Jefferson County,JN.1,151912.5817815,162770,0.93329595,#61018F
2024-03-19,Jefferson County,JN.1.11.1,0.0,162770,0.0,#5C9CF1
2024-03-19,Jefferson County,JN.1.13,0.0,162770,0.0,#E83C78
2024-03-19,Jefferson County,JN.1.13.1,0.0,162770,0.0,#F2591C
2024-03-19,Jefferson County,JN.1.16,0.0,162770,0.0,#BC3A88
2024-03-19,Jefferson County,JN.1.16.1,0.0,162770,0.0,#366298
2024-03-19,Jefferson County,JN.1.18,8608.5016304,162770,0.05288752,#4AF32F
2024-03-19,Jefferson County,JN.1.32,0.0,162770,0.0,#2E7919
2024-03-19,Jefferson County,JN.1.4.3,0.0,162770,0.0,#9D1010
2024-03-19,Jefferson County,JN.1.7,0.0,162770,0.0,#CF15E8
2024-03-19,Jefferson County,JN.1.8.1,0.0,162770,0.0,#FFB027
2024-03-19,Jefferson County,KP.1.1,0.0,162770,0.0,#CBFF86
2024-03-19,Jefferson County,KP.1.1.3,0.0,162770,0.0,#1EB3B6
2024-03-19,Jefferson County,KP.1.2,0.0,162770,0.0,#D7B5A6
2024-03-19,Jefferson County,KP.2,0.0,162770,0.0,#5875A1
2024-03-19,Jefferson County,KP.2.15,0.0,162770,0.0,#175DFF
2024-03-19,Jefferson County,KP.2.3,0.0,162770,0.0,#628DE8
2024-03-19,Jefferson County,KP.3,0.0,162770,0.0,#B06589
2024-03-19,Jefferson County,KP.3.1.1,0.0,162770,0.0,#2F92A1
2024-03-19,Jefferson County,KP.4.1,0.0,162770,0.0,#FF473A
2024-03-19,Jefferson County,KQ.1,0.0,162770,0.0,#E86CDE
2024-03-19,Jefferson County,KV.2,0.0,162770,0.0,#E14365
2024-03-19,Jefferson County,KW.1.1,0.0,162770,0.0,#34A0FF
2024-03-19,Jefferson County,LB.1,0.0,162770,0.0,#795653
2024-03-19,Jefferson County,Recombinant,0.0,162770,0.0,#FF0000
2024-03-19,Jefferson County,XBB,0.0,162770,0.0,#9FA8DA
2024-03-19,Jefferson County,XBB.1.16,0.0,162770,0.0,#4527A0
2024-03-19,Jefferson County,XBB.1.16.1,0.0,162770,0.0,#F89B9B
2024-03-19,Jefferson County,XBB.1.16.15,0.0,162770,0.0,#E3B5FA
2024-03-19,Jefferson County,XBB.1.16.6,0.0,162770,0.0,#5AA350
2024-03-19,Jefferson County,XBB.1.42.1,0.0,162770,0.0,#75D1A3
2024-03-19,Jefferson County,XBB.1.5,0.0,162770,0.0,#3F51B5
2024-03-19,Jefferson County,XBB.1.5.70,0.0,162770,0.0,#46783C
2024-03-19,Jefferson County,XBB.1.5.72,0.0,162770,0.0,#254220
2024-03-19,Jefferson County,XBB.1.9.1,0.0,162770,0.0,#304FFE
2024-03-19,Jefferson County,XBB.1.9.2,0.0,162770,0.0,#536DFE
2024-03-19,Jefferson County,XBB.2.3,0.0,162770,0.0,#F7BCDF
2024-03-19,Jefferson County,XDP,0.0,162770,0.0,#B60052
2024-03-19,Jefferson County,XDV.1,0.0,162770,0.0,#D367B6
2024-03-19,Jefferson County,unreportable,2248.9182158,162770,0.013816539999999999,#eeeeee
2024-03-19,Kittitas County,BA.2,0.0,143520,0.0,#9CCD67
2024-03-19,Kittitas County,BA.2.12.1,0.0,143520,0.0,#7CB342
2024-03-19,Kittitas County,BA.2.86,0.0,143520,0.0,#D770EE
2024-03-19,Kittitas County,EG.5,0.0,143520,0.0,#FFBE7D
2024-03-19,Kittitas County,EG.5.1.8,0.0,143520,0.0,#E14D6F
2024-03-19,Kittitas County,EG.6.1,0.0,143520,0.0,#B9ABA8
2024-03-19,Kittitas County,FE.1.1,0.0,143520,0.0,#499894
2024-03-19,Kittitas County,FL.1.5.1,0.0,143520,0.0,#8CD17D
2024-03-19,Kittitas County,GE.1,0.0,143520,0.0,#FABFD2
2024-03-19,Kittitas County,GK.1.1,0.0,143520,0.0,#90FAE5
2024-03-19,Kittitas County,HF.1,0.0,143520,0.0,#D399AD
2024-03-19,Kittitas County,HK.3,0.0,143520,0.0,#859DBC
2024-03-19,Kittitas County,HV.1,0.0,143520,0.0,#797765
2024-03-19,Kittitas County,JD.1.1,0.0,143520,0.0,#80F192
2024-03-19,Kittitas County,JF.1,0.0,143520,0.0,#FFF1A9
2024-03-19,Kittitas County,JG.3,0.0,143520,0.0,#66A172
2024-03-19,Kittitas County,JN.1,92985.2689584,143520,0.64789067,#61018F
2024-03-19,Kittitas County,JN.1.11.1,0.0,143520,0.0,#5C9CF1
2024-03-19,Kittitas County,JN.1.13,0.0,143520,0.0,#E83C78
2024-03-19,Kittitas County,JN.1.13.1,0.0,143520,0.0,#F2591C
2024-03-19,Kittitas County,JN.1.16,49316.1070272,143520,0.34361836,#BC3A88
2024-03-19,Kittitas County,JN.1.16.1,0.0,143520,0.0,#366298
2024-03-19,Kittitas County,JN.1.18,0.0,143520,0.0,#4AF32F
2024-03-19,Kittitas County,JN.1.32,0.0,143520,0.0,#2E7919
2024-03-19,Kittitas County,JN.1.4.3,0.0,143520,0.0,#9D1010
2024-03-19,Kittitas County,JN.1.7,0.0,143520,0.0,#CF15E8
2024-03-19,Kittitas County,JN.1.8.1,0.0,143520,0.0,#FFB027
2024-03-19,Kittitas County,KP.1.1,0.0,143520,0.0,#CBFF86
2024-03-19,Kittitas County,KP.1.1.3,0.0,143520,0.0,#1EB3B6
2024-03-19,Kittitas County,KP.1.2,0.0,143520,0.0,#D7B5A6
2024-03-19,Kittitas County,KP.2,0.0,143520,0.0,#5875A1
2024-03-19,Kittitas County,KP.2.15,0.0,143520,0.0,#175DFF
2024-03-19,Kittitas County,KP.2.3,0.0,143520,0.0,#628DE8
2024-03-19,Kittitas County,KP.3,0.0,143520,0.0,#B06589
2024-03-19,Kittitas County,KP.3.1.1,0.0,143520,0.0,#2F92A1
2024-03-19,Kittitas County,KP.4.1,0.0,143520,0.0,#FF473A
2024-03-19,Kittitas County,KQ.1,0.0,143520,0.0,#E86CDE
2024-03-19,Kittitas County,KV.2,0.0,143520,0.0,#E14365
2024-03-19,Kittitas County,KW.1.1,0.0,143520,0.0,#34A0FF
2024-03-19,Kittitas County,LB.1,0.0,143520,0.0,#795653
2024-03-19,Kittitas County,Recombinant,0.0,143520,0.0,#FF0000
2024-03-19,Kittitas County,XBB,0.0,143520,0.0,#9FA8DA
2024-03-19,Kittitas County,XBB.1.16,0.0,143520,0.0,#4527A0
2024-03-19,Kittitas County,XBB.1.16.1,0.0,143520,0.0,#F89B9B
2024-03-19,Kittitas County,XBB.1.16.15,0.0,143520,0.0,#E3B5FA
2024-03-19,Kittitas County,XBB.1.16.6,0.0,143520,0.0,#5AA350
2024-03-19,Kittitas County,XBB.1.42.1,0.0,143520,0.0,#75D1A3
2024-03-19,Kittitas County,XBB.1.5,0.0,143520,0.0,#3F51B5
2024-03-19,Kittitas County,XBB.1.5.70,0.0,143520,0.0,#46783C
2024-03-19,Kittitas County,XBB.1.5.72,0.0,143520,0.0,#254220
2024-03-19,Kittitas County,XBB.1.9.1,0.0,143520,0.0,#304FFE
2024-03-19,Kittitas County,XBB.1.9.2,0.0,143520,0.0,#536DFE
2024-03-19,Kittitas County,XBB.2.3,0.0,143520,0.0,#F7BCDF
2024-03-19,Kittitas County,XDP,0.0,143520,0.0,#B60052
2024-03-19,Kittitas County,XDV.1,0.0,143520,0.0,#D367B6
2024-03-19,Kittitas County,unreportable,1218.6240144,143520,0.00849097,#eeeeee
2024-03-19,Okanogan County,BA.2,0.0,927810,0.0,#9CCD67
2024-03-19,Okanogan County,BA.2.12.1,0.0,927810,0.0,#7CB342
2024-03-19,Okanogan County,BA.2.86,0.0,927810,0.0,#D770EE
2024-03-19,Okanogan County,EG.5,0.0,927810,0.0,#FFBE7D
2024-03-19,Okanogan County,EG.5.1.8,0.0,927810,0.0,#E14D6F
2024-03-19,Okanogan County,EG.6.1,0.0,927810,0.0,#B9ABA8
2024-03-19,Okanogan County,FE.1.1,0.0,927810,0.0,#499894
2024-03-19,Okanogan County,FL.1.5.1,0.0,927810,0.0,#8CD17D
2024-03-19,Okanogan County,GE.1,0.0,927810,0.0,#FABFD2
2024-03-19,Okanogan County,GK.1.1,0.0,927810,0.0,#90FAE5
2024-03-19,Okanogan County,HF.1,0.0,927810,0.0,#D399AD
2024-03-19,Okanogan County,HK.3,0.0,927810,0.0,#859DBC
2024-03-19,Okanogan County,HV.1,0.0,927810,0.0,#797765
2024-03-19,Okanogan County,JD.1.1,0.0,927810,0.0,#80F192
2024-03-19,Okanogan County,JF.1,0.0,927810,0.0,#FFF1A9
2024-03-19,Okanogan County,JG.3,0.0,927810,0.0,#66A172
2024-03-19,Okanogan County,JN.1,141413.4415278,927810,0.15241638,#61018F
2024-03-19,Okanogan County,JN.1.11.1,0.0,927810,0.0,#5C9CF1
2024-03-19,Okanogan County,JN.1.13,0.0,927810,0.0,#E83C78
2024-03-19,Okanogan County,JN.1.13.1,0.0,927810,0.0,#F2591C
2024-03-19,Okanogan County,JN.1.16,0.0,927810,0.0,#BC3A88
2024-03-19,Okanogan County,JN.1.16.1,0.0,927810,0.0,#366298
2024-03-19,Okanogan County,JN.1.18,0.0,927810,0.0,#4AF32F
2024-03-19,Okanogan County,JN.1.32,0.0,927810,0.0,#2E7919
2024-03-19,Okanogan County,JN.1.4.3,0.0,927810,0.0,#9D1010
2024-03-19,Okanogan County,JN.1.7,784368.6163209,927810,0.84539789,#CF15E8
2024-03-19,Okanogan County,JN.1.8.1,0.0,927810,0.0,#FFB027
2024-03-19,Okanogan County,KP.1.1,0.0,927810,0.0,#CBFF86
2024-03-19,Okanogan County,KP.1.1.3,0.0,927810,0.0,#1EB3B6
2024-03-19,Okanogan County,KP.1.2,0.0,927810,0.0,#D7B5A6
2024-03-19,Okanogan County,KP.2,0.0,927810,0.0,#5875A1
2024-03-19,Okanogan County,KP.2.15,0.0,927810,0.0,#175DFF
2024-03-19,Okanogan County,KP.2.3,0.0,927810,0.0,#628DE8
2024-03-19,Okanogan County,KP.3,0.0,927810,0.0,#B06589
2024-03-19,Okanogan County,KP.3.1.1,0.0,927810,0.0,#2F92A1
2024-03-19,Okanogan County,KP.4.1,0.0,927810,0.0,#FF473A
2024-03-19,Okanogan County,KQ.1,0.0,927810,0.0,#E86CDE
2024-03-19,Okanogan County,KV.2,0.0,927810,0.0,#E14365
2024-03-19,Okanogan County,KW.1.1,0.0,927810,0.0,#34A0FF
2024-03-19,Okanogan County,LB.1,0.0,927810,0.0,#795653
2024-03-19,Okanogan County,Recombinant,0.0,927810,0.0,#FF0000
2024-03-19,Okanogan County,XBB,0.0,927810,0.0,#9FA8DA
2024-03-19,Okanogan County,XBB.1.16,0.0,927810,0.0,#4527A0
2024-03-19,Okanogan County,XBB.1.16.1,0.0,927810,0.0,#F89B9B
2024-03-19,Okanogan County,XBB.1.16.15,0.0,927810,0.0,#E3B5FA
2024-03-19,Okanogan County,XBB.1.16.6,0.0,927810,0.0,#5AA350
2024-03-19,Okanogan County,XBB.1.42.1,0.0,927810,0.0,#75D1A3
2024-03-19,Okanogan County,XBB.1.5,0.0,927810,0.0,#3F51B5
2024-03-19,Okanogan County,XBB.1.5.70,0.0,927810,0.0,#46783C
2024-03-19,Okanogan County,XBB.1.5.72,0.0,927810,0.0,#254220
2024-03-19,Okanogan County,XBB.1.9.1,0.0,927810,0.0,#304FFE
2024-03-19,Okanogan County,XBB.1.9.2,0.0,927810,0.0,#536DFE
2024-03-19,Okanogan County,XBB.2.3,0.0,927810,0.0,#F7BCDF
2024-03-19,Okanogan County,XDP,0.0,927810,0.0,#B60052
2024-03-19,Okanogan County,XDV.1,0.0,927810,0.0,#D367B6
2024-03-19,Okanogan County,unreportable,2027.9421513,927810,0.00218573,#eeeeee
2024-03-19,Pierce County,BA.2,0.0,69239,0.0,#9CCD67
2024-03-19,Pierce County,BA.2.12.1,0.0,69239,0.0,#7CB342
2024-03-19,Pierce County,BA.2.86,0.0,69239,0.0,#D770EE
2024-03-19,Pierce County,EG.5,0.0,69239,0.0,#FFBE7D
2024-03-19,Pierce County,EG.5.1.8,0.0,69239,0.0,#E14D6F
2024-03-19,Pierce County,EG.6.1,0.0,69239,0.0,#B9ABA8
2024-03-19,Pierce County,FE.1.1,0.0,69239,0.0,#499894
2024-03-19,Pierce County,FL.1.5.1,0.0,69239,0.0,#8CD17D
2024-03-19,Pierce County,GE.1,0.0,69239,0.0,#FABFD2
2024-03-19,Pierce County,GK.1.1,0.0,69239,0.0,#90FAE5
2024-03-19,Pierce County,HF.1,0.0,69239,0.0,#D399AD
2024-03-19,Pierce County,HK.3,0.0,69239,0.0,#859DBC
2024-03-19,Pierce County,HV.1,0.0,69239,0.0,#797765
2024-03-19,Pierce County,JD.1.1,0.0,69239,0.0,#80F192
2024-03-19,Pierce County,JF.1,0.0,69239,0.0,#FFF1A9
2024-03-19,Pierce County,JG.3,0.0,69239,0.0,#66A172
2024-03-19,Pierce County,JN.1,53189.135999410006,69239,0.7681961900000001,#61018F
2024-03-19,Pierce County,JN.1.11.1,0.0,69239,0.0,#5C9CF1
2024-03-19,Pierce County,JN.1.13,0.0,69239,0.0,#E83C78
2024-03-19,Pierce County,JN.1.13.1,0.0,69239,0.0,#F2591C
2024-03-19,Pierce County,JN.1.16,0.0,69239,0.0,#BC3A88
2024-03-19,Pierce County,JN.1.16.1,0.0,69239,0.0,#366298
2024-03-19,Pierce County,JN.1.18,0.0,69239,0.0,#4AF32F
2024-03-19,Pierce County,JN.1.32,0.0,69239,0.0,#2E7919
2024-03-19,Pierce County,JN.1.4.3,0.0,69239,0.0,#9D1010
2024-03-19,Pierce County,JN.1.7,0.0,69239,0.0,#CF15E8
2024-03-19,Pierce County,JN.1.8.1,15665.622170089999,69239,0.22625431,#FFB027
2024-03-19,Pierce County,KP.1.1,0.0,69239,0.0,#CBFF86
2024-03-19,Pierce County,KP.1.1.3,0.0,69239,0.0,#1EB3B6
2024-03-19,Pierce County,KP.1.2,0.0,69239,0.0,#D7B5A6
2024-03-19,Pierce County,KP.2,0.0,69239,0.0,#5875A1
2024-03-19,Pierce County,KP.2.15,0.0,69239,0.0,#175DFF
2024-03-19,Pierce County,KP.2.3,0.0,69239,0.0,#628DE8
2024-03-19,Pierce County,KP.3,0.0,69239,0.0,#B06589
2024-03-19,Pierce County,KP.3.1.1,0.0,69239,0.0,#2F92A1
2024-03-19,Pierce County,KP.4.1,0.0,69239,0.0,#FF473A
2024-03-19,Pierce County,KQ.1,0.0,69239,0.0,#E86CDE
2024-03-19,Pierce County,KV.2,0.0,69239,0.0,#E14365
2024-03-19,Pierce County,KW.1.1,0.0,69239,0.0,#34A0FF
2024-03-19,Pierce County,LB.1,0.0,69239,0.0,#795653
2024-03-19,Pierce County,Recombinant,0.0,69239,0.0,#FF0000
2024-03-19,Pierce County,XBB,0.0,69239,0.0,#9FA8DA
2024-03-19,Pierce County,XBB.1.16,0.0,69239,0.0,#4527A0
2024-03-19,Pierce County,XBB.1.16.1,0.0,69239,0.0,#F89B9B
2024-03-19,Pierce County,XBB.1.16.15,0.0,69239,0.0,#E3B5FA
2024-03-19,Pierce County,XBB.1.16.6,0.0,69239,0.0,#5AA350
2024-03-19,Pierce County,XBB.1.42.1,0.0,69239,0.0,#75D1A3
2024-03-19,Pierce County,XBB.1.5,0.0,69239,0.0,#3F51B5
2024-03-19,Pierce County,XBB.1.5.70,0.0,69239,0.0,#46783C
2024-03-19,Pierce County,XBB.1.5.72,0.0,69239,0.0,#254220
2024-03-19,Pierce County,XBB.1.9.1,0.0,69239,0.0,#304FFE
2024-03-19,Pierce County,XBB.1.9.2,0.0,69239,0.0,#536DFE
2024-03-19,Pierce County,XBB.2.3,0.0,69239,0.0,#F7BCDF
2024-03-19,Pierce County,XDP,0.0,69239,0.0,#B60052
2024-03-19,Pierce County,XDV.1,0.0,69239,0.0,#D367B6
2024-03-19,Pierce County,unreportable,384.2418305,69239,0.0055495,#eeeeee
2024-03-19,Spokane County,BA.2,0.0,713850,0.0,#9CCD67
2024-03-19,Spokane County,BA.2.12.1,0.0,713850,0.0,#7CB342
2024-03-19,Spokane County,BA.2.86,0.0,713850,0.0,#D770EE
2024-03-19,Spokane County,EG.5,0.0,713850,0.0,#FFBE7D
2024-03-19,Spokane County,EG.5.1.8,0.0,713850,0.0,#E14D6F
2024-03-19,Spokane County,EG.6.1,0.0,713850,0.0,#B9ABA8
2024-03-19,Spokane County,FE.1.1,0.0,713850,0.0,#499894
2024-03-19,Spokane County,FL.1.5.1,0.0,713850,0.0,#8CD17D
2024-03-19,Spokane County,GE.1,0.0,713850,0.0,#FABFD2
2024-03-19,Spokane County,GK.1.1,0.0,713850,0.0,#90FAE5
2024-03-19,Spokane County,HF.1,0.0,713850,0.0,#D399AD
2024-03-19,Spokane County,HK.3,0.0,713850,0.0,#859DBC
2024-03-19,Spokane County,HV.1,0.0,713850,0.0,#797765
2024-03-19,Spokane County,JD.1.1,0.0,713850,0.0,#80F192
2024-03-19,Spokane County,JF.1,0.0,713850,0.0,#FFF1A9
2024-03-19,Spokane County,JG.3,0.0,713850,0.0,#66A172
2024-03-19,Spokane County,JN.1,24447.6706755,713850,0.03424763,#61018F
2024-03-19,Spokane County,JN.1.11.1,0.0,713850,0.0,#5C9CF1
2024-03-19,Spokane County,JN.1.13,0.0,713850,0.0,#E83C78
2024-03-19,Spokane County,JN.1.13.1,0.0,713850,0.0,#F2591C
2024-03-19,Spokane County,JN.1.16,414239.088495,713850,0.5802887,#BC3A88
2024-03-19,Spokane County,JN.1.16.1,0.0,713850,0.0,#366298
2024-03-19,Spokane County,JN.1.18,0.0,713850,0.0,#4AF32F
2024-03-19,Spokane County,JN.1.32,0.0,713850,0.0,#2E7919
2024-03-19,Spokane County,JN.1.4.3,0.0,713850,0.0,#9D1010
2024-03-19,Spokane County,JN.1.7,263317.0142955,713850,0.36886883,#CF15E8
2024-03-19,Spokane County,JN.1.8.1,1851.170097,713850,0.00259322,#FFB027
2024-03-19,Spokane County,KP.1.1,0.0,713850,0.0,#CBFF86
2024-03-19,Spokane County,KP.1.1.3,0.0,713850,0.0,#1EB3B6
2024-03-19,Spokane County,KP.1.2,0.0,713850,0.0,#D7B5A6
2024-03-19,Spokane County,KP.2,0.0,713850,0.0,#5875A1
2024-03-19,Spokane County,KP.2.15,0.0,713850,0.0,#175DFF
2024-03-19,Spokane County,KP.2.3,0.0,713850,0.0,#628DE8
2024-03-19,Spokane County,KP.3,0.0,713850,0.0,#B06589
2024-03-19,Spokane County,KP.3.1.1,0.0,713850,0.0,#2F92A1
2024-03-19,Spokane County,KP.4.1,0.0,713850,0.0,#FF473A
2024-03-19,Spokane County,KQ.1,0.0,713850,0.0,#E86CDE
2024-03-19,Spokane County,KV.2,0.0,713850,0.0,#E14365
2024-03-19,Spokane County,KW.1.1,0.0,713850,0.0,#34A0FF
2024-03-19,Spokane County,LB.1,0.0,713850,0.0,#795653
2024-03-19,Spokane County,Recombinant,0.0,713850,0.0,#FF0000
2024-03-19,Spokane County,XBB,0.0,713850,0.0,#9FA8DA
2024-03-19,Spokane County,XBB.1.16,0.0,713850,0.0,#4527A0
2024-03-19,Spokane County,XBB.1.16.1,0.0,713850,0.0,#F89B9B
2024-03-19,Spokane County,XBB.1.16.15,0.0,713850,0.0,#E3B5FA
2024-03-19,Spokane County,XBB.1.16.6,0.0,713850,0.0,#5AA350
2024-03-19,Spokane County,XBB.1.42.1,0.0,713850,0.0,#75D1A3
2024-03-19,Spokane County,XBB.1.5,0.0,713850,0.0,#3F51B5
2024-03-19,Spokane County,XBB.1.5.70,0.0,713850,0.0,#46783C
2024-03-19,Spokane County,XBB.1.5.72,0.0,713850,0.0,#254220
2024-03-19,Spokane County,XBB.1.9.1,0.0,713850,0.0,#304FFE
2024-03-19,Spokane County,XBB.1.9.2,0.0,713850,0.0,#536DFE
2024-03-19,Spokane County,XBB.2.3,0.0,713850,0.0,#F7BCDF
2024-03-19,Spokane County,XDP,0.0,713850,0.0,#B60052
2024-03-19,Spokane County,XDV.1,0.0,713850,0.0,#D367B6
2024-03-19,Spokane County,unreportable,9995.0635755,713850,0.014001630000000001,#eeeeee
2024-03-19,Thurston County,BA.2,0.0,166384,0.0,#9CCD67
2024-03-19,Thurston County,BA.2.12.1,0.0,166384,0.0,#7CB342
2024-03-19,Thurston County,BA.2.86,4388.6187528,166384,0.026376446970862583,#D770EE
2024-03-19,Thurston County,EG.5,0.0,166384,0.0,#FFBE7D
2024-03-19,Thurston County,EG.5.1.8,0.0,166384,0.0,#E14D6F
2024-03-19,Thurston County,EG.6.1,0.0,166384,0.0,#B9ABA8
2024-03-19,Thurston County,FE.1.1,0.0,166384,0.0,#499894
2024-03-19,Thurston County,FL.1.5.1,0.0,166384,0.0,#8CD17D
2024-03-19,Thurston County,GE.1,0.0,166384,0.0,#FABFD2
2024-03-19,Thurston County,GK.1.1,0.0,166384,0.0,#90FAE5
2024-03-19,Thurston County,HF.1,0.0,166384,0.0,#D399AD
2024-03-19,Thurston County,HK.3,0.0,166384,0.0,#859DBC
2024-03-19,Thurston County,HV.1,0.0,166384,0.0,#797765
2024-03-19,Thurston County,JD.1.1,0.0,166384,0.0,#80F192
2024-03-19,Thurston County,JF.1,0.0,166384,0.0,#FFF1A9
2024-03-19,Thurston County,JG.3,0.0,166384,0.0,#66A172
2024-03-19,Thurston County,JN.1,126112.25790112,166384,0.7579590459486489,#61018F
2024-03-19,Thurston County,JN.1.11.1,0.0,166384,0.0,#5C9CF1
2024-03-19,Thurston County,JN.1.13,0.0,166384,0.0,#E83C78
2024-03-19,Thurston County,JN.1.13.1,0.0,166384,0.0,#F2591C
2024-03-19,Thurston County,JN.1.16,0.0,166384,0.0,#BC3A88
2024-03-19,Thurston County,JN.1.16.1,2267.3693736,166384,0.013627328190210597,#366298
2024-03-19,Thurston County,JN.1.18,5667.9026952,166384,0.03406519073468603,#4AF32F
2024-03-19,Thurston County,JN.1.32,0.0,166384,0.0,#2E7919
2024-03-19,Thurston County,JN.1.4.3,0.0,166384,0.0,#9D1010
2024-03-19,Thurston County,JN.1.7,12166.95973424,166384,0.07312577972785844,#CF15E8
2024-03-19,Thurston County,JN.1.8.1,0.0,166384,0.0,#FFB027
2024-03-19,Thurston County,KP.1.1,0.0,166384,0.0,#CBFF86
2024-03-19,Thurston County,KP.1.1.3,0.0,166384,0.0,#1EB3B6
2024-03-19,Thurston County,KP.1.2,0.0,166384,0.0,#D7B5A6
2024-03-19,Thurston County,KP.2,0.0,166384,0.0,#5875A1
2024-03-19,Thurston County,KP.2.15,0.0,166384,0.0,#175DFF
2024-03-19,Thurston County,KP.2.3,0.0,166384,0.0,#628DE8
2024-03-19,Thurston County,KP.3,0.0,166384,0.0,#B06589
2024-03-19,Thurston County,KP.3.1.1,0.0,166384,0.0,#2F92A1
2024-03-19,Thurston County,KP.4.1,0.0,166384,0.0,#FF473A
2024-03-19,Thurston County,KQ.1,13402.5583008,166384,0.08055196593903259,#E86CDE
2024-03-19,Thurston County,KV.2,0.0,166384,0.0,#E14365
2024-03-19,Thurston County,KW.1.1,0.0,166384,0.0,#34A0FF
2024-03-19,Thurston County,LB.1,0.0,166384,0.0,#795653
2024-03-19,Thurston County,Recombinant,330.62475087999997,166384,0.001987118658524858,#FF0000
2024-03-19,Thurston County,XBB,0.0,166384,0.0,#9FA8DA
2024-03-19,Thurston County,XBB.1.16,0.0,166384,0.0,#4527A0
2024-03-19,Thurston County,XBB.1.16.1,0.0,166384,0.0,#F89B9B
2024-03-19,Thurston County,XBB.1.16.15,0.0,166384,0.0,#E3B5FA
2024-03-19,Thurston County,XBB.1.16.6,0.0,166384,0.0,#5AA350
2024-03-19,Thurston County,XBB.1.42.1,0.0,166384,0.0,#75D1A3
2024-03-19,Thurston County,XBB.1.5,0.0,166384,0.0,#3F51B5
2024-03-19,Thurston County,XBB.1.5.70,0.0,166384,0.0,#46783C
2024-03-19,Thurston County,XBB.1.5.72,0.0,166384,0.0,#254220
2024-03-19,Thurston County,XBB.1.9.1,0.0,166384,0.0,#304FFE
2024-03-19,Thurston County,XBB.1.9.2,144.943056,166384,0.0008711357822867585,#536DFE
2024-03-19,Thurston County,XBB.2.3,0.0,166384,0.0,#F7BCDF
2024-03-19,Thurston County,XDP,166.37334719999998,166384,0.0009999359746129435,#B60052
2024-03-19,Thurston County,XDV.1,0.0,166384,0.0,#D367B6
2024-03-19,Thurston County,unreportable,1736.39170528,166384,0.01043604977209347,#eeeeee
2024-03-19,Walla Walla County,BA.2,0.0,551552,0.0,#9CCD67
2024-03-19,Walla Walla County,BA.2.12.1,0.0,551552,0.0,#7CB342
2024-03-19,Walla Walla County,BA.2.86,0.0,551552,0.0,#D770EE
2024-03-19,Walla Walla County,EG.5,0.0,551552,0.0,#FFBE7D
2024-03-19,Walla Walla County,EG.5.1.8,0.0,551552,0.0,#E14D6F
2024-03-19,Walla Walla County,EG.6.1,0.0,551552,0.0,#B9ABA8
2024-03-19,Walla Walla County,FE.1.1,0.0,551552,0.0,#499894
2024-03-19,Walla Walla County,FL.1.5.1,0.0,551552,0.0,#8CD17D
2024-03-19,Walla Walla County,GE.1,0.0,551552,0.0,#FABFD2
2024-03-19,Walla Walla County,GK.1.1,0.0,551552,0.0,#90FAE5
2024-03-19,Walla Walla County,HF.1,0.0,551552,0.0,#D399AD
2024-03-19,Walla Walla County,HK.3,0.0,551552,0.0,#859DBC
2024-03-19,Walla Walla County,HV.1,0.0,551552,0.0,#797765
2024-03-19,Walla Walla County,JD.1.1,0.0,551552,0.0,#80F192
2024-03-19,Walla Walla County,JF.1,0.0,551552,0.0,#FFF1A9
2024-03-19,Walla Walla County,JG.3,0.0,551552,0.0,#66A172
2024-03-19,Walla Walla County,JN.1,0.0,551552,0.0,#61018F
2024-03-19,Walla Walla County,JN.1.11.1,0.0,551552,0.0,#5C9CF1
2024-03-19,Walla Walla County,JN.1.13,0.0,551552,0.0,#E83C78
2024-03-19,Walla Walla County,JN.1.13.1,0.0,551552,0.0,#F2591C
2024-03-19,Walla Walla County,JN.1.16,0.0,551552,0.0,#BC3A88
2024-03-19,Walla Walla County,JN.1.16.1,339858.99021184,551552,0.61618667,#366298
2024-03-19,Walla Walla County,JN.1.18,0.0,551552,0.0,#4AF32F
2024-03-19,Walla Walla County,JN.1.32,0.0,551552,0.0,#2E7919
2024-03-19,Walla Walla County,JN.1.4.3,0.0,551552,0.0,#9D1010
2024-03-19,Walla Walla County,JN.1.7,207059.46004479998,551552,0.3754124,#CF15E8
2024-03-19,Walla Walla County,JN.1.8.1,0.0,551552,0.0,#FFB027
2024-03-19,Walla Walla County,KP.1.1,2937.21847424,551552,0.00532537,#CBFF86
2024-03-19,Walla Walla County,KP.1.1.3,0.0,551552,0.0,#1EB3B6
2024-03-19,Walla Walla County,KP.1.2,0.0,551552,0.0,#D7B5A6
2024-03-19,Walla Walla County,KP.2,0.0,551552,0.0,#5875A1
2024-03-19,Walla Walla County,KP.2.15,0.0,551552,0.0,#175DFF
2024-03-19,Walla Walla County,KP.2.3,0.0,551552,0.0,#628DE8
2024-03-19,Walla Walla County,KP.3,0.0,551552,0.0,#B06589
2024-03-19,Walla Walla County,KP.3.1.1,0.0,551552,0.0,#2F92A1
2024-03-19,Walla Walla County,KP.4.1,0.0,551552,0.0,#FF473A
2024-03-19,Walla Walla County,KQ.1,0.0,551552,0.0,#E86CDE
2024-03-19,Walla Walla County,KV.2,0.0,551552,0.0,#E14365
2024-03-19,Walla Walla County,KW.1.1,0.0,551552,0.0,#34A0FF
2024-03-19,Walla Walla County,LB.1,0.0,551552,0.0,#795653
2024-03-19,Walla Walla County,Recombinant,0.0,551552,0.0,#FF0000
2024-03-19,Walla Walla County,XBB,0.0,551552,0.0,#9FA8DA
2024-03-19,Walla Walla County,XBB.1.16,0.0,551552,0.0,#4527A0
2024-03-19,Walla Walla County,XBB.1.16.1,0.0,551552,0.0,#F89B9B
2024-03-19,Walla Walla County,XBB.1.16.15,0.0,551552,0.0,#E3B5FA
2024-03-19,Walla Walla County,XBB.1.16.6,0.0,551552,0.0,#5AA350
2024-03-19,Walla Walla County,XBB.1.42.1,0.0,551552,0.0,#75D1A3
2024-03-19,Walla Walla County,XBB.1.5,0.0,551552,0.0,#3F51B5
2024-03-19,Walla Walla County,XBB.1.5.70,0.0,551552,0.0,#46783C
2024-03-19,Walla Walla County,XBB.1.5.72,0.0,551552,0.0,#254220
2024-03-19,Walla Walla County,XBB.1.9.1,0.0,551552,0.0,#304FFE
2024-03-19,Walla Walla County,XBB.1.9.2,0.0,551552,0.0,#536DFE
2024-03-19,Walla Walla County,XBB.2.3,0.0,551552,0.0,#F7BCDF
2024-03-19,Walla Walla County,XDP,0.0,551552,0.0,#B60052
2024-03-19,Walla Walla County,XDV.1,0.0,551552,0.0,#D367B6
2024-03-19,Walla Walla County,unreportable,1696.3367846400001,551552,0.00307557,#eeeeee
2024-03-19,Whitman County,BA.2,0.0,245487,0.0,#9CCD67
2024-03-19,Whitman County,BA.2.12.1,0.0,245487,0.0,#7CB342
2024-03-19,Whitman County,BA.2.86,0.0,245487,0.0,#D770EE
2024-03-19,Whitman County,EG.5,0.0,245487,0.0,#FFBE7D
2024-03-19,Whitman County,EG.5.1.8,0.0,245487,0.0,#E14D6F
2024-03-19,Whitman County,EG.6.1,0.0,245487,0.0,#B9ABA8
2024-03-19,Whitman County,FE.1.1,0.0,245487,0.0,#499894
2024-03-19,Whitman County,FL.1.5.1,0.0,245487,0.0,#8CD17D
2024-03-19,Whitman County,GE.1,0.0,245487,0.0,#FABFD2
2024-03-19,Whitman County,GK.1.1,0.0,245487,0.0,#90FAE5
2024-03-19,Whitman County,HF.1,0.0,245487,0.0,#D399AD
2024-03-19,Whitman County,HK.3,0.0,245487,0.0,#859DBC
2024-03-19,Whitman County,HV.1,0.0,245487,0.0,#797765
2024-03-19,Whitman County,JD.1.1,0.0,245487,0.0,#80F192
2024-03-19,Whitman County,JF.1,0.0,245487,0.0,#FFF1A9
2024-03-19,Whitman County,JG.3,0.0,245487,0.0,#66A172
2024-03-19,Whitman County,JN.1,998.7442205399999,245487,0.00406842,#61018F
2024-03-19,Whitman County,JN.1.11.1,30414.501395850002,245487,0.12389455,#5C9CF1
2024-03-19,Whitman County,JN.1.13,0.0,245487,0.0,#E83C78
2024-03-19,Whitman County,JN.1.13.1,0.0,245487,0.0,#F2591C
2024-03-19,Whitman County,JN.1.16,156894.60812025,245487,0.63911575,#BC3A88
2024-03-19,Whitman County,JN.1.16.1,0.0,245487,0.0,#366298
2024-03-19,Whitman County,JN.1.18,0.0,245487,0.0,#4AF32F
2024-03-19,Whitman County,JN.1.32,0.0,245487,0.0,#2E7919
2024-03-19,Whitman County,JN.1.4.3,0.0,245487,0.0,#9D1010
2024-03-19,Whitman County,JN.1.7,55320.15913281,245487,0.22534863,#CF15E8
2024-03-19,Whitman County,JN.1.8.1,0.0,245487,0.0,#FFB027
2024-03-19,Whitman County,KP.1.1,0.0,245487,0.0,#CBFF86
2024-03-19,Whitman County,KP.1.1.3,0.0,245487,0.0,#1EB3B6
2024-03-19,Whitman County,KP.1.2,0.0,245487,0.0,#D7B5A6
2024-03-19,Whitman County,KP.2,0.0,245487,0.0,#5875A1
2024-03-19,Whitman County,KP.2.15,0.0,245487,0.0,#175DFF
2024-03-19,Whitman County,KP.2.3,0.0,245487,0.0,#628DE8
2024-03-19,Whitman County,KP.3,0.0,245487,0.0,#B06589
2024-03-19,Whitman County,KP.3.1.1,0.0,245487,0.0,#2F92A1
2024-03-19,Whitman County,KP.4.1,0.0,245487,0.0,#FF473A
2024-03-19,Whitman County,KQ.1,0.0,245487,0.0,#E86CDE
2024-03-19,Whitman County,KV.2,0.0,245487,0.0,#E14365
2024-03-19,Whitman County,KW.1.1,0.0,245487,0.0,#34A0FF
2024-03-19,Whitman County,LB.1,0.0,245487,0.0,#795653
2024-03-19,Whitman County,Recombinant,0.0,245487,0.0,#FF0000
2024-03-19,Whitman County,XBB,0.0,245487,0.0,#9FA8DA
2024-03-19,Whitman County,XBB.1.16,0.0,245487,0.0,#4527A0
2024-03-19,Whitman County,XBB.1.16.1,0.0,245487,0.0,#F89B9B
2024-03-19,Whitman County,XBB.1.16.15,0.0,245487,0.0,#E3B5FA
2024-03-19,Whitman County,XBB.1.16.6,0.0,245487,0.0,#5AA350
2024-03-19,Whitman County,XBB.1.42.1,0.0,245487,0.0,#75D1A3
2024-03-19,Whitman County,XBB.1.5,0.0,245487,0.0,#3F51B5
2024-03-19,Whitman County,XBB.1.5.70,0.0,245487,0.0,#46783C
2024-03-19,Whitman County,XBB.1.5.72,0.0,245487,0.0,#254220
2024-03-19,Whitman County,XBB.1.9.1,0.0,245487,0.0,#304FFE
2024-03-19,Whitman County,XBB.1.9.2,0.0,245487,0.0,#536DFE
2024-03-19,Whitman County,XBB.2.3,0.0,245487,0.0,#F7BCDF
2024-03-19,Whitman County,XDP,0.0,245487,0.0,#B60052
2024-03-19,Whitman County,XDV.1,0.0,245487,0.0,#D367B6
2024-03-19,Whitman County,unreportable,1858.98713055,245487,0.00757265,#eeeeee
2024-03-19,Yakima County,BA.2,0.0,1933008,0.0,#9CCD67
2024-03-19,Yakima County,BA.2.12.1,0.0,1933008,0.0,#7CB342
2024-03-19,Yakima County,BA.2.86,396.95429279999996,1933008,0.0002053557423456085,#D770EE
2024-03-19,Yakima County,EG.5,0.0,1933008,0.0,#FFBE7D
2024-03-19,Yakima County,EG.5.1.8,0.0,1933008,0.0,#E14D6F
2024-03-19,Yakima County,EG.6.1,0.0,1933008,0.0,#B9ABA8
2024-03-19,Yakima County,FE.1.1,0.0,1933008,0.0,#499894
2024-03-19,Yakima County,FL.1.5.1,0.0,1933008,0.0,#8CD17D
2024-03-19,Yakima County,GE.1,86260.4891743,1933008,0.04462500371146938,#FABFD2
2024-03-19,Yakima County,GK.1.1,0.0,1933008,0.0,#90FAE5
2024-03-19,Yakima County,HF.1,0.0,1933008,0.0,#D399AD
2024-03-19,Yakima County,HK.3,0.0,1933008,0.0,#859DBC
2024-03-19,Yakima County,HV.1,0.0,1933008,0.0,#797765
2024-03-19,Yakima County,JD.1.1,0.0,1933008,0.0,#80F192
2024-03-19,Yakima County,JF.1,0.0,1933008,0.0,#FFF1A9
2024-03-19,Yakima County,JG.3,0.0,1933008,0.0,#66A172
2024-03-19,Yakima County,JN.1,907163.23307782,1933008,0.4693013340233564,#61018F
2024-03-19,Yakima County,JN.1.11.1,0.0,1933008,0.0,#5C9CF1
2024-03-19,Yakima County,JN.1.13,0.0,1933008,0.0,#E83C78
2024-03-19,Yakima County,JN.1.13.1,0.0,1933008,0.0,#F2591C
2024-03-19,Yakima County,JN.1.16,421.29866240000007,1933008,0.00021794977692797963,#BC3A88
2024-03-19,Yakima County,JN.1.16.1,0.0,1933008,0.0,#366298
2024-03-19,Yakima County,JN.1.18,115054.88189240001,1933008,0.05952116178122388,#4AF32F
2024-03-19,Yakima County,JN.1.32,107487.50589828,1933008,0.055606343014762485,#2E7919
2024-03-19,Yakima County,JN.1.4.3,0.0,1933008,0.0,#9D1010
2024-03-19,Yakima County,JN.1.7,428129.90303744,1933008,0.22148377194374777,#CF15E8
2024-03-19,Yakima County,JN.1.8.1,1521.46694398,1933008,0.0007870981102923527,#FFB027
2024-03-19,Yakima County,KP.1.1,0.0,1933008,0.0,#CBFF86
2024-03-19,Yakima County,KP.1.1.3,0.0,1933008,0.0,#1EB3B6
2024-03-19,Yakima County,KP.1.2,976.2279942800001,1933008,0.0005050304987253028,#D7B5A6
2024-03-19,Yakima County,KP.2,0.0,1933008,0.0,#5875A1
2024-03-19,Yakima County,KP.2.15,0.0,1933008,0.0,#175DFF
2024-03-19,Yakima County,KP.2.3,0.0,1933008,0.0,#628DE8
2024-03-19,Yakima County,KP.3,0.0,1933008,0.0,#B06589
2024-03-19,Yakima County,KP.3.1.1,0.0,1933008,0.0,#2F92A1
2024-03-19,Yakima County,KP.4.1,0.0,1933008,0.0,#FF473A
2024-03-19,Yakima County,KQ.1,0.0,1933008,0.0,#E86CDE
2024-03-19,Yakima County,KV.2,0.0,1933008,0.0,#E14365
2024-03-19,Yakima County,KW.1.1,0.0,1933008,0.0,#34A0FF
2024-03-19,Yakima County,LB.1,0.0,1933008,0.0,#795653
2024-03-19,Yakima County,Recombinant,0.0,1933008,0.0,#FF0000
2024-03-19,Yakima County,XBB,734.3532801,1933008,0.0003799018318082491,#9FA8DA
2024-03-19,Yakima County,XBB.1.16,0.0,1933008,0.0,#4527A0
2024-03-19,Yakima County,XBB.1.16.1,0.0,1933008,0.0,#F89B9B
2024-03-19,Yakima County,XBB.1.16.15,0.0,1933008,0.0,#E3B5FA
2024-03-19,Yakima County,XBB.1.16.6,0.0,1933008,0.0,#5AA350
2024-03-19,Yakima County,XBB.1.42.1,0.0,1933008,0.0,#75D1A3
2024-03-19,Yakima County,XBB.1.5,0.0,1933008,0.0,#3F51B5
2024-03-19,Yakima County,XBB.1.5.70,0.0,1933008,0.0,#46783C
2024-03-19,Yakima County,XBB.1.5.72,0.0,1933008,0.0,#254220
2024-03-19,Yakima County,XBB.1.9.1,0.0,1933008,0.0,#304FFE
2024-03-19,Yakima County,XBB.1.9.2,0.0,1933008,0.0,#536DFE
2024-03-19,Yakima County,XBB.2.3,194412.6252323,1933008,0.10057517880541622,#F7BCDF
2024-03-19,Yakima County,XDP,65886.30194186,1933008,0.03408485735282006,#B60052
2024-03-19,Yakima County,XDV.1,0.0,1933008,0.0,#D367B6
2024-03-19,Yakima County,unreportable,24562.751165439997,1933008,0.012707009575459593,#eeeeee
2024-03-26,Benton County,BA.2,0.0,502178,0.0,#9CCD67
2024-03-26,Benton County,BA.2.12.1,0.0,502178,0.0,#7CB342
2024-03-26,Benton County,BA.2.86,0.0,502178,0.0,#D770EE
2024-03-26,Benton County,EG.5,0.0,502178,0.0,#FFBE7D
2024-03-26,Benton County,EG.5.1.8,0.0,502178,0.0,#E14D6F
2024-03-26,Benton County,EG.6.1,0.0,502178,0.0,#B9ABA8
2024-03-26,Benton County,FE.1.1,0.0,502178,0.0,#499894
2024-03-26,Benton County,FL.1.5.1,0.0,502178,0.0,#8CD17D
2024-03-26,Benton County,GE.1,0.0,502178,0.0,#FABFD2
2024-03-26,Benton County,GK.1.1,0.0,502178,0.0,#90FAE5
2024-03-26,Benton County,HF.1,0.0,502178,0.0,#D399AD
2024-03-26,Benton County,HK.3,0.0,502178,0.0,#859DBC
2024-03-26,Benton County,HV.1,0.0,502178,0.0,#797765
2024-03-26,Benton County,JD.1.1,0.0,502178,0.0,#80F192
2024-03-26,Benton County,JF.1,0.0,502178,0.0,#FFF1A9
2024-03-26,Benton County,JG.3,0.0,502178,0.0,#66A172
2024-03-26,Benton County,JN.1,496708.31237646,502178,0.98910807,#61018F
2024-03-26,Benton County,JN.1.11.1,0.0,502178,0.0,#5C9CF1
2024-03-26,Benton County,JN.1.13,0.0,502178,0.0,#E83C78
2024-03-26,Benton County,JN.1.13.1,0.0,502178,0.0,#F2591C
2024-03-26,Benton County,JN.1.16,594.34775012,502178,0.00118354,#BC3A88
2024-03-26,Benton County,JN.1.16.1,0.0,502178,0.0,#366298
2024-03-26,Benton County,JN.1.18,0.0,502178,0.0,#4AF32F
2024-03-26,Benton County,JN.1.32,0.0,502178,0.0,#2E7919
2024-03-26,Benton County,JN.1.4.3,0.0,502178,0.0,#9D1010
2024-03-26,Benton County,JN.1.7,0.0,502178,0.0,#CF15E8
2024-03-26,Benton County,JN.1.8.1,1852.8459923599999,502178,0.00368962,#FFB027
2024-03-26,Benton County,KP.1.1,0.0,502178,0.0,#CBFF86
2024-03-26,Benton County,KP.1.1.3,0.0,502178,0.0,#1EB3B6
2024-03-26,Benton County,KP.1.2,0.0,502178,0.0,#D7B5A6
2024-03-26,Benton County,KP.2,0.0,502178,0.0,#5875A1
2024-03-26,Benton County,KP.2.15,0.0,502178,0.0,#175DFF
2024-03-26,Benton County,KP.2.3,0.0,502178,0.0,#628DE8
2024-03-26,Benton County,KP.3,0.0,502178,0.0,#B06589
2024-03-26,Benton County,KP.3.1.1,0.0,502178,0.0,#2F92A1
2024-03-26,Benton County,KP.4.1,0.0,502178,0.0,#FF473A
2024-03-26,Benton County,KQ.1,0.0,502178,0.0,#E86CDE
2024-03-26,Benton County,KV.2,0.0,502178,0.0,#E14365
2024-03-26,Benton County,KW.1.1,0.0,502178,0.0,#34A0FF
2024-03-26,Benton County,LB.1,0.0,502178,0.0,#795653
2024-03-26,Benton County,Recombinant,0.0,502178,0.0,#FF0000
2024-03-26,Benton County,XBB,0.0,502178,0.0,#9FA8DA
2024-03-26,Benton County,XBB.1.16,0.0,502178,0.0,#4527A0
2024-03-26,Benton County,XBB.1.16.1,0.0,502178,0.0,#F89B9B
2024-03-26,Benton County,XBB.1.16.15,0.0,502178,0.0,#E3B5FA
2024-03-26,Benton County,XBB.1.16.6,0.0,502178,0.0,#5AA350
2024-03-26,Benton County,XBB.1.42.1,0.0,502178,0.0,#75D1A3
2024-03-26,Benton County,XBB.1.5,0.0,502178,0.0,#3F51B5
2024-03-26,Benton County,XBB.1.5.70,0.0,502178,0.0,#46783C
2024-03-26,Benton County,XBB.1.5.72,0.0,502178,0.0,#254220
2024-03-26,Benton County,XBB.1.9.1,0.0,502178,0.0,#304FFE
2024-03-26,Benton County,XBB.1.9.2,0.0,502178,0.0,#536DFE
2024-03-26,Benton County,XBB.2.3,0.0,502178,0.0,#F7BCDF
2024-03-26,Benton County,XDP,0.0,502178,0.0,#B60052
2024-03-26,Benton County,XDV.1,0.0,502178,0.0,#D367B6
2024-03-26,Benton County,unreportable,3022.48885928,502178,0.00601876,#eeeeee
2024-03-26,Chelan County,BA.2,0.0,775980,0.0,#9CCD67
2024-03-26,Chelan County,BA.2.12.1,0.0,775980,0.0,#7CB342
2024-03-26,Chelan County,BA.2.86,0.0,775980,0.0,#D770EE
2024-03-26,Chelan County,EG.5,0.0,775980,0.0,#FFBE7D
2024-03-26,Chelan County,EG.5.1.8,0.0,775980,0.0,#E14D6F
2024-03-26,Chelan County,EG.6.1,0.0,775980,0.0,#B9ABA8
2024-03-26,Chelan County,FE.1.1,0.0,775980,0.0,#499894
2024-03-26,Chelan County,FL.1.5.1,0.0,775980,0.0,#8CD17D
2024-03-26,Chelan County,GE.1,0.0,775980,0.0,#FABFD2
2024-03-26,Chelan County,GK.1.1,0.0,775980,0.0,#90FAE5
2024-03-26,Chelan County,HF.1,0.0,775980,0.0,#D399AD
2024-03-26,Chelan County,HK.3,0.0,775980,0.0,#859DBC
2024-03-26,Chelan County,HV.1,0.0,775980,0.0,#797765
2024-03-26,Chelan County,JD.1.1,0.0,775980,0.0,#80F192
2024-03-26,Chelan County,JF.1,0.0,775980,0.0,#FFF1A9
2024-03-26,Chelan County,JG.3,0.0,775980,0.0,#66A172
2024-03-26,Chelan County,JN.1,768338.498151,775980,0.99015245,#61018F
2024-03-26,Chelan County,JN.1.11.1,0.0,775980,0.0,#5C9CF1
2024-03-26,Chelan County,JN.1.13,0.0,775980,0.0,#E83C78
2024-03-26,Chelan County,JN.1.13.1,0.0,775980,0.0,#F2591C
2024-03-26,Chelan County,JN.1.16,2312.381601,775980,0.00297995,#BC3A88
2024-03-26,Chelan County,JN.1.16.1,0.0,775980,0.0,#366298
2024-03-26,Chelan County,JN.1.18,0.0,775980,0.0,#4AF32F
2024-03-26,Chelan County,JN.1.32,0.0,775980,0.0,#2E7919
2024-03-26,Chelan County,JN.1.4.3,0.0,775980,0.0,#9D1010
2024-03-26,Chelan County,JN.1.7,0.0,775980,0.0,#CF15E8
2024-03-26,Chelan County,JN.1.8.1,0.0,775980,0.0,#FFB027
2024-03-26,Chelan County,KP.1.1,0.0,775980,0.0,#CBFF86
2024-03-26,Chelan County,KP.1.1.3,0.0,775980,0.0,#1EB3B6
2024-03-26,Chelan County,KP.1.2,0.0,775980,0.0,#D7B5A6
2024-03-26,Chelan County,KP.2,0.0,775980,0.0,#5875A1
2024-03-26,Chelan County,KP.2.15,0.0,775980,0.0,#175DFF
2024-03-26,Chelan County,KP.2.3,0.0,775980,0.0,#628DE8
2024-03-26,Chelan County,KP.3,0.0,775980,0.0,#B06589
2024-03-26,Chelan County,KP.3.1.1,0.0,775980,0.0,#2F92A1
2024-03-26,Chelan County,KP.4.1,0.0,775980,0.0,#FF473A
2024-03-26,Chelan County,KQ.1,0.0,775980,0.0,#E86CDE
2024-03-26,Chelan County,KV.2,0.0,775980,0.0,#E14365
2024-03-26,Chelan County,KW.1.1,0.0,775980,0.0,#34A0FF
2024-03-26,Chelan County,LB.1,0.0,775980,0.0,#795653
2024-03-26,Chelan County,Recombinant,0.0,775980,0.0,#FF0000
2024-03-26,Chelan County,XBB,0.0,775980,0.0,#9FA8DA
2024-03-26,Chelan County,XBB.1.16,0.0,775980,0.0,#4527A0
2024-03-26,Chelan County,XBB.1.16.1,0.0,775980,0.0,#F89B9B
2024-03-26,Chelan County,XBB.1.16.15,0.0,775980,0.0,#E3B5FA
2024-03-26,Chelan County,XBB.1.16.6,0.0,775980,0.0,#5AA350
2024-03-26,Chelan County,XBB.1.42.1,0.0,775980,0.0,#75D1A3
2024-03-26,Chelan County,XBB.1.5,0.0,775980,0.0,#3F51B5
2024-03-26,Chelan County,XBB.1.5.70,0.0,775980,0.0,#46783C
2024-03-26,Chelan County,XBB.1.5.72,0.0,775980,0.0,#254220
2024-03-26,Chelan County,XBB.1.9.1,0.0,775980,0.0,#304FFE
2024-03-26,Chelan County,XBB.1.9.2,0.0,775980,0.0,#536DFE
2024-03-26,Chelan County,XBB.2.3,0.0,775980,0.0,#F7BCDF
2024-03-26,Chelan County,XDP,0.0,775980,0.0,#B60052
2024-03-26,Chelan County,XDV.1,0.0,775980,0.0,#D367B6
2024-03-26,Chelan County,unreportable,5329.120248,775980,0.006867600000000001,#eeeeee
2024-03-26,Franklin County,BA.2,0.0,737220,0.0,#9CCD67
2024-03-26,Franklin County,BA.2.12.1,0.0,737220,0.0,#7CB342
2024-03-26,Franklin County,BA.2.86,0.0,737220,0.0,#D770EE
2024-03-26,Franklin County,EG.5,0.0,737220,0.0,#FFBE7D
2024-03-26,Franklin County,EG.5.1.8,0.0,737220,0.0,#E14D6F
2024-03-26,Franklin County,EG.6.1,0.0,737220,0.0,#B9ABA8
2024-03-26,Franklin County,FE.1.1,0.0,737220,0.0,#499894
2024-03-26,Franklin County,FL.1.5.1,0.0,737220,0.0,#8CD17D
2024-03-26,Franklin County,GE.1,0.0,737220,0.0,#FABFD2
2024-03-26,Franklin County,GK.1.1,0.0,737220,0.0,#90FAE5
2024-03-26,Franklin County,HF.1,0.0,737220,0.0,#D399AD
2024-03-26,Franklin County,HK.3,0.0,737220,0.0,#859DBC
2024-03-26,Franklin County,HV.1,0.0,737220,0.0,#797765
2024-03-26,Franklin County,JD.1.1,0.0,737220,0.0,#80F192
2024-03-26,Franklin County,JF.1,0.0,737220,0.0,#FFF1A9
2024-03-26,Franklin County,JG.3,0.0,737220,0.0,#66A172
2024-03-26,Franklin County,JN.1,718006.9483422,737220,0.97393851,#61018F
2024-03-26,Franklin County,JN.1.11.1,0.0,737220,0.0,#5C9CF1
2024-03-26,Franklin County,JN.1.13,0.0,737220,0.0,#E83C78
2024-03-26,Franklin County,JN.1.13.1,0.0,737220,0.0,#F2591C
2024-03-26,Franklin County,JN.1.16,6009.9353952,737220,0.00815216,#BC3A88
2024-03-26,Franklin County,JN.1.16.1,0.0,737220,0.0,#366298
2024-03-26,Franklin County,JN.1.18,0.0,737220,0.0,#4AF32F
2024-03-26,Franklin County,JN.1.32,0.0,737220,0.0,#2E7919
2024-03-26,Franklin County,JN.1.4.3,0.0,737220,0.0,#9D1010
2024-03-26,Franklin County,JN.1.7,0.0,737220,0.0,#CF15E8
2024-03-26,Franklin County,JN.1.8.1,3202.6753572,737220,0.00434426,#FFB027
2024-03-26,Franklin County,KP.1.1,0.0,737220,0.0,#CBFF86
2024-03-26,Franklin County,KP.1.1.3,0.0,737220,0.0,#1EB3B6
2024-03-26,Franklin County,KP.1.2,0.0,737220,0.0,#D7B5A6
2024-03-26,Franklin County,KP.2,0.0,737220,0.0,#5875A1
2024-03-26,Franklin County,KP.2.15,0.0,737220,0.0,#175DFF
2024-03-26,Franklin County,KP.2.3,0.0,737220,0.0,#628DE8
2024-03-26,Franklin County,KP.3,0.0,737220,0.0,#B06589
2024-03-26,Franklin County,KP.3.1.1,0.0,737220,0.0,#2F92A1
2024-03-26,Franklin County,KP.4.1,0.0,737220,0.0,#FF473A
2024-03-26,Franklin County,KQ.1,0.0,737220,0.0,#E86CDE
2024-03-26,Franklin County,KV.2,0.0,737220,0.0,#E14365
2024-03-26,Franklin County,KW.1.1,0.0,737220,0.0,#34A0FF
2024-03-26,Franklin County,LB.1,0.0,737220,0.0,#795653
2024-03-26,Franklin County,Recombinant,0.0,737220,0.0,#FF0000
2024-03-26,Franklin County,XBB,0.0,737220,0.0,#9FA8DA
2024-03-26,Franklin County,XBB.1.16,0.0,737220,0.0,#4527A0
2024-03-26,Franklin County,XBB.1.16.1,0.0,737220,0.0,#F89B9B
2024-03-26,Franklin County,XBB.1.16.15,0.0,737220,0.0,#E3B5FA
2024-03-26,Franklin County,XBB.1.16.6,0.0,737220,0.0,#5AA350
2024-03-26,Franklin County,XBB.1.42.1,0.0,737220,0.0,#75D1A3
2024-03-26,Franklin County,XBB.1.5,0.0,737220,0.0,#3F51B5
2024-03-26,Franklin County,XBB.1.5.70,0.0,737220,0.0,#46783C
2024-03-26,Franklin County,XBB.1.5.72,0.0,737220,0.0,#254220
2024-03-26,Franklin County,XBB.1.9.1,0.0,737220,0.0,#304FFE
2024-03-26,Franklin County,XBB.1.9.2,0.0,737220,0.0,#536DFE
2024-03-26,Franklin County,XBB.2.3,0.0,737220,0.0,#F7BCDF
2024-03-26,Franklin County,XDP,0.0,737220,0.0,#B60052
2024-03-26,Franklin County,XDV.1,0.0,737220,0.0,#D367B6
2024-03-26,Franklin County,unreportable,10000.4482776,737220,0.01356508,#eeeeee
2024-03-26,Island County,BA.2,0.0,1778632,0.0,#9CCD67
2024-03-26,Island County,BA.2.12.1,0.0,1778632,0.0,#7CB342
2024-03-26,Island County,BA.2.86,0.0,1778632,0.0,#D770EE
2024-03-26,Island County,EG.5,0.0,1778632,0.0,#FFBE7D
2024-03-26,Island County,EG.5.1.8,0.0,1778632,0.0,#E14D6F
2024-03-26,Island County,EG.6.1,0.0,1778632,0.0,#B9ABA8
2024-03-26,Island County,FE.1.1,0.0,1778632,0.0,#499894
2024-03-26,Island County,FL.1.5.1,0.0,1778632,0.0,#8CD17D
2024-03-26,Island County,GE.1,0.0,1778632,0.0,#FABFD2
2024-03-26,Island County,GK.1.1,0.0,1778632,0.0,#90FAE5
2024-03-26,Island County,HF.1,0.0,1778632,0.0,#D399AD
2024-03-26,Island County,HK.3,0.0,1778632,0.0,#859DBC
2024-03-26,Island County,HV.1,0.0,1778632,0.0,#797765
2024-03-26,Island County,JD.1.1,0.0,1778632,0.0,#80F192
2024-03-26,Island County,JF.1,0.0,1778632,0.0,#FFF1A9
2024-03-26,Island County,JG.3,0.0,1778632,0.0,#66A172
2024-03-26,Island County,JN.1,1128178.2042561,1778632,0.6342954609250818,#61018F
2024-03-26,Island County,JN.1.11.1,0.0,1778632,0.0,#5C9CF1
2024-03-26,Island County,JN.1.13,0.0,1778632,0.0,#E83C78
2024-03-26,Island County,JN.1.13.1,0.0,1778632,0.0,#F2591C
2024-03-26,Island County,JN.1.16,14881.06802013,1778632,0.008366580619335534,#BC3A88
2024-03-26,Island County,JN.1.16.1,238977.15789828,1778632,0.13436009129391577,#366298
2024-03-26,Island County,JN.1.18,218700.35913915,1778632,0.12295986979833377,#4AF32F
2024-03-26,Island County,JN.1.32,0.0,1778632,0.0,#2E7919
2024-03-26,Island County,JN.1.4.3,0.0,1778632,0.0,#9D1010
2024-03-26,Island County,JN.1.7,41840.287171799995,1778632,0.023523858320214634,#CF15E8
2024-03-26,Island County,JN.1.8.1,0.0,1778632,0.0,#FFB027
2024-03-26,Island County,KP.1.1,0.0,1778632,0.0,#CBFF86
2024-03-26,Island County,KP.1.1.3,0.0,1778632,0.0,#1EB3B6
2024-03-26,Island County,KP.1.2,0.0,1778632,0.0,#D7B5A6
2024-03-26,Island County,KP.2,454.31661597,1778632,0.00025543036219409076,#5875A1
2024-03-26,Island County,KP.2.15,0.0,1778632,0.0,#175DFF
2024-03-26,Island County,KP.2.3,0.0,1778632,0.0,#628DE8
2024-03-26,Island County,KP.3,0.0,1778632,0.0,#B06589
2024-03-26,Island County,KP.3.1.1,0.0,1778632,0.0,#2F92A1
2024-03-26,Island County,KP.4.1,0.0,1778632,0.0,#FF473A
2024-03-26,Island County,KQ.1,0.0,1778632,0.0,#E86CDE
2024-03-26,Island County,KV.2,0.0,1778632,0.0,#E14365
2024-03-26,Island County,KW.1.1,0.0,1778632,0.0,#34A0FF
2024-03-26,Island County,LB.1,0.0,1778632,0.0,#795653
2024-03-26,Island County,Recombinant,0.0,1778632,0.0,#FF0000
2024-03-26,Island County,XBB,0.0,1778632,0.0,#9FA8DA
2024-03-26,Island County,XBB.1.16,0.0,1778632,0.0,#4527A0
2024-03-26,Island County,XBB.1.16.1,0.0,1778632,0.0,#F89B9B
2024-03-26,Island County,XBB.1.16.15,0.0,1778632,0.0,#E3B5FA
2024-03-26,Island County,XBB.1.16.6,0.0,1778632,0.0,#5AA350
2024-03-26,Island County,XBB.1.42.1,0.0,1778632,0.0,#75D1A3
2024-03-26,Island County,XBB.1.5,0.0,1778632,0.0,#3F51B5
2024-03-26,Island County,XBB.1.5.70,0.0,1778632,0.0,#46783C
2024-03-26,Island County,XBB.1.5.72,0.0,1778632,0.0,#254220
2024-03-26,Island County,XBB.1.9.1,0.0,1778632,0.0,#304FFE
2024-03-26,Island County,XBB.1.9.2,0.0,1778632,0.0,#536DFE
2024-03-26,Island County,XBB.2.3,0.0,1778632,0.0,#F7BCDF
2024-03-26,Island County,XDP,122791.700458245,1778632,0.06903715915278989,#B60052
2024-03-26,Island County,XDV.1,0.0,1778632,0.0,#D367B6
2024-03-26,Island County,unreportable,12808.91294435,1778632,0.007201553184891535,#eeeeee
2024-03-26,Jefferson County,BA.2,0.0,162770,0.0,#9CCD67
2024-03-26,Jefferson County,BA.2.12.1,0.0,162770,0.0,#7CB342
2024-03-26,Jefferson County,BA.2.86,0.0,162770,0.0,#D770EE
2024-03-26,Jefferson County,EG.5,0.0,162770,0.0,#FFBE7D
2024-03-26,Jefferson County,EG.5.1.8,0.0,162770,0.0,#E14D6F
2024-03-26,Jefferson County,EG.6.1,0.0,162770,0.0,#B9ABA8
2024-03-26,Jefferson County,FE.1.1,0.0,162770,0.0,#499894
2024-03-26,Jefferson County,FL.1.5.1,0.0,162770,0.0,#8CD17D
2024-03-26,Jefferson County,GE.1,0.0,162770,0.0,#FABFD2
2024-03-26,Jefferson County,GK.1.1,0.0,162770,0.0,#90FAE5
2024-03-26,Jefferson County,HF.1,0.0,162770,0.0,#D399AD
2024-03-26,Jefferson County,HK.3,0.0,162770,0.0,#859DBC
2024-03-26,Jefferson County,HV.1,0.0,162770,0.0,#797765
2024-03-26,Jefferson County,JD.1.1,0.0,162770,0.0,#80F192
2024-03-26,Jefferson County,JF.1,0.0,162770,0.0,#FFF1A9
2024-03-26,Jefferson County,JG.3,0.0,162770,0.0,#66A172
2024-03-26,Jefferson County,JN.1,127954.7959046,162770,0.78610798,#61018F
2024-03-26,Jefferson County,JN.1.11.1,0.0,162770,0.0,#5C9CF1
2024-03-26,Jefferson County,JN.1.13,0.0,162770,0.0,#E83C78
2024-03-26,Jefferson County,JN.1.13.1,0.0,162770,0.0,#F2591C
2024-03-26,Jefferson County,JN.1.16,4942.2864274,162770,0.03036362,#BC3A88
2024-03-26,Jefferson County,JN.1.16.1,4543.2639109,162770,0.02791217,#366298
2024-03-26,Jefferson County,JN.1.18,22979.8083751,162770,0.14117963,#4AF32F
2024-03-26,Jefferson County,JN.1.32,0.0,162770,0.0,#2E7919
2024-03-26,Jefferson County,JN.1.4.3,0.0,162770,0.0,#9D1010
2024-03-26,Jefferson County,JN.1.7,191.16034340000002,162770,0.00117442,#CF15E8
2024-03-26,Jefferson County,JN.1.8.1,0.0,162770,0.0,#FFB027
2024-03-26,Jefferson County,KP.1.1,0.0,162770,0.0,#CBFF86
2024-03-26,Jefferson County,KP.1.1.3,0.0,162770,0.0,#1EB3B6
2024-03-26,Jefferson County,KP.1.2,0.0,162770,0.0,#D7B5A6
2024-03-26,Jefferson County,KP.2,0.0,162770,0.0,#5875A1
2024-03-26,Jefferson County,KP.2.15,0.0,162770,0.0,#175DFF
2024-03-26,Jefferson County,KP.2.3,0.0,162770,0.0,#628DE8
2024-03-26,Jefferson County,KP.3,0.0,162770,0.0,#B06589
2024-03-26,Jefferson County,KP.3.1.1,0.0,162770,0.0,#2F92A1
2024-03-26,Jefferson County,KP.4.1,0.0,162770,0.0,#FF473A
2024-03-26,Jefferson County,KQ.1,0.0,162770,0.0,#E86CDE
2024-03-26,Jefferson County,KV.2,0.0,162770,0.0,#E14365
2024-03-26,Jefferson County,KW.1.1,0.0,162770,0.0,#34A0FF
2024-03-26,Jefferson County,LB.1,0.0,162770,0.0,#795653
2024-03-26,Jefferson County,Recombinant,0.0,162770,0.0,#FF0000
2024-03-26,Jefferson County,XBB,0.0,162770,0.0,#9FA8DA
2024-03-26,Jefferson County,XBB.1.16,0.0,162770,0.0,#4527A0
2024-03-26,Jefferson County,XBB.1.16.1,0.0,162770,0.0,#F89B9B
2024-03-26,Jefferson County,XBB.1.16.15,0.0,162770,0.0,#E3B5FA
2024-03-26,Jefferson County,XBB.1.16.6,0.0,162770,0.0,#5AA350
2024-03-26,Jefferson County,XBB.1.42.1,0.0,162770,0.0,#75D1A3
2024-03-26,Jefferson County,XBB.1.5,0.0,162770,0.0,#3F51B5
2024-03-26,Jefferson County,XBB.1.5.70,0.0,162770,0.0,#46783C
2024-03-26,Jefferson County,XBB.1.5.72,0.0,162770,0.0,#254220
2024-03-26,Jefferson County,XBB.1.9.1,0.0,162770,0.0,#304FFE
2024-03-26,Jefferson County,XBB.1.9.2,0.0,162770,0.0,#536DFE
2024-03-26,Jefferson County,XBB.2.3,0.0,162770,0.0,#F7BCDF
2024-03-26,Jefferson County,XDP,0.0,162770,0.0,#B60052
2024-03-26,Jefferson County,XDV.1,0.0,162770,0.0,#D367B6
2024-03-26,Jefferson County,unreportable,2158.6866663,162770,0.01326219,#eeeeee
2024-03-26,King County,BA.2,0.0,973611,0.0,#9CCD67
2024-03-26,King County,BA.2.12.1,0.0,973611,0.0,#7CB342
2024-03-26,King County,BA.2.86,0.0,973611,0.0,#D770EE
2024-03-26,King County,EG.5,0.0,973611,0.0,#FFBE7D
2024-03-26,King County,EG.5.1.8,0.0,973611,0.0,#E14D6F
2024-03-26,King County,EG.6.1,0.0,973611,0.0,#B9ABA8
2024-03-26,King County,FE.1.1,0.0,973611,0.0,#499894
2024-03-26,King County,FL.1.5.1,0.0,973611,0.0,#8CD17D
2024-03-26,King County,GE.1,0.0,973611,0.0,#FABFD2
2024-03-26,King County,GK.1.1,0.0,973611,0.0,#90FAE5
2024-03-26,King County,HF.1,0.0,973611,0.0,#D399AD
2024-03-26,King County,HK.3,0.0,973611,0.0,#859DBC
2024-03-26,King County,HV.1,0.0,973611,0.0,#797765
2024-03-26,King County,JD.1.1,0.0,973611,0.0,#80F192
2024-03-26,King County,JF.1,0.0,973611,0.0,#FFF1A9
2024-03-26,King County,JG.3,0.0,973611,0.0,#66A172
2024-03-26,King County,JN.1,0.0,973611,0.0,#61018F
2024-03-26,King County,JN.1.11.1,0.0,973611,0.0,#5C9CF1
2024-03-26,King County,JN.1.13,0.0,973611,0.0,#E83C78
2024-03-26,King County,JN.1.13.1,0.0,973611,0.0,#F2591C
2024-03-26,King County,JN.1.16,0.0,973611,0.0,#BC3A88
2024-03-26,King County,JN.1.16.1,0.0,973611,0.0,#366298
2024-03-26,King County,JN.1.18,0.0,973611,0.0,#4AF32F
2024-03-26,King County,JN.1.32,0.0,973611,0.0,#2E7919
2024-03-26,King County,JN.1.4.3,0.0,973611,0.0,#9D1010
2024-03-26,King County,JN.1.7,969471.70256961,973611,0.99574851,#CF15E8
2024-03-26,King County,JN.1.8.1,0.0,973611,0.0,#FFB027
2024-03-26,King County,KP.1.1,0.0,973611,0.0,#CBFF86
2024-03-26,King County,KP.1.1.3,0.0,973611,0.0,#1EB3B6
2024-03-26,King County,KP.1.2,0.0,973611,0.0,#D7B5A6
2024-03-26,King County,KP.2,0.0,973611,0.0,#5875A1
2024-03-26,King County,KP.2.15,0.0,973611,0.0,#175DFF
2024-03-26,King County,KP.2.3,0.0,973611,0.0,#628DE8
2024-03-26,King County,KP.3,0.0,973611,0.0,#B06589
2024-03-26,King County,KP.3.1.1,0.0,973611,0.0,#2F92A1
2024-03-26,King County,KP.4.1,0.0,973611,0.0,#FF473A
2024-03-26,King County,KQ.1,0.0,973611,0.0,#E86CDE
2024-03-26,King County,KV.2,0.0,973611,0.0,#E14365
2024-03-26,King County,KW.1.1,0.0,973611,0.0,#34A0FF
2024-03-26,King County,LB.1,0.0,973611,0.0,#795653
2024-03-26,King County,Recombinant,0.0,973611,0.0,#FF0000
2024-03-26,King County,XBB,0.0,973611,0.0,#9FA8DA
2024-03-26,King County,XBB.1.16,0.0,973611,0.0,#4527A0
2024-03-26,King County,XBB.1.16.1,0.0,973611,0.0,#F89B9B
2024-03-26,King County,XBB.1.16.15,0.0,973611,0.0,#E3B5FA
2024-03-26,King County,XBB.1.16.6,0.0,973611,0.0,#5AA350
2024-03-26,King County,XBB.1.42.1,0.0,973611,0.0,#75D1A3
2024-03-26,King County,XBB.1.5,0.0,973611,0.0,#3F51B5
2024-03-26,King County,XBB.1.5.70,0.0,973611,0.0,#46783C
2024-03-26,King County,XBB.1.5.72,0.0,973611,0.0,#254220
2024-03-26,King County,XBB.1.9.1,0.0,973611,0.0,#304FFE
2024-03-26,King County,XBB.1.9.2,0.0,973611,0.0,#536DFE
2024-03-26,King County,XBB.2.3,0.0,973611,0.0,#F7BCDF
2024-03-26,King County,XDP,0.0,973611,0.0,#B60052
2024-03-26,King County,XDV.1,0.0,973611,0.0,#D367B6
2024-03-26,King County,unreportable,4139.29743039,973611,0.00425149,#eeeeee
2024-03-26,Kittitas County,BA.2,0.0,143520,0.0,#9CCD67
2024-03-26,Kittitas County,BA.2.12.1,0.0,143520,0.0,#7CB342
2024-03-26,Kittitas County,BA.2.86,623.2097664,143520,0.00434232,#D770EE
2024-03-26,Kittitas County,EG.5,0.0,143520,0.0,#FFBE7D
2024-03-26,Kittitas County,EG.5.1.8,0.0,143520,0.0,#E14D6F
2024-03-26,Kittitas County,EG.6.1,0.0,143520,0.0,#B9ABA8
2024-03-26,Kittitas County,FE.1.1,0.0,143520,0.0,#499894
2024-03-26,Kittitas County,FL.1.5.1,0.0,143520,0.0,#8CD17D
2024-03-26,Kittitas County,GE.1,0.0,143520,0.0,#FABFD2
2024-03-26,Kittitas County,GK.1.1,0.0,143520,0.0,#90FAE5
2024-03-26,Kittitas County,HF.1,0.0,143520,0.0,#D399AD
2024-03-26,Kittitas County,HK.3,0.0,143520,0.0,#859DBC
2024-03-26,Kittitas County,HV.1,0.0,143520,0.0,#797765
2024-03-26,Kittitas County,JD.1.1,0.0,143520,0.0,#80F192
2024-03-26,Kittitas County,JF.1,0.0,143520,0.0,#FFF1A9
2024-03-26,Kittitas County,JG.3,0.0,143520,0.0,#66A172
2024-03-26,Kittitas County,JN.1,137769.1478592,143520,0.95992996,#61018F
2024-03-26,Kittitas County,JN.1.11.1,0.0,143520,0.0,#5C9CF1
2024-03-26,Kittitas County,JN.1.13,0.0,143520,0.0,#E83C78
2024-03-26,Kittitas County,JN.1.13.1,0.0,143520,0.0,#F2591C
2024-03-26,Kittitas County,JN.1.16,0.0,143520,0.0,#BC3A88
2024-03-26,Kittitas County,JN.1.16.1,0.0,143520,0.0,#366298
2024-03-26,Kittitas County,JN.1.18,2659.1399952,143520,0.01852801,#4AF32F
2024-03-26,Kittitas County,JN.1.32,0.0,143520,0.0,#2E7919
2024-03-26,Kittitas County,JN.1.4.3,0.0,143520,0.0,#9D1010
2024-03-26,Kittitas County,JN.1.7,703.3542048,143520,0.004900740000000001,#CF15E8
2024-03-26,Kittitas County,JN.1.8.1,0.0,143520,0.0,#FFB027
2024-03-26,Kittitas County,KP.1.1,0.0,143520,0.0,#CBFF86
2024-03-26,Kittitas County,KP.1.1.3,0.0,143520,0.0,#1EB3B6
2024-03-26,Kittitas County,KP.1.2,0.0,143520,0.0,#D7B5A6
2024-03-26,Kittitas County,KP.2,211.37338559999998,143520,0.00147278,#5875A1
2024-03-26,Kittitas County,KP.2.15,0.0,143520,0.0,#175DFF
2024-03-26,Kittitas County,KP.2.3,0.0,143520,0.0,#628DE8
2024-03-26,Kittitas County,KP.3,0.0,143520,0.0,#B06589
2024-03-26,Kittitas County,KP.3.1.1,0.0,143520,0.0,#2F92A1
2024-03-26,Kittitas County,KP.4.1,0.0,143520,0.0,#FF473A
2024-03-26,Kittitas County,KQ.1,0.0,143520,0.0,#E86CDE
2024-03-26,Kittitas County,KV.2,0.0,143520,0.0,#E14365
2024-03-26,Kittitas County,KW.1.1,0.0,143520,0.0,#34A0FF
2024-03-26,Kittitas County,LB.1,0.0,143520,0.0,#795653
2024-03-26,Kittitas County,Recombinant,0.0,143520,0.0,#FF0000
2024-03-26,Kittitas County,XBB,0.0,143520,0.0,#9FA8DA
2024-03-26,Kittitas County,XBB.1.16,0.0,143520,0.0,#4527A0
2024-03-26,Kittitas County,XBB.1.16.1,0.0,143520,0.0,#F89B9B
2024-03-26,Kittitas County,XBB.1.16.15,0.0,143520,0.0,#E3B5FA
2024-03-26,Kittitas County,XBB.1.16.6,0.0,143520,0.0,#5AA350
2024-03-26,Kittitas County,XBB.1.42.1,0.0,143520,0.0,#75D1A3
2024-03-26,Kittitas County,XBB.1.5,0.0,143520,0.0,#3F51B5
2024-03-26,Kittitas County,XBB.1.5.70,0.0,143520,0.0,#46783C
2024-03-26,Kittitas County,XBB.1.5.72,0.0,143520,0.0,#254220
2024-03-26,Kittitas County,XBB.1.9.1,0.0,143520,0.0,#304FFE
2024-03-26,Kittitas County,XBB.1.9.2,0.0,143520,0.0,#536DFE
2024-03-26,Kittitas County,XBB.2.3,0.0,143520,0.0,#F7BCDF
2024-03-26,Kittitas County,XDP,0.0,143520,0.0,#B60052
2024-03-26,Kittitas County,XDV.1,0.0,143520,0.0,#D367B6
2024-03-26,Kittitas County,unreportable,1553.7733535999998,143520,0.01082618,#eeeeee
2024-03-26,Okanogan County,BA.2,0.0,927810,0.0,#9CCD67
2024-03-26,Okanogan County,BA.2.12.1,0.0,927810,0.0,#7CB342
2024-03-26,Okanogan County,BA.2.86,0.0,927810,0.0,#D770EE
2024-03-26,Okanogan County,EG.5,0.0,927810,0.0,#FFBE7D
2024-03-26,Okanogan County,EG.5.1.8,0.0,927810,0.0,#E14D6F
2024-03-26,Okanogan County,EG.6.1,0.0,927810,0.0,#B9ABA8
2024-03-26,Okanogan County,FE.1.1,0.0,927810,0.0,#499894
2024-03-26,Okanogan County,FL.1.5.1,0.0,927810,0.0,#8CD17D
2024-03-26,Okanogan County,GE.1,0.0,927810,0.0,#FABFD2
2024-03-26,Okanogan County,GK.1.1,0.0,927810,0.0,#90FAE5
2024-03-26,Okanogan County,HF.1,0.0,927810,0.0,#D399AD
2024-03-26,Okanogan County,HK.3,0.0,927810,0.0,#859DBC
2024-03-26,Okanogan County,HV.1,0.0,927810,0.0,#797765
2024-03-26,Okanogan County,JD.1.1,0.0,927810,0.0,#80F192
2024-03-26,Okanogan County,JF.1,0.0,927810,0.0,#FFF1A9
2024-03-26,Okanogan County,JG.3,0.0,927810,0.0,#66A172
2024-03-26,Okanogan County,JN.1,291889.62907649996,927810,0.31460065,#61018F
2024-03-26,Okanogan County,JN.1.11.1,5633.0592435,927810,0.00607135,#5C9CF1
2024-03-26,Okanogan County,JN.1.13,0.0,927810,0.0,#E83C78
2024-03-26,Okanogan County,JN.1.13.1,0.0,927810,0.0,#F2591C
2024-03-26,Okanogan County,JN.1.16,82726.1096337,927810,0.08916277,#BC3A88
2024-03-26,Okanogan County,JN.1.16.1,0.0,927810,0.0,#366298
2024-03-26,Okanogan County,JN.1.18,0.0,927810,0.0,#4AF32F
2024-03-26,Okanogan County,JN.1.32,135317.7391059,927810,0.14584639,#2E7919
2024-03-26,Okanogan County,JN.1.4.3,0.0,927810,0.0,#9D1010
2024-03-26,Okanogan County,JN.1.7,399358.0562166,927810,0.43043086,#CF15E8
2024-03-26,Okanogan County,JN.1.8.1,2433.6549081,927810,0.00262301,#FFB027
2024-03-26,Okanogan County,KP.1.1,0.0,927810,0.0,#CBFF86
2024-03-26,Okanogan County,KP.1.1.3,0.0,927810,0.0,#1EB3B6
2024-03-26,Okanogan County,KP.1.2,0.0,927810,0.0,#D7B5A6
2024-03-26,Okanogan County,KP.2,0.0,927810,0.0,#5875A1
2024-03-26,Okanogan County,KP.2.15,0.0,927810,0.0,#175DFF
2024-03-26,Okanogan County,KP.2.3,0.0,927810,0.0,#628DE8
2024-03-26,Okanogan County,KP.3,0.0,927810,0.0,#B06589
2024-03-26,Okanogan County,KP.3.1.1,0.0,927810,0.0,#2F92A1
2024-03-26,Okanogan County,KP.4.1,0.0,927810,0.0,#FF473A
2024-03-26,Okanogan County,KQ.1,0.0,927810,0.0,#E86CDE
2024-03-26,Okanogan County,KV.2,0.0,927810,0.0,#E14365
2024-03-26,Okanogan County,KW.1.1,0.0,927810,0.0,#34A0FF
2024-03-26,Okanogan County,LB.1,0.0,927810,0.0,#795653
2024-03-26,Okanogan County,Recombinant,0.0,927810,0.0,#FF0000
2024-03-26,Okanogan County,XBB,0.0,927810,0.0,#9FA8DA
2024-03-26,Okanogan County,XBB.1.16,0.0,927810,0.0,#4527A0
2024-03-26,Okanogan County,XBB.1.16.1,0.0,927810,0.0,#F89B9B
2024-03-26,Okanogan County,XBB.1.16.15,0.0,927810,0.0,#E3B5FA
2024-03-26,Okanogan County,XBB.1.16.6,0.0,927810,0.0,#5AA350
2024-03-26,Okanogan County,XBB.1.42.1,0.0,927810,0.0,#75D1A3
2024-03-26,Okanogan County,XBB.1.5,0.0,927810,0.0,#3F51B5
2024-03-26,Okanogan County,XBB.1.5.70,0.0,927810,0.0,#46783C
2024-03-26,Okanogan County,XBB.1.5.72,0.0,927810,0.0,#254220
2024-03-26,Okanogan County,XBB.1.9.1,0.0,927810,0.0,#304FFE
2024-03-26,Okanogan County,XBB.1.9.2,0.0,927810,0.0,#536DFE
2024-03-26,Okanogan County,XBB.2.3,0.0,927810,0.0,#F7BCDF
2024-03-26,Okanogan County,XDP,2374.8131979,927810,0.00255959,#B60052
2024-03-26,Okanogan County,XDV.1,0.0,927810,0.0,#D367B6
2024-03-26,Okanogan County,unreportable,8076.957174,927810,0.0087054,#eeeeee
2024-03-26,Spokane County,BA.2,0.0,713850,0.0,#9CCD67
2024-03-26,Spokane County,BA.2.12.1,0.0,713850,0.0,#7CB342
2024-03-26,Spokane County,BA.2.86,0.0,713850,0.0,#D770EE
2024-03-26,Spokane County,EG.5,0.0,713850,0.0,#FFBE7D
2024-03-26,Spokane County,EG.5.1.8,0.0,713850,0.0,#E14D6F
2024-03-26,Spokane County,EG.6.1,0.0,713850,0.0,#B9ABA8
2024-03-26,Spokane County,FE.1.1,0.0,713850,0.0,#499894
2024-03-26,Spokane County,FL.1.5.1,0.0,713850,0.0,#8CD17D
2024-03-26,Spokane County,GE.1,0.0,713850,0.0,#FABFD2
2024-03-26,Spokane County,GK.1.1,0.0,713850,0.0,#90FAE5
2024-03-26,Spokane County,HF.1,0.0,713850,0.0,#D399AD
2024-03-26,Spokane County,HK.3,0.0,713850,0.0,#859DBC
2024-03-26,Spokane County,HV.1,0.0,713850,0.0,#797765
2024-03-26,Spokane County,JD.1.1,0.0,713850,0.0,#80F192
2024-03-26,Spokane County,JF.1,0.0,713850,0.0,#FFF1A9
2024-03-26,Spokane County,JG.3,0.0,713850,0.0,#66A172
2024-03-26,Spokane County,JN.1,300148.6618485,713850,0.42046461,#61018F
2024-03-26,Spokane County,JN.1.11.1,0.0,713850,0.0,#5C9CF1
2024-03-26,Spokane County,JN.1.13,0.0,713850,0.0,#E83C78
2024-03-26,Spokane County,JN.1.13.1,305391.711636,713850,0.42780936,#F2591C
2024-03-26,Spokane County,JN.1.16,14370.014655,713850,0.0201303,#BC3A88
2024-03-26,Spokane County,JN.1.16.1,22418.780482500002,713850,0.03140545,#366298
2024-03-26,Spokane County,JN.1.18,36474.108642,713850,0.05109492,#4AF32F
2024-03-26,Spokane County,JN.1.32,15764.363582999998,713850,0.02208358,#2E7919
2024-03-26,Spokane County,JN.1.4.3,0.0,713850,0.0,#9D1010
2024-03-26,Spokane County,JN.1.7,0.0,713850,0.0,#CF15E8
2024-03-26,Spokane County,JN.1.8.1,9084.112452000001,713850,0.012725520000000002,#FFB027
2024-03-26,Spokane County,KP.1.1,0.0,713850,0.0,#CBFF86
2024-03-26,Spokane County,KP.1.1.3,0.0,713850,0.0,#1EB3B6
2024-03-26,Spokane County,KP.1.2,0.0,713850,0.0,#D7B5A6
2024-03-26,Spokane County,KP.2,0.0,713850,0.0,#5875A1
2024-03-26,Spokane County,KP.2.15,0.0,713850,0.0,#175DFF
2024-03-26,Spokane County,KP.2.3,0.0,713850,0.0,#628DE8
2024-03-26,Spokane County,KP.3,0.0,713850,0.0,#B06589
2024-03-26,Spokane County,KP.3.1.1,0.0,713850,0.0,#2F92A1
2024-03-26,Spokane County,KP.4.1,0.0,713850,0.0,#FF473A
2024-03-26,Spokane County,KQ.1,0.0,713850,0.0,#E86CDE
2024-03-26,Spokane County,KV.2,0.0,713850,0.0,#E14365
2024-03-26,Spokane County,KW.1.1,0.0,713850,0.0,#34A0FF
2024-03-26,Spokane County,LB.1,0.0,713850,0.0,#795653
2024-03-26,Spokane County,Recombinant,0.0,713850,0.0,#FF0000
2024-03-26,Spokane County,XBB,0.0,713850,0.0,#9FA8DA
2024-03-26,Spokane County,XBB.1.16,0.0,713850,0.0,#4527A0
2024-03-26,Spokane County,XBB.1.16.1,0.0,713850,0.0,#F89B9B
2024-03-26,Spokane County,XBB.1.16.15,0.0,713850,0.0,#E3B5FA
2024-03-26,Spokane County,XBB.1.16.6,0.0,713850,0.0,#5AA350
2024-03-26,Spokane County,XBB.1.42.1,0.0,713850,0.0,#75D1A3
2024-03-26,Spokane County,XBB.1.5,0.0,713850,0.0,#3F51B5
2024-03-26,Spokane County,XBB.1.5.70,0.0,713850,0.0,#46783C
2024-03-26,Spokane County,XBB.1.5.72,0.0,713850,0.0,#254220
2024-03-26,Spokane County,XBB.1.9.1,0.0,713850,0.0,#304FFE
2024-03-26,Spokane County,XBB.1.9.2,0.0,713850,0.0,#536DFE
2024-03-26,Spokane County,XBB.2.3,0.0,713850,0.0,#F7BCDF
2024-03-26,Spokane County,XDP,0.0,713850,0.0,#B60052
2024-03-26,Spokane County,XDV.1,0.0,713850,0.0,#D367B6
2024-03-26,Spokane County,unreportable,10198.253839500001,713850,0.014286270000000002,#eeeeee
2024-03-26,Thurston County,BA.2,0.0,166384,0.0,#9CCD67
2024-03-26,Thurston County,BA.2.12.1,0.0,166384,0.0,#7CB342
2024-03-26,Thurston County,BA.2.86,0.0,166384,0.0,#D770EE
2024-03-26,Thurston County,EG.5,0.0,166384,0.0,#FFBE7D
2024-03-26,Thurston County,EG.5.1.8,0.0,166384,0.0,#E14D6F
2024-03-26,Thurston County,EG.6.1,0.0,166384,0.0,#B9ABA8
2024-03-26,Thurston County,FE.1.1,0.0,166384,0.0,#499894
2024-03-26,Thurston County,FL.1.5.1,0.0,166384,0.0,#8CD17D
2024-03-26,Thurston County,GE.1,0.0,166384,0.0,#FABFD2
2024-03-26,Thurston County,GK.1.1,0.0,166384,0.0,#90FAE5
2024-03-26,Thurston County,HF.1,0.0,166384,0.0,#D399AD
2024-03-26,Thurston County,HK.3,0.0,166384,0.0,#859DBC
2024-03-26,Thurston County,HV.1,0.0,166384,0.0,#797765
2024-03-26,Thurston County,JD.1.1,0.0,166384,0.0,#80F192
2024-03-26,Thurston County,JF.1,0.0,166384,0.0,#FFF1A9
2024-03-26,Thurston County,JG.3,0.0,166384,0.0,#66A172
2024-03-26,Thurston County,JN.1,112684.3292336,166384,0.6772545992018464,#61018F
2024-03-26,Thurston County,JN.1.11.1,85.77735296,166384,0.0005155384710068276,#5C9CF1
2024-03-26,Thurston County,JN.1.13,0.0,166384,0.0,#E83C78
2024-03-26,Thurston County,JN.1.13.1,0.0,166384,0.0,#F2591C
2024-03-26,Thurston County,JN.1.16,158.763984,166384,0.0009542022309837484,#BC3A88
2024-03-26,Thurston County,JN.1.16.1,0.0,166384,0.0,#366298
2024-03-26,Thurston County,JN.1.18,0.0,166384,0.0,#4AF32F
2024-03-26,Thurston County,JN.1.32,0.0,166384,0.0,#2E7919
2024-03-26,Thurston County,JN.1.4.3,12319.91584512,166384,0.07404507551879988,#9D1010
2024-03-26,Thurston County,JN.1.7,39271.45760192,166384,0.23602905088181558,#CF15E8
2024-03-26,Thurston County,JN.1.8.1,0.0,166384,0.0,#FFB027
2024-03-26,Thurston County,KP.1.1,0.0,166384,0.0,#CBFF86
2024-03-26,Thurston County,KP.1.1.3,0.0,166384,0.0,#1EB3B6
2024-03-26,Thurston County,KP.1.2,0.0,166384,0.0,#D7B5A6
2024-03-26,Thurston County,KP.2,0.0,166384,0.0,#5875A1
2024-03-26,Thurston County,KP.2.15,0.0,166384,0.0,#175DFF
2024-03-26,Thurston County,KP.2.3,0.0,166384,0.0,#628DE8
2024-03-26,Thurston County,KP.3,0.0,166384,0.0,#B06589
2024-03-26,Thurston County,KP.3.1.1,0.0,166384,0.0,#2F92A1
2024-03-26,Thurston County,KP.4.1,0.0,166384,0.0,#FF473A
2024-03-26,Thurston County,KQ.1,0.0,166384,0.0,#E86CDE
2024-03-26,Thurston County,KV.2,0.0,166384,0.0,#E14365
2024-03-26,Thurston County,KW.1.1,0.0,166384,0.0,#34A0FF
2024-03-26,Thurston County,LB.1,0.0,166384,0.0,#795653
2024-03-26,Thurston County,Recombinant,0.0,166384,0.0,#FF0000
2024-03-26,Thurston County,XBB,0.0,166384,0.0,#9FA8DA
2024-03-26,Thurston County,XBB.1.16,0.0,166384,0.0,#4527A0
2024-03-26,Thurston County,XBB.1.16.1,0.0,166384,0.0,#F89B9B
2024-03-26,Thurston County,XBB.1.16.15,0.0,166384,0.0,#E3B5FA
2024-03-26,Thurston County,XBB.1.16.6,0.0,166384,0.0,#5AA350
2024-03-26,Thurston County,XBB.1.42.1,0.0,166384,0.0,#75D1A3
2024-03-26,Thurston County,XBB.1.5,0.0,166384,0.0,#3F51B5
2024-03-26,Thurston County,XBB.1.5.70,0.0,166384,0.0,#46783C
2024-03-26,Thurston County,XBB.1.5.72,0.0,166384,0.0,#254220
2024-03-26,Thurston County,XBB.1.9.1,0.0,166384,0.0,#304FFE
2024-03-26,Thurston County,XBB.1.9.2,0.0,166384,0.0,#536DFE
2024-03-26,Thurston County,XBB.2.3,0.0,166384,0.0,#F7BCDF
2024-03-26,Thurston County,XDP,0.0,166384,0.0,#B60052
2024-03-26,Thurston County,XDV.1,0.0,166384,0.0,#D367B6
2024-03-26,Thurston County,unreportable,1863.7556830400001,166384,0.011201531896336187,#eeeeee
2024-03-26,Walla Walla County,BA.2,0.0,551552,0.0,#9CCD67
2024-03-26,Walla Walla County,BA.2.12.1,0.0,551552,0.0,#7CB342
2024-03-26,Walla Walla County,BA.2.86,0.0,551552,0.0,#D770EE
2024-03-26,Walla Walla County,EG.5,0.0,551552,0.0,#FFBE7D
2024-03-26,Walla Walla County,EG.5.1.8,0.0,551552,0.0,#E14D6F
2024-03-26,Walla Walla County,EG.6.1,0.0,551552,0.0,#B9ABA8
2024-03-26,Walla Walla County,FE.1.1,0.0,551552,0.0,#499894
2024-03-26,Walla Walla County,FL.1.5.1,0.0,551552,0.0,#8CD17D
2024-03-26,Walla Walla County,GE.1,0.0,551552,0.0,#FABFD2
2024-03-26,Walla Walla County,GK.1.1,0.0,551552,0.0,#90FAE5
2024-03-26,Walla Walla County,HF.1,0.0,551552,0.0,#D399AD
2024-03-26,Walla Walla County,HK.3,0.0,551552,0.0,#859DBC
2024-03-26,Walla Walla County,HV.1,0.0,551552,0.0,#797765
2024-03-26,Walla Walla County,JD.1.1,0.0,551552,0.0,#80F192
2024-03-26,Walla Walla County,JF.1,0.0,551552,0.0,#FFF1A9
2024-03-26,Walla Walla County,JG.3,0.0,551552,0.0,#66A172
2024-03-26,Walla Walla County,JN.1,28500.30788736,551552,0.05167293,#61018F
2024-03-26,Walla Walla County,JN.1.11.1,0.0,551552,0.0,#5C9CF1
2024-03-26,Walla Walla County,JN.1.13,0.0,551552,0.0,#E83C78
2024-03-26,Walla Walla County,JN.1.13.1,0.0,551552,0.0,#F2591C
2024-03-26,Walla Walla County,JN.1.16,0.0,551552,0.0,#BC3A88
2024-03-26,Walla Walla County,JN.1.16.1,0.0,551552,0.0,#366298
2024-03-26,Walla Walla County,JN.1.18,0.0,551552,0.0,#4AF32F
2024-03-26,Walla Walla County,JN.1.32,0.0,551552,0.0,#2E7919
2024-03-26,Walla Walla County,JN.1.4.3,0.0,551552,0.0,#9D1010
2024-03-26,Walla Walla County,JN.1.7,519612.03182848,551552,0.94209074,#CF15E8
2024-03-26,Walla Walla County,JN.1.8.1,0.0,551552,0.0,#FFB027
2024-03-26,Walla Walla County,KP.1.1,0.0,551552,0.0,#CBFF86
2024-03-26,Walla Walla County,KP.1.1.3,0.0,551552,0.0,#1EB3B6
2024-03-26,Walla Walla County,KP.1.2,0.0,551552,0.0,#D7B5A6
2024-03-26,Walla Walla County,KP.2,0.0,551552,0.0,#5875A1
2024-03-26,Walla Walla County,KP.2.15,0.0,551552,0.0,#175DFF
2024-03-26,Walla Walla County,KP.2.3,0.0,551552,0.0,#628DE8
2024-03-26,Walla Walla County,KP.3,0.0,551552,0.0,#B06589
2024-03-26,Walla Walla County,KP.3.1.1,0.0,551552,0.0,#2F92A1
2024-03-26,Walla Walla County,KP.4.1,0.0,551552,0.0,#FF473A
2024-03-26,Walla Walla County,KQ.1,0.0,551552,0.0,#E86CDE
2024-03-26,Walla Walla County,KV.2,0.0,551552,0.0,#E14365
2024-03-26,Walla Walla County,KW.1.1,0.0,551552,0.0,#34A0FF
2024-03-26,Walla Walla County,LB.1,0.0,551552,0.0,#795653
2024-03-26,Walla Walla County,Recombinant,0.0,551552,0.0,#FF0000
2024-03-26,Walla Walla County,XBB,0.0,551552,0.0,#9FA8DA
2024-03-26,Walla Walla County,XBB.1.16,0.0,551552,0.0,#4527A0
2024-03-26,Walla Walla County,XBB.1.16.1,0.0,551552,0.0,#F89B9B
2024-03-26,Walla Walla County,XBB.1.16.15,0.0,551552,0.0,#E3B5FA
2024-03-26,Walla Walla County,XBB.1.16.6,0.0,551552,0.0,#5AA350
2024-03-26,Walla Walla County,XBB.1.42.1,0.0,551552,0.0,#75D1A3
2024-03-26,Walla Walla County,XBB.1.5,0.0,551552,0.0,#3F51B5
2024-03-26,Walla Walla County,XBB.1.5.70,0.0,551552,0.0,#46783C
2024-03-26,Walla Walla County,XBB.1.5.72,0.0,551552,0.0,#254220
2024-03-26,Walla Walla County,XBB.1.9.1,0.0,551552,0.0,#304FFE
2024-03-26,Walla Walla County,XBB.1.9.2,0.0,551552,0.0,#536DFE
2024-03-26,Walla Walla County,XBB.2.3,0.0,551552,0.0,#F7BCDF
2024-03-26,Walla Walla County,XDP,0.0,551552,0.0,#B60052
2024-03-26,Walla Walla County,XDV.1,0.0,551552,0.0,#D367B6
2024-03-26,Walla Walla County,unreportable,3439.65476864,551552,0.00623632,#eeeeee
2024-03-26,Whitman County,BA.2,0.0,245487,0.0,#9CCD67
2024-03-26,Whitman County,BA.2.12.1,0.0,245487,0.0,#7CB342
2024-03-26,Whitman County,BA.2.86,0.0,245487,0.0,#D770EE
2024-03-26,Whitman County,EG.5,0.0,245487,0.0,#FFBE7D
2024-03-26,Whitman County,EG.5.1.8,0.0,245487,0.0,#E14D6F
2024-03-26,Whitman County,EG.6.1,0.0,245487,0.0,#B9ABA8
2024-03-26,Whitman County,FE.1.1,0.0,245487,0.0,#499894
2024-03-26,Whitman County,FL.1.5.1,0.0,245487,0.0,#8CD17D
2024-03-26,Whitman County,GE.1,0.0,245487,0.0,#FABFD2
2024-03-26,Whitman County,GK.1.1,0.0,245487,0.0,#90FAE5
2024-03-26,Whitman County,HF.1,0.0,245487,0.0,#D399AD
2024-03-26,Whitman County,HK.3,0.0,245487,0.0,#859DBC
2024-03-26,Whitman County,HV.1,0.0,245487,0.0,#797765
2024-03-26,Whitman County,JD.1.1,0.0,245487,0.0,#80F192
2024-03-26,Whitman County,JF.1,0.0,245487,0.0,#FFF1A9
2024-03-26,Whitman County,JG.3,0.0,245487,0.0,#66A172
2024-03-26,Whitman County,JN.1,103768.26811164,245487,0.42270372,#61018F
2024-03-26,Whitman County,JN.1.11.1,0.0,245487,0.0,#5C9CF1
2024-03-26,Whitman County,JN.1.13,0.0,245487,0.0,#E83C78
2024-03-26,Whitman County,JN.1.13.1,0.0,245487,0.0,#F2591C
2024-03-26,Whitman County,JN.1.16,0.0,245487,0.0,#BC3A88
2024-03-26,Whitman County,JN.1.16.1,0.0,245487,0.0,#366298
2024-03-26,Whitman County,JN.1.18,0.0,245487,0.0,#4AF32F
2024-03-26,Whitman County,JN.1.32,0.0,245487,0.0,#2E7919
2024-03-26,Whitman County,JN.1.4.3,88439.1957174,245487,0.3602602,#9D1010
2024-03-26,Whitman County,JN.1.7,50792.93452134,245487,0.20690682,#CF15E8
2024-03-26,Whitman County,JN.1.8.1,640.39948203,245487,0.00260869,#FFB027
2024-03-26,Whitman County,KP.1.1,0.0,245487,0.0,#CBFF86
2024-03-26,Whitman County,KP.1.1.3,0.0,245487,0.0,#1EB3B6
2024-03-26,Whitman County,KP.1.2,0.0,245487,0.0,#D7B5A6
2024-03-26,Whitman County,KP.2,0.0,245487,0.0,#5875A1
2024-03-26,Whitman County,KP.2.15,0.0,245487,0.0,#175DFF
2024-03-26,Whitman County,KP.2.3,0.0,245487,0.0,#628DE8
2024-03-26,Whitman County,KP.3,0.0,245487,0.0,#B06589
2024-03-26,Whitman County,KP.3.1.1,0.0,245487,0.0,#2F92A1
2024-03-26,Whitman County,KP.4.1,0.0,245487,0.0,#FF473A
2024-03-26,Whitman County,KQ.1,0.0,245487,0.0,#E86CDE
2024-03-26,Whitman County,KV.2,0.0,245487,0.0,#E14365
2024-03-26,Whitman County,KW.1.1,0.0,245487,0.0,#34A0FF
2024-03-26,Whitman County,LB.1,0.0,245487,0.0,#795653
2024-03-26,Whitman County,Recombinant,0.0,245487,0.0,#FF0000
2024-03-26,Whitman County,XBB,0.0,245487,0.0,#9FA8DA
2024-03-26,Whitman County,XBB.1.16,0.0,245487,0.0,#4527A0
2024-03-26,Whitman County,XBB.1.16.1,0.0,245487,0.0,#F89B9B
2024-03-26,Whitman County,XBB.1.16.15,0.0,245487,0.0,#E3B5FA
2024-03-26,Whitman County,XBB.1.16.6,0.0,245487,0.0,#5AA350
2024-03-26,Whitman County,XBB.1.42.1,0.0,245487,0.0,#75D1A3
2024-03-26,Whitman County,XBB.1.5,0.0,245487,0.0,#3F51B5
2024-03-26,Whitman County,XBB.1.5.70,0.0,245487,0.0,#46783C
2024-03-26,Whitman County,XBB.1.5.72,0.0,245487,0.0,#254220
2024-03-26,Whitman County,XBB.1.9.1,0.0,245487,0.0,#304FFE
2024-03-26,Whitman County,XBB.1.9.2,0.0,245487,0.0,#536DFE
2024-03-26,Whitman County,XBB.2.3,0.0,245487,0.0,#F7BCDF
2024-03-26,Whitman County,XDP,0.0,245487,0.0,#B60052
2024-03-26,Whitman County,XDV.1,0.0,245487,0.0,#D367B6
2024-03-26,Whitman County,unreportable,1846.20216759,245487,0.00752057,#eeeeee
2024-03-26,Yakima County,BA.2,0.0,1933008,0.0,#9CCD67
2024-03-26,Yakima County,BA.2.12.1,0.0,1933008,0.0,#7CB342
2024-03-26,Yakima County,BA.2.86,0.0,1933008,0.0,#D770EE
2024-03-26,Yakima County,EG.5,0.0,1933008,0.0,#FFBE7D
2024-03-26,Yakima County,EG.5.1.8,0.0,1933008,0.0,#E14D6F
2024-03-26,Yakima County,EG.6.1,0.0,1933008,0.0,#B9ABA8
2024-03-26,Yakima County,FE.1.1,0.0,1933008,0.0,#499894
2024-03-26,Yakima County,FL.1.5.1,0.0,1933008,0.0,#8CD17D
2024-03-26,Yakima County,GE.1,0.0,1933008,0.0,#FABFD2
2024-03-26,Yakima County,GK.1.1,0.0,1933008,0.0,#90FAE5
2024-03-26,Yakima County,HF.1,0.0,1933008,0.0,#D399AD
2024-03-26,Yakima County,HK.3,0.0,1933008,0.0,#859DBC
2024-03-26,Yakima County,HV.1,0.0,1933008,0.0,#797765
2024-03-26,Yakima County,JD.1.1,0.0,1933008,0.0,#80F192
2024-03-26,Yakima County,JF.1,0.0,1933008,0.0,#FFF1A9
2024-03-26,Yakima County,JG.3,0.0,1933008,0.0,#66A172
2024-03-26,Yakima County,JN.1,1027733.1408963199,1933008,0.5316755755259781,#61018F
2024-03-26,Yakima County,JN.1.11.1,1497.84223192,1933008,0.0007748763750175891,#5C9CF1
2024-03-26,Yakima County,JN.1.13,0.0,1933008,0.0,#E83C78
2024-03-26,Yakima County,JN.1.13.1,369.82037718,1933008,0.00019131859629137592,#F2591C
2024-03-26,Yakima County,JN.1.16,35928.453742,1933008,0.018586810681590557,#BC3A88
2024-03-26,Yakima County,JN.1.16.1,0.0,1933008,0.0,#366298
2024-03-26,Yakima County,JN.1.18,0.0,1933008,0.0,#4AF32F
2024-03-26,Yakima County,JN.1.32,81809.40799402,1933008,0.04232233285843618,#2E7919
2024-03-26,Yakima County,JN.1.4.3,69704.73997478,1933008,0.0360602439176558,#9D1010
2024-03-26,Yakima County,JN.1.7,514602.88551692,1933008,0.2662187044838511,#CF15E8
2024-03-26,Yakima County,JN.1.8.1,1934.8927774,1933008,0.0010009750489392698,#FFB027
2024-03-26,Yakima County,KP.1.1,1027.8003193799998,1933008,0.0005317103288656849,#CBFF86
2024-03-26,Yakima County,KP.1.1.3,0.0,1933008,0.0,#1EB3B6
2024-03-26,Yakima County,KP.1.2,0.0,1933008,0.0,#D7B5A6
2024-03-26,Yakima County,KP.2,582.9647184,1933008,0.0003015842243798267,#5875A1
2024-03-26,Yakima County,KP.2.15,0.0,1933008,0.0,#175DFF
2024-03-26,Yakima County,KP.2.3,0.0,1933008,0.0,#628DE8
2024-03-26,Yakima County,KP.3,100358.34687002,1933008,0.05191822634465041,#B06589
2024-03-26,Yakima County,KP.3.1.1,0.0,1933008,0.0,#2F92A1
2024-03-26,Yakima County,KP.4.1,0.0,1933008,0.0,#FF473A
2024-03-26,Yakima County,KQ.1,75764.28085884,1933008,0.039195016709108285,#E86CDE
2024-03-26,Yakima County,KV.2,0.0,1933008,0.0,#E14365
2024-03-26,Yakima County,KW.1.1,0.0,1933008,0.0,#34A0FF
2024-03-26,Yakima County,LB.1,0.0,1933008,0.0,#795653
2024-03-26,Yakima County,Recombinant,0.0,1933008,0.0,#FF0000
2024-03-26,Yakima County,XBB,0.0,1933008,0.0,#9FA8DA
2024-03-26,Yakima County,XBB.1.16,0.0,1933008,0.0,#4527A0
2024-03-26,Yakima County,XBB.1.16.1,0.0,1933008,0.0,#F89B9B
2024-03-26,Yakima County,XBB.1.16.15,0.0,1933008,0.0,#E3B5FA
2024-03-26,Yakima County,XBB.1.16.6,0.0,1933008,0.0,#5AA350
2024-03-26,Yakima County,XBB.1.42.1,0.0,1933008,0.0,#75D1A3
2024-03-26,Yakima County,XBB.1.5,0.0,1933008,0.0,#3F51B5
2024-03-26,Yakima County,XBB.1.5.70,0.0,1933008,0.0,#46783C
2024-03-26,Yakima County,XBB.1.5.72,0.0,1933008,0.0,#254220
2024-03-26,Yakima County,XBB.1.9.1,0.0,1933008,0.0,#304FFE
2024-03-26,Yakima County,XBB.1.9.2,0.0,1933008,0.0,#536DFE
2024-03-26,Yakima County,XBB.2.3,0.0,1933008,0.0,#F7BCDF
2024-03-26,Yakima County,XDP,0.0,1933008,0.0,#B60052
2024-03-26,Yakima County,XDV.1,0.0,1933008,0.0,#D367B6
2024-03-26,Yakima County,unreportable,21693.42685488,1933008,0.011222626525539469,#eeeeee
2024-04-02,Benton County,BA.2,0.0,502178,0.0,#9CCD67
2024-04-02,Benton County,BA.2.12.1,0.0,502178,0.0,#7CB342
2024-04-02,Benton County,BA.2.86,0.0,502178,0.0,#D770EE
2024-04-02,Benton County,EG.5,0.0,502178,0.0,#FFBE7D
2024-04-02,Benton County,EG.5.1.8,0.0,502178,0.0,#E14D6F
2024-04-02,Benton County,EG.6.1,0.0,502178,0.0,#B9ABA8
2024-04-02,Benton County,FE.1.1,0.0,502178,0.0,#499894
2024-04-02,Benton County,FL.1.5.1,0.0,502178,0.0,#8CD17D
2024-04-02,Benton County,GE.1,0.0,502178,0.0,#FABFD2
2024-04-02,Benton County,GK.1.1,0.0,502178,0.0,#90FAE5
2024-04-02,Benton County,HF.1,0.0,502178,0.0,#D399AD
2024-04-02,Benton County,HK.3,0.0,502178,0.0,#859DBC
2024-04-02,Benton County,HV.1,0.0,502178,0.0,#797765
2024-04-02,Benton County,JD.1.1,0.0,502178,0.0,#80F192
2024-04-02,Benton County,JF.1,0.0,502178,0.0,#FFF1A9
2024-04-02,Benton County,JG.3,0.0,502178,0.0,#66A172
2024-04-02,Benton County,JN.1,3300.75071086,502178,0.00657287,#61018F
2024-04-02,Benton County,JN.1.11.1,0.0,502178,0.0,#5C9CF1
2024-04-02,Benton County,JN.1.13,0.0,502178,0.0,#E83C78
2024-04-02,Benton County,JN.1.13.1,0.0,502178,0.0,#F2591C
2024-04-02,Benton County,JN.1.16,709.326425,502178,0.0014125,#BC3A88
2024-04-02,Benton County,JN.1.16.1,0.0,502178,0.0,#366298
2024-04-02,Benton County,JN.1.18,0.0,502178,0.0,#4AF32F
2024-04-02,Benton County,JN.1.32,0.0,502178,0.0,#2E7919
2024-04-02,Benton County,JN.1.4.3,0.0,502178,0.0,#9D1010
2024-04-02,Benton County,JN.1.7,492872.34035320004,502178,0.9814694,#CF15E8
2024-04-02,Benton County,JN.1.8.1,0.0,502178,0.0,#FFB027
2024-04-02,Benton County,KP.1.1,0.0,502178,0.0,#CBFF86
2024-04-02,Benton County,KP.1.1.3,0.0,502178,0.0,#1EB3B6
2024-04-02,Benton County,KP.1.2,0.0,502178,0.0,#D7B5A6
2024-04-02,Benton County,KP.2,0.0,502178,0.0,#5875A1
2024-04-02,Benton County,KP.2.15,0.0,502178,0.0,#175DFF
2024-04-02,Benton County,KP.2.3,0.0,502178,0.0,#628DE8
2024-04-02,Benton County,KP.3,0.0,502178,0.0,#B06589
2024-04-02,Benton County,KP.3.1.1,0.0,502178,0.0,#2F92A1
2024-04-02,Benton County,KP.4.1,0.0,502178,0.0,#FF473A
2024-04-02,Benton County,KQ.1,0.0,502178,0.0,#E86CDE
2024-04-02,Benton County,KV.2,0.0,502178,0.0,#E14365
2024-04-02,Benton County,KW.1.1,0.0,502178,0.0,#34A0FF
2024-04-02,Benton County,LB.1,0.0,502178,0.0,#795653
2024-04-02,Benton County,Recombinant,0.0,502178,0.0,#FF0000
2024-04-02,Benton County,XBB,0.0,502178,0.0,#9FA8DA
2024-04-02,Benton County,XBB.1.16,0.0,502178,0.0,#4527A0
2024-04-02,Benton County,XBB.1.16.1,0.0,502178,0.0,#F89B9B
2024-04-02,Benton County,XBB.1.16.15,0.0,502178,0.0,#E3B5FA
2024-04-02,Benton County,XBB.1.16.6,0.0,502178,0.0,#5AA350
2024-04-02,Benton County,XBB.1.42.1,0.0,502178,0.0,#75D1A3
2024-04-02,Benton County,XBB.1.5,0.0,502178,0.0,#3F51B5
2024-04-02,Benton County,XBB.1.5.70,0.0,502178,0.0,#46783C
2024-04-02,Benton County,XBB.1.5.72,0.0,502178,0.0,#254220
2024-04-02,Benton County,XBB.1.9.1,0.0,502178,0.0,#304FFE
2024-04-02,Benton County,XBB.1.9.2,0.0,502178,0.0,#536DFE
2024-04-02,Benton County,XBB.2.3,0.0,502178,0.0,#F7BCDF
2024-04-02,Benton County,XDP,0.0,502178,0.0,#B60052
2024-04-02,Benton County,XDV.1,0.0,502178,0.0,#D367B6
2024-04-02,Benton County,unreportable,5295.582510939999,502178,0.01054523,#eeeeee
2024-04-02,Franklin County,BA.2,0.0,737220,0.0,#9CCD67
2024-04-02,Franklin County,BA.2.12.1,0.0,737220,0.0,#7CB342
2024-04-02,Franklin County,BA.2.86,0.0,737220,0.0,#D770EE
2024-04-02,Franklin County,EG.5,0.0,737220,0.0,#FFBE7D
2024-04-02,Franklin County,EG.5.1.8,0.0,737220,0.0,#E14D6F
2024-04-02,Franklin County,EG.6.1,0.0,737220,0.0,#B9ABA8
2024-04-02,Franklin County,FE.1.1,0.0,737220,0.0,#499894
2024-04-02,Franklin County,FL.1.5.1,0.0,737220,0.0,#8CD17D
2024-04-02,Franklin County,GE.1,0.0,737220,0.0,#FABFD2
2024-04-02,Franklin County,GK.1.1,0.0,737220,0.0,#90FAE5
2024-04-02,Franklin County,HF.1,0.0,737220,0.0,#D399AD
2024-04-02,Franklin County,HK.3,0.0,737220,0.0,#859DBC
2024-04-02,Franklin County,HV.1,0.0,737220,0.0,#797765
2024-04-02,Franklin County,JD.1.1,0.0,737220,0.0,#80F192
2024-04-02,Franklin County,JF.1,0.0,737220,0.0,#FFF1A9
2024-04-02,Franklin County,JG.3,0.0,737220,0.0,#66A172
2024-04-02,Franklin County,JN.1,297401.6769174,737220,0.40340967,#61018F
2024-04-02,Franklin County,JN.1.11.1,0.0,737220,0.0,#5C9CF1
2024-04-02,Franklin County,JN.1.13,0.0,737220,0.0,#E83C78
2024-04-02,Franklin County,JN.1.13.1,0.0,737220,0.0,#F2591C
2024-04-02,Franklin County,JN.1.16,1296.2834148,737220,0.00175834,#BC3A88
2024-04-02,Franklin County,JN.1.16.1,0.0,737220,0.0,#366298
2024-04-02,Franklin County,JN.1.18,0.0,737220,0.0,#4AF32F
2024-04-02,Franklin County,JN.1.32,5359.8179382,737220,0.0072703099999999994,#2E7919
2024-04-02,Franklin County,JN.1.4.3,0.0,737220,0.0,#9D1010
2024-04-02,Franklin County,JN.1.7,303732.9665106,737220,0.41199773,#CF15E8
2024-04-02,Franklin County,JN.1.8.1,119220.0262374,737220,0.16171567,#FFB027
2024-04-02,Franklin County,KP.1.1,0.0,737220,0.0,#CBFF86
2024-04-02,Franklin County,KP.1.1.3,0.0,737220,0.0,#1EB3B6
2024-04-02,Franklin County,KP.1.2,0.0,737220,0.0,#D7B5A6
2024-04-02,Franklin County,KP.2,0.0,737220,0.0,#5875A1
2024-04-02,Franklin County,KP.2.15,0.0,737220,0.0,#175DFF
2024-04-02,Franklin County,KP.2.3,0.0,737220,0.0,#628DE8
2024-04-02,Franklin County,KP.3,0.0,737220,0.0,#B06589
2024-04-02,Franklin County,KP.3.1.1,0.0,737220,0.0,#2F92A1
2024-04-02,Franklin County,KP.4.1,0.0,737220,0.0,#FF473A
2024-04-02,Franklin County,KQ.1,0.0,737220,0.0,#E86CDE
2024-04-02,Franklin County,KV.2,0.0,737220,0.0,#E14365
2024-04-02,Franklin County,KW.1.1,0.0,737220,0.0,#34A0FF
2024-04-02,Franklin County,LB.1,0.0,737220,0.0,#795653
2024-04-02,Franklin County,Recombinant,0.0,737220,0.0,#FF0000
2024-04-02,Franklin County,XBB,0.0,737220,0.0,#9FA8DA
2024-04-02,Franklin County,XBB.1.16,0.0,737220,0.0,#4527A0
2024-04-02,Franklin County,XBB.1.16.1,0.0,737220,0.0,#F89B9B
2024-04-02,Franklin County,XBB.1.16.15,0.0,737220,0.0,#E3B5FA
2024-04-02,Franklin County,XBB.1.16.6,0.0,737220,0.0,#5AA350
2024-04-02,Franklin County,XBB.1.42.1,0.0,737220,0.0,#75D1A3
2024-04-02,Franklin County,XBB.1.5,0.0,737220,0.0,#3F51B5
2024-04-02,Franklin County,XBB.1.5.70,0.0,737220,0.0,#46783C
2024-04-02,Franklin County,XBB.1.5.72,0.0,737220,0.0,#254220
2024-04-02,Franklin County,XBB.1.9.1,0.0,737220,0.0,#304FFE
2024-04-02,Franklin County,XBB.1.9.2,0.0,737220,0.0,#536DFE
2024-04-02,Franklin County,XBB.2.3,0.0,737220,0.0,#F7BCDF
2024-04-02,Franklin County,XDP,0.0,737220,0.0,#B60052
2024-04-02,Franklin County,XDV.1,0.0,737220,0.0,#D367B6
2024-04-02,Franklin County,unreportable,10209.2216094,737220,0.01384827,#eeeeee
2024-04-02,Island County,BA.2,0.0,617169,0.0,#9CCD67
2024-04-02,Island County,BA.2.12.1,0.0,617169,0.0,#7CB342
2024-04-02,Island County,BA.2.86,0.0,617169,0.0,#D770EE
2024-04-02,Island County,EG.5,0.0,617169,0.0,#FFBE7D
2024-04-02,Island County,EG.5.1.8,0.0,617169,0.0,#E14D6F
2024-04-02,Island County,EG.6.1,0.0,617169,0.0,#B9ABA8
2024-04-02,Island County,FE.1.1,0.0,617169,0.0,#499894
2024-04-02,Island County,FL.1.5.1,0.0,617169,0.0,#8CD17D
2024-04-02,Island County,GE.1,0.0,617169,0.0,#FABFD2
2024-04-02,Island County,GK.1.1,0.0,617169,0.0,#90FAE5
2024-04-02,Island County,HF.1,0.0,617169,0.0,#D399AD
2024-04-02,Island County,HK.3,0.0,617169,0.0,#859DBC
2024-04-02,Island County,HV.1,0.0,617169,0.0,#797765
2024-04-02,Island County,JD.1.1,0.0,617169,0.0,#80F192
2024-04-02,Island County,JF.1,0.0,617169,0.0,#FFF1A9
2024-04-02,Island County,JG.3,0.0,617169,0.0,#66A172
2024-04-02,Island County,JN.1,211054.21485519,617169,0.34197151,#61018F
2024-04-02,Island County,JN.1.11.1,955.17394623,617169,0.00154767,#5C9CF1
2024-04-02,Island County,JN.1.13,52042.056923115,617169,0.084323835,#E83C78
2024-04-02,Island County,JN.1.13.1,0.0,617169,0.0,#F2591C
2024-04-02,Island County,JN.1.16,7563.887486820001,617169,0.01225578,#BC3A88
2024-04-02,Island County,JN.1.16.1,103583.49104019,617169,0.16783651,#366298
2024-04-02,Island County,JN.1.18,32292.074955945,617169,0.052322905,#4AF32F
2024-04-02,Island County,JN.1.32,12149.493272805,617169,0.019685845,#2E7919
2024-04-02,Island County,JN.1.4.3,0.0,617169,0.0,#9D1010
2024-04-02,Island County,JN.1.7,122566.44920247,617169,0.19859463,#CF15E8
2024-04-02,Island County,JN.1.8.1,0.0,617169,0.0,#FFB027
2024-04-02,Island County,KP.1.1,935.1622414049999,617169,0.001515245,#CBFF86
2024-04-02,Island County,KP.1.1.3,0.0,617169,0.0,#1EB3B6
2024-04-02,Island County,KP.1.2,0.0,617169,0.0,#D7B5A6
2024-04-02,Island County,KP.2,341.30988622499996,617169,0.000553025,#5875A1
2024-04-02,Island County,KP.2.15,0.0,617169,0.0,#175DFF
2024-04-02,Island County,KP.2.3,0.0,617169,0.0,#628DE8
2024-04-02,Island County,KP.3,0.0,617169,0.0,#B06589
2024-04-02,Island County,KP.3.1.1,0.0,617169,0.0,#2F92A1
2024-04-02,Island County,KP.4.1,65985.43829808,617169,0.10691632,#FF473A
2024-04-02,Island County,KQ.1,0.0,617169,0.0,#E86CDE
2024-04-02,Island County,KV.2,0.0,617169,0.0,#E14365
2024-04-02,Island County,KW.1.1,0.0,617169,0.0,#34A0FF
2024-04-02,Island County,LB.1,0.0,617169,0.0,#795653
2024-04-02,Island County,Recombinant,0.0,617169,0.0,#FF0000
2024-04-02,Island County,XBB,0.0,617169,0.0,#9FA8DA
2024-04-02,Island County,XBB.1.16,0.0,617169,0.0,#4527A0
2024-04-02,Island County,XBB.1.16.1,0.0,617169,0.0,#F89B9B
2024-04-02,Island County,XBB.1.16.15,0.0,617169,0.0,#E3B5FA
2024-04-02,Island County,XBB.1.16.6,0.0,617169,0.0,#5AA350
2024-04-02,Island County,XBB.1.42.1,0.0,617169,0.0,#75D1A3
2024-04-02,Island County,XBB.1.5,0.0,617169,0.0,#3F51B5
2024-04-02,Island County,XBB.1.5.70,0.0,617169,0.0,#46783C
2024-04-02,Island County,XBB.1.5.72,0.0,617169,0.0,#254220
2024-04-02,Island County,XBB.1.9.1,0.0,617169,0.0,#304FFE
2024-04-02,Island County,XBB.1.9.2,0.0,617169,0.0,#536DFE
2024-04-02,Island County,XBB.2.3,0.0,617169,0.0,#F7BCDF
2024-04-02,Island County,XDP,0.0,617169,0.0,#B60052
2024-04-02,Island County,XDV.1,0.0,617169,0.0,#D367B6
2024-04-02,Island County,unreportable,7700.2386339899995,617169,0.012476709999999998,#eeeeee
2024-04-02,King County,BA.2,0.0,973611,0.0,#9CCD67
2024-04-02,King County,BA.2.12.1,0.0,973611,0.0,#7CB342
2024-04-02,King County,BA.2.86,0.0,973611,0.0,#D770EE
2024-04-02,King County,EG.5,0.0,973611,0.0,#FFBE7D
2024-04-02,King County,EG.5.1.8,0.0,973611,0.0,#E14D6F
2024-04-02,King County,EG.6.1,0.0,973611,0.0,#B9ABA8
2024-04-02,King County,FE.1.1,0.0,973611,0.0,#499894
2024-04-02,King County,FL.1.5.1,0.0,973611,0.0,#8CD17D
2024-04-02,King County,GE.1,0.0,973611,0.0,#FABFD2
2024-04-02,King County,GK.1.1,0.0,973611,0.0,#90FAE5
2024-04-02,King County,HF.1,0.0,973611,0.0,#D399AD
2024-04-02,King County,HK.3,0.0,973611,0.0,#859DBC
2024-04-02,King County,HV.1,0.0,973611,0.0,#797765
2024-04-02,King County,JD.1.1,0.0,973611,0.0,#80F192
2024-04-02,King County,JF.1,0.0,973611,0.0,#FFF1A9
2024-04-02,King County,JG.3,0.0,973611,0.0,#66A172
2024-04-02,King County,JN.1,244003.39983423002,973611,0.25061693,#61018F
2024-04-02,King County,JN.1.11.1,0.0,973611,0.0,#5C9CF1
2024-04-02,King County,JN.1.13,0.0,973611,0.0,#E83C78
2024-04-02,King County,JN.1.13.1,0.0,973611,0.0,#F2591C
2024-04-02,King County,JN.1.16,939.08675394,973611,0.00096454,#BC3A88
2024-04-02,King County,JN.1.16.1,0.0,973611,0.0,#366298
2024-04-02,King County,JN.1.18,0.0,973611,0.0,#4AF32F
2024-04-02,King County,JN.1.32,0.0,973611,0.0,#2E7919
2024-04-02,King County,JN.1.4.3,0.0,973611,0.0,#9D1010
2024-04-02,King County,JN.1.7,717948.71553798,973611,0.73740818,#CF15E8
2024-04-02,King County,JN.1.8.1,0.0,973611,0.0,#FFB027
2024-04-02,King County,KP.1.1,0.0,973611,0.0,#CBFF86
2024-04-02,King County,KP.1.1.3,0.0,973611,0.0,#1EB3B6
2024-04-02,King County,KP.1.2,0.0,973611,0.0,#D7B5A6
2024-04-02,King County,KP.2,0.0,973611,0.0,#5875A1
2024-04-02,King County,KP.2.15,0.0,973611,0.0,#175DFF
2024-04-02,King County,KP.2.3,0.0,973611,0.0,#628DE8
2024-04-02,King County,KP.3,0.0,973611,0.0,#B06589
2024-04-02,King County,KP.3.1.1,0.0,973611,0.0,#2F92A1
2024-04-02,King County,KP.4.1,0.0,973611,0.0,#FF473A
2024-04-02,King County,KQ.1,0.0,973611,0.0,#E86CDE
2024-04-02,King County,KV.2,0.0,973611,0.0,#E14365
2024-04-02,King County,KW.1.1,0.0,973611,0.0,#34A0FF
2024-04-02,King County,LB.1,0.0,973611,0.0,#795653
2024-04-02,King County,Recombinant,0.0,973611,0.0,#FF0000
2024-04-02,King County,XBB,0.0,973611,0.0,#9FA8DA
2024-04-02,King County,XBB.1.16,0.0,973611,0.0,#4527A0
2024-04-02,King County,XBB.1.16.1,0.0,973611,0.0,#F89B9B
2024-04-02,King County,XBB.1.16.15,0.0,973611,0.0,#E3B5FA
2024-04-02,King County,XBB.1.16.6,0.0,973611,0.0,#5AA350
2024-04-02,King County,XBB.1.42.1,0.0,973611,0.0,#75D1A3
2024-04-02,King County,XBB.1.5,0.0,973611,0.0,#3F51B5
2024-04-02,King County,XBB.1.5.70,0.0,973611,0.0,#46783C
2024-04-02,King County,XBB.1.5.72,0.0,973611,0.0,#254220
2024-04-02,King County,XBB.1.9.1,0.0,973611,0.0,#304FFE
2024-04-02,King County,XBB.1.9.2,0.0,973611,0.0,#536DFE
2024-04-02,King County,XBB.2.3,0.0,973611,0.0,#F7BCDF
2024-04-02,King County,XDP,0.0,973611,0.0,#B60052
2024-04-02,King County,XDV.1,0.0,973611,0.0,#D367B6
2024-04-02,King County,unreportable,10719.81734607,973611,0.01101037,#eeeeee
2024-04-02,Spokane County,BA.2,0.0,713850,0.0,#9CCD67
2024-04-02,Spokane County,BA.2.12.1,0.0,713850,0.0,#7CB342
2024-04-02,Spokane County,BA.2.86,0.0,713850,0.0,#D770EE
2024-04-02,Spokane County,EG.5,0.0,713850,0.0,#FFBE7D
2024-04-02,Spokane County,EG.5.1.8,0.0,713850,0.0,#E14D6F
2024-04-02,Spokane County,EG.6.1,0.0,713850,0.0,#B9ABA8
2024-04-02,Spokane County,FE.1.1,0.0,713850,0.0,#499894
2024-04-02,Spokane County,FL.1.5.1,0.0,713850,0.0,#8CD17D
2024-04-02,Spokane County,GE.1,0.0,713850,0.0,#FABFD2
2024-04-02,Spokane County,GK.1.1,0.0,713850,0.0,#90FAE5
2024-04-02,Spokane County,HF.1,0.0,713850,0.0,#D399AD
2024-04-02,Spokane County,HK.3,0.0,713850,0.0,#859DBC
2024-04-02,Spokane County,HV.1,0.0,713850,0.0,#797765
2024-04-02,Spokane County,JD.1.1,0.0,713850,0.0,#80F192
2024-04-02,Spokane County,JF.1,0.0,713850,0.0,#FFF1A9
2024-04-02,Spokane County,JG.3,0.0,713850,0.0,#66A172
2024-04-02,Spokane County,JN.1,0.0,713850,0.0,#61018F
2024-04-02,Spokane County,JN.1.11.1,0.0,713850,0.0,#5C9CF1
2024-04-02,Spokane County,JN.1.13,0.0,713850,0.0,#E83C78
2024-04-02,Spokane County,JN.1.13.1,0.0,713850,0.0,#F2591C
2024-04-02,Spokane County,JN.1.16,0.0,713850,0.0,#BC3A88
2024-04-02,Spokane County,JN.1.16.1,431874.838407,713850,0.60499382,#366298
2024-04-02,Spokane County,JN.1.18,1414.8578385,713850,0.00198201,#4AF32F
2024-04-02,Spokane County,JN.1.32,0.0,713850,0.0,#2E7919
2024-04-02,Spokane County,JN.1.4.3,0.0,713850,0.0,#9D1010
2024-04-02,Spokane County,JN.1.7,0.0,713850,0.0,#CF15E8
2024-04-02,Spokane County,JN.1.8.1,0.0,713850,0.0,#FFB027
2024-04-02,Spokane County,KP.1.1,555.2396685,713850,0.00077781,#CBFF86
2024-04-02,Spokane County,KP.1.1.3,0.0,713850,0.0,#1EB3B6
2024-04-02,Spokane County,KP.1.2,0.0,713850,0.0,#D7B5A6
2024-04-02,Spokane County,KP.2,276346.6185285,713850,0.38712141000000005,#5875A1
2024-04-02,Spokane County,KP.2.15,0.0,713850,0.0,#175DFF
2024-04-02,Spokane County,KP.2.3,0.0,713850,0.0,#628DE8
2024-04-02,Spokane County,KP.3,0.0,713850,0.0,#B06589
2024-04-02,Spokane County,KP.3.1.1,0.0,713850,0.0,#2F92A1
2024-04-02,Spokane County,KP.4.1,0.0,713850,0.0,#FF473A
2024-04-02,Spokane County,KQ.1,0.0,713850,0.0,#E86CDE
2024-04-02,Spokane County,KV.2,448.5190935,713850,0.00062831,#E14365
2024-04-02,Spokane County,KW.1.1,0.0,713850,0.0,#34A0FF
2024-04-02,Spokane County,LB.1,0.0,713850,0.0,#795653
2024-04-02,Spokane County,Recombinant,0.0,713850,0.0,#FF0000
2024-04-02,Spokane County,XBB,0.0,713850,0.0,#9FA8DA
2024-04-02,Spokane County,XBB.1.16,0.0,713850,0.0,#4527A0
2024-04-02,Spokane County,XBB.1.16.1,0.0,713850,0.0,#F89B9B
2024-04-02,Spokane County,XBB.1.16.15,0.0,713850,0.0,#E3B5FA
2024-04-02,Spokane County,XBB.1.16.6,0.0,713850,0.0,#5AA350
2024-04-02,Spokane County,XBB.1.42.1,0.0,713850,0.0,#75D1A3
2024-04-02,Spokane County,XBB.1.5,0.0,713850,0.0,#3F51B5
2024-04-02,Spokane County,XBB.1.5.70,0.0,713850,0.0,#46783C
2024-04-02,Spokane County,XBB.1.5.72,0.0,713850,0.0,#254220
2024-04-02,Spokane County,XBB.1.9.1,0.0,713850,0.0,#304FFE
2024-04-02,Spokane County,XBB.1.9.2,0.0,713850,0.0,#536DFE
2024-04-02,Spokane County,XBB.2.3,0.0,713850,0.0,#F7BCDF
2024-04-02,Spokane County,XDP,0.0,713850,0.0,#B60052
2024-04-02,Spokane County,XDV.1,0.0,713850,0.0,#D367B6
2024-04-02,Spokane County,unreportable,3209.9193255,713850,0.00449663,#eeeeee
2024-04-02,Yakima County,BA.2,0.0,1192348,0.0,#9CCD67
2024-04-02,Yakima County,BA.2.12.1,0.0,1192348,0.0,#7CB342
2024-04-02,Yakima County,BA.2.86,0.0,1192348,0.0,#D770EE
2024-04-02,Yakima County,EG.5,0.0,1192348,0.0,#FFBE7D
2024-04-02,Yakima County,EG.5.1.8,0.0,1192348,0.0,#E14D6F
2024-04-02,Yakima County,EG.6.1,0.0,1192348,0.0,#B9ABA8
2024-04-02,Yakima County,FE.1.1,0.0,1192348,0.0,#499894
2024-04-02,Yakima County,FL.1.5.1,0.0,1192348,0.0,#8CD17D
2024-04-02,Yakima County,GE.1,0.0,1192348,0.0,#FABFD2
2024-04-02,Yakima County,GK.1.1,0.0,1192348,0.0,#90FAE5
2024-04-02,Yakima County,HF.1,0.0,1192348,0.0,#D399AD
2024-04-02,Yakima County,HK.3,0.0,1192348,0.0,#859DBC
2024-04-02,Yakima County,HV.1,0.0,1192348,0.0,#797765
2024-04-02,Yakima County,JD.1.1,0.0,1192348,0.0,#80F192
2024-04-02,Yakima County,JF.1,0.0,1192348,0.0,#FFF1A9
2024-04-02,Yakima County,JG.3,0.0,1192348,0.0,#66A172
2024-04-02,Yakima County,JN.1,354538.19612394006,1192348,0.29734456393933656,#61018F
2024-04-02,Yakima County,JN.1.11.1,31610.72769572,1192348,0.02651132697477582,#5C9CF1
2024-04-02,Yakima County,JN.1.13,0.0,1192348,0.0,#E83C78
2024-04-02,Yakima County,JN.1.13.1,0.0,1192348,0.0,#F2591C
2024-04-02,Yakima County,JN.1.16,143693.77847486,1192348,0.12051328846516286,#BC3A88
2024-04-02,Yakima County,JN.1.16.1,65922.7680426,1192348,0.05528819442193051,#366298
2024-04-02,Yakima County,JN.1.18,6768.563108400001,1192348,0.005676667473254453,#4AF32F
2024-04-02,Yakima County,JN.1.32,141635.00637694,1192348,0.11878663475507151,#2E7919
2024-04-02,Yakima County,JN.1.4.3,0.0,1192348,0.0,#9D1010
2024-04-02,Yakima County,JN.1.7,152590.42453001998,1192348,0.12797473936302153,#CF15E8
2024-04-02,Yakima County,JN.1.8.1,375.56963348,1192348,0.00031498323767893265,#FFB027
2024-04-02,Yakima County,KP.1.1,0.0,1192348,0.0,#CBFF86
2024-04-02,Yakima County,KP.1.1.3,0.0,1192348,0.0,#1EB3B6
2024-04-02,Yakima County,KP.1.2,46904.58726356,1192348,0.039338001375068356,#D7B5A6
2024-04-02,Yakima County,KP.2,3570.33518224,1192348,0.002994373439834679,#5875A1
2024-04-02,Yakima County,KP.2.15,0.0,1192348,0.0,#175DFF
2024-04-02,Yakima County,KP.2.3,0.0,1192348,0.0,#628DE8
2024-04-02,Yakima County,KP.3,25432.606797520002,1192348,0.02132985235645969,#B06589
2024-04-02,Yakima County,KP.3.1.1,0.0,1192348,0.0,#2F92A1
2024-04-02,Yakima County,KP.4.1,0.0,1192348,0.0,#FF473A
2024-04-02,Yakima County,KQ.1,0.0,1192348,0.0,#E86CDE
2024-04-02,Yakima County,KV.2,0.0,1192348,0.0,#E14365
2024-04-02,Yakima County,KW.1.1,0.0,1192348,0.0,#34A0FF
2024-04-02,Yakima County,LB.1,0.0,1192348,0.0,#795653
2024-04-02,Yakima County,Recombinant,204419.21052269998,1192348,0.1714425742507221,#FF0000
2024-04-02,Yakima County,XBB,0.0,1192348,0.0,#9FA8DA
2024-04-02,Yakima County,XBB.1.16,0.0,1192348,0.0,#4527A0
2024-04-02,Yakima County,XBB.1.16.1,0.0,1192348,0.0,#F89B9B
2024-04-02,Yakima County,XBB.1.16.15,0.0,1192348,0.0,#E3B5FA
2024-04-02,Yakima County,XBB.1.16.6,0.0,1192348,0.0,#5AA350
2024-04-02,Yakima County,XBB.1.42.1,0.0,1192348,0.0,#75D1A3
2024-04-02,Yakima County,XBB.1.5,0.0,1192348,0.0,#3F51B5
2024-04-02,Yakima County,XBB.1.5.70,0.0,1192348,0.0,#46783C
2024-04-02,Yakima County,XBB.1.5.72,0.0,1192348,0.0,#254220
2024-04-02,Yakima County,XBB.1.9.1,0.0,1192348,0.0,#304FFE
2024-04-02,Yakima County,XBB.1.9.2,0.0,1192348,0.0,#536DFE
2024-04-02,Yakima County,XBB.2.3,0.0,1192348,0.0,#F7BCDF
2024-04-02,Yakima County,XDP,0.0,1192348,0.0,#B60052
2024-04-02,Yakima County,XDV.1,0.0,1192348,0.0,#D367B6
2024-04-02,Yakima County,unreportable,14886.218599079999,1192348,0.012484793532659928,#eeeeee
2024-04-09,Benton County,BA.2,0.0,502178,0.0,#9CCD67
2024-04-09,Benton County,BA.2.12.1,0.0,502178,0.0,#7CB342
2024-04-09,Benton County,BA.2.86,0.0,502178,0.0,#D770EE
2024-04-09,Benton County,EG.5,0.0,502178,0.0,#FFBE7D
2024-04-09,Benton County,EG.5.1.8,0.0,502178,0.0,#E14D6F
2024-04-09,Benton County,EG.6.1,0.0,502178,0.0,#B9ABA8
2024-04-09,Benton County,FE.1.1,0.0,502178,0.0,#499894
2024-04-09,Benton County,FL.1.5.1,0.0,502178,0.0,#8CD17D
2024-04-09,Benton County,GE.1,0.0,502178,0.0,#FABFD2
2024-04-09,Benton County,GK.1.1,0.0,502178,0.0,#90FAE5
2024-04-09,Benton County,HF.1,0.0,502178,0.0,#D399AD
2024-04-09,Benton County,HK.3,0.0,502178,0.0,#859DBC
2024-04-09,Benton County,HV.1,0.0,502178,0.0,#797765
2024-04-09,Benton County,JD.1.1,0.0,502178,0.0,#80F192
2024-04-09,Benton County,JF.1,0.0,502178,0.0,#FFF1A9
2024-04-09,Benton County,JG.3,0.0,502178,0.0,#66A172
2024-04-09,Benton County,JN.1,499280.95520512003,502178,0.9942310400000001,#61018F
2024-04-09,Benton County,JN.1.11.1,0.0,502178,0.0,#5C9CF1
2024-04-09,Benton County,JN.1.13,0.0,502178,0.0,#E83C78
2024-04-09,Benton County,JN.1.13.1,0.0,502178,0.0,#F2591C
2024-04-09,Benton County,JN.1.16,0.0,502178,0.0,#BC3A88
2024-04-09,Benton County,JN.1.16.1,0.0,502178,0.0,#366298
2024-04-09,Benton County,JN.1.18,0.0,502178,0.0,#4AF32F
2024-04-09,Benton County,JN.1.32,0.0,502178,0.0,#2E7919
2024-04-09,Benton County,JN.1.4.3,0.0,502178,0.0,#9D1010
2024-04-09,Benton County,JN.1.7,551.2658995,502178,0.00109775,#CF15E8
2024-04-09,Benton County,JN.1.8.1,0.0,502178,0.0,#FFB027
2024-04-09,Benton County,KP.1.1,0.0,502178,0.0,#CBFF86
2024-04-09,Benton County,KP.1.1.3,0.0,502178,0.0,#1EB3B6
2024-04-09,Benton County,KP.1.2,0.0,502178,0.0,#D7B5A6
2024-04-09,Benton County,KP.2,0.0,502178,0.0,#5875A1
2024-04-09,Benton County,KP.2.15,0.0,502178,0.0,#175DFF
2024-04-09,Benton County,KP.2.3,0.0,502178,0.0,#628DE8
2024-04-09,Benton County,KP.3,0.0,502178,0.0,#B06589
2024-04-09,Benton County,KP.3.1.1,0.0,502178,0.0,#2F92A1
2024-04-09,Benton County,KP.4.1,0.0,502178,0.0,#FF473A
2024-04-09,Benton County,KQ.1,0.0,502178,0.0,#E86CDE
2024-04-09,Benton County,KV.2,0.0,502178,0.0,#E14365
2024-04-09,Benton County,KW.1.1,0.0,502178,0.0,#34A0FF
2024-04-09,Benton County,LB.1,0.0,502178,0.0,#795653
2024-04-09,Benton County,Recombinant,0.0,502178,0.0,#FF0000
2024-04-09,Benton County,XBB,0.0,502178,0.0,#9FA8DA
2024-04-09,Benton County,XBB.1.16,0.0,502178,0.0,#4527A0
2024-04-09,Benton County,XBB.1.16.1,0.0,502178,0.0,#F89B9B
2024-04-09,Benton County,XBB.1.16.15,0.0,502178,0.0,#E3B5FA
2024-04-09,Benton County,XBB.1.16.6,0.0,502178,0.0,#5AA350
2024-04-09,Benton County,XBB.1.42.1,0.0,502178,0.0,#75D1A3
2024-04-09,Benton County,XBB.1.5,0.0,502178,0.0,#3F51B5
2024-04-09,Benton County,XBB.1.5.70,0.0,502178,0.0,#46783C
2024-04-09,Benton County,XBB.1.5.72,0.0,502178,0.0,#254220
2024-04-09,Benton County,XBB.1.9.1,0.0,502178,0.0,#304FFE
2024-04-09,Benton County,XBB.1.9.2,0.0,502178,0.0,#536DFE
2024-04-09,Benton County,XBB.2.3,0.0,502178,0.0,#F7BCDF
2024-04-09,Benton County,XDP,0.0,502178,0.0,#B60052
2024-04-09,Benton County,XDV.1,0.0,502178,0.0,#D367B6
2024-04-09,Benton County,unreportable,2345.78893894,502178,0.00467123,#eeeeee
2024-04-09,Chelan County,BA.2,0.0,775980,0.0,#9CCD67
2024-04-09,Chelan County,BA.2.12.1,0.0,775980,0.0,#7CB342
2024-04-09,Chelan County,BA.2.86,0.0,775980,0.0,#D770EE
2024-04-09,Chelan County,EG.5,0.0,775980,0.0,#FFBE7D
2024-04-09,Chelan County,EG.5.1.8,0.0,775980,0.0,#E14D6F
2024-04-09,Chelan County,EG.6.1,0.0,775980,0.0,#B9ABA8
2024-04-09,Chelan County,FE.1.1,0.0,775980,0.0,#499894
2024-04-09,Chelan County,FL.1.5.1,0.0,775980,0.0,#8CD17D
2024-04-09,Chelan County,GE.1,0.0,775980,0.0,#FABFD2
2024-04-09,Chelan County,GK.1.1,0.0,775980,0.0,#90FAE5
2024-04-09,Chelan County,HF.1,0.0,775980,0.0,#D399AD
2024-04-09,Chelan County,HK.3,0.0,775980,0.0,#859DBC
2024-04-09,Chelan County,HV.1,0.0,775980,0.0,#797765
2024-04-09,Chelan County,JD.1.1,0.0,775980,0.0,#80F192
2024-04-09,Chelan County,JF.1,0.0,775980,0.0,#FFF1A9
2024-04-09,Chelan County,JG.3,0.0,775980,0.0,#66A172
2024-04-09,Chelan County,JN.1,658922.6565396,775980,0.84914902,#61018F
2024-04-09,Chelan County,JN.1.11.1,0.0,775980,0.0,#5C9CF1
2024-04-09,Chelan County,JN.1.13,0.0,775980,0.0,#E83C78
2024-04-09,Chelan County,JN.1.13.1,0.0,775980,0.0,#F2591C
2024-04-09,Chelan County,JN.1.16,0.0,775980,0.0,#BC3A88
2024-04-09,Chelan County,JN.1.16.1,0.0,775980,0.0,#366298
2024-04-09,Chelan County,JN.1.18,0.0,775980,0.0,#4AF32F
2024-04-09,Chelan County,JN.1.32,0.0,775980,0.0,#2E7919
2024-04-09,Chelan County,JN.1.4.3,0.0,775980,0.0,#9D1010
2024-04-09,Chelan County,JN.1.7,0.0,775980,0.0,#CF15E8
2024-04-09,Chelan County,JN.1.8.1,0.0,775980,0.0,#FFB027
2024-04-09,Chelan County,KP.1.1,0.0,775980,0.0,#CBFF86
2024-04-09,Chelan County,KP.1.1.3,0.0,775980,0.0,#1EB3B6
2024-04-09,Chelan County,KP.1.2,0.0,775980,0.0,#D7B5A6
2024-04-09,Chelan County,KP.2,0.0,775980,0.0,#5875A1
2024-04-09,Chelan County,KP.2.15,0.0,775980,0.0,#175DFF
2024-04-09,Chelan County,KP.2.3,0.0,775980,0.0,#628DE8
2024-04-09,Chelan County,KP.3,109031.00209020001,775980,0.14050749,#B06589
2024-04-09,Chelan County,KP.3.1.1,0.0,775980,0.0,#2F92A1
2024-04-09,Chelan County,KP.4.1,0.0,775980,0.0,#FF473A
2024-04-09,Chelan County,KQ.1,0.0,775980,0.0,#E86CDE
2024-04-09,Chelan County,KV.2,0.0,775980,0.0,#E14365
2024-04-09,Chelan County,KW.1.1,0.0,775980,0.0,#34A0FF
2024-04-09,Chelan County,LB.1,0.0,775980,0.0,#795653
2024-04-09,Chelan County,Recombinant,0.0,775980,0.0,#FF0000
2024-04-09,Chelan County,XBB,0.0,775980,0.0,#9FA8DA
2024-04-09,Chelan County,XBB.1.16,0.0,775980,0.0,#4527A0
2024-04-09,Chelan County,XBB.1.16.1,0.0,775980,0.0,#F89B9B
2024-04-09,Chelan County,XBB.1.16.15,0.0,775980,0.0,#E3B5FA
2024-04-09,Chelan County,XBB.1.16.6,0.0,775980,0.0,#5AA350
2024-04-09,Chelan County,XBB.1.42.1,0.0,775980,0.0,#75D1A3
2024-04-09,Chelan County,XBB.1.5,0.0,775980,0.0,#3F51B5
2024-04-09,Chelan County,XBB.1.5.70,0.0,775980,0.0,#46783C
2024-04-09,Chelan County,XBB.1.5.72,0.0,775980,0.0,#254220
2024-04-09,Chelan County,XBB.1.9.1,0.0,775980,0.0,#304FFE
2024-04-09,Chelan County,XBB.1.9.2,0.0,775980,0.0,#536DFE
2024-04-09,Chelan County,XBB.2.3,0.0,775980,0.0,#F7BCDF
2024-04-09,Chelan County,XDP,0.0,775980,0.0,#B60052
2024-04-09,Chelan County,XDV.1,0.0,775980,0.0,#D367B6
2024-04-09,Chelan County,unreportable,8026.3413702,775980,0.01034349,#eeeeee
2024-04-09,Franklin County,BA.2,0.0,737220,0.0,#9CCD67
2024-04-09,Franklin County,BA.2.12.1,0.0,737220,0.0,#7CB342
2024-04-09,Franklin County,BA.2.86,0.0,737220,0.0,#D770EE
2024-04-09,Franklin County,EG.5,0.0,737220,0.0,#FFBE7D
2024-04-09,Franklin County,EG.5.1.8,0.0,737220,0.0,#E14D6F
2024-04-09,Franklin County,EG.6.1,0.0,737220,0.0,#B9ABA8
2024-04-09,Franklin County,FE.1.1,0.0,737220,0.0,#499894
2024-04-09,Franklin County,FL.1.5.1,0.0,737220,0.0,#8CD17D
2024-04-09,Franklin County,GE.1,0.0,737220,0.0,#FABFD2
2024-04-09,Franklin County,GK.1.1,0.0,737220,0.0,#90FAE5
2024-04-09,Franklin County,HF.1,0.0,737220,0.0,#D399AD
2024-04-09,Franklin County,HK.3,0.0,737220,0.0,#859DBC
2024-04-09,Franklin County,HV.1,0.0,737220,0.0,#797765
2024-04-09,Franklin County,JD.1.1,0.0,737220,0.0,#80F192
2024-04-09,Franklin County,JF.1,0.0,737220,0.0,#FFF1A9
2024-04-09,Franklin County,JG.3,0.0,737220,0.0,#66A172
2024-04-09,Franklin County,JN.1,289747.73355,737220,0.39302750000000003,#61018F
2024-04-09,Franklin County,JN.1.11.1,299803.7166102,737220,0.40666791,#5C9CF1
2024-04-09,Franklin County,JN.1.13,0.0,737220,0.0,#E83C78
2024-04-09,Franklin County,JN.1.13.1,0.0,737220,0.0,#F2591C
2024-04-09,Franklin County,JN.1.16,0.0,737220,0.0,#BC3A88
2024-04-09,Franklin County,JN.1.16.1,0.0,737220,0.0,#366298
2024-04-09,Franklin County,JN.1.18,0.0,737220,0.0,#4AF32F
2024-04-09,Franklin County,JN.1.32,135702.6140646,737220,0.18407343,#2E7919
2024-04-09,Franklin County,JN.1.4.3,0.0,737220,0.0,#9D1010
2024-04-09,Franklin County,JN.1.7,0.0,737220,0.0,#CF15E8
2024-04-09,Franklin County,JN.1.8.1,0.0,737220,0.0,#FFB027
2024-04-09,Franklin County,KP.1.1,0.0,737220,0.0,#CBFF86
2024-04-09,Franklin County,KP.1.1.3,0.0,737220,0.0,#1EB3B6
2024-04-09,Franklin County,KP.1.2,7198.2824298,737220,0.00976409,#D7B5A6
2024-04-09,Franklin County,KP.2,752.996508,737220,0.0010214,#5875A1
2024-04-09,Franklin County,KP.2.15,0.0,737220,0.0,#175DFF
2024-04-09,Franklin County,KP.2.3,0.0,737220,0.0,#628DE8
2024-04-09,Franklin County,KP.3,0.0,737220,0.0,#B06589
2024-04-09,Franklin County,KP.3.1.1,0.0,737220,0.0,#2F92A1
2024-04-09,Franklin County,KP.4.1,0.0,737220,0.0,#FF473A
2024-04-09,Franklin County,KQ.1,0.0,737220,0.0,#E86CDE
2024-04-09,Franklin County,KV.2,0.0,737220,0.0,#E14365
2024-04-09,Franklin County,KW.1.1,0.0,737220,0.0,#34A0FF
2024-04-09,Franklin County,LB.1,0.0,737220,0.0,#795653
2024-04-09,Franklin County,Recombinant,0.0,737220,0.0,#FF0000
2024-04-09,Franklin County,XBB,0.0,737220,0.0,#9FA8DA
2024-04-09,Franklin County,XBB.1.16,0.0,737220,0.0,#4527A0
2024-04-09,Franklin County,XBB.1.16.1,0.0,737220,0.0,#F89B9B
2024-04-09,Franklin County,XBB.1.16.15,0.0,737220,0.0,#E3B5FA
2024-04-09,Franklin County,XBB.1.16.6,0.0,737220,0.0,#5AA350
2024-04-09,Franklin County,XBB.1.42.1,0.0,737220,0.0,#75D1A3
2024-04-09,Franklin County,XBB.1.5,0.0,737220,0.0,#3F51B5
2024-04-09,Franklin County,XBB.1.5.70,0.0,737220,0.0,#46783C
2024-04-09,Franklin County,XBB.1.5.72,0.0,737220,0.0,#254220
2024-04-09,Franklin County,XBB.1.9.1,0.0,737220,0.0,#304FFE
2024-04-09,Franklin County,XBB.1.9.2,0.0,737220,0.0,#536DFE
2024-04-09,Franklin County,XBB.2.3,0.0,737220,0.0,#F7BCDF
2024-04-09,Franklin County,XDP,0.0,737220,0.0,#B60052
2024-04-09,Franklin County,XDV.1,0.0,737220,0.0,#D367B6
2024-04-09,Franklin County,unreportable,4014.6568374,737220,0.00544567,#eeeeee
2024-04-09,Island County,BA.2,0.0,1778632,0.0,#9CCD67
2024-04-09,Island County,BA.2.12.1,0.0,1778632,0.0,#7CB342
2024-04-09,Island County,BA.2.86,0.0,1778632,0.0,#D770EE
2024-04-09,Island County,EG.5,0.0,1778632,0.0,#FFBE7D
2024-04-09,Island County,EG.5.1.8,0.0,1778632,0.0,#E14D6F
2024-04-09,Island County,EG.6.1,0.0,1778632,0.0,#B9ABA8
2024-04-09,Island County,FE.1.1,0.0,1778632,0.0,#499894
2024-04-09,Island County,FL.1.5.1,0.0,1778632,0.0,#8CD17D
2024-04-09,Island County,GE.1,0.0,1778632,0.0,#FABFD2
2024-04-09,Island County,GK.1.1,0.0,1778632,0.0,#90FAE5
2024-04-09,Island County,HF.1,0.0,1778632,0.0,#D399AD
2024-04-09,Island County,HK.3,0.0,1778632,0.0,#859DBC
2024-04-09,Island County,HV.1,0.0,1778632,0.0,#797765
2024-04-09,Island County,JD.1.1,0.0,1778632,0.0,#80F192
2024-04-09,Island County,JF.1,0.0,1778632,0.0,#FFF1A9
2024-04-09,Island County,JG.3,0.0,1778632,0.0,#66A172
2024-04-09,Island County,JN.1,358186.602669555,1778632,0.20138319937432533,#61018F
2024-04-09,Island County,JN.1.11.1,561.82566525,1778632,0.00031587515868937476,#5C9CF1
2024-04-09,Island County,JN.1.13,0.0,1778632,0.0,#E83C78
2024-04-09,Island County,JN.1.13.1,0.0,1778632,0.0,#F2591C
2024-04-09,Island County,JN.1.16,1446.16263312,1778632,0.0008130757982089606,#BC3A88
2024-04-09,Island County,JN.1.16.1,0.0,1778632,0.0,#366298
2024-04-09,Island County,JN.1.18,275524.46863114,1778632,0.15490808027244535,#4AF32F
2024-04-09,Island County,JN.1.32,0.0,1778632,0.0,#2E7919
2024-04-09,Island County,JN.1.4.3,0.0,1778632,0.0,#9D1010
2024-04-09,Island County,JN.1.7,918104.082734145,1778632,0.5161855193958869,#CF15E8
2024-04-09,Island County,JN.1.8.1,0.0,1778632,0.0,#FFB027
2024-04-09,Island County,KP.1.1,1440.9195171,1778632,0.0008101279618830652,#CBFF86
2024-04-09,Island County,KP.1.1.3,0.0,1778632,0.0,#1EB3B6
2024-04-09,Island County,KP.1.2,0.0,1778632,0.0,#D7B5A6
2024-04-09,Island County,KP.2,83151.41001790499,1778632,0.04675020466173159,#5875A1
2024-04-09,Island County,KP.2.15,0.0,1778632,0.0,#175DFF
2024-04-09,Island County,KP.2.3,0.0,1778632,0.0,#628DE8
2024-04-09,Island County,KP.3,120356.626719525,1778632,0.06766808801344235,#B06589
2024-04-09,Island County,KP.3.1.1,0.0,1778632,0.0,#2F92A1
2024-04-09,Island County,KP.4.1,0.0,1778632,0.0,#FF473A
2024-04-09,Island County,KQ.1,0.0,1778632,0.0,#E86CDE
2024-04-09,Island County,KV.2,0.0,1778632,0.0,#E14365
2024-04-09,Island County,KW.1.1,0.0,1778632,0.0,#34A0FF
2024-04-09,Island County,LB.1,0.0,1778632,0.0,#795653
2024-04-09,Island County,Recombinant,0.0,1778632,0.0,#FF0000
2024-04-09,Island County,XBB,0.0,1778632,0.0,#9FA8DA
2024-04-09,Island County,XBB.1.16,0.0,1778632,0.0,#4527A0
2024-04-09,Island County,XBB.1.16.1,0.0,1778632,0.0,#F89B9B
2024-04-09,Island County,XBB.1.16.15,0.0,1778632,0.0,#E3B5FA
2024-04-09,Island County,XBB.1.16.6,0.0,1778632,0.0,#5AA350
2024-04-09,Island County,XBB.1.42.1,0.0,1778632,0.0,#75D1A3
2024-04-09,Island County,XBB.1.5,0.0,1778632,0.0,#3F51B5
2024-04-09,Island County,XBB.1.5.70,0.0,1778632,0.0,#46783C
2024-04-09,Island County,XBB.1.5.72,0.0,1778632,0.0,#254220
2024-04-09,Island County,XBB.1.9.1,0.0,1778632,0.0,#304FFE
2024-04-09,Island County,XBB.1.9.2,0.0,1778632,0.0,#536DFE
2024-04-09,Island County,XBB.2.3,0.0,1778632,0.0,#F7BCDF
2024-04-09,Island County,XDP,0.0,1778632,0.0,#B60052
2024-04-09,Island County,XDV.1,0.0,1778632,0.0,#D367B6
2024-04-09,Island County,unreportable,19859.897314035,1778632,0.011165827059242722,#eeeeee
2024-04-09,King County,BA.2,0.0,973611,0.0,#9CCD67
2024-04-09,King County,BA.2.12.1,0.0,973611,0.0,#7CB342
2024-04-09,King County,BA.2.86,0.0,973611,0.0,#D770EE
2024-04-09,King County,EG.5,0.0,973611,0.0,#FFBE7D
2024-04-09,King County,EG.5.1.8,0.0,973611,0.0,#E14D6F
2024-04-09,King County,EG.6.1,0.0,973611,0.0,#B9ABA8
2024-04-09,King County,FE.1.1,0.0,973611,0.0,#499894
2024-04-09,King County,FL.1.5.1,0.0,973611,0.0,#8CD17D
2024-04-09,King County,GE.1,0.0,973611,0.0,#FABFD2
2024-04-09,King County,GK.1.1,0.0,973611,0.0,#90FAE5
2024-04-09,King County,HF.1,0.0,973611,0.0,#D399AD
2024-04-09,King County,HK.3,0.0,973611,0.0,#859DBC
2024-04-09,King County,HV.1,0.0,973611,0.0,#797765
2024-04-09,King County,JD.1.1,0.0,973611,0.0,#80F192
2024-04-09,King County,JF.1,0.0,973611,0.0,#FFF1A9
2024-04-09,King County,JG.3,0.0,973611,0.0,#66A172
2024-04-09,King County,JN.1,0.0,973611,0.0,#61018F
2024-04-09,King County,JN.1.11.1,0.0,973611,0.0,#5C9CF1
2024-04-09,King County,JN.1.13,0.0,973611,0.0,#E83C78
2024-04-09,King County,JN.1.13.1,0.0,973611,0.0,#F2591C
2024-04-09,King County,JN.1.16,0.0,973611,0.0,#BC3A88
2024-04-09,King County,JN.1.16.1,0.0,973611,0.0,#366298
2024-04-09,King County,JN.1.18,0.0,973611,0.0,#4AF32F
2024-04-09,King County,JN.1.32,0.0,973611,0.0,#2E7919
2024-04-09,King County,JN.1.4.3,0.0,973611,0.0,#9D1010
2024-04-09,King County,JN.1.7,969693.15039156,973611,0.9959759600000001,#CF15E8
2024-04-09,King County,JN.1.8.1,0.0,973611,0.0,#FFB027
2024-04-09,King County,KP.1.1,0.0,973611,0.0,#CBFF86
2024-04-09,King County,KP.1.1.3,0.0,973611,0.0,#1EB3B6
2024-04-09,King County,KP.1.2,0.0,973611,0.0,#D7B5A6
2024-04-09,King County,KP.2,0.0,973611,0.0,#5875A1
2024-04-09,King County,KP.2.15,0.0,973611,0.0,#175DFF
2024-04-09,King County,KP.2.3,0.0,973611,0.0,#628DE8
2024-04-09,King County,KP.3,0.0,973611,0.0,#B06589
2024-04-09,King County,KP.3.1.1,0.0,973611,0.0,#2F92A1
2024-04-09,King County,KP.4.1,0.0,973611,0.0,#FF473A
2024-04-09,King County,KQ.1,0.0,973611,0.0,#E86CDE
2024-04-09,King County,KV.2,0.0,973611,0.0,#E14365
2024-04-09,King County,KW.1.1,0.0,973611,0.0,#34A0FF
2024-04-09,King County,LB.1,0.0,973611,0.0,#795653
2024-04-09,King County,Recombinant,0.0,973611,0.0,#FF0000
2024-04-09,King County,XBB,0.0,973611,0.0,#9FA8DA
2024-04-09,King County,XBB.1.16,0.0,973611,0.0,#4527A0
2024-04-09,King County,XBB.1.16.1,0.0,973611,0.0,#F89B9B
2024-04-09,King County,XBB.1.16.15,0.0,973611,0.0,#E3B5FA
2024-04-09,King County,XBB.1.16.6,0.0,973611,0.0,#5AA350
2024-04-09,King County,XBB.1.42.1,0.0,973611,0.0,#75D1A3
2024-04-09,King County,XBB.1.5,0.0,973611,0.0,#3F51B5
2024-04-09,King County,XBB.1.5.70,0.0,973611,0.0,#46783C
2024-04-09,King County,XBB.1.5.72,0.0,973611,0.0,#254220
2024-04-09,King County,XBB.1.9.1,0.0,973611,0.0,#304FFE
2024-04-09,King County,XBB.1.9.2,0.0,973611,0.0,#536DFE
2024-04-09,King County,XBB.2.3,0.0,973611,0.0,#F7BCDF
2024-04-09,King County,XDP,0.0,973611,0.0,#B60052
2024-04-09,King County,XDV.1,0.0,973611,0.0,#D367B6
2024-04-09,King County,unreportable,3917.8593445500005,973611,0.00402405,#eeeeee
2024-04-09,Kittitas County,BA.2,0.0,143520,0.0,#9CCD67
2024-04-09,Kittitas County,BA.2.12.1,0.0,143520,0.0,#7CB342
2024-04-09,Kittitas County,BA.2.86,0.0,143520,0.0,#D770EE
2024-04-09,Kittitas County,EG.5,0.0,143520,0.0,#FFBE7D
2024-04-09,Kittitas County,EG.5.1.8,0.0,143520,0.0,#E14D6F
2024-04-09,Kittitas County,EG.6.1,0.0,143520,0.0,#B9ABA8
2024-04-09,Kittitas County,FE.1.1,0.0,143520,0.0,#499894
2024-04-09,Kittitas County,FL.1.5.1,0.0,143520,0.0,#8CD17D
2024-04-09,Kittitas County,GE.1,0.0,143520,0.0,#FABFD2
2024-04-09,Kittitas County,GK.1.1,0.0,143520,0.0,#90FAE5
2024-04-09,Kittitas County,HF.1,0.0,143520,0.0,#D399AD
2024-04-09,Kittitas County,HK.3,0.0,143520,0.0,#859DBC
2024-04-09,Kittitas County,HV.1,0.0,143520,0.0,#797765
2024-04-09,Kittitas County,JD.1.1,0.0,143520,0.0,#80F192
2024-04-09,Kittitas County,JF.1,0.0,143520,0.0,#FFF1A9
2024-04-09,Kittitas County,JG.3,0.0,143520,0.0,#66A172
2024-04-09,Kittitas County,JN.1,1957.3286304,143520,0.01363802,#61018F
2024-04-09,Kittitas County,JN.1.11.1,0.0,143520,0.0,#5C9CF1
2024-04-09,Kittitas County,JN.1.13,0.0,143520,0.0,#E83C78
2024-04-09,Kittitas County,JN.1.13.1,0.0,143520,0.0,#F2591C
2024-04-09,Kittitas County,JN.1.16,139010.8771584,143520,0.96858192,#BC3A88
2024-04-09,Kittitas County,JN.1.16.1,0.0,143520,0.0,#366298
2024-04-09,Kittitas County,JN.1.18,783.4914672,143520,0.00545911,#4AF32F
2024-04-09,Kittitas County,JN.1.32,0.0,143520,0.0,#2E7919
2024-04-09,Kittitas County,JN.1.4.3,0.0,143520,0.0,#9D1010
2024-04-09,Kittitas County,JN.1.7,0.0,143520,0.0,#CF15E8
2024-04-09,Kittitas County,JN.1.8.1,0.0,143520,0.0,#FFB027
2024-04-09,Kittitas County,KP.1.1,0.0,143520,0.0,#CBFF86
2024-04-09,Kittitas County,KP.1.1.3,0.0,143520,0.0,#1EB3B6
2024-04-09,Kittitas County,KP.1.2,0.0,143520,0.0,#D7B5A6
2024-04-09,Kittitas County,KP.2,0.0,143520,0.0,#5875A1
2024-04-09,Kittitas County,KP.2.15,0.0,143520,0.0,#175DFF
2024-04-09,Kittitas County,KP.2.3,0.0,143520,0.0,#628DE8
2024-04-09,Kittitas County,KP.3,0.0,143520,0.0,#B06589
2024-04-09,Kittitas County,KP.3.1.1,0.0,143520,0.0,#2F92A1
2024-04-09,Kittitas County,KP.4.1,0.0,143520,0.0,#FF473A
2024-04-09,Kittitas County,KQ.1,0.0,143520,0.0,#E86CDE
2024-04-09,Kittitas County,KV.2,0.0,143520,0.0,#E14365
2024-04-09,Kittitas County,KW.1.1,0.0,143520,0.0,#34A0FF
2024-04-09,Kittitas County,LB.1,0.0,143520,0.0,#795653
2024-04-09,Kittitas County,Recombinant,0.0,143520,0.0,#FF0000
2024-04-09,Kittitas County,XBB,0.0,143520,0.0,#9FA8DA
2024-04-09,Kittitas County,XBB.1.16,0.0,143520,0.0,#4527A0
2024-04-09,Kittitas County,XBB.1.16.1,0.0,143520,0.0,#F89B9B
2024-04-09,Kittitas County,XBB.1.16.15,0.0,143520,0.0,#E3B5FA
2024-04-09,Kittitas County,XBB.1.16.6,0.0,143520,0.0,#5AA350
2024-04-09,Kittitas County,XBB.1.42.1,0.0,143520,0.0,#75D1A3
2024-04-09,Kittitas County,XBB.1.5,0.0,143520,0.0,#3F51B5
2024-04-09,Kittitas County,XBB.1.5.70,0.0,143520,0.0,#46783C
2024-04-09,Kittitas County,XBB.1.5.72,0.0,143520,0.0,#254220
2024-04-09,Kittitas County,XBB.1.9.1,0.0,143520,0.0,#304FFE
2024-04-09,Kittitas County,XBB.1.9.2,0.0,143520,0.0,#536DFE
2024-04-09,Kittitas County,XBB.2.3,0.0,143520,0.0,#F7BCDF
2024-04-09,Kittitas County,XDP,0.0,143520,0.0,#B60052
2024-04-09,Kittitas County,XDV.1,0.0,143520,0.0,#D367B6
2024-04-09,Kittitas County,unreportable,1768.302744,143520,0.01232095,#eeeeee
2024-04-09,Spokane County,BA.2,0.0,713850,0.0,#9CCD67
2024-04-09,Spokane County,BA.2.12.1,0.0,713850,0.0,#7CB342
2024-04-09,Spokane County,BA.2.86,0.0,713850,0.0,#D770EE
2024-04-09,Spokane County,EG.5,0.0,713850,0.0,#FFBE7D
2024-04-09,Spokane County,EG.5.1.8,0.0,713850,0.0,#E14D6F
2024-04-09,Spokane County,EG.6.1,0.0,713850,0.0,#B9ABA8
2024-04-09,Spokane County,FE.1.1,0.0,713850,0.0,#499894
2024-04-09,Spokane County,FL.1.5.1,0.0,713850,0.0,#8CD17D
2024-04-09,Spokane County,GE.1,0.0,713850,0.0,#FABFD2
2024-04-09,Spokane County,GK.1.1,0.0,713850,0.0,#90FAE5
2024-04-09,Spokane County,HF.1,0.0,713850,0.0,#D399AD
2024-04-09,Spokane County,HK.3,0.0,713850,0.0,#859DBC
2024-04-09,Spokane County,HV.1,0.0,713850,0.0,#797765
2024-04-09,Spokane County,JD.1.1,0.0,713850,0.0,#80F192
2024-04-09,Spokane County,JF.1,0.0,713850,0.0,#FFF1A9
2024-04-09,Spokane County,JG.3,0.0,713850,0.0,#66A172
2024-04-09,Spokane County,JN.1,5224.2184245,713850,0.007318369999999999,#61018F
2024-04-09,Spokane County,JN.1.11.1,0.0,713850,0.0,#5C9CF1
2024-04-09,Spokane County,JN.1.13,239544.8670135,713850,0.33556751,#E83C78
2024-04-09,Spokane County,JN.1.13.1,0.0,713850,0.0,#F2591C
2024-04-09,Spokane County,JN.1.16,0.0,713850,0.0,#BC3A88
2024-04-09,Spokane County,JN.1.16.1,0.0,713850,0.0,#366298
2024-04-09,Spokane County,JN.1.18,0.0,713850,0.0,#4AF32F
2024-04-09,Spokane County,JN.1.32,191179.5307335,713850,0.26781471,#2E7919
2024-04-09,Spokane County,JN.1.4.3,0.0,713850,0.0,#9D1010
2024-04-09,Spokane County,JN.1.7,267601.41350250004,713850,0.3748706500000001,#CF15E8
2024-04-09,Spokane County,JN.1.8.1,0.0,713850,0.0,#FFB027
2024-04-09,Spokane County,KP.1.1,0.0,713850,0.0,#CBFF86
2024-04-09,Spokane County,KP.1.1.3,0.0,713850,0.0,#1EB3B6
2024-04-09,Spokane County,KP.1.2,0.0,713850,0.0,#D7B5A6
2024-04-09,Spokane County,KP.2,0.0,713850,0.0,#5875A1
2024-04-09,Spokane County,KP.2.15,0.0,713850,0.0,#175DFF
2024-04-09,Spokane County,KP.2.3,0.0,713850,0.0,#628DE8
2024-04-09,Spokane County,KP.3,0.0,713850,0.0,#B06589
2024-04-09,Spokane County,KP.3.1.1,0.0,713850,0.0,#2F92A1
2024-04-09,Spokane County,KP.4.1,0.0,713850,0.0,#FF473A
2024-04-09,Spokane County,KQ.1,0.0,713850,0.0,#E86CDE
2024-04-09,Spokane County,KV.2,0.0,713850,0.0,#E14365
2024-04-09,Spokane County,KW.1.1,0.0,713850,0.0,#34A0FF
2024-04-09,Spokane County,LB.1,0.0,713850,0.0,#795653
2024-04-09,Spokane County,Recombinant,0.0,713850,0.0,#FF0000
2024-04-09,Spokane County,XBB,0.0,713850,0.0,#9FA8DA
2024-04-09,Spokane County,XBB.1.16,0.0,713850,0.0,#4527A0
2024-04-09,Spokane County,XBB.1.16.1,0.0,713850,0.0,#F89B9B
2024-04-09,Spokane County,XBB.1.16.15,0.0,713850,0.0,#E3B5FA
2024-04-09,Spokane County,XBB.1.16.6,0.0,713850,0.0,#5AA350
2024-04-09,Spokane County,XBB.1.42.1,0.0,713850,0.0,#75D1A3
2024-04-09,Spokane County,XBB.1.5,0.0,713850,0.0,#3F51B5
2024-04-09,Spokane County,XBB.1.5.70,0.0,713850,0.0,#46783C
2024-04-09,Spokane County,XBB.1.5.72,0.0,713850,0.0,#254220
2024-04-09,Spokane County,XBB.1.9.1,0.0,713850,0.0,#304FFE
2024-04-09,Spokane County,XBB.1.9.2,0.0,713850,0.0,#536DFE
2024-04-09,Spokane County,XBB.2.3,0.0,713850,0.0,#F7BCDF
2024-04-09,Spokane County,XDP,0.0,713850,0.0,#B60052
2024-04-09,Spokane County,XDV.1,0.0,713850,0.0,#D367B6
2024-04-09,Spokane County,unreportable,10299.970326,713850,0.01442876,#eeeeee
2024-04-09,Thurston County,BA.2,0.0,98160,0.0,#9CCD67
2024-04-09,Thurston County,BA.2.12.1,0.0,98160,0.0,#7CB342
2024-04-09,Thurston County,BA.2.86,0.0,98160,0.0,#D770EE
2024-04-09,Thurston County,EG.5,0.0,98160,0.0,#FFBE7D
2024-04-09,Thurston County,EG.5.1.8,0.0,98160,0.0,#E14D6F
2024-04-09,Thurston County,EG.6.1,0.0,98160,0.0,#B9ABA8
2024-04-09,Thurston County,FE.1.1,0.0,98160,0.0,#499894
2024-04-09,Thurston County,FL.1.5.1,0.0,98160,0.0,#8CD17D
2024-04-09,Thurston County,GE.1,0.0,98160,0.0,#FABFD2
2024-04-09,Thurston County,GK.1.1,0.0,98160,0.0,#90FAE5
2024-04-09,Thurston County,HF.1,0.0,98160,0.0,#D399AD
2024-04-09,Thurston County,HK.3,0.0,98160,0.0,#859DBC
2024-04-09,Thurston County,HV.1,0.0,98160,0.0,#797765
2024-04-09,Thurston County,JD.1.1,0.0,98160,0.0,#80F192
2024-04-09,Thurston County,JF.1,0.0,98160,0.0,#FFF1A9
2024-04-09,Thurston County,JG.3,0.0,98160,0.0,#66A172
2024-04-09,Thurston County,JN.1,368.8636848,98160,0.00375778,#61018F
2024-04-09,Thurston County,JN.1.11.1,0.0,98160,0.0,#5C9CF1
2024-04-09,Thurston County,JN.1.13,0.0,98160,0.0,#E83C78
2024-04-09,Thurston County,JN.1.13.1,0.0,98160,0.0,#F2591C
2024-04-09,Thurston County,JN.1.16,0.0,98160,0.0,#BC3A88
2024-04-09,Thurston County,JN.1.16.1,0.0,98160,0.0,#366298
2024-04-09,Thurston County,JN.1.18,0.0,98160,0.0,#4AF32F
2024-04-09,Thurston County,JN.1.32,72423.5464104,98160,0.73781119,#2E7919
2024-04-09,Thurston County,JN.1.4.3,0.0,98160,0.0,#9D1010
2024-04-09,Thurston County,JN.1.7,0.0,98160,0.0,#CF15E8
2024-04-09,Thurston County,JN.1.8.1,24185.7758976,98160,0.24639136,#FFB027
2024-04-09,Thurston County,KP.1.1,0.0,98160,0.0,#CBFF86
2024-04-09,Thurston County,KP.1.1.3,0.0,98160,0.0,#1EB3B6
2024-04-09,Thurston County,KP.1.2,0.0,98160,0.0,#D7B5A6
2024-04-09,Thurston County,KP.2,0.0,98160,0.0,#5875A1
2024-04-09,Thurston County,KP.2.15,0.0,98160,0.0,#175DFF
2024-04-09,Thurston County,KP.2.3,0.0,98160,0.0,#628DE8
2024-04-09,Thurston County,KP.3,0.0,98160,0.0,#B06589
2024-04-09,Thurston County,KP.3.1.1,0.0,98160,0.0,#2F92A1
2024-04-09,Thurston County,KP.4.1,0.0,98160,0.0,#FF473A
2024-04-09,Thurston County,KQ.1,0.0,98160,0.0,#E86CDE
2024-04-09,Thurston County,KV.2,0.0,98160,0.0,#E14365
2024-04-09,Thurston County,KW.1.1,0.0,98160,0.0,#34A0FF
2024-04-09,Thurston County,LB.1,0.0,98160,0.0,#795653
2024-04-09,Thurston County,Recombinant,0.0,98160,0.0,#FF0000
2024-04-09,Thurston County,XBB,0.0,98160,0.0,#9FA8DA
2024-04-09,Thurston County,XBB.1.16,0.0,98160,0.0,#4527A0
2024-04-09,Thurston County,XBB.1.16.1,0.0,98160,0.0,#F89B9B
2024-04-09,Thurston County,XBB.1.16.15,0.0,98160,0.0,#E3B5FA
2024-04-09,Thurston County,XBB.1.16.6,0.0,98160,0.0,#5AA350
2024-04-09,Thurston County,XBB.1.42.1,0.0,98160,0.0,#75D1A3
2024-04-09,Thurston County,XBB.1.5,0.0,98160,0.0,#3F51B5
2024-04-09,Thurston County,XBB.1.5.70,0.0,98160,0.0,#46783C
2024-04-09,Thurston County,XBB.1.5.72,0.0,98160,0.0,#254220
2024-04-09,Thurston County,XBB.1.9.1,0.0,98160,0.0,#304FFE
2024-04-09,Thurston County,XBB.1.9.2,0.0,98160,0.0,#536DFE
2024-04-09,Thurston County,XBB.2.3,0.0,98160,0.0,#F7BCDF
2024-04-09,Thurston County,XDP,0.0,98160,0.0,#B60052
2024-04-09,Thurston County,XDV.1,0.0,98160,0.0,#D367B6
2024-04-09,Thurston County,unreportable,1181.8149888,98160,0.01203968,#eeeeee
2024-04-09,Walla Walla County,BA.2,0.0,551552,0.0,#9CCD67
2024-04-09,Walla Walla County,BA.2.12.1,0.0,551552,0.0,#7CB342
2024-04-09,Walla Walla County,BA.2.86,0.0,551552,0.0,#D770EE
2024-04-09,Walla Walla County,EG.5,0.0,551552,0.0,#FFBE7D
2024-04-09,Walla Walla County,EG.5.1.8,0.0,551552,0.0,#E14D6F
2024-04-09,Walla Walla County,EG.6.1,0.0,551552,0.0,#B9ABA8
2024-04-09,Walla Walla County,FE.1.1,0.0,551552,0.0,#499894
2024-04-09,Walla Walla County,FL.1.5.1,0.0,551552,0.0,#8CD17D
2024-04-09,Walla Walla County,GE.1,0.0,551552,0.0,#FABFD2
2024-04-09,Walla Walla County,GK.1.1,0.0,551552,0.0,#90FAE5
2024-04-09,Walla Walla County,HF.1,0.0,551552,0.0,#D399AD
2024-04-09,Walla Walla County,HK.3,0.0,551552,0.0,#859DBC
2024-04-09,Walla Walla County,HV.1,0.0,551552,0.0,#797765
2024-04-09,Walla Walla County,JD.1.1,0.0,551552,0.0,#80F192
2024-04-09,Walla Walla County,JF.1,0.0,551552,0.0,#FFF1A9
2024-04-09,Walla Walla County,JG.3,0.0,551552,0.0,#66A172
2024-04-09,Walla Walla County,JN.1,322121.55774208,551552,0.58402754,#61018F
2024-04-09,Walla Walla County,JN.1.11.1,0.0,551552,0.0,#5C9CF1
2024-04-09,Walla Walla County,JN.1.13,0.0,551552,0.0,#E83C78
2024-04-09,Walla Walla County,JN.1.13.1,0.0,551552,0.0,#F2591C
2024-04-09,Walla Walla County,JN.1.16,55168.66889984,551552,0.10002442,#BC3A88
2024-04-09,Walla Walla County,JN.1.16.1,0.0,551552,0.0,#366298
2024-04-09,Walla Walla County,JN.1.18,0.0,551552,0.0,#4AF32F
2024-04-09,Walla Walla County,JN.1.32,40193.739777279996,551552,0.07287389,#2E7919
2024-04-09,Walla Walla County,JN.1.4.3,0.0,551552,0.0,#9D1010
2024-04-09,Walla Walla County,JN.1.7,0.0,551552,0.0,#CF15E8
2024-04-09,Walla Walla County,JN.1.8.1,917.1758208,551552,0.0016629,#FFB027
2024-04-09,Walla Walla County,KP.1.1,0.0,551552,0.0,#CBFF86
2024-04-09,Walla Walla County,KP.1.1.3,0.0,551552,0.0,#1EB3B6
2024-04-09,Walla Walla County,KP.1.2,0.0,551552,0.0,#D7B5A6
2024-04-09,Walla Walla County,KP.2,86531.0904256,551552,0.15688655,#5875A1
2024-04-09,Walla Walla County,KP.2.15,0.0,551552,0.0,#175DFF
2024-04-09,Walla Walla County,KP.2.3,0.0,551552,0.0,#628DE8
2024-04-09,Walla Walla County,KP.3,39110.651599360004,551552,0.07091018,#B06589
2024-04-09,Walla Walla County,KP.3.1.1,0.0,551552,0.0,#2F92A1
2024-04-09,Walla Walla County,KP.4.1,0.0,551552,0.0,#FF473A
2024-04-09,Walla Walla County,KQ.1,0.0,551552,0.0,#E86CDE
2024-04-09,Walla Walla County,KV.2,0.0,551552,0.0,#E14365
2024-04-09,Walla Walla County,KW.1.1,0.0,551552,0.0,#34A0FF
2024-04-09,Walla Walla County,LB.1,0.0,551552,0.0,#795653
2024-04-09,Walla Walla County,Recombinant,0.0,551552,0.0,#FF0000
2024-04-09,Walla Walla County,XBB,0.0,551552,0.0,#9FA8DA
2024-04-09,Walla Walla County,XBB.1.16,0.0,551552,0.0,#4527A0
2024-04-09,Walla Walla County,XBB.1.16.1,0.0,551552,0.0,#F89B9B
2024-04-09,Walla Walla County,XBB.1.16.15,0.0,551552,0.0,#E3B5FA
2024-04-09,Walla Walla County,XBB.1.16.6,0.0,551552,0.0,#5AA350
2024-04-09,Walla Walla County,XBB.1.42.1,0.0,551552,0.0,#75D1A3
2024-04-09,Walla Walla County,XBB.1.5,0.0,551552,0.0,#3F51B5
2024-04-09,Walla Walla County,XBB.1.5.70,0.0,551552,0.0,#46783C
2024-04-09,Walla Walla County,XBB.1.5.72,0.0,551552,0.0,#254220
2024-04-09,Walla Walla County,XBB.1.9.1,0.0,551552,0.0,#304FFE
2024-04-09,Walla Walla County,XBB.1.9.2,0.0,551552,0.0,#536DFE
2024-04-09,Walla Walla County,XBB.2.3,0.0,551552,0.0,#F7BCDF
2024-04-09,Walla Walla County,XDP,0.0,551552,0.0,#B60052
2024-04-09,Walla Walla County,XDV.1,0.0,551552,0.0,#D367B6
2024-04-09,Walla Walla County,unreportable,7509.11021952,551552,0.01361451,#eeeeee
2024-04-09,Yakima County,BA.2,0.0,1192348,0.0,#9CCD67
2024-04-09,Yakima County,BA.2.12.1,0.0,1192348,0.0,#7CB342
2024-04-09,Yakima County,BA.2.86,0.0,1192348,0.0,#D770EE
2024-04-09,Yakima County,EG.5,0.0,1192348,0.0,#FFBE7D
2024-04-09,Yakima County,EG.5.1.8,0.0,1192348,0.0,#E14D6F
2024-04-09,Yakima County,EG.6.1,0.0,1192348,0.0,#B9ABA8
2024-04-09,Yakima County,FE.1.1,0.0,1192348,0.0,#499894
2024-04-09,Yakima County,FL.1.5.1,0.0,1192348,0.0,#8CD17D
2024-04-09,Yakima County,GE.1,0.0,1192348,0.0,#FABFD2
2024-04-09,Yakima County,GK.1.1,0.0,1192348,0.0,#90FAE5
2024-04-09,Yakima County,HF.1,0.0,1192348,0.0,#D399AD
2024-04-09,Yakima County,HK.3,0.0,1192348,0.0,#859DBC
2024-04-09,Yakima County,HV.1,0.0,1192348,0.0,#797765
2024-04-09,Yakima County,JD.1.1,0.0,1192348,0.0,#80F192
2024-04-09,Yakima County,JF.1,0.0,1192348,0.0,#FFF1A9
2024-04-09,Yakima County,JG.3,0.0,1192348,0.0,#66A172
2024-04-09,Yakima County,JN.1,662931.01785756,1192348,0.5559878641617715,#61018F
2024-04-09,Yakima County,JN.1.11.1,378.0627144,1192348,0.00031707413808720273,#5C9CF1
2024-04-09,Yakima County,JN.1.13,0.0,1192348,0.0,#E83C78
2024-04-09,Yakima County,JN.1.13.1,0.0,1192348,0.0,#F2591C
2024-04-09,Yakima County,JN.1.16,1392.56819028,1192348,0.0011679209343916372,#BC3A88
2024-04-09,Yakima County,JN.1.16.1,135724.24513212,1192348,0.1138293896849913,#366298
2024-04-09,Yakima County,JN.1.18,147034.76274332,1192348,0.12331530957683495,#4AF32F
2024-04-09,Yakima County,JN.1.32,2662.3948511999997,1192348,0.002232900840358687,#2E7919
2024-04-09,Yakima County,JN.1.4.3,0.0,1192348,0.0,#9D1010
2024-04-09,Yakima County,JN.1.7,142854.312912,1192348,0.11980924437496435,#CF15E8
2024-04-09,Yakima County,JN.1.8.1,0.0,1192348,0.0,#FFB027
2024-04-09,Yakima County,KP.1.1,2549.46846676,1192348,0.0021381915906765474,#CBFF86
2024-04-09,Yakima County,KP.1.1.3,0.0,1192348,0.0,#1EB3B6
2024-04-09,Yakima County,KP.1.2,0.0,1192348,0.0,#D7B5A6
2024-04-09,Yakima County,KP.2,81787.56484136,1192348,0.06859370321530292,#5875A1
2024-04-09,Yakima County,KP.2.15,0.0,1192348,0.0,#175DFF
2024-04-09,Yakima County,KP.2.3,0.0,1192348,0.0,#628DE8
2024-04-09,Yakima County,KP.3,0.0,1192348,0.0,#B06589
2024-04-09,Yakima County,KP.3.1.1,0.0,1192348,0.0,#2F92A1
2024-04-09,Yakima County,KP.4.1,0.0,1192348,0.0,#FF473A
2024-04-09,Yakima County,KQ.1,0.0,1192348,0.0,#E86CDE
2024-04-09,Yakima County,KV.2,0.0,1192348,0.0,#E14365
2024-04-09,Yakima County,KW.1.1,0.0,1192348,0.0,#34A0FF
2024-04-09,Yakima County,LB.1,0.0,1192348,0.0,#795653
2024-04-09,Yakima County,Recombinant,0.0,1192348,0.0,#FF0000
2024-04-09,Yakima County,XBB,0.0,1192348,0.0,#9FA8DA
2024-04-09,Yakima County,XBB.1.16,0.0,1192348,0.0,#4527A0
2024-04-09,Yakima County,XBB.1.16.1,0.0,1192348,0.0,#F89B9B
2024-04-09,Yakima County,XBB.1.16.15,0.0,1192348,0.0,#E3B5FA
2024-04-09,Yakima County,XBB.1.16.6,0.0,1192348,0.0,#5AA350
2024-04-09,Yakima County,XBB.1.42.1,0.0,1192348,0.0,#75D1A3
2024-04-09,Yakima County,XBB.1.5,0.0,1192348,0.0,#3F51B5
2024-04-09,Yakima County,XBB.1.5.70,0.0,1192348,0.0,#46783C
2024-04-09,Yakima County,XBB.1.5.72,0.0,1192348,0.0,#254220
2024-04-09,Yakima County,XBB.1.9.1,0.0,1192348,0.0,#304FFE
2024-04-09,Yakima County,XBB.1.9.2,0.0,1192348,0.0,#536DFE
2024-04-09,Yakima County,XBB.2.3,0.0,1192348,0.0,#F7BCDF
2024-04-09,Yakima County,XDP,0.0,1192348,0.0,#B60052
2024-04-09,Yakima County,XDV.1,0.0,1192348,0.0,#D367B6
2024-04-09,Yakima County,unreportable,15033.593741919998,1192348,0.012608394312667106,#eeeeee
2024-04-16,Chelan County,BA.2,0.0,147916,0.0,#9CCD67
2024-04-16,Chelan County,BA.2.12.1,0.0,147916,0.0,#7CB342
2024-04-16,Chelan County,BA.2.86,0.0,147916,0.0,#D770EE
2024-04-16,Chelan County,EG.5,0.0,147916,0.0,#FFBE7D
2024-04-16,Chelan County,EG.5.1.8,0.0,147916,0.0,#E14D6F
2024-04-16,Chelan County,EG.6.1,0.0,147916,0.0,#B9ABA8
2024-04-16,Chelan County,FE.1.1,0.0,147916,0.0,#499894
2024-04-16,Chelan County,FL.1.5.1,0.0,147916,0.0,#8CD17D
2024-04-16,Chelan County,GE.1,0.0,147916,0.0,#FABFD2
2024-04-16,Chelan County,GK.1.1,0.0,147916,0.0,#90FAE5
2024-04-16,Chelan County,HF.1,0.0,147916,0.0,#D399AD
2024-04-16,Chelan County,HK.3,0.0,147916,0.0,#859DBC
2024-04-16,Chelan County,HV.1,0.0,147916,0.0,#797765
2024-04-16,Chelan County,JD.1.1,0.0,147916,0.0,#80F192
2024-04-16,Chelan County,JF.1,0.0,147916,0.0,#FFF1A9
2024-04-16,Chelan County,JG.3,0.0,147916,0.0,#66A172
2024-04-16,Chelan County,JN.1,125056.99627696,147916,0.84545956,#61018F
2024-04-16,Chelan County,JN.1.11.1,0.0,147916,0.0,#5C9CF1
2024-04-16,Chelan County,JN.1.13,0.0,147916,0.0,#E83C78
2024-04-16,Chelan County,JN.1.13.1,0.0,147916,0.0,#F2591C
2024-04-16,Chelan County,JN.1.16,0.0,147916,0.0,#BC3A88
2024-04-16,Chelan County,JN.1.16.1,0.0,147916,0.0,#366298
2024-04-16,Chelan County,JN.1.18,0.0,147916,0.0,#4AF32F
2024-04-16,Chelan County,JN.1.32,0.0,147916,0.0,#2E7919
2024-04-16,Chelan County,JN.1.4.3,0.0,147916,0.0,#9D1010
2024-04-16,Chelan County,JN.1.7,0.0,147916,0.0,#CF15E8
2024-04-16,Chelan County,JN.1.8.1,21669.92622812,147916,0.14650157,#FFB027
2024-04-16,Chelan County,KP.1.1,0.0,147916,0.0,#CBFF86
2024-04-16,Chelan County,KP.1.1.3,0.0,147916,0.0,#1EB3B6
2024-04-16,Chelan County,KP.1.2,0.0,147916,0.0,#D7B5A6
2024-04-16,Chelan County,KP.2,0.0,147916,0.0,#5875A1
2024-04-16,Chelan County,KP.2.15,0.0,147916,0.0,#175DFF
2024-04-16,Chelan County,KP.2.3,0.0,147916,0.0,#628DE8
2024-04-16,Chelan County,KP.3,0.0,147916,0.0,#B06589
2024-04-16,Chelan County,KP.3.1.1,0.0,147916,0.0,#2F92A1
2024-04-16,Chelan County,KP.4.1,0.0,147916,0.0,#FF473A
2024-04-16,Chelan County,KQ.1,0.0,147916,0.0,#E86CDE
2024-04-16,Chelan County,KV.2,0.0,147916,0.0,#E14365
2024-04-16,Chelan County,KW.1.1,260.55255484,147916,0.00176149,#34A0FF
2024-04-16,Chelan County,LB.1,0.0,147916,0.0,#795653
2024-04-16,Chelan County,Recombinant,0.0,147916,0.0,#FF0000
2024-04-16,Chelan County,XBB,0.0,147916,0.0,#9FA8DA
2024-04-16,Chelan County,XBB.1.16,0.0,147916,0.0,#4527A0
2024-04-16,Chelan County,XBB.1.16.1,0.0,147916,0.0,#F89B9B
2024-04-16,Chelan County,XBB.1.16.15,0.0,147916,0.0,#E3B5FA
2024-04-16,Chelan County,XBB.1.16.6,0.0,147916,0.0,#5AA350
2024-04-16,Chelan County,XBB.1.42.1,0.0,147916,0.0,#75D1A3
2024-04-16,Chelan County,XBB.1.5,0.0,147916,0.0,#3F51B5
2024-04-16,Chelan County,XBB.1.5.70,0.0,147916,0.0,#46783C
2024-04-16,Chelan County,XBB.1.5.72,0.0,147916,0.0,#254220
2024-04-16,Chelan County,XBB.1.9.1,0.0,147916,0.0,#304FFE
2024-04-16,Chelan County,XBB.1.9.2,0.0,147916,0.0,#536DFE
2024-04-16,Chelan County,XBB.2.3,0.0,147916,0.0,#F7BCDF
2024-04-16,Chelan County,XDP,0.0,147916,0.0,#B60052
2024-04-16,Chelan County,XDV.1,0.0,147916,0.0,#D367B6
2024-04-16,Chelan County,unreportable,928.52494008,147916,0.00627738,#eeeeee
2024-04-23,Benton County,BA.2,0.0,1209268,0.0,#9CCD67
2024-04-23,Benton County,BA.2.12.1,0.0,1209268,0.0,#7CB342
2024-04-23,Benton County,BA.2.86,0.0,1209268,0.0,#D770EE
2024-04-23,Benton County,EG.5,0.0,1209268,0.0,#FFBE7D
2024-04-23,Benton County,EG.5.1.8,0.0,1209268,0.0,#E14D6F
2024-04-23,Benton County,EG.6.1,0.0,1209268,0.0,#B9ABA8
2024-04-23,Benton County,FE.1.1,0.0,1209268,0.0,#499894
2024-04-23,Benton County,FL.1.5.1,0.0,1209268,0.0,#8CD17D
2024-04-23,Benton County,GE.1,0.0,1209268,0.0,#FABFD2
2024-04-23,Benton County,GK.1.1,0.0,1209268,0.0,#90FAE5
2024-04-23,Benton County,HF.1,0.0,1209268,0.0,#D399AD
2024-04-23,Benton County,HK.3,0.0,1209268,0.0,#859DBC
2024-04-23,Benton County,HV.1,0.0,1209268,0.0,#797765
2024-04-23,Benton County,JD.1.1,0.0,1209268,0.0,#80F192
2024-04-23,Benton County,JF.1,0.0,1209268,0.0,#FFF1A9
2024-04-23,Benton County,JG.3,0.0,1209268,0.0,#66A172
2024-04-23,Benton County,JN.1,1201992.89603418,1209268,0.9939838778783363,#61018F
2024-04-23,Benton County,JN.1.11.1,0.0,1209268,0.0,#5C9CF1
2024-04-23,Benton County,JN.1.13,0.0,1209268,0.0,#E83C78
2024-04-23,Benton County,JN.1.13.1,0.0,1209268,0.0,#F2591C
2024-04-23,Benton County,JN.1.16,585.31858968,1209268,0.000484027188084031,#BC3A88
2024-04-23,Benton County,JN.1.16.1,0.0,1209268,0.0,#366298
2024-04-23,Benton County,JN.1.18,0.0,1209268,0.0,#4AF32F
2024-04-23,Benton County,JN.1.32,0.0,1209268,0.0,#2E7919
2024-04-23,Benton County,JN.1.4.3,0.0,1209268,0.0,#9D1010
2024-04-23,Benton County,JN.1.7,0.0,1209268,0.0,#CF15E8
2024-04-23,Benton County,JN.1.8.1,0.0,1209268,0.0,#FFB027
2024-04-23,Benton County,KP.1.1,0.0,1209268,0.0,#CBFF86
2024-04-23,Benton County,KP.1.1.3,0.0,1209268,0.0,#1EB3B6
2024-04-23,Benton County,KP.1.2,0.0,1209268,0.0,#D7B5A6
2024-04-23,Benton County,KP.2,0.0,1209268,0.0,#5875A1
2024-04-23,Benton County,KP.2.15,0.0,1209268,0.0,#175DFF
2024-04-23,Benton County,KP.2.3,0.0,1209268,0.0,#628DE8
2024-04-23,Benton County,KP.3,0.0,1209268,0.0,#B06589
2024-04-23,Benton County,KP.3.1.1,0.0,1209268,0.0,#2F92A1
2024-04-23,Benton County,KP.4.1,0.0,1209268,0.0,#FF473A
2024-04-23,Benton County,KQ.1,0.0,1209268,0.0,#E86CDE
2024-04-23,Benton County,KV.2,0.0,1209268,0.0,#E14365
2024-04-23,Benton County,KW.1.1,0.0,1209268,0.0,#34A0FF
2024-04-23,Benton County,LB.1,0.0,1209268,0.0,#795653
2024-04-23,Benton County,Recombinant,0.0,1209268,0.0,#FF0000
2024-04-23,Benton County,XBB,0.0,1209268,0.0,#9FA8DA
2024-04-23,Benton County,XBB.1.16,0.0,1209268,0.0,#4527A0
2024-04-23,Benton County,XBB.1.16.1,0.0,1209268,0.0,#F89B9B
2024-04-23,Benton County,XBB.1.16.15,0.0,1209268,0.0,#E3B5FA
2024-04-23,Benton County,XBB.1.16.6,0.0,1209268,0.0,#5AA350
2024-04-23,Benton County,XBB.1.42.1,0.0,1209268,0.0,#75D1A3
2024-04-23,Benton County,XBB.1.5,0.0,1209268,0.0,#3F51B5
2024-04-23,Benton County,XBB.1.5.70,0.0,1209268,0.0,#46783C
2024-04-23,Benton County,XBB.1.5.72,0.0,1209268,0.0,#254220
2024-04-23,Benton County,XBB.1.9.1,0.0,1209268,0.0,#304FFE
2024-04-23,Benton County,XBB.1.9.2,0.0,1209268,0.0,#536DFE
2024-04-23,Benton County,XBB.2.3,0.0,1209268,0.0,#F7BCDF
2024-04-23,Benton County,XDP,0.0,1209268,0.0,#B60052
2024-04-23,Benton County,XDV.1,0.0,1209268,0.0,#D367B6
2024-04-23,Benton County,unreportable,6689.79039792,1209268,0.005532099086323296,#eeeeee
2024-04-23,Franklin County,BA.2,0.0,737220,0.0,#9CCD67
2024-04-23,Franklin County,BA.2.12.1,0.0,737220,0.0,#7CB342
2024-04-23,Franklin County,BA.2.86,0.0,737220,0.0,#D770EE
2024-04-23,Franklin County,EG.5,0.0,737220,0.0,#FFBE7D
2024-04-23,Franklin County,EG.5.1.8,0.0,737220,0.0,#E14D6F
2024-04-23,Franklin County,EG.6.1,0.0,737220,0.0,#B9ABA8
2024-04-23,Franklin County,FE.1.1,0.0,737220,0.0,#499894
2024-04-23,Franklin County,FL.1.5.1,0.0,737220,0.0,#8CD17D
2024-04-23,Franklin County,GE.1,0.0,737220,0.0,#FABFD2
2024-04-23,Franklin County,GK.1.1,0.0,737220,0.0,#90FAE5
2024-04-23,Franklin County,HF.1,0.0,737220,0.0,#D399AD
2024-04-23,Franklin County,HK.3,0.0,737220,0.0,#859DBC
2024-04-23,Franklin County,HV.1,0.0,737220,0.0,#797765
2024-04-23,Franklin County,JD.1.1,0.0,737220,0.0,#80F192
2024-04-23,Franklin County,JF.1,0.0,737220,0.0,#FFF1A9
2024-04-23,Franklin County,JG.3,0.0,737220,0.0,#66A172
2024-04-23,Franklin County,JN.1,39328.033008,737220,0.053346399999999995,#61018F
2024-04-23,Franklin County,JN.1.11.1,0.0,737220,0.0,#5C9CF1
2024-04-23,Franklin County,JN.1.13,0.0,737220,0.0,#E83C78
2024-04-23,Franklin County,JN.1.13.1,0.0,737220,0.0,#F2591C
2024-04-23,Franklin County,JN.1.16,345833.5659834,737220,0.46910496999999995,#BC3A88
2024-04-23,Franklin County,JN.1.16.1,274987.9330242,737220,0.37300661,#366298
2024-04-23,Franklin County,JN.1.18,63886.836446400004,737220,0.08665912,#4AF32F
2024-04-23,Franklin County,JN.1.32,0.0,737220,0.0,#2E7919
2024-04-23,Franklin County,JN.1.4.3,0.0,737220,0.0,#9D1010
2024-04-23,Franklin County,JN.1.7,0.0,737220,0.0,#CF15E8
2024-04-23,Franklin County,JN.1.8.1,0.0,737220,0.0,#FFB027
2024-04-23,Franklin County,KP.1.1,2161.7870669999998,737220,0.00293235,#CBFF86
2024-04-23,Franklin County,KP.1.1.3,0.0,737220,0.0,#1EB3B6
2024-04-23,Franklin County,KP.1.2,0.0,737220,0.0,#D7B5A6
2024-04-23,Franklin County,KP.2,0.0,737220,0.0,#5875A1
2024-04-23,Franklin County,KP.2.15,0.0,737220,0.0,#175DFF
2024-04-23,Franklin County,KP.2.3,0.0,737220,0.0,#628DE8
2024-04-23,Franklin County,KP.3,0.0,737220,0.0,#B06589
2024-04-23,Franklin County,KP.3.1.1,0.0,737220,0.0,#2F92A1
2024-04-23,Franklin County,KP.4.1,0.0,737220,0.0,#FF473A
2024-04-23,Franklin County,KQ.1,1623.8744940000001,737220,0.0022027,#E86CDE
2024-04-23,Franklin County,KV.2,0.0,737220,0.0,#E14365
2024-04-23,Franklin County,KW.1.1,0.0,737220,0.0,#34A0FF
2024-04-23,Franklin County,LB.1,0.0,737220,0.0,#795653
2024-04-23,Franklin County,Recombinant,0.0,737220,0.0,#FF0000
2024-04-23,Franklin County,XBB,0.0,737220,0.0,#9FA8DA
2024-04-23,Franklin County,XBB.1.16,0.0,737220,0.0,#4527A0
2024-04-23,Franklin County,XBB.1.16.1,0.0,737220,0.0,#F89B9B
2024-04-23,Franklin County,XBB.1.16.15,0.0,737220,0.0,#E3B5FA
2024-04-23,Franklin County,XBB.1.16.6,0.0,737220,0.0,#5AA350
2024-04-23,Franklin County,XBB.1.42.1,0.0,737220,0.0,#75D1A3
2024-04-23,Franklin County,XBB.1.5,0.0,737220,0.0,#3F51B5
2024-04-23,Franklin County,XBB.1.5.70,0.0,737220,0.0,#46783C
2024-04-23,Franklin County,XBB.1.5.72,0.0,737220,0.0,#254220
2024-04-23,Franklin County,XBB.1.9.1,0.0,737220,0.0,#304FFE
2024-04-23,Franklin County,XBB.1.9.2,0.0,737220,0.0,#536DFE
2024-04-23,Franklin County,XBB.2.3,0.0,737220,0.0,#F7BCDF
2024-04-23,Franklin County,XDP,0.0,737220,0.0,#B60052
2024-04-23,Franklin County,XDV.1,0.0,737220,0.0,#D367B6
2024-04-23,Franklin County,unreportable,9397.9626048,737220,0.012747839999999998,#eeeeee
2024-04-23,Island County,BA.2,0.0,1778632,0.0,#9CCD67
2024-04-23,Island County,BA.2.12.1,0.0,1778632,0.0,#7CB342
2024-04-23,Island County,BA.2.86,603.89498787,1778632,0.00033952778757494526,#D770EE
2024-04-23,Island County,EG.5,0.0,1778632,0.0,#FFBE7D
2024-04-23,Island County,EG.5.1.8,0.0,1778632,0.0,#E14D6F
2024-04-23,Island County,EG.6.1,0.0,1778632,0.0,#B9ABA8
2024-04-23,Island County,FE.1.1,0.0,1778632,0.0,#499894
2024-04-23,Island County,FL.1.5.1,0.0,1778632,0.0,#8CD17D
2024-04-23,Island County,GE.1,0.0,1778632,0.0,#FABFD2
2024-04-23,Island County,GK.1.1,0.0,1778632,0.0,#90FAE5
2024-04-23,Island County,HF.1,0.0,1778632,0.0,#D399AD
2024-04-23,Island County,HK.3,0.0,1778632,0.0,#859DBC
2024-04-23,Island County,HV.1,0.0,1778632,0.0,#797765
2024-04-23,Island County,JD.1.1,0.0,1778632,0.0,#80F192
2024-04-23,Island County,JF.1,0.0,1778632,0.0,#FFF1A9
2024-04-23,Island County,JG.3,0.0,1778632,0.0,#66A172
2024-04-23,Island County,JN.1,605501.0923605,1778632,0.340430787459407,#61018F
2024-04-23,Island County,JN.1.11.1,45874.36162833,1778632,0.02579193539098026,#5C9CF1
2024-04-23,Island County,JN.1.13,0.0,1778632,0.0,#E83C78
2024-04-23,Island County,JN.1.13.1,0.0,1778632,0.0,#F2591C
2024-04-23,Island County,JN.1.16,313112.56715600996,1778632,0.17604123121365745,#BC3A88
2024-04-23,Island County,JN.1.16.1,419878.84421004,1778632,0.23606841899282144,#366298
2024-04-23,Island County,JN.1.18,42286.34237998,1778632,0.023774643872358083,#4AF32F
2024-04-23,Island County,JN.1.32,6419.8530696,1778632,0.00360943301908433,#2E7919
2024-04-23,Island County,JN.1.4.3,151450.12617915,1778632,0.08514978150575835,#9D1010
2024-04-23,Island County,JN.1.7,103696.32579313999,1778632,0.05830116954667407,#CF15E8
2024-04-23,Island County,JN.1.8.1,2822.81639775,1778632,0.0015870716358133666,#FFB027
2024-04-23,Island County,KP.1.1,0.0,1778632,0.0,#CBFF86
2024-04-23,Island County,KP.1.1.3,0.0,1778632,0.0,#1EB3B6
2024-04-23,Island County,KP.1.2,0.0,1778632,0.0,#D7B5A6
2024-04-23,Island County,KP.2,0.0,1778632,0.0,#5875A1
2024-04-23,Island County,KP.2.15,0.0,1778632,0.0,#175DFF
2024-04-23,Island County,KP.2.3,0.0,1778632,0.0,#628DE8
2024-04-23,Island County,KP.3,0.0,1778632,0.0,#B06589
2024-04-23,Island County,KP.3.1.1,0.0,1778632,0.0,#2F92A1
2024-04-23,Island County,KP.4.1,747.42607905,1778632,0.00042022525123240785,#FF473A
2024-04-23,Island County,KQ.1,52059.02667265,1778632,0.029269138682228812,#E86CDE
2024-04-23,Island County,KV.2,0.0,1778632,0.0,#E14365
2024-04-23,Island County,KW.1.1,0.0,1778632,0.0,#34A0FF
2024-04-23,Island County,LB.1,0.0,1778632,0.0,#795653
2024-04-23,Island County,Recombinant,0.0,1778632,0.0,#FF0000
2024-04-23,Island County,XBB,0.0,1778632,0.0,#9FA8DA
2024-04-23,Island County,XBB.1.16,0.0,1778632,0.0,#4527A0
2024-04-23,Island County,XBB.1.16.1,0.0,1778632,0.0,#F89B9B
2024-04-23,Island County,XBB.1.16.15,0.0,1778632,0.0,#E3B5FA
2024-04-23,Island County,XBB.1.16.6,0.0,1778632,0.0,#5AA350
2024-04-23,Island County,XBB.1.42.1,0.0,1778632,0.0,#75D1A3
2024-04-23,Island County,XBB.1.5,0.0,1778632,0.0,#3F51B5
2024-04-23,Island County,XBB.1.5.70,0.0,1778632,0.0,#46783C
2024-04-23,Island County,XBB.1.5.72,0.0,1778632,0.0,#254220
2024-04-23,Island County,XBB.1.9.1,0.0,1778632,0.0,#304FFE
2024-04-23,Island County,XBB.1.9.2,0.0,1778632,0.0,#536DFE
2024-04-23,Island County,XBB.2.3,0.0,1778632,0.0,#F7BCDF
2024-04-23,Island County,XDP,20459.0768805,1778632,0.011502703696155248,#B60052
2024-04-23,Island County,XDV.1,0.0,1778632,0.0,#D367B6
2024-04-23,Island County,unreportable,13720.262282659998,1778632,0.007713940985352787,#eeeeee
2024-04-23,Jefferson County,BA.2,0.0,162770,0.0,#9CCD67
2024-04-23,Jefferson County,BA.2.12.1,0.0,162770,0.0,#7CB342
2024-04-23,Jefferson County,BA.2.86,222.1191974,162770,0.00136462,#D770EE
2024-04-23,Jefferson County,EG.5,0.0,162770,0.0,#FFBE7D
2024-04-23,Jefferson County,EG.5.1.8,0.0,162770,0.0,#E14D6F
2024-04-23,Jefferson County,EG.6.1,0.0,162770,0.0,#B9ABA8
2024-04-23,Jefferson County,FE.1.1,0.0,162770,0.0,#499894
2024-04-23,Jefferson County,FL.1.5.1,0.0,162770,0.0,#8CD17D
2024-04-23,Jefferson County,GE.1,0.0,162770,0.0,#FABFD2
2024-04-23,Jefferson County,GK.1.1,0.0,162770,0.0,#90FAE5
2024-04-23,Jefferson County,HF.1,0.0,162770,0.0,#D399AD
2024-04-23,Jefferson County,HK.3,0.0,162770,0.0,#859DBC
2024-04-23,Jefferson County,HV.1,0.0,162770,0.0,#797765
2024-04-23,Jefferson County,JD.1.1,0.0,162770,0.0,#80F192
2024-04-23,Jefferson County,JF.1,0.0,162770,0.0,#FFF1A9
2024-04-23,Jefferson County,JG.3,0.0,162770,0.0,#66A172
2024-04-23,Jefferson County,JN.1,79421.0399678,162770,0.48793413999999996,#61018F
2024-04-23,Jefferson County,JN.1.11.1,0.0,162770,0.0,#5C9CF1
2024-04-23,Jefferson County,JN.1.13,0.0,162770,0.0,#E83C78
2024-04-23,Jefferson County,JN.1.13.1,0.0,162770,0.0,#F2591C
2024-04-23,Jefferson County,JN.1.16,29062.814633399998,162770,0.17855142,#BC3A88
2024-04-23,Jefferson County,JN.1.16.1,0.0,162770,0.0,#366298
2024-04-23,Jefferson County,JN.1.18,270.4814198,162770,0.00166174,#4AF32F
2024-04-23,Jefferson County,JN.1.32,0.0,162770,0.0,#2E7919
2024-04-23,Jefferson County,JN.1.4.3,0.0,162770,0.0,#9D1010
2024-04-23,Jefferson County,JN.1.7,50255.7388316,162770,0.30875308,#CF15E8
2024-04-23,Jefferson County,JN.1.8.1,0.0,162770,0.0,#FFB027
2024-04-23,Jefferson County,KP.1.1,786.2588572999999,162770,0.00483049,#CBFF86
2024-04-23,Jefferson County,KP.1.1.3,0.0,162770,0.0,#1EB3B6
2024-04-23,Jefferson County,KP.1.2,0.0,162770,0.0,#D7B5A6
2024-04-23,Jefferson County,KP.2,0.0,162770,0.0,#5875A1
2024-04-23,Jefferson County,KP.2.15,0.0,162770,0.0,#175DFF
2024-04-23,Jefferson County,KP.2.3,0.0,162770,0.0,#628DE8
2024-04-23,Jefferson County,KP.3,0.0,162770,0.0,#B06589
2024-04-23,Jefferson County,KP.3.1.1,0.0,162770,0.0,#2F92A1
2024-04-23,Jefferson County,KP.4.1,0.0,162770,0.0,#FF473A
2024-04-23,Jefferson County,KQ.1,0.0,162770,0.0,#E86CDE
2024-04-23,Jefferson County,KV.2,0.0,162770,0.0,#E14365
2024-04-23,Jefferson County,KW.1.1,0.0,162770,0.0,#34A0FF
2024-04-23,Jefferson County,LB.1,0.0,162770,0.0,#795653
2024-04-23,Jefferson County,Recombinant,0.0,162770,0.0,#FF0000
2024-04-23,Jefferson County,XBB,0.0,162770,0.0,#9FA8DA
2024-04-23,Jefferson County,XBB.1.16,0.0,162770,0.0,#4527A0
2024-04-23,Jefferson County,XBB.1.16.1,0.0,162770,0.0,#F89B9B
2024-04-23,Jefferson County,XBB.1.16.15,0.0,162770,0.0,#E3B5FA
2024-04-23,Jefferson County,XBB.1.16.6,0.0,162770,0.0,#5AA350
2024-04-23,Jefferson County,XBB.1.42.1,0.0,162770,0.0,#75D1A3
2024-04-23,Jefferson County,XBB.1.5,0.0,162770,0.0,#3F51B5
2024-04-23,Jefferson County,XBB.1.5.70,0.0,162770,0.0,#46783C
2024-04-23,Jefferson County,XBB.1.5.72,0.0,162770,0.0,#254220
2024-04-23,Jefferson County,XBB.1.9.1,0.0,162770,0.0,#304FFE
2024-04-23,Jefferson County,XBB.1.9.2,0.0,162770,0.0,#536DFE
2024-04-23,Jefferson County,XBB.2.3,0.0,162770,0.0,#F7BCDF
2024-04-23,Jefferson County,XDP,0.0,162770,0.0,#B60052
2024-04-23,Jefferson County,XDV.1,0.0,162770,0.0,#D367B6
2024-04-23,Jefferson County,unreportable,2751.5487204,162770,0.01690452,#eeeeee
2024-04-23,Kittitas County,BA.2,0.0,862782,0.0,#9CCD67
2024-04-23,Kittitas County,BA.2.12.1,0.0,862782,0.0,#7CB342
2024-04-23,Kittitas County,BA.2.86,1089.59561856,862782,0.0012628863589643734,#D770EE
2024-04-23,Kittitas County,EG.5,0.0,862782,0.0,#FFBE7D
2024-04-23,Kittitas County,EG.5.1.8,0.0,862782,0.0,#E14D6F
2024-04-23,Kittitas County,EG.6.1,0.0,862782,0.0,#B9ABA8
2024-04-23,Kittitas County,FE.1.1,0.0,862782,0.0,#499894
2024-04-23,Kittitas County,FL.1.5.1,0.0,862782,0.0,#8CD17D
2024-04-23,Kittitas County,GE.1,0.0,862782,0.0,#FABFD2
2024-04-23,Kittitas County,GK.1.1,0.0,862782,0.0,#90FAE5
2024-04-23,Kittitas County,HF.1,0.0,862782,0.0,#D399AD
2024-04-23,Kittitas County,HK.3,0.0,862782,0.0,#859DBC
2024-04-23,Kittitas County,HV.1,0.0,862782,0.0,#797765
2024-04-23,Kittitas County,JD.1.1,0.0,862782,0.0,#80F192
2024-04-23,Kittitas County,JF.1,0.0,862782,0.0,#FFF1A9
2024-04-23,Kittitas County,JG.3,0.0,862782,0.0,#66A172
2024-04-23,Kittitas County,JN.1,565588.4100454199,862782,0.6555403451224294,#61018F
2024-04-23,Kittitas County,JN.1.11.1,132758.06416218,862782,0.15387208375021733,#5C9CF1
2024-04-23,Kittitas County,JN.1.13,0.0,862782,0.0,#E83C78
2024-04-23,Kittitas County,JN.1.13.1,0.0,862782,0.0,#F2591C
2024-04-23,Kittitas County,JN.1.16,0.0,862782,0.0,#BC3A88
2024-04-23,Kittitas County,JN.1.16.1,0.0,862782,0.0,#366298
2024-04-23,Kittitas County,JN.1.18,0.0,862782,0.0,#4AF32F
2024-04-23,Kittitas County,JN.1.32,0.0,862782,0.0,#2E7919
2024-04-23,Kittitas County,JN.1.4.3,0.0,862782,0.0,#9D1010
2024-04-23,Kittitas County,JN.1.7,0.0,862782,0.0,#CF15E8
2024-04-23,Kittitas County,JN.1.8.1,0.0,862782,0.0,#FFB027
2024-04-23,Kittitas County,KP.1.1,0.0,862782,0.0,#CBFF86
2024-04-23,Kittitas County,KP.1.1.3,0.0,862782,0.0,#1EB3B6
2024-04-23,Kittitas County,KP.1.2,141469.56411282,862782,0.16396907227181373,#D7B5A6
2024-04-23,Kittitas County,KP.2,9034.2223296,862782,0.010471037098131393,#5875A1
2024-04-23,Kittitas County,KP.2.15,0.0,862782,0.0,#175DFF
2024-04-23,Kittitas County,KP.2.3,0.0,862782,0.0,#628DE8
2024-04-23,Kittitas County,KP.3,8002.81110204,862782,0.009275588853314047,#B06589
2024-04-23,Kittitas County,KP.3.1.1,0.0,862782,0.0,#2F92A1
2024-04-23,Kittitas County,KP.4.1,0.0,862782,0.0,#FF473A
2024-04-23,Kittitas County,KQ.1,0.0,862782,0.0,#E86CDE
2024-04-23,Kittitas County,KV.2,0.0,862782,0.0,#E14365
2024-04-23,Kittitas County,KW.1.1,0.0,862782,0.0,#34A0FF
2024-04-23,Kittitas County,LB.1,0.0,862782,0.0,#795653
2024-04-23,Kittitas County,Recombinant,0.0,862782,0.0,#FF0000
2024-04-23,Kittitas County,XBB,0.0,862782,0.0,#9FA8DA
2024-04-23,Kittitas County,XBB.1.16,0.0,862782,0.0,#4527A0
2024-04-23,Kittitas County,XBB.1.16.1,0.0,862782,0.0,#F89B9B
2024-04-23,Kittitas County,XBB.1.16.15,0.0,862782,0.0,#E3B5FA
2024-04-23,Kittitas County,XBB.1.16.6,0.0,862782,0.0,#5AA350
2024-04-23,Kittitas County,XBB.1.42.1,0.0,862782,0.0,#75D1A3
2024-04-23,Kittitas County,XBB.1.5,0.0,862782,0.0,#3F51B5
2024-04-23,Kittitas County,XBB.1.5.70,0.0,862782,0.0,#46783C
2024-04-23,Kittitas County,XBB.1.5.72,0.0,862782,0.0,#254220
2024-04-23,Kittitas County,XBB.1.9.1,0.0,862782,0.0,#304FFE
2024-04-23,Kittitas County,XBB.1.9.2,0.0,862782,0.0,#536DFE
2024-04-23,Kittitas County,XBB.2.3,0.0,862782,0.0,#F7BCDF
2024-04-23,Kittitas County,XDP,0.0,862782,0.0,#B60052
2024-04-23,Kittitas County,XDV.1,0.0,862782,0.0,#D367B6
2024-04-23,Kittitas County,unreportable,4839.3383868,862782,0.005608993218217348,#eeeeee
2024-04-23,Okanogan County,BA.2,0.0,927810,0.0,#9CCD67
2024-04-23,Okanogan County,BA.2.12.1,0.0,927810,0.0,#7CB342
2024-04-23,Okanogan County,BA.2.86,0.0,927810,0.0,#D770EE
2024-04-23,Okanogan County,EG.5,0.0,927810,0.0,#FFBE7D
2024-04-23,Okanogan County,EG.5.1.8,0.0,927810,0.0,#E14D6F
2024-04-23,Okanogan County,EG.6.1,0.0,927810,0.0,#B9ABA8
2024-04-23,Okanogan County,FE.1.1,0.0,927810,0.0,#499894
2024-04-23,Okanogan County,FL.1.5.1,0.0,927810,0.0,#8CD17D
2024-04-23,Okanogan County,GE.1,0.0,927810,0.0,#FABFD2
2024-04-23,Okanogan County,GK.1.1,0.0,927810,0.0,#90FAE5
2024-04-23,Okanogan County,HF.1,0.0,927810,0.0,#D399AD
2024-04-23,Okanogan County,HK.3,0.0,927810,0.0,#859DBC
2024-04-23,Okanogan County,HV.1,0.0,927810,0.0,#797765
2024-04-23,Okanogan County,JD.1.1,0.0,927810,0.0,#80F192
2024-04-23,Okanogan County,JF.1,0.0,927810,0.0,#FFF1A9
2024-04-23,Okanogan County,JG.3,0.0,927810,0.0,#66A172
2024-04-23,Okanogan County,JN.1,42960.58590915,927810,0.046303215,#61018F
2024-04-23,Okanogan County,JN.1.11.1,15672.25570365,927810,0.016891665,#5C9CF1
2024-04-23,Okanogan County,JN.1.13,0.0,927810,0.0,#E83C78
2024-04-23,Okanogan County,JN.1.13.1,0.0,927810,0.0,#F2591C
2024-04-23,Okanogan County,JN.1.16,296526.57294780004,927810,0.31959838000000007,#BC3A88
2024-04-23,Okanogan County,JN.1.16.1,134196.8796792,927810,0.14463832000000001,#366298
2024-04-23,Okanogan County,JN.1.18,147514.43246669997,927810,0.15899206999999999,#4AF32F
2024-04-23,Okanogan County,JN.1.32,0.0,927810,0.0,#2E7919
2024-04-23,Okanogan County,JN.1.4.3,0.0,927810,0.0,#9D1010
2024-04-23,Okanogan County,JN.1.7,0.0,927810,0.0,#CF15E8
2024-04-23,Okanogan County,JN.1.8.1,0.0,927810,0.0,#FFB027
2024-04-23,Okanogan County,KP.1.1,1244.2210443,927810,0.00134103,#CBFF86
2024-04-23,Okanogan County,KP.1.1.3,0.0,927810,0.0,#1EB3B6
2024-04-23,Okanogan County,KP.1.2,0.0,927810,0.0,#D7B5A6
2024-04-23,Okanogan County,KP.2,102333.8059848,927810,0.11029607999999999,#5875A1
2024-04-23,Okanogan County,KP.2.15,0.0,927810,0.0,#175DFF
2024-04-23,Okanogan County,KP.2.3,0.0,927810,0.0,#628DE8
2024-04-23,Okanogan County,KP.3,0.0,927810,0.0,#B06589
2024-04-23,Okanogan County,KP.3.1.1,0.0,927810,0.0,#2F92A1
2024-04-23,Okanogan County,KP.4.1,0.0,927810,0.0,#FF473A
2024-04-23,Okanogan County,KQ.1,175709.11706595,927810,0.189380495,#E86CDE
2024-04-23,Okanogan County,KV.2,0.0,927810,0.0,#E14365
2024-04-23,Okanogan County,KW.1.1,0.0,927810,0.0,#34A0FF
2024-04-23,Okanogan County,LB.1,0.0,927810,0.0,#795653
2024-04-23,Okanogan County,Recombinant,0.0,927810,0.0,#FF0000
2024-04-23,Okanogan County,XBB,0.0,927810,0.0,#9FA8DA
2024-04-23,Okanogan County,XBB.1.16,0.0,927810,0.0,#4527A0
2024-04-23,Okanogan County,XBB.1.16.1,0.0,927810,0.0,#F89B9B
2024-04-23,Okanogan County,XBB.1.16.15,0.0,927810,0.0,#E3B5FA
2024-04-23,Okanogan County,XBB.1.16.6,0.0,927810,0.0,#5AA350
2024-04-23,Okanogan County,XBB.1.42.1,0.0,927810,0.0,#75D1A3
2024-04-23,Okanogan County,XBB.1.5,0.0,927810,0.0,#3F51B5
2024-04-23,Okanogan County,XBB.1.5.70,0.0,927810,0.0,#46783C
2024-04-23,Okanogan County,XBB.1.5.72,0.0,927810,0.0,#254220
2024-04-23,Okanogan County,XBB.1.9.1,0.0,927810,0.0,#304FFE
2024-04-23,Okanogan County,XBB.1.9.2,0.0,927810,0.0,#536DFE
2024-04-23,Okanogan County,XBB.2.3,0.0,927810,0.0,#F7BCDF
2024-04-23,Okanogan County,XDP,0.0,927810,0.0,#B60052
2024-04-23,Okanogan County,XDV.1,0.0,927810,0.0,#D367B6
2024-04-23,Okanogan County,unreportable,11652.1338375,927810,0.012558749999999999,#eeeeee
2024-04-23,Spokane County,BA.2,0.0,713850,0.0,#9CCD67
2024-04-23,Spokane County,BA.2.12.1,0.0,713850,0.0,#7CB342
2024-04-23,Spokane County,BA.2.86,0.0,713850,0.0,#D770EE
2024-04-23,Spokane County,EG.5,0.0,713850,0.0,#FFBE7D
2024-04-23,Spokane County,EG.5.1.8,0.0,713850,0.0,#E14D6F
2024-04-23,Spokane County,EG.6.1,0.0,713850,0.0,#B9ABA8
2024-04-23,Spokane County,FE.1.1,0.0,713850,0.0,#499894
2024-04-23,Spokane County,FL.1.5.1,0.0,713850,0.0,#8CD17D
2024-04-23,Spokane County,GE.1,0.0,713850,0.0,#FABFD2
2024-04-23,Spokane County,GK.1.1,0.0,713850,0.0,#90FAE5
2024-04-23,Spokane County,HF.1,0.0,713850,0.0,#D399AD
2024-04-23,Spokane County,HK.3,0.0,713850,0.0,#859DBC
2024-04-23,Spokane County,HV.1,0.0,713850,0.0,#797765
2024-04-23,Spokane County,JD.1.1,0.0,713850,0.0,#80F192
2024-04-23,Spokane County,JF.1,0.0,713850,0.0,#FFF1A9
2024-04-23,Spokane County,JG.3,0.0,713850,0.0,#66A172
2024-04-23,Spokane County,JN.1,10657.138035,713850,0.0149291,#61018F
2024-04-23,Spokane County,JN.1.11.1,0.0,713850,0.0,#5C9CF1
2024-04-23,Spokane County,JN.1.13,0.0,713850,0.0,#E83C78
2024-04-23,Spokane County,JN.1.13.1,379246.261434,713850,0.53126884,#F2591C
2024-04-23,Spokane County,JN.1.16,0.0,713850,0.0,#BC3A88
2024-04-23,Spokane County,JN.1.16.1,320539.465866,713850,0.44902916,#366298
2024-04-23,Spokane County,JN.1.18,3406.4850615,713850,0.00477199,#4AF32F
2024-04-23,Spokane County,JN.1.32,0.0,713850,0.0,#2E7919
2024-04-23,Spokane County,JN.1.4.3,0.0,713850,0.0,#9D1010
2024-04-23,Spokane County,JN.1.7,0.0,713850,0.0,#CF15E8
2024-04-23,Spokane County,JN.1.8.1,0.0,713850,0.0,#FFB027
2024-04-23,Spokane County,KP.1.1,0.0,713850,0.0,#CBFF86
2024-04-23,Spokane County,KP.1.1.3,0.0,713850,0.0,#1EB3B6
2024-04-23,Spokane County,KP.1.2,0.0,713850,0.0,#D7B5A6
2024-04-23,Spokane County,KP.2,0.0,713850,0.0,#5875A1
2024-04-23,Spokane County,KP.2.15,0.0,713850,0.0,#175DFF
2024-04-23,Spokane County,KP.2.3,0.0,713850,0.0,#628DE8
2024-04-23,Spokane County,KP.3,0.0,713850,0.0,#B06589
2024-04-23,Spokane County,KP.3.1.1,0.0,713850,0.0,#2F92A1
2024-04-23,Spokane County,KP.4.1,0.0,713850,0.0,#FF473A
2024-04-23,Spokane County,KQ.1,0.0,713850,0.0,#E86CDE
2024-04-23,Spokane County,KV.2,0.0,713850,0.0,#E14365
2024-04-23,Spokane County,KW.1.1,0.0,713850,0.0,#34A0FF
2024-04-23,Spokane County,LB.1,0.0,713850,0.0,#795653
2024-04-23,Spokane County,Recombinant,0.0,713850,0.0,#FF0000
2024-04-23,Spokane County,XBB,0.0,713850,0.0,#9FA8DA
2024-04-23,Spokane County,XBB.1.16,0.0,713850,0.0,#4527A0
2024-04-23,Spokane County,XBB.1.16.1,0.0,713850,0.0,#F89B9B
2024-04-23,Spokane County,XBB.1.16.15,0.0,713850,0.0,#E3B5FA
2024-04-23,Spokane County,XBB.1.16.6,0.0,713850,0.0,#5AA350
2024-04-23,Spokane County,XBB.1.42.1,0.0,713850,0.0,#75D1A3
2024-04-23,Spokane County,XBB.1.5,0.0,713850,0.0,#3F51B5
2024-04-23,Spokane County,XBB.1.5.70,0.0,713850,0.0,#46783C
2024-04-23,Spokane County,XBB.1.5.72,0.0,713850,0.0,#254220
2024-04-23,Spokane County,XBB.1.9.1,0.0,713850,0.0,#304FFE
2024-04-23,Spokane County,XBB.1.9.2,0.0,713850,0.0,#536DFE
2024-04-23,Spokane County,XBB.2.3,0.0,713850,0.0,#F7BCDF
2024-04-23,Spokane County,XDP,0.0,713850,0.0,#B60052
2024-04-23,Spokane County,XDV.1,0.0,713850,0.0,#D367B6
2024-04-23,Spokane County,unreportable,0.642465,713850,9e-07,#eeeeee
2024-04-23,Thurston County,BA.2,0.0,166384,0.0,#9CCD67
2024-04-23,Thurston County,BA.2.12.1,0.0,166384,0.0,#7CB342
2024-04-23,Thurston County,BA.2.86,0.0,166384,0.0,#D770EE
2024-04-23,Thurston County,EG.5,0.0,166384,0.0,#FFBE7D
2024-04-23,Thurston County,EG.5.1.8,0.0,166384,0.0,#E14D6F
2024-04-23,Thurston County,EG.6.1,0.0,166384,0.0,#B9ABA8
2024-04-23,Thurston County,FE.1.1,0.0,166384,0.0,#499894
2024-04-23,Thurston County,FL.1.5.1,0.0,166384,0.0,#8CD17D
2024-04-23,Thurston County,GE.1,0.0,166384,0.0,#FABFD2
2024-04-23,Thurston County,GK.1.1,0.0,166384,0.0,#90FAE5
2024-04-23,Thurston County,HF.1,0.0,166384,0.0,#D399AD
2024-04-23,Thurston County,HK.3,0.0,166384,0.0,#859DBC
2024-04-23,Thurston County,HV.1,0.0,166384,0.0,#797765
2024-04-23,Thurston County,JD.1.1,0.0,166384,0.0,#80F192
2024-04-23,Thurston County,JF.1,0.0,166384,0.0,#FFF1A9
2024-04-23,Thurston County,JG.3,0.0,166384,0.0,#66A172
2024-04-23,Thurston County,JN.1,1716.1713088,166384,0.010314521280892393,#61018F
2024-04-23,Thurston County,JN.1.11.1,0.0,166384,0.0,#5C9CF1
2024-04-23,Thurston County,JN.1.13,0.0,166384,0.0,#E83C78
2024-04-23,Thurston County,JN.1.13.1,0.0,166384,0.0,#F2591C
2024-04-23,Thurston County,JN.1.16,0.0,166384,0.0,#BC3A88
2024-04-23,Thurston County,JN.1.16.1,0.0,166384,0.0,#366298
2024-04-23,Thurston County,JN.1.18,0.0,166384,0.0,#4AF32F
2024-04-23,Thurston County,JN.1.32,2295.26207872,166384,0.013794968739301855,#2E7919
2024-04-23,Thurston County,JN.1.4.3,2596.48673024,166384,0.015605387117992113,#9D1010
2024-04-23,Thurston County,JN.1.7,58210.3746432,166384,0.3498556029618232,#CF15E8
2024-04-23,Thurston County,JN.1.8.1,0.0,166384,0.0,#FFB027
2024-04-23,Thurston County,KP.1.1,0.0,166384,0.0,#CBFF86
2024-04-23,Thurston County,KP.1.1.3,0.0,166384,0.0,#1EB3B6
2024-04-23,Thurston County,KP.1.2,202.13406719999998,166384,0.0012148648139244157,#D7B5A6
2024-04-23,Thurston County,KP.2,0.0,166384,0.0,#5875A1
2024-04-23,Thurston County,KP.2.15,0.0,166384,0.0,#175DFF
2024-04-23,Thurston County,KP.2.3,44351.0791776,166384,0.2665585583806135,#628DE8
2024-04-23,Thurston County,KP.3,0.0,166384,0.0,#B06589
2024-04-23,Thurston County,KP.3.1.1,0.0,166384,0.0,#2F92A1
2024-04-23,Thurston County,KP.4.1,0.0,166384,0.0,#FF473A
2024-04-23,Thurston County,KQ.1,2771.054208,166384,0.01665457140109626,#E86CDE
2024-04-23,Thurston County,KV.2,53506.7548944,166384,0.32158593911914607,#E14365
2024-04-23,Thurston County,KW.1.1,0.0,166384,0.0,#34A0FF
2024-04-23,Thurston County,LB.1,0.0,166384,0.0,#795653
2024-04-23,Thurston County,Recombinant,0.0,166384,0.0,#FF0000
2024-04-23,Thurston County,XBB,0.0,166384,0.0,#9FA8DA
2024-04-23,Thurston County,XBB.1.16,0.0,166384,0.0,#4527A0
2024-04-23,Thurston County,XBB.1.16.1,0.0,166384,0.0,#F89B9B
2024-04-23,Thurston County,XBB.1.16.15,0.0,166384,0.0,#E3B5FA
2024-04-23,Thurston County,XBB.1.16.6,0.0,166384,0.0,#5AA350
2024-04-23,Thurston County,XBB.1.42.1,0.0,166384,0.0,#75D1A3
2024-04-23,Thurston County,XBB.1.5,0.0,166384,0.0,#3F51B5
2024-04-23,Thurston County,XBB.1.5.70,0.0,166384,0.0,#46783C
2024-04-23,Thurston County,XBB.1.5.72,0.0,166384,0.0,#254220
2024-04-23,Thurston County,XBB.1.9.1,0.0,166384,0.0,#304FFE
2024-04-23,Thurston County,XBB.1.9.2,0.0,166384,0.0,#536DFE
2024-04-23,Thurston County,XBB.2.3,0.0,166384,0.0,#F7BCDF
2024-04-23,Thurston County,XDP,0.0,166384,0.0,#B60052
2024-04-23,Thurston County,XDV.1,0.0,166384,0.0,#D367B6
2024-04-23,Thurston County,unreportable,734.6822096,166384,0.004415582084815847,#eeeeee
2024-04-23,Walla Walla County,BA.2,0.0,551552,0.0,#9CCD67
2024-04-23,Walla Walla County,BA.2.12.1,0.0,551552,0.0,#7CB342
2024-04-23,Walla Walla County,BA.2.86,0.0,551552,0.0,#D770EE
2024-04-23,Walla Walla County,EG.5,0.0,551552,0.0,#FFBE7D
2024-04-23,Walla Walla County,EG.5.1.8,0.0,551552,0.0,#E14D6F
2024-04-23,Walla Walla County,EG.6.1,0.0,551552,0.0,#B9ABA8
2024-04-23,Walla Walla County,FE.1.1,0.0,551552,0.0,#499894
2024-04-23,Walla Walla County,FL.1.5.1,0.0,551552,0.0,#8CD17D
2024-04-23,Walla Walla County,GE.1,0.0,551552,0.0,#FABFD2
2024-04-23,Walla Walla County,GK.1.1,0.0,551552,0.0,#90FAE5
2024-04-23,Walla Walla County,HF.1,0.0,551552,0.0,#D399AD
2024-04-23,Walla Walla County,HK.3,0.0,551552,0.0,#859DBC
2024-04-23,Walla Walla County,HV.1,0.0,551552,0.0,#797765
2024-04-23,Walla Walla County,JD.1.1,0.0,551552,0.0,#80F192
2024-04-23,Walla Walla County,JF.1,0.0,551552,0.0,#FFF1A9
2024-04-23,Walla Walla County,JG.3,0.0,551552,0.0,#66A172
2024-04-23,Walla Walla County,JN.1,283985.44337151997,551552,0.51488426,#61018F
2024-04-23,Walla Walla County,JN.1.11.1,0.0,551552,0.0,#5C9CF1
2024-04-23,Walla Walla County,JN.1.13,0.0,551552,0.0,#E83C78
2024-04-23,Walla Walla County,JN.1.13.1,0.0,551552,0.0,#F2591C
2024-04-23,Walla Walla County,JN.1.16,37265.69912832,551552,0.06756516,#BC3A88
2024-04-23,Walla Walla County,JN.1.16.1,0.0,551552,0.0,#366298
2024-04-23,Walla Walla County,JN.1.18,0.0,551552,0.0,#4AF32F
2024-04-23,Walla Walla County,JN.1.32,0.0,551552,0.0,#2E7919
2024-04-23,Walla Walla County,JN.1.4.3,0.0,551552,0.0,#9D1010
2024-04-23,Walla Walla County,JN.1.7,0.0,551552,0.0,#CF15E8
2024-04-23,Walla Walla County,JN.1.8.1,225475.42833152,551552,0.40880176,#FFB027
2024-04-23,Walla Walla County,KP.1.1,0.0,551552,0.0,#CBFF86
2024-04-23,Walla Walla County,KP.1.1.3,0.0,551552,0.0,#1EB3B6
2024-04-23,Walla Walla County,KP.1.2,0.0,551552,0.0,#D7B5A6
2024-04-23,Walla Walla County,KP.2,0.0,551552,0.0,#5875A1
2024-04-23,Walla Walla County,KP.2.15,0.0,551552,0.0,#175DFF
2024-04-23,Walla Walla County,KP.2.3,0.0,551552,0.0,#628DE8
2024-04-23,Walla Walla County,KP.3,0.0,551552,0.0,#B06589
2024-04-23,Walla Walla County,KP.3.1.1,0.0,551552,0.0,#2F92A1
2024-04-23,Walla Walla County,KP.4.1,0.0,551552,0.0,#FF473A
2024-04-23,Walla Walla County,KQ.1,0.0,551552,0.0,#E86CDE
2024-04-23,Walla Walla County,KV.2,0.0,551552,0.0,#E14365
2024-04-23,Walla Walla County,KW.1.1,0.0,551552,0.0,#34A0FF
2024-04-23,Walla Walla County,LB.1,0.0,551552,0.0,#795653
2024-04-23,Walla Walla County,Recombinant,0.0,551552,0.0,#FF0000
2024-04-23,Walla Walla County,XBB,0.0,551552,0.0,#9FA8DA
2024-04-23,Walla Walla County,XBB.1.16,0.0,551552,0.0,#4527A0
2024-04-23,Walla Walla County,XBB.1.16.1,0.0,551552,0.0,#F89B9B
2024-04-23,Walla Walla County,XBB.1.16.15,0.0,551552,0.0,#E3B5FA
2024-04-23,Walla Walla County,XBB.1.16.6,0.0,551552,0.0,#5AA350
2024-04-23,Walla Walla County,XBB.1.42.1,0.0,551552,0.0,#75D1A3
2024-04-23,Walla Walla County,XBB.1.5,0.0,551552,0.0,#3F51B5
2024-04-23,Walla Walla County,XBB.1.5.70,0.0,551552,0.0,#46783C
2024-04-23,Walla Walla County,XBB.1.5.72,0.0,551552,0.0,#254220
2024-04-23,Walla Walla County,XBB.1.9.1,0.0,551552,0.0,#304FFE
2024-04-23,Walla Walla County,XBB.1.9.2,0.0,551552,0.0,#536DFE
2024-04-23,Walla Walla County,XBB.2.3,0.0,551552,0.0,#F7BCDF
2024-04-23,Walla Walla County,XDP,0.0,551552,0.0,#B60052
2024-04-23,Walla Walla County,XDV.1,0.0,551552,0.0,#D367B6
2024-04-23,Walla Walla County,unreportable,4825.429168639999,551552,0.00874882,#eeeeee
2024-04-23,Whitman County,BA.2,0.0,245487,0.0,#9CCD67
2024-04-23,Whitman County,BA.2.12.1,0.0,245487,0.0,#7CB342
2024-04-23,Whitman County,BA.2.86,0.0,245487,0.0,#D770EE
2024-04-23,Whitman County,EG.5,0.0,245487,0.0,#FFBE7D
2024-04-23,Whitman County,EG.5.1.8,0.0,245487,0.0,#E14D6F
2024-04-23,Whitman County,EG.6.1,0.0,245487,0.0,#B9ABA8
2024-04-23,Whitman County,FE.1.1,0.0,245487,0.0,#499894
2024-04-23,Whitman County,FL.1.5.1,0.0,245487,0.0,#8CD17D
2024-04-23,Whitman County,GE.1,0.0,245487,0.0,#FABFD2
2024-04-23,Whitman County,GK.1.1,0.0,245487,0.0,#90FAE5
2024-04-23,Whitman County,HF.1,0.0,245487,0.0,#D399AD
2024-04-23,Whitman County,HK.3,0.0,245487,0.0,#859DBC
2024-04-23,Whitman County,HV.1,0.0,245487,0.0,#797765
2024-04-23,Whitman County,JD.1.1,0.0,245487,0.0,#80F192
2024-04-23,Whitman County,JF.1,0.0,245487,0.0,#FFF1A9
2024-04-23,Whitman County,JG.3,0.0,245487,0.0,#66A172
2024-04-23,Whitman County,JN.1,0.0,245487,0.0,#61018F
2024-04-23,Whitman County,JN.1.11.1,0.0,245487,0.0,#5C9CF1
2024-04-23,Whitman County,JN.1.13,0.0,245487,0.0,#E83C78
2024-04-23,Whitman County,JN.1.13.1,0.0,245487,0.0,#F2591C
2024-04-23,Whitman County,JN.1.16,0.0,245487,0.0,#BC3A88
2024-04-23,Whitman County,JN.1.16.1,0.0,245487,0.0,#366298
2024-04-23,Whitman County,JN.1.18,0.0,245487,0.0,#4AF32F
2024-04-23,Whitman County,JN.1.32,0.0,245487,0.0,#2E7919
2024-04-23,Whitman County,JN.1.4.3,0.0,245487,0.0,#9D1010
2024-04-23,Whitman County,JN.1.7,0.0,245487,0.0,#CF15E8
2024-04-23,Whitman County,JN.1.8.1,0.0,245487,0.0,#FFB027
2024-04-23,Whitman County,KP.1.1,0.0,245487,0.0,#CBFF86
2024-04-23,Whitman County,KP.1.1.3,0.0,245487,0.0,#1EB3B6
2024-04-23,Whitman County,KP.1.2,0.0,245487,0.0,#D7B5A6
2024-04-23,Whitman County,KP.2,0.0,245487,0.0,#5875A1
2024-04-23,Whitman County,KP.2.15,0.0,245487,0.0,#175DFF
2024-04-23,Whitman County,KP.2.3,0.0,245487,0.0,#628DE8
2024-04-23,Whitman County,KP.3,0.0,245487,0.0,#B06589
2024-04-23,Whitman County,KP.3.1.1,0.0,245487,0.0,#2F92A1
2024-04-23,Whitman County,KP.4.1,0.0,245487,0.0,#FF473A
2024-04-23,Whitman County,KQ.1,0.0,245487,0.0,#E86CDE
2024-04-23,Whitman County,KV.2,0.0,245487,0.0,#E14365
2024-04-23,Whitman County,KW.1.1,0.0,245487,0.0,#34A0FF
2024-04-23,Whitman County,LB.1,244513.92880991998,245487,0.99603616,#795653
2024-04-23,Whitman County,Recombinant,0.0,245487,0.0,#FF0000
2024-04-23,Whitman County,XBB,0.0,245487,0.0,#9FA8DA
2024-04-23,Whitman County,XBB.1.16,0.0,245487,0.0,#4527A0
2024-04-23,Whitman County,XBB.1.16.1,0.0,245487,0.0,#F89B9B
2024-04-23,Whitman County,XBB.1.16.15,0.0,245487,0.0,#E3B5FA
2024-04-23,Whitman County,XBB.1.16.6,0.0,245487,0.0,#5AA350
2024-04-23,Whitman County,XBB.1.42.1,0.0,245487,0.0,#75D1A3
2024-04-23,Whitman County,XBB.1.5,0.0,245487,0.0,#3F51B5
2024-04-23,Whitman County,XBB.1.5.70,0.0,245487,0.0,#46783C
2024-04-23,Whitman County,XBB.1.5.72,0.0,245487,0.0,#254220
2024-04-23,Whitman County,XBB.1.9.1,0.0,245487,0.0,#304FFE
2024-04-23,Whitman County,XBB.1.9.2,0.0,245487,0.0,#536DFE
2024-04-23,Whitman County,XBB.2.3,0.0,245487,0.0,#F7BCDF
2024-04-23,Whitman County,XDP,0.0,245487,0.0,#B60052
2024-04-23,Whitman County,XDV.1,0.0,245487,0.0,#D367B6
2024-04-23,Whitman County,unreportable,973.07119008,245487,0.00396384,#eeeeee
2024-04-23,Yakima County,BA.2,0.0,1933008,0.0,#9CCD67
2024-04-23,Yakima County,BA.2.12.1,0.0,1933008,0.0,#7CB342
2024-04-23,Yakima County,BA.2.86,0.0,1933008,0.0,#D770EE
2024-04-23,Yakima County,EG.5,0.0,1933008,0.0,#FFBE7D
2024-04-23,Yakima County,EG.5.1.8,0.0,1933008,0.0,#E14D6F
2024-04-23,Yakima County,EG.6.1,0.0,1933008,0.0,#B9ABA8
2024-04-23,Yakima County,FE.1.1,0.0,1933008,0.0,#499894
2024-04-23,Yakima County,FL.1.5.1,0.0,1933008,0.0,#8CD17D
2024-04-23,Yakima County,GE.1,0.0,1933008,0.0,#FABFD2
2024-04-23,Yakima County,GK.1.1,0.0,1933008,0.0,#90FAE5
2024-04-23,Yakima County,HF.1,0.0,1933008,0.0,#D399AD
2024-04-23,Yakima County,HK.3,0.0,1933008,0.0,#859DBC
2024-04-23,Yakima County,HV.1,0.0,1933008,0.0,#797765
2024-04-23,Yakima County,JD.1.1,0.0,1933008,0.0,#80F192
2024-04-23,Yakima County,JF.1,0.0,1933008,0.0,#FFF1A9
2024-04-23,Yakima County,JG.3,0.0,1933008,0.0,#66A172
2024-04-23,Yakima County,JN.1,294209.74398356,1933008,0.15220306588672164,#61018F
2024-04-23,Yakima County,JN.1.11.1,179425.2806256,1933008,0.0928217993022274,#5C9CF1
2024-04-23,Yakima County,JN.1.13,49639.6773298,1933008,0.025680016497500267,#E83C78
2024-04-23,Yakima County,JN.1.13.1,101478.92180556,1933008,0.05249793162033473,#F2591C
2024-04-23,Yakima County,JN.1.16,58829.48522856,1933008,0.03043416541916019,#BC3A88
2024-04-23,Yakima County,JN.1.16.1,43437.46512416,1933008,0.022471435774792447,#366298
2024-04-23,Yakima County,JN.1.18,0.0,1933008,0.0,#4AF32F
2024-04-23,Yakima County,JN.1.32,331948.20070332,1933008,0.17172624257288122,#2E7919
2024-04-23,Yakima County,JN.1.4.3,0.0,1933008,0.0,#9D1010
2024-04-23,Yakima County,JN.1.7,25524.8453686,1933008,0.013204728262169634,#CF15E8
2024-04-23,Yakima County,JN.1.8.1,0.0,1933008,0.0,#FFB027
2024-04-23,Yakima County,KP.1.1,1369.5027724400002,1933008,0.0007084827235272695,#CBFF86
2024-04-23,Yakima County,KP.1.1.3,0.0,1933008,0.0,#1EB3B6
2024-04-23,Yakima County,KP.1.2,52316.1391368,1933008,0.027064626290630972,#D7B5A6
2024-04-23,Yakima County,KP.2,0.0,1933008,0.0,#5875A1
2024-04-23,Yakima County,KP.2.15,0.0,1933008,0.0,#175DFF
2024-04-23,Yakima County,KP.2.3,0.0,1933008,0.0,#628DE8
2024-04-23,Yakima County,KP.3,733923.8383308001,1933008,0.37967966937063896,#B06589
2024-04-23,Yakima County,KP.3.1.1,0.0,1933008,0.0,#2F92A1
2024-04-23,Yakima County,KP.4.1,0.0,1933008,0.0,#FF473A
2024-04-23,Yakima County,KQ.1,0.0,1933008,0.0,#E86CDE
2024-04-23,Yakima County,KV.2,2239.004052,1933008,0.0011583004581460603,#E14365
2024-04-23,Yakima County,KW.1.1,0.0,1933008,0.0,#34A0FF
2024-04-23,Yakima County,LB.1,38405.014985840004,1933008,0.019868006229586222,#795653
2024-04-23,Yakima County,Recombinant,0.0,1933008,0.0,#FF0000
2024-04-23,Yakima County,XBB,0.0,1933008,0.0,#9FA8DA
2024-04-23,Yakima County,XBB.1.16,0.0,1933008,0.0,#4527A0
2024-04-23,Yakima County,XBB.1.16.1,0.0,1933008,0.0,#F89B9B
2024-04-23,Yakima County,XBB.1.16.15,0.0,1933008,0.0,#E3B5FA
2024-04-23,Yakima County,XBB.1.16.6,0.0,1933008,0.0,#5AA350
2024-04-23,Yakima County,XBB.1.42.1,0.0,1933008,0.0,#75D1A3
2024-04-23,Yakima County,XBB.1.5,0.0,1933008,0.0,#3F51B5
2024-04-23,Yakima County,XBB.1.5.70,0.0,1933008,0.0,#46783C
2024-04-23,Yakima County,XBB.1.5.72,0.0,1933008,0.0,#254220
2024-04-23,Yakima County,XBB.1.9.1,0.0,1933008,0.0,#304FFE
2024-04-23,Yakima County,XBB.1.9.2,0.0,1933008,0.0,#536DFE
2024-04-23,Yakima County,XBB.2.3,0.0,1933008,0.0,#F7BCDF
2024-04-23,Yakima County,XDP,0.0,1933008,0.0,#B60052
2024-04-23,Yakima County,XDV.1,0.0,1933008,0.0,#D367B6
2024-04-23,Yakima County,unreportable,20260.89650864,1933008,0.010481537846009949,#eeeeee
2024-04-30,Benton County,BA.2,0.0,707090,0.0,#9CCD67
2024-04-30,Benton County,BA.2.12.1,0.0,707090,0.0,#7CB342
2024-04-30,Benton County,BA.2.86,0.0,707090,0.0,#D770EE
2024-04-30,Benton County,EG.5,0.0,707090,0.0,#FFBE7D
2024-04-30,Benton County,EG.5.1.8,0.0,707090,0.0,#E14D6F
2024-04-30,Benton County,EG.6.1,0.0,707090,0.0,#B9ABA8
2024-04-30,Benton County,FE.1.1,0.0,707090,0.0,#499894
2024-04-30,Benton County,FL.1.5.1,0.0,707090,0.0,#8CD17D
2024-04-30,Benton County,GE.1,0.0,707090,0.0,#FABFD2
2024-04-30,Benton County,GK.1.1,0.0,707090,0.0,#90FAE5
2024-04-30,Benton County,HF.1,0.0,707090,0.0,#D399AD
2024-04-30,Benton County,HK.3,0.0,707090,0.0,#859DBC
2024-04-30,Benton County,HV.1,0.0,707090,0.0,#797765
2024-04-30,Benton County,JD.1.1,0.0,707090,0.0,#80F192
2024-04-30,Benton County,JF.1,0.0,707090,0.0,#FFF1A9
2024-04-30,Benton County,JG.3,0.0,707090,0.0,#66A172
2024-04-30,Benton County,JN.1,701954.0235014,707090,0.99273646,#61018F
2024-04-30,Benton County,JN.1.11.1,0.0,707090,0.0,#5C9CF1
2024-04-30,Benton County,JN.1.13,0.0,707090,0.0,#E83C78
2024-04-30,Benton County,JN.1.13.1,1615.7289336,707090,0.00228504,#F2591C
2024-04-30,Benton County,JN.1.16,0.0,707090,0.0,#BC3A88
2024-04-30,Benton County,JN.1.16.1,0.0,707090,0.0,#366298
2024-04-30,Benton County,JN.1.18,0.0,707090,0.0,#4AF32F
2024-04-30,Benton County,JN.1.32,0.0,707090,0.0,#2E7919
2024-04-30,Benton County,JN.1.4.3,0.0,707090,0.0,#9D1010
2024-04-30,Benton County,JN.1.7,0.0,707090,0.0,#CF15E8
2024-04-30,Benton County,JN.1.8.1,0.0,707090,0.0,#FFB027
2024-04-30,Benton County,KP.1.1,0.0,707090,0.0,#CBFF86
2024-04-30,Benton County,KP.1.1.3,0.0,707090,0.0,#1EB3B6
2024-04-30,Benton County,KP.1.2,0.0,707090,0.0,#D7B5A6
2024-04-30,Benton County,KP.2,0.0,707090,0.0,#5875A1
2024-04-30,Benton County,KP.2.15,0.0,707090,0.0,#175DFF
2024-04-30,Benton County,KP.2.3,0.0,707090,0.0,#628DE8
2024-04-30,Benton County,KP.3,0.0,707090,0.0,#B06589
2024-04-30,Benton County,KP.3.1.1,0.0,707090,0.0,#2F92A1
2024-04-30,Benton County,KP.4.1,0.0,707090,0.0,#FF473A
2024-04-30,Benton County,KQ.1,0.0,707090,0.0,#E86CDE
2024-04-30,Benton County,KV.2,0.0,707090,0.0,#E14365
2024-04-30,Benton County,KW.1.1,0.0,707090,0.0,#34A0FF
2024-04-30,Benton County,LB.1,0.0,707090,0.0,#795653
2024-04-30,Benton County,Recombinant,0.0,707090,0.0,#FF0000
2024-04-30,Benton County,XBB,0.0,707090,0.0,#9FA8DA
2024-04-30,Benton County,XBB.1.16,0.0,707090,0.0,#4527A0
2024-04-30,Benton County,XBB.1.16.1,0.0,707090,0.0,#F89B9B
2024-04-30,Benton County,XBB.1.16.15,0.0,707090,0.0,#E3B5FA
2024-04-30,Benton County,XBB.1.16.6,0.0,707090,0.0,#5AA350
2024-04-30,Benton County,XBB.1.42.1,0.0,707090,0.0,#75D1A3
2024-04-30,Benton County,XBB.1.5,0.0,707090,0.0,#3F51B5
2024-04-30,Benton County,XBB.1.5.70,0.0,707090,0.0,#46783C
2024-04-30,Benton County,XBB.1.5.72,0.0,707090,0.0,#254220
2024-04-30,Benton County,XBB.1.9.1,0.0,707090,0.0,#304FFE
2024-04-30,Benton County,XBB.1.9.2,0.0,707090,0.0,#536DFE
2024-04-30,Benton County,XBB.2.3,0.0,707090,0.0,#F7BCDF
2024-04-30,Benton County,XDP,0.0,707090,0.0,#B60052
2024-04-30,Benton County,XDV.1,0.0,707090,0.0,#D367B6
2024-04-30,Benton County,unreportable,3520.2546359000003,707090,0.00497851,#eeeeee
2024-04-30,Island County,BA.2,0.0,1436814,0.0,#9CCD67
2024-04-30,Island County,BA.2.12.1,0.0,1436814,0.0,#7CB342
2024-04-30,Island County,BA.2.86,0.0,1436814,0.0,#D770EE
2024-04-30,Island County,EG.5,0.0,1436814,0.0,#FFBE7D
2024-04-30,Island County,EG.5.1.8,0.0,1436814,0.0,#E14D6F
2024-04-30,Island County,EG.6.1,0.0,1436814,0.0,#B9ABA8
2024-04-30,Island County,FE.1.1,0.0,1436814,0.0,#499894
2024-04-30,Island County,FL.1.5.1,0.0,1436814,0.0,#8CD17D
2024-04-30,Island County,GE.1,0.0,1436814,0.0,#FABFD2
2024-04-30,Island County,GK.1.1,0.0,1436814,0.0,#90FAE5
2024-04-30,Island County,HF.1,0.0,1436814,0.0,#D399AD
2024-04-30,Island County,HK.3,0.0,1436814,0.0,#859DBC
2024-04-30,Island County,HV.1,0.0,1436814,0.0,#797765
2024-04-30,Island County,JD.1.1,0.0,1436814,0.0,#80F192
2024-04-30,Island County,JF.1,0.0,1436814,0.0,#FFF1A9
2024-04-30,Island County,JG.3,0.0,1436814,0.0,#66A172
2024-04-30,Island County,JN.1,413877.77929842,1436814,0.28805244053748086,#61018F
2024-04-30,Island County,JN.1.11.1,0.0,1436814,0.0,#5C9CF1
2024-04-30,Island County,JN.1.13,0.0,1436814,0.0,#E83C78
2024-04-30,Island County,JN.1.13.1,193532.86434195,1436814,0.13469583699904789,#F2591C
2024-04-30,Island County,JN.1.16,878.8301409300001,1436814,0.0006116519890048399,#BC3A88
2024-04-30,Island County,JN.1.16.1,3874.5129217199997,1436814,0.0026966002013621804,#366298
2024-04-30,Island County,JN.1.18,23575.04730861,1436814,0.016407863027928456,#4AF32F
2024-04-30,Island County,JN.1.32,0.0,1436814,0.0,#2E7919
2024-04-30,Island County,JN.1.4.3,0.0,1436814,0.0,#9D1010
2024-04-30,Island County,JN.1.7,204049.83589080002,1436814,0.1420154841829214,#CF15E8
2024-04-30,Island County,JN.1.8.1,0.0,1436814,0.0,#FFB027
2024-04-30,Island County,KP.1.1,1890.1177629000001,1436814,0.001315492306519842,#CBFF86
2024-04-30,Island County,KP.1.1.3,0.0,1436814,0.0,#1EB3B6
2024-04-30,Island County,KP.1.2,0.0,1436814,0.0,#D7B5A6
2024-04-30,Island County,KP.2,7647.65173878,1436814,0.005322645616468102,#5875A1
2024-04-30,Island County,KP.2.15,0.0,1436814,0.0,#175DFF
2024-04-30,Island County,KP.2.3,41597.38192239001,1436814,0.0289511251438182,#628DE8
2024-04-30,Island County,KP.3,163372.66595625,1436814,0.11370481214426503,#B06589
2024-04-30,Island County,KP.3.1.1,0.0,1436814,0.0,#2F92A1
2024-04-30,Island County,KP.4.1,0.0,1436814,0.0,#FF473A
2024-04-30,Island County,KQ.1,370020.56341824,1436814,0.25752850641644637,#E86CDE
2024-04-30,Island County,KV.2,0.0,1436814,0.0,#E14365
2024-04-30,Island County,KW.1.1,0.0,1436814,0.0,#34A0FF
2024-04-30,Island County,LB.1,0.0,1436814,0.0,#795653
2024-04-30,Island County,Recombinant,0.0,1436814,0.0,#FF0000
2024-04-30,Island County,XBB,0.0,1436814,0.0,#9FA8DA
2024-04-30,Island County,XBB.1.16,0.0,1436814,0.0,#4527A0
2024-04-30,Island County,XBB.1.16.1,0.0,1436814,0.0,#F89B9B
2024-04-30,Island County,XBB.1.16.15,0.0,1436814,0.0,#E3B5FA
2024-04-30,Island County,XBB.1.16.6,0.0,1436814,0.0,#5AA350
2024-04-30,Island County,XBB.1.42.1,0.0,1436814,0.0,#75D1A3
2024-04-30,Island County,XBB.1.5,0.0,1436814,0.0,#3F51B5
2024-04-30,Island County,XBB.1.5.70,0.0,1436814,0.0,#46783C
2024-04-30,Island County,XBB.1.5.72,0.0,1436814,0.0,#254220
2024-04-30,Island County,XBB.1.9.1,0.0,1436814,0.0,#304FFE
2024-04-30,Island County,XBB.1.9.2,0.0,1436814,0.0,#536DFE
2024-04-30,Island County,XBB.2.3,0.0,1436814,0.0,#F7BCDF
2024-04-30,Island County,XDP,0.0,1436814,0.0,#B60052
2024-04-30,Island County,XDV.1,0.0,1436814,0.0,#D367B6
2024-04-30,Island County,unreportable,12496.75132377,1436814,0.008697542843938047,#eeeeee
2024-04-30,Jefferson County,BA.2,0.0,162770,0.0,#9CCD67
2024-04-30,Jefferson County,BA.2.12.1,0.0,162770,0.0,#7CB342
2024-04-30,Jefferson County,BA.2.86,0.0,162770,0.0,#D770EE
2024-04-30,Jefferson County,EG.5,0.0,162770,0.0,#FFBE7D
2024-04-30,Jefferson County,EG.5.1.8,0.0,162770,0.0,#E14D6F
2024-04-30,Jefferson County,EG.6.1,0.0,162770,0.0,#B9ABA8
2024-04-30,Jefferson County,FE.1.1,0.0,162770,0.0,#499894
2024-04-30,Jefferson County,FL.1.5.1,0.0,162770,0.0,#8CD17D
2024-04-30,Jefferson County,GE.1,0.0,162770,0.0,#FABFD2
2024-04-30,Jefferson County,GK.1.1,0.0,162770,0.0,#90FAE5
2024-04-30,Jefferson County,HF.1,0.0,162770,0.0,#D399AD
2024-04-30,Jefferson County,HK.3,0.0,162770,0.0,#859DBC
2024-04-30,Jefferson County,HV.1,0.0,162770,0.0,#797765
2024-04-30,Jefferson County,JD.1.1,0.0,162770,0.0,#80F192
2024-04-30,Jefferson County,JF.1,0.0,162770,0.0,#FFF1A9
2024-04-30,Jefferson County,JG.3,0.0,162770,0.0,#66A172
2024-04-30,Jefferson County,JN.1,22977.7477069,162770,0.14116697,#61018F
2024-04-30,Jefferson County,JN.1.11.1,1020.8722799,162770,0.00627187,#5C9CF1
2024-04-30,Jefferson County,JN.1.13,0.0,162770,0.0,#E83C78
2024-04-30,Jefferson County,JN.1.13.1,0.0,162770,0.0,#F2591C
2024-04-30,Jefferson County,JN.1.16,0.0,162770,0.0,#BC3A88
2024-04-30,Jefferson County,JN.1.16.1,0.0,162770,0.0,#366298
2024-04-30,Jefferson County,JN.1.18,0.0,162770,0.0,#4AF32F
2024-04-30,Jefferson County,JN.1.32,27181.5433889,162770,0.16699357,#2E7919
2024-04-30,Jefferson County,JN.1.4.3,0.0,162770,0.0,#9D1010
2024-04-30,Jefferson County,JN.1.7,0.0,162770,0.0,#CF15E8
2024-04-30,Jefferson County,JN.1.8.1,0.0,162770,0.0,#FFB027
2024-04-30,Jefferson County,KP.1.1,0.0,162770,0.0,#CBFF86
2024-04-30,Jefferson County,KP.1.1.3,0.0,162770,0.0,#1EB3B6
2024-04-30,Jefferson County,KP.1.2,416.7807235,162770,0.00256055,#D7B5A6
2024-04-30,Jefferson County,KP.2,28573.7265928,162770,0.17554664,#5875A1
2024-04-30,Jefferson County,KP.2.15,0.0,162770,0.0,#175DFF
2024-04-30,Jefferson County,KP.2.3,0.0,162770,0.0,#628DE8
2024-04-30,Jefferson County,KP.3,0.0,162770,0.0,#B06589
2024-04-30,Jefferson County,KP.3.1.1,0.0,162770,0.0,#2F92A1
2024-04-30,Jefferson County,KP.4.1,0.0,162770,0.0,#FF473A
2024-04-30,Jefferson County,KQ.1,0.0,162770,0.0,#E86CDE
2024-04-30,Jefferson County,KV.2,0.0,162770,0.0,#E14365
2024-04-30,Jefferson County,KW.1.1,0.0,162770,0.0,#34A0FF
2024-04-30,Jefferson County,LB.1,81395.4270462,162770,0.50006406,#795653
2024-04-30,Jefferson County,Recombinant,0.0,162770,0.0,#FF0000
2024-04-30,Jefferson County,XBB,0.0,162770,0.0,#9FA8DA
2024-04-30,Jefferson County,XBB.1.16,0.0,162770,0.0,#4527A0
2024-04-30,Jefferson County,XBB.1.16.1,0.0,162770,0.0,#F89B9B
2024-04-30,Jefferson County,XBB.1.16.15,0.0,162770,0.0,#E3B5FA
2024-04-30,Jefferson County,XBB.1.16.6,0.0,162770,0.0,#5AA350
2024-04-30,Jefferson County,XBB.1.42.1,0.0,162770,0.0,#75D1A3
2024-04-30,Jefferson County,XBB.1.5,0.0,162770,0.0,#3F51B5
2024-04-30,Jefferson County,XBB.1.5.70,0.0,162770,0.0,#46783C
2024-04-30,Jefferson County,XBB.1.5.72,0.0,162770,0.0,#254220
2024-04-30,Jefferson County,XBB.1.9.1,0.0,162770,0.0,#304FFE
2024-04-30,Jefferson County,XBB.1.9.2,0.0,162770,0.0,#536DFE
2024-04-30,Jefferson County,XBB.2.3,0.0,162770,0.0,#F7BCDF
2024-04-30,Jefferson County,XDP,0.0,162770,0.0,#B60052
2024-04-30,Jefferson County,XDV.1,0.0,162770,0.0,#D367B6
2024-04-30,Jefferson County,unreportable,1203.9006341,162770,0.00739633,#eeeeee
2024-04-30,Kittitas County,BA.2,0.0,719262,0.0,#9CCD67
2024-04-30,Kittitas County,BA.2.12.1,0.0,719262,0.0,#7CB342
2024-04-30,Kittitas County,BA.2.86,0.0,719262,0.0,#D770EE
2024-04-30,Kittitas County,EG.5,0.0,719262,0.0,#FFBE7D
2024-04-30,Kittitas County,EG.5.1.8,0.0,719262,0.0,#E14D6F
2024-04-30,Kittitas County,EG.6.1,0.0,719262,0.0,#B9ABA8
2024-04-30,Kittitas County,FE.1.1,0.0,719262,0.0,#499894
2024-04-30,Kittitas County,FL.1.5.1,0.0,719262,0.0,#8CD17D
2024-04-30,Kittitas County,GE.1,0.0,719262,0.0,#FABFD2
2024-04-30,Kittitas County,GK.1.1,0.0,719262,0.0,#90FAE5
2024-04-30,Kittitas County,HF.1,0.0,719262,0.0,#D399AD
2024-04-30,Kittitas County,HK.3,0.0,719262,0.0,#859DBC
2024-04-30,Kittitas County,HV.1,0.0,719262,0.0,#797765
2024-04-30,Kittitas County,JD.1.1,0.0,719262,0.0,#80F192
2024-04-30,Kittitas County,JF.1,0.0,719262,0.0,#FFF1A9
2024-04-30,Kittitas County,JG.3,0.0,719262,0.0,#66A172
2024-04-30,Kittitas County,JN.1,377709.53528808,719262,0.52513484,#61018F
2024-04-30,Kittitas County,JN.1.11.1,16224.38574138,719262,0.02255699,#5C9CF1
2024-04-30,Kittitas County,JN.1.13,0.0,719262,0.0,#E83C78
2024-04-30,Kittitas County,JN.1.13.1,0.0,719262,0.0,#F2591C
2024-04-30,Kittitas County,JN.1.16,2256.72768072,719262,0.00313756,#BC3A88
2024-04-30,Kittitas County,JN.1.16.1,0.0,719262,0.0,#366298
2024-04-30,Kittitas County,JN.1.18,253215.41748966,719262,0.35204893,#4AF32F
2024-04-30,Kittitas County,JN.1.32,0.0,719262,0.0,#2E7919
2024-04-30,Kittitas County,JN.1.4.3,0.0,719262,0.0,#9D1010
2024-04-30,Kittitas County,JN.1.7,0.0,719262,0.0,#CF15E8
2024-04-30,Kittitas County,JN.1.8.1,0.0,719262,0.0,#FFB027
2024-04-30,Kittitas County,KP.1.1,63472.562668980005,719262,0.08824679,#CBFF86
2024-04-30,Kittitas County,KP.1.1.3,0.0,719262,0.0,#1EB3B6
2024-04-30,Kittitas County,KP.1.2,0.0,719262,0.0,#D7B5A6
2024-04-30,Kittitas County,KP.2,0.0,719262,0.0,#5875A1
2024-04-30,Kittitas County,KP.2.15,0.0,719262,0.0,#175DFF
2024-04-30,Kittitas County,KP.2.3,0.0,719262,0.0,#628DE8
2024-04-30,Kittitas County,KP.3,0.0,719262,0.0,#B06589
2024-04-30,Kittitas County,KP.3.1.1,0.0,719262,0.0,#2F92A1
2024-04-30,Kittitas County,KP.4.1,0.0,719262,0.0,#FF473A
2024-04-30,Kittitas County,KQ.1,0.0,719262,0.0,#E86CDE
2024-04-30,Kittitas County,KV.2,0.0,719262,0.0,#E14365
2024-04-30,Kittitas County,KW.1.1,0.0,719262,0.0,#34A0FF
2024-04-30,Kittitas County,LB.1,0.0,719262,0.0,#795653
2024-04-30,Kittitas County,Recombinant,0.0,719262,0.0,#FF0000
2024-04-30,Kittitas County,XBB,0.0,719262,0.0,#9FA8DA
2024-04-30,Kittitas County,XBB.1.16,0.0,719262,0.0,#4527A0
2024-04-30,Kittitas County,XBB.1.16.1,0.0,719262,0.0,#F89B9B
2024-04-30,Kittitas County,XBB.1.16.15,0.0,719262,0.0,#E3B5FA
2024-04-30,Kittitas County,XBB.1.16.6,0.0,719262,0.0,#5AA350
2024-04-30,Kittitas County,XBB.1.42.1,0.0,719262,0.0,#75D1A3
2024-04-30,Kittitas County,XBB.1.5,0.0,719262,0.0,#3F51B5
2024-04-30,Kittitas County,XBB.1.5.70,0.0,719262,0.0,#46783C
2024-04-30,Kittitas County,XBB.1.5.72,0.0,719262,0.0,#254220
2024-04-30,Kittitas County,XBB.1.9.1,0.0,719262,0.0,#304FFE
2024-04-30,Kittitas County,XBB.1.9.2,0.0,719262,0.0,#536DFE
2024-04-30,Kittitas County,XBB.2.3,0.0,719262,0.0,#F7BCDF
2024-04-30,Kittitas County,XDP,0.0,719262,0.0,#B60052
2024-04-30,Kittitas County,XDV.1,0.0,719262,0.0,#D367B6
2024-04-30,Kittitas County,unreportable,6383.3855164199995,719262,0.00887491,#eeeeee
2024-04-30,Thurston County,BA.2,0.0,166384,0.0,#9CCD67
2024-04-30,Thurston County,BA.2.12.1,0.0,166384,0.0,#7CB342
2024-04-30,Thurston County,BA.2.86,0.0,166384,0.0,#D770EE
2024-04-30,Thurston County,EG.5,0.0,166384,0.0,#FFBE7D
2024-04-30,Thurston County,EG.5.1.8,0.0,166384,0.0,#E14D6F
2024-04-30,Thurston County,EG.6.1,0.0,166384,0.0,#B9ABA8
2024-04-30,Thurston County,FE.1.1,0.0,166384,0.0,#499894
2024-04-30,Thurston County,FL.1.5.1,0.0,166384,0.0,#8CD17D
2024-04-30,Thurston County,GE.1,0.0,166384,0.0,#FABFD2
2024-04-30,Thurston County,GK.1.1,0.0,166384,0.0,#90FAE5
2024-04-30,Thurston County,HF.1,0.0,166384,0.0,#D399AD
2024-04-30,Thurston County,HK.3,0.0,166384,0.0,#859DBC
2024-04-30,Thurston County,HV.1,0.0,166384,0.0,#797765
2024-04-30,Thurston County,JD.1.1,0.0,166384,0.0,#80F192
2024-04-30,Thurston County,JF.1,0.0,166384,0.0,#FFF1A9
2024-04-30,Thurston County,JG.3,0.0,166384,0.0,#66A172
2024-04-30,Thurston County,JN.1,83067.574908,166384,0.49925218114722564,#61018F
2024-04-30,Thurston County,JN.1.11.1,0.0,166384,0.0,#5C9CF1
2024-04-30,Thurston County,JN.1.13,0.0,166384,0.0,#E83C78
2024-04-30,Thurston County,JN.1.13.1,0.0,166384,0.0,#F2591C
2024-04-30,Thurston County,JN.1.16,5329.0406328,166384,0.032028564241754015,#BC3A88
2024-04-30,Thurston County,JN.1.16.1,0.0,166384,0.0,#366298
2024-04-30,Thurston County,JN.1.18,0.0,166384,0.0,#4AF32F
2024-04-30,Thurston County,JN.1.32,0.0,166384,0.0,#2E7919
2024-04-30,Thurston County,JN.1.4.3,0.0,166384,0.0,#9D1010
2024-04-30,Thurston County,JN.1.7,67871.74447872,166384,0.4079223030983748,#CF15E8
2024-04-30,Thurston County,JN.1.8.1,83.612688,166384,0.0005025284161938649,#FFB027
2024-04-30,Thurston County,KP.1.1,0.0,166384,0.0,#CBFF86
2024-04-30,Thurston County,KP.1.1.3,0.0,166384,0.0,#1EB3B6
2024-04-30,Thurston County,KP.1.2,0.0,166384,0.0,#D7B5A6
2024-04-30,Thurston County,KP.2,0.0,166384,0.0,#5875A1
2024-04-30,Thurston County,KP.2.15,0.0,166384,0.0,#175DFF
2024-04-30,Thurston County,KP.2.3,0.0,166384,0.0,#628DE8
2024-04-30,Thurston County,KP.3,8376.877221600002,166384,0.050346651250120215,#B06589
2024-04-30,Thurston County,KP.3.1.1,0.0,166384,0.0,#2F92A1
2024-04-30,Thurston County,KP.4.1,0.0,166384,0.0,#FF473A
2024-04-30,Thurston County,KQ.1,0.0,166384,0.0,#E86CDE
2024-04-30,Thurston County,KV.2,0.0,166384,0.0,#E14365
2024-04-30,Thurston County,KW.1.1,0.0,166384,0.0,#34A0FF
2024-04-30,Thurston County,LB.1,0.0,166384,0.0,#795653
2024-04-30,Thurston County,Recombinant,0.0,166384,0.0,#FF0000
2024-04-30,Thurston County,XBB,0.0,166384,0.0,#9FA8DA
2024-04-30,Thurston County,XBB.1.16,0.0,166384,0.0,#4527A0
2024-04-30,Thurston County,XBB.1.16.1,0.0,166384,0.0,#F89B9B
2024-04-30,Thurston County,XBB.1.16.15,0.0,166384,0.0,#E3B5FA
2024-04-30,Thurston County,XBB.1.16.6,0.0,166384,0.0,#5AA350
2024-04-30,Thurston County,XBB.1.42.1,0.0,166384,0.0,#75D1A3
2024-04-30,Thurston County,XBB.1.5,0.0,166384,0.0,#3F51B5
2024-04-30,Thurston County,XBB.1.5.70,0.0,166384,0.0,#46783C
2024-04-30,Thurston County,XBB.1.5.72,0.0,166384,0.0,#254220
2024-04-30,Thurston County,XBB.1.9.1,0.0,166384,0.0,#304FFE
2024-04-30,Thurston County,XBB.1.9.2,0.0,166384,0.0,#536DFE
2024-04-30,Thurston County,XBB.2.3,0.0,166384,0.0,#F7BCDF
2024-04-30,Thurston County,XDP,0.0,166384,0.0,#B60052
2024-04-30,Thurston County,XDV.1,0.0,166384,0.0,#D367B6
2024-04-30,Thurston County,unreportable,1655.1500708800002,166384,0.00994777184633138,#eeeeee
2024-04-30,Walla Walla County,BA.2,0.0,836327,0.0,#9CCD67
2024-04-30,Walla Walla County,BA.2.12.1,0.0,836327,0.0,#7CB342
2024-04-30,Walla Walla County,BA.2.86,0.0,836327,0.0,#D770EE
2024-04-30,Walla Walla County,EG.5,0.0,836327,0.0,#FFBE7D
2024-04-30,Walla Walla County,EG.5.1.8,0.0,836327,0.0,#E14D6F
2024-04-30,Walla Walla County,EG.6.1,0.0,836327,0.0,#B9ABA8
2024-04-30,Walla Walla County,FE.1.1,0.0,836327,0.0,#499894
2024-04-30,Walla Walla County,FL.1.5.1,0.0,836327,0.0,#8CD17D
2024-04-30,Walla Walla County,GE.1,0.0,836327,0.0,#FABFD2
2024-04-30,Walla Walla County,GK.1.1,0.0,836327,0.0,#90FAE5
2024-04-30,Walla Walla County,HF.1,0.0,836327,0.0,#D399AD
2024-04-30,Walla Walla County,HK.3,0.0,836327,0.0,#859DBC
2024-04-30,Walla Walla County,HV.1,0.0,836327,0.0,#797765
2024-04-30,Walla Walla County,JD.1.1,0.0,836327,0.0,#80F192
2024-04-30,Walla Walla County,JF.1,0.0,836327,0.0,#FFF1A9
2024-04-30,Walla Walla County,JG.3,0.0,836327,0.0,#66A172
2024-04-30,Walla Walla County,JN.1,0.0,836327,0.0,#61018F
2024-04-30,Walla Walla County,JN.1.11.1,0.0,836327,0.0,#5C9CF1
2024-04-30,Walla Walla County,JN.1.13,0.0,836327,0.0,#E83C78
2024-04-30,Walla Walla County,JN.1.13.1,0.0,836327,0.0,#F2591C
2024-04-30,Walla Walla County,JN.1.16,0.0,836327,0.0,#BC3A88
2024-04-30,Walla Walla County,JN.1.16.1,0.0,836327,0.0,#366298
2024-04-30,Walla Walla County,JN.1.18,0.0,836327,0.0,#4AF32F
2024-04-30,Walla Walla County,JN.1.32,0.0,836327,0.0,#2E7919
2024-04-30,Walla Walla County,JN.1.4.3,0.0,836327,0.0,#9D1010
2024-04-30,Walla Walla County,JN.1.7,0.0,836327,0.0,#CF15E8
2024-04-30,Walla Walla County,JN.1.8.1,0.0,836327,0.0,#FFB027
2024-04-30,Walla Walla County,KP.1.1,0.0,836327,0.0,#CBFF86
2024-04-30,Walla Walla County,KP.1.1.3,0.0,836327,0.0,#1EB3B6
2024-04-30,Walla Walla County,KP.1.2,0.0,836327,0.0,#D7B5A6
2024-04-30,Walla Walla County,KP.2,0.0,836327,0.0,#5875A1
2024-04-30,Walla Walla County,KP.2.15,0.0,836327,0.0,#175DFF
2024-04-30,Walla Walla County,KP.2.3,0.0,836327,0.0,#628DE8
2024-04-30,Walla Walla County,KP.3,832594.17152128,836327,0.99553664,#B06589
2024-04-30,Walla Walla County,KP.3.1.1,0.0,836327,0.0,#2F92A1
2024-04-30,Walla Walla County,KP.4.1,0.0,836327,0.0,#FF473A
2024-04-30,Walla Walla County,KQ.1,0.0,836327,0.0,#E86CDE
2024-04-30,Walla Walla County,KV.2,0.0,836327,0.0,#E14365
2024-04-30,Walla Walla County,KW.1.1,0.0,836327,0.0,#34A0FF
2024-04-30,Walla Walla County,LB.1,0.0,836327,0.0,#795653
2024-04-30,Walla Walla County,Recombinant,0.0,836327,0.0,#FF0000
2024-04-30,Walla Walla County,XBB,0.0,836327,0.0,#9FA8DA
2024-04-30,Walla Walla County,XBB.1.16,0.0,836327,0.0,#4527A0
2024-04-30,Walla Walla County,XBB.1.16.1,0.0,836327,0.0,#F89B9B
2024-04-30,Walla Walla County,XBB.1.16.15,0.0,836327,0.0,#E3B5FA
2024-04-30,Walla Walla County,XBB.1.16.6,0.0,836327,0.0,#5AA350
2024-04-30,Walla Walla County,XBB.1.42.1,0.0,836327,0.0,#75D1A3
2024-04-30,Walla Walla County,XBB.1.5,0.0,836327,0.0,#3F51B5
2024-04-30,Walla Walla County,XBB.1.5.70,0.0,836327,0.0,#46783C
2024-04-30,Walla Walla County,XBB.1.5.72,0.0,836327,0.0,#254220
2024-04-30,Walla Walla County,XBB.1.9.1,0.0,836327,0.0,#304FFE
2024-04-30,Walla Walla County,XBB.1.9.2,0.0,836327,0.0,#536DFE
2024-04-30,Walla Walla County,XBB.2.3,0.0,836327,0.0,#F7BCDF
2024-04-30,Walla Walla County,XDP,0.0,836327,0.0,#B60052
2024-04-30,Walla Walla County,XDV.1,0.0,836327,0.0,#D367B6
2024-04-30,Walla Walla County,unreportable,3732.8284787200005,836327,0.00446336,#eeeeee
2024-04-30,Whitman County,BA.2,0.0,245487,0.0,#9CCD67
2024-04-30,Whitman County,BA.2.12.1,0.0,245487,0.0,#7CB342
2024-04-30,Whitman County,BA.2.86,0.0,245487,0.0,#D770EE
2024-04-30,Whitman County,EG.5,0.0,245487,0.0,#FFBE7D
2024-04-30,Whitman County,EG.5.1.8,0.0,245487,0.0,#E14D6F
2024-04-30,Whitman County,EG.6.1,0.0,245487,0.0,#B9ABA8
2024-04-30,Whitman County,FE.1.1,0.0,245487,0.0,#499894
2024-04-30,Whitman County,FL.1.5.1,0.0,245487,0.0,#8CD17D
2024-04-30,Whitman County,GE.1,0.0,245487,0.0,#FABFD2
2024-04-30,Whitman County,GK.1.1,0.0,245487,0.0,#90FAE5
2024-04-30,Whitman County,HF.1,0.0,245487,0.0,#D399AD
2024-04-30,Whitman County,HK.3,0.0,245487,0.0,#859DBC
2024-04-30,Whitman County,HV.1,0.0,245487,0.0,#797765
2024-04-30,Whitman County,JD.1.1,0.0,245487,0.0,#80F192
2024-04-30,Whitman County,JF.1,0.0,245487,0.0,#FFF1A9
2024-04-30,Whitman County,JG.3,0.0,245487,0.0,#66A172
2024-04-30,Whitman County,JN.1,121557.58421631,245487,0.49516913,#61018F
2024-04-30,Whitman County,JN.1.11.1,751.681194,245487,0.003062,#5C9CF1
2024-04-30,Whitman County,JN.1.13,0.0,245487,0.0,#E83C78
2024-04-30,Whitman County,JN.1.13.1,0.0,245487,0.0,#F2591C
2024-04-30,Whitman County,JN.1.16,564.23959515,245487,0.00229845,#BC3A88
2024-04-30,Whitman County,JN.1.16.1,59563.60813689,245487,0.24263447,#366298
2024-04-30,Whitman County,JN.1.18,38524.70205738,245487,0.15693174,#4AF32F
2024-04-30,Whitman County,JN.1.32,0.0,245487,0.0,#2E7919
2024-04-30,Whitman County,JN.1.4.3,0.0,245487,0.0,#9D1010
2024-04-30,Whitman County,JN.1.7,574.20636735,245487,0.00233905,#CF15E8
2024-04-30,Whitman County,JN.1.8.1,0.0,245487,0.0,#FFB027
2024-04-30,Whitman County,KP.1.1,768.97329828,245487,0.00313244,#CBFF86
2024-04-30,Whitman County,KP.1.1.3,0.0,245487,0.0,#1EB3B6
2024-04-30,Whitman County,KP.1.2,0.0,245487,0.0,#D7B5A6
2024-04-30,Whitman County,KP.2,18518.982024509998,245487,0.07543773,#5875A1
2024-04-30,Whitman County,KP.2.15,0.0,245487,0.0,#175DFF
2024-04-30,Whitman County,KP.2.3,0.0,245487,0.0,#628DE8
2024-04-30,Whitman County,KP.3,0.0,245487,0.0,#B06589
2024-04-30,Whitman County,KP.3.1.1,0.0,245487,0.0,#2F92A1
2024-04-30,Whitman County,KP.4.1,0.0,245487,0.0,#FF473A
2024-04-30,Whitman County,KQ.1,0.0,245487,0.0,#E86CDE
2024-04-30,Whitman County,KV.2,0.0,245487,0.0,#E14365
2024-04-30,Whitman County,KW.1.1,0.0,245487,0.0,#34A0FF
2024-04-30,Whitman County,LB.1,0.0,245487,0.0,#795653
2024-04-30,Whitman County,Recombinant,0.0,245487,0.0,#FF0000
2024-04-30,Whitman County,XBB,0.0,245487,0.0,#9FA8DA
2024-04-30,Whitman County,XBB.1.16,0.0,245487,0.0,#4527A0
2024-04-30,Whitman County,XBB.1.16.1,0.0,245487,0.0,#F89B9B
2024-04-30,Whitman County,XBB.1.16.15,0.0,245487,0.0,#E3B5FA
2024-04-30,Whitman County,XBB.1.16.6,0.0,245487,0.0,#5AA350
2024-04-30,Whitman County,XBB.1.42.1,0.0,245487,0.0,#75D1A3
2024-04-30,Whitman County,XBB.1.5,0.0,245487,0.0,#3F51B5
2024-04-30,Whitman County,XBB.1.5.70,0.0,245487,0.0,#46783C
2024-04-30,Whitman County,XBB.1.5.72,0.0,245487,0.0,#254220
2024-04-30,Whitman County,XBB.1.9.1,0.0,245487,0.0,#304FFE
2024-04-30,Whitman County,XBB.1.9.2,0.0,245487,0.0,#536DFE
2024-04-30,Whitman County,XBB.2.3,0.0,245487,0.0,#F7BCDF
2024-04-30,Whitman County,XDP,0.0,245487,0.0,#B60052
2024-04-30,Whitman County,XDV.1,0.0,245487,0.0,#D367B6
2024-04-30,Whitman County,unreportable,4663.02065526,245487,0.01899498,#eeeeee
2024-04-30,Yakima County,BA.2,0.0,854908,0.0,#9CCD67
2024-04-30,Yakima County,BA.2.12.1,0.0,854908,0.0,#7CB342
2024-04-30,Yakima County,BA.2.86,0.0,854908,0.0,#D770EE
2024-04-30,Yakima County,EG.5,0.0,854908,0.0,#FFBE7D
2024-04-30,Yakima County,EG.5.1.8,0.0,854908,0.0,#E14D6F
2024-04-30,Yakima County,EG.6.1,0.0,854908,0.0,#B9ABA8
2024-04-30,Yakima County,FE.1.1,0.0,854908,0.0,#499894
2024-04-30,Yakima County,FL.1.5.1,0.0,854908,0.0,#8CD17D
2024-04-30,Yakima County,GE.1,0.0,854908,0.0,#FABFD2
2024-04-30,Yakima County,GK.1.1,0.0,854908,0.0,#90FAE5
2024-04-30,Yakima County,HF.1,0.0,854908,0.0,#D399AD
2024-04-30,Yakima County,HK.3,0.0,854908,0.0,#859DBC
2024-04-30,Yakima County,HV.1,0.0,854908,0.0,#797765
2024-04-30,Yakima County,JD.1.1,0.0,854908,0.0,#80F192
2024-04-30,Yakima County,JF.1,0.0,854908,0.0,#FFF1A9
2024-04-30,Yakima County,JG.3,0.0,854908,0.0,#66A172
2024-04-30,Yakima County,JN.1,235515.78372360003,854908,0.27548670000000003,#61018F
2024-04-30,Yakima County,JN.1.11.1,9085.765595159999,854908,0.010627769999999998,#5C9CF1
2024-04-30,Yakima County,JN.1.13,0.0,854908,0.0,#E83C78
2024-04-30,Yakima County,JN.1.13.1,0.0,854908,0.0,#F2591C
2024-04-30,Yakima County,JN.1.16,0.0,854908,0.0,#BC3A88
2024-04-30,Yakima County,JN.1.16.1,0.0,854908,0.0,#366298
2024-04-30,Yakima County,JN.1.18,0.0,854908,0.0,#4AF32F
2024-04-30,Yakima County,JN.1.32,87681.43335736,854908,0.10256242,#2E7919
2024-04-30,Yakima County,JN.1.4.3,0.0,854908,0.0,#9D1010
2024-04-30,Yakima County,JN.1.7,90929.79308864,854908,0.10636208,#CF15E8
2024-04-30,Yakima County,JN.1.8.1,0.0,854908,0.0,#FFB027
2024-04-30,Yakima County,KP.1.1,0.0,854908,0.0,#CBFF86
2024-04-30,Yakima County,KP.1.1.3,0.0,854908,0.0,#1EB3B6
2024-04-30,Yakima County,KP.1.2,3618.62038608,854908,0.00423276,#D7B5A6
2024-04-30,Yakima County,KP.2,269813.025613,854908,0.31560475,#5875A1
2024-04-30,Yakima County,KP.2.15,0.0,854908,0.0,#175DFF
2024-04-30,Yakima County,KP.2.3,0.0,854908,0.0,#628DE8
2024-04-30,Yakima County,KP.3,1003.49955948,854908,0.00117381,#B06589
2024-04-30,Yakima County,KP.3.1.1,0.0,854908,0.0,#2F92A1
2024-04-30,Yakima County,KP.4.1,0.0,854908,0.0,#FF473A
2024-04-30,Yakima County,KQ.1,0.0,854908,0.0,#E86CDE
2024-04-30,Yakima County,KV.2,1281.21642328,854908,0.0014986600000000002,#E14365
2024-04-30,Yakima County,KW.1.1,0.0,854908,0.0,#34A0FF
2024-04-30,Yakima County,LB.1,142775.97941735998,854908,0.16700742,#795653
2024-04-30,Yakima County,Recombinant,1888.9705204800002,854908,0.00220956,#FF0000
2024-04-30,Yakima County,XBB,0.0,854908,0.0,#9FA8DA
2024-04-30,Yakima County,XBB.1.16,0.0,854908,0.0,#4527A0
2024-04-30,Yakima County,XBB.1.16.1,0.0,854908,0.0,#F89B9B
2024-04-30,Yakima County,XBB.1.16.15,0.0,854908,0.0,#E3B5FA
2024-04-30,Yakima County,XBB.1.16.6,0.0,854908,0.0,#5AA350
2024-04-30,Yakima County,XBB.1.42.1,0.0,854908,0.0,#75D1A3
2024-04-30,Yakima County,XBB.1.5,0.0,854908,0.0,#3F51B5
2024-04-30,Yakima County,XBB.1.5.70,0.0,854908,0.0,#46783C
2024-04-30,Yakima County,XBB.1.5.72,0.0,854908,0.0,#254220
2024-04-30,Yakima County,XBB.1.9.1,0.0,854908,0.0,#304FFE
2024-04-30,Yakima County,XBB.1.9.2,0.0,854908,0.0,#536DFE
2024-04-30,Yakima County,XBB.2.3,0.0,854908,0.0,#F7BCDF
2024-04-30,Yakima County,XDP,0.0,854908,0.0,#B60052
2024-04-30,Yakima County,XDV.1,0.0,854908,0.0,#D367B6
2024-04-30,Yakima County,unreportable,11313.912315560001,854908,0.01323407,#eeeeee
2024-05-07,Benton County,BA.2,0.0,1209268,0.0,#9CCD67
2024-05-07,Benton County,BA.2.12.1,0.0,1209268,0.0,#7CB342
2024-05-07,Benton County,BA.2.86,0.0,1209268,0.0,#D770EE
2024-05-07,Benton County,EG.5,0.0,1209268,0.0,#FFBE7D
2024-05-07,Benton County,EG.5.1.8,0.0,1209268,0.0,#E14D6F
2024-05-07,Benton County,EG.6.1,0.0,1209268,0.0,#B9ABA8
2024-05-07,Benton County,FE.1.1,0.0,1209268,0.0,#499894
2024-05-07,Benton County,FL.1.5.1,0.0,1209268,0.0,#8CD17D
2024-05-07,Benton County,GE.1,0.0,1209268,0.0,#FABFD2
2024-05-07,Benton County,GK.1.1,0.0,1209268,0.0,#90FAE5
2024-05-07,Benton County,HF.1,0.0,1209268,0.0,#D399AD
2024-05-07,Benton County,HK.3,0.0,1209268,0.0,#859DBC
2024-05-07,Benton County,HV.1,0.0,1209268,0.0,#797765
2024-05-07,Benton County,JD.1.1,0.0,1209268,0.0,#80F192
2024-05-07,Benton County,JF.1,0.0,1209268,0.0,#FFF1A9
2024-05-07,Benton County,JG.3,0.0,1209268,0.0,#66A172
2024-05-07,Benton County,JN.1,0.0,1209268,0.0,#61018F
2024-05-07,Benton County,JN.1.11.1,0.0,1209268,0.0,#5C9CF1
2024-05-07,Benton County,JN.1.13,0.0,1209268,0.0,#E83C78
2024-05-07,Benton County,JN.1.13.1,0.0,1209268,0.0,#F2591C
2024-05-07,Benton County,JN.1.16,0.0,1209268,0.0,#BC3A88
2024-05-07,Benton County,JN.1.16.1,0.0,1209268,0.0,#366298
2024-05-07,Benton County,JN.1.18,0.0,1209268,0.0,#4AF32F
2024-05-07,Benton County,JN.1.32,0.0,1209268,0.0,#2E7919
2024-05-07,Benton County,JN.1.4.3,0.0,1209268,0.0,#9D1010
2024-05-07,Benton County,JN.1.7,704008.2825821,1209268,0.5821772200885991,#CF15E8
2024-05-07,Benton County,JN.1.8.1,0.0,1209268,0.0,#FFB027
2024-05-07,Benton County,KP.1.1,0.0,1209268,0.0,#CBFF86
2024-05-07,Benton County,KP.1.1.3,0.0,1209268,0.0,#1EB3B6
2024-05-07,Benton County,KP.1.2,0.0,1209268,0.0,#D7B5A6
2024-05-07,Benton County,KP.2,0.0,1209268,0.0,#5875A1
2024-05-07,Benton County,KP.2.15,0.0,1209268,0.0,#175DFF
2024-05-07,Benton County,KP.2.3,0.0,1209268,0.0,#628DE8
2024-05-07,Benton County,KP.3,498229.79621552,1209268,0.4120094108299566,#B06589
2024-05-07,Benton County,KP.3.1.1,0.0,1209268,0.0,#2F92A1
2024-05-07,Benton County,KP.4.1,0.0,1209268,0.0,#FF473A
2024-05-07,Benton County,KQ.1,0.0,1209268,0.0,#E86CDE
2024-05-07,Benton County,KV.2,0.0,1209268,0.0,#E14365
2024-05-07,Benton County,KW.1.1,0.0,1209268,0.0,#34A0FF
2024-05-07,Benton County,LB.1,0.0,1209268,0.0,#795653
2024-05-07,Benton County,Recombinant,0.0,1209268,0.0,#FF0000
2024-05-07,Benton County,XBB,0.0,1209268,0.0,#9FA8DA
2024-05-07,Benton County,XBB.1.16,0.0,1209268,0.0,#4527A0
2024-05-07,Benton County,XBB.1.16.1,0.0,1209268,0.0,#F89B9B
2024-05-07,Benton County,XBB.1.16.15,0.0,1209268,0.0,#E3B5FA
2024-05-07,Benton County,XBB.1.16.6,0.0,1209268,0.0,#5AA350
2024-05-07,Benton County,XBB.1.42.1,0.0,1209268,0.0,#75D1A3
2024-05-07,Benton County,XBB.1.5,0.0,1209268,0.0,#3F51B5
2024-05-07,Benton County,XBB.1.5.70,0.0,1209268,0.0,#46783C
2024-05-07,Benton County,XBB.1.5.72,0.0,1209268,0.0,#254220
2024-05-07,Benton County,XBB.1.9.1,0.0,1209268,0.0,#304FFE
2024-05-07,Benton County,XBB.1.9.2,0.0,1209268,0.0,#536DFE
2024-05-07,Benton County,XBB.2.3,0.0,1209268,0.0,#F7BCDF
2024-05-07,Benton County,XDP,0.0,1209268,0.0,#B60052
2024-05-07,Benton County,XDV.1,0.0,1209268,0.0,#D367B6
2024-05-07,Benton County,unreportable,7029.91413148,1209268,0.005813363234187955,#eeeeee
2024-05-07,Chelan County,BA.2,0.0,923896,0.0,#9CCD67
2024-05-07,Chelan County,BA.2.12.1,0.0,923896,0.0,#7CB342
2024-05-07,Chelan County,BA.2.86,248114.0645028,923896,0.2685519414553153,#D770EE
2024-05-07,Chelan County,EG.5,0.0,923896,0.0,#FFBE7D
2024-05-07,Chelan County,EG.5.1.8,0.0,923896,0.0,#E14D6F
2024-05-07,Chelan County,EG.6.1,0.0,923896,0.0,#B9ABA8
2024-05-07,Chelan County,FE.1.1,0.0,923896,0.0,#499894
2024-05-07,Chelan County,FL.1.5.1,0.0,923896,0.0,#8CD17D
2024-05-07,Chelan County,GE.1,0.0,923896,0.0,#FABFD2
2024-05-07,Chelan County,GK.1.1,0.0,923896,0.0,#90FAE5
2024-05-07,Chelan County,HF.1,0.0,923896,0.0,#D399AD
2024-05-07,Chelan County,HK.3,0.0,923896,0.0,#859DBC
2024-05-07,Chelan County,HV.1,0.0,923896,0.0,#797765
2024-05-07,Chelan County,JD.1.1,0.0,923896,0.0,#80F192
2024-05-07,Chelan County,JF.1,0.0,923896,0.0,#FFF1A9
2024-05-07,Chelan County,JG.3,0.0,923896,0.0,#66A172
2024-05-07,Chelan County,JN.1,5785.98838872,923896,0.006262597076640661,#61018F
2024-05-07,Chelan County,JN.1.11.1,0.0,923896,0.0,#5C9CF1
2024-05-07,Chelan County,JN.1.13,0.0,923896,0.0,#E83C78
2024-05-07,Chelan County,JN.1.13.1,0.0,923896,0.0,#F2591C
2024-05-07,Chelan County,JN.1.16,100119.05802540001,923896,0.10836615595846287,#BC3A88
2024-05-07,Chelan County,JN.1.16.1,0.0,923896,0.0,#366298
2024-05-07,Chelan County,JN.1.18,69533.67564904,923896,0.07526136670040784,#4AF32F
2024-05-07,Chelan County,JN.1.32,0.0,923896,0.0,#2E7919
2024-05-07,Chelan County,JN.1.4.3,0.0,923896,0.0,#9D1010
2024-05-07,Chelan County,JN.1.7,0.0,923896,0.0,#CF15E8
2024-05-07,Chelan County,JN.1.8.1,0.0,923896,0.0,#FFB027
2024-05-07,Chelan County,KP.1.1,252.31511279999998,923896,0.0002730990423164512,#CBFF86
2024-05-07,Chelan County,KP.1.1.3,0.0,923896,0.0,#1EB3B6
2024-05-07,Chelan County,KP.1.2,0.0,923896,0.0,#D7B5A6
2024-05-07,Chelan County,KP.2,75724.23537280002,923896,0.08196186082935743,#5875A1
2024-05-07,Chelan County,KP.2.15,0.0,923896,0.0,#175DFF
2024-05-07,Chelan County,KP.2.3,0.0,923896,0.0,#628DE8
2024-05-07,Chelan County,KP.3,0.0,923896,0.0,#B06589
2024-05-07,Chelan County,KP.3.1.1,0.0,923896,0.0,#2F92A1
2024-05-07,Chelan County,KP.4.1,0.0,923896,0.0,#FF473A
2024-05-07,Chelan County,KQ.1,0.0,923896,0.0,#E86CDE
2024-05-07,Chelan County,KV.2,128.85554424,923896,0.00013946975010174306,#E14365
2024-05-07,Chelan County,KW.1.1,0.0,923896,0.0,#34A0FF
2024-05-07,Chelan County,LB.1,0.0,923896,0.0,#795653
2024-05-07,Chelan County,Recombinant,419468.3676552801,923896,0.45402119681791037,#FF0000
2024-05-07,Chelan County,XBB,0.0,923896,0.0,#9FA8DA
2024-05-07,Chelan County,XBB.1.16,0.0,923896,0.0,#4527A0
2024-05-07,Chelan County,XBB.1.16.1,0.0,923896,0.0,#F89B9B
2024-05-07,Chelan County,XBB.1.16.15,0.0,923896,0.0,#E3B5FA
2024-05-07,Chelan County,XBB.1.16.6,0.0,923896,0.0,#5AA350
2024-05-07,Chelan County,XBB.1.42.1,0.0,923896,0.0,#75D1A3
2024-05-07,Chelan County,XBB.1.5,0.0,923896,0.0,#3F51B5
2024-05-07,Chelan County,XBB.1.5.70,0.0,923896,0.0,#46783C
2024-05-07,Chelan County,XBB.1.5.72,0.0,923896,0.0,#254220
2024-05-07,Chelan County,XBB.1.9.1,0.0,923896,0.0,#304FFE
2024-05-07,Chelan County,XBB.1.9.2,0.0,923896,0.0,#536DFE
2024-05-07,Chelan County,XBB.2.3,0.0,923896,0.0,#F7BCDF
2024-05-07,Chelan County,XDP,0.0,923896,0.0,#B60052
2024-05-07,Chelan County,XDV.1,0.0,923896,0.0,#D367B6
2024-05-07,Chelan County,unreportable,4769.430509960001,923896,0.005162302369487475,#eeeeee
2024-05-07,Island County,BA.2,0.0,1778632,0.0,#9CCD67
2024-05-07,Island County,BA.2.12.1,0.0,1778632,0.0,#7CB342
2024-05-07,Island County,BA.2.86,0.0,1778632,0.0,#D770EE
2024-05-07,Island County,EG.5,0.0,1778632,0.0,#FFBE7D
2024-05-07,Island County,EG.5.1.8,0.0,1778632,0.0,#E14D6F
2024-05-07,Island County,EG.6.1,0.0,1778632,0.0,#B9ABA8
2024-05-07,Island County,FE.1.1,0.0,1778632,0.0,#499894
2024-05-07,Island County,FL.1.5.1,0.0,1778632,0.0,#8CD17D
2024-05-07,Island County,GE.1,0.0,1778632,0.0,#FABFD2
2024-05-07,Island County,GK.1.1,0.0,1778632,0.0,#90FAE5
2024-05-07,Island County,HF.1,0.0,1778632,0.0,#D399AD
2024-05-07,Island County,HK.3,0.0,1778632,0.0,#859DBC
2024-05-07,Island County,HV.1,0.0,1778632,0.0,#797765
2024-05-07,Island County,JD.1.1,0.0,1778632,0.0,#80F192
2024-05-07,Island County,JF.1,0.0,1778632,0.0,#FFF1A9
2024-05-07,Island County,JG.3,0.0,1778632,0.0,#66A172
2024-05-07,Island County,JN.1,461637.08361199003,1778632,0.25954614760781886,#61018F
2024-05-07,Island County,JN.1.11.1,270883.93036335,1778632,0.15229903114491924,#5C9CF1
2024-05-07,Island County,JN.1.13,0.0,1778632,0.0,#E83C78
2024-05-07,Island County,JN.1.13.1,0.0,1778632,0.0,#F2591C
2024-05-07,Island County,JN.1.16,229931.16189834,1778632,0.12927416233281533,#BC3A88
2024-05-07,Island County,JN.1.16.1,0.0,1778632,0.0,#366298
2024-05-07,Island County,JN.1.18,95332.4932912,1778632,0.0535987732657458,#4AF32F
2024-05-07,Island County,JN.1.32,283036.21315845,1778632,0.15913140726043948,#2E7919
2024-05-07,Island County,JN.1.4.3,0.0,1778632,0.0,#9D1010
2024-05-07,Island County,JN.1.7,0.0,1778632,0.0,#CF15E8
2024-05-07,Island County,JN.1.8.1,75680.2251912,1778632,0.04254968154806616,#FFB027
2024-05-07,Island County,KP.1.1,1807.581909,1778632,0.001016276502952831,#CBFF86
2024-05-07,Island County,KP.1.1.3,0.0,1778632,0.0,#1EB3B6
2024-05-07,Island County,KP.1.2,11964.595762050001,1778632,0.006726852863352285,#D7B5A6
2024-05-07,Island County,KP.2,277.1460344,1778632,0.00015581977294909798,#5875A1
2024-05-07,Island County,KP.2.15,0.0,1778632,0.0,#175DFF
2024-05-07,Island County,KP.2.3,40909.0004217,1778632,0.023000261111742058,#628DE8
2024-05-07,Island County,KP.3,284231.58031046,1778632,0.159803478353285,#B06589
2024-05-07,Island County,KP.3.1.1,0.0,1778632,0.0,#2F92A1
2024-05-07,Island County,KP.4.1,0.0,1778632,0.0,#FF473A
2024-05-07,Island County,KQ.1,0.0,1778632,0.0,#E86CDE
2024-05-07,Island County,KV.2,5899.00965435,1778632,0.003316599304606012,#E14365
2024-05-07,Island County,KW.1.1,670.84418793,1778632,0.00037716862618574273,#34A0FF
2024-05-07,Island County,LB.1,0.0,1778632,0.0,#795653
2024-05-07,Island County,Recombinant,0.0,1778632,0.0,#FF0000
2024-05-07,Island County,XBB,0.0,1778632,0.0,#9FA8DA
2024-05-07,Island County,XBB.1.16,0.0,1778632,0.0,#4527A0
2024-05-07,Island County,XBB.1.16.1,0.0,1778632,0.0,#F89B9B
2024-05-07,Island County,XBB.1.16.15,0.0,1778632,0.0,#E3B5FA
2024-05-07,Island County,XBB.1.16.6,0.0,1778632,0.0,#5AA350
2024-05-07,Island County,XBB.1.42.1,0.0,1778632,0.0,#75D1A3
2024-05-07,Island County,XBB.1.5,0.0,1778632,0.0,#3F51B5
2024-05-07,Island County,XBB.1.5.70,0.0,1778632,0.0,#46783C
2024-05-07,Island County,XBB.1.5.72,0.0,1778632,0.0,#254220
2024-05-07,Island County,XBB.1.9.1,0.0,1778632,0.0,#304FFE
2024-05-07,Island County,XBB.1.9.2,0.0,1778632,0.0,#536DFE
2024-05-07,Island County,XBB.2.3,0.0,1778632,0.0,#F7BCDF
2024-05-07,Island County,XDP,0.0,1778632,0.0,#B60052
2024-05-07,Island County,XDV.1,0.0,1778632,0.0,#D367B6
2024-05-07,Island County,unreportable,16371.14857372,1778632,0.009204348383319315,#eeeeee
2024-05-07,Jefferson County,BA.2,0.0,162770,0.0,#9CCD67
2024-05-07,Jefferson County,BA.2.12.1,0.0,162770,0.0,#7CB342
2024-05-07,Jefferson County,BA.2.86,0.0,162770,0.0,#D770EE
2024-05-07,Jefferson County,EG.5,0.0,162770,0.0,#FFBE7D
2024-05-07,Jefferson County,EG.5.1.8,0.0,162770,0.0,#E14D6F
2024-05-07,Jefferson County,EG.6.1,0.0,162770,0.0,#B9ABA8
2024-05-07,Jefferson County,FE.1.1,0.0,162770,0.0,#499894
2024-05-07,Jefferson County,FL.1.5.1,0.0,162770,0.0,#8CD17D
2024-05-07,Jefferson County,GE.1,0.0,162770,0.0,#FABFD2
2024-05-07,Jefferson County,GK.1.1,0.0,162770,0.0,#90FAE5
2024-05-07,Jefferson County,HF.1,0.0,162770,0.0,#D399AD
2024-05-07,Jefferson County,HK.3,0.0,162770,0.0,#859DBC
2024-05-07,Jefferson County,HV.1,0.0,162770,0.0,#797765
2024-05-07,Jefferson County,JD.1.1,0.0,162770,0.0,#80F192
2024-05-07,Jefferson County,JF.1,0.0,162770,0.0,#FFF1A9
2024-05-07,Jefferson County,JG.3,0.0,162770,0.0,#66A172
2024-05-07,Jefferson County,JN.1,50485.5147298,162770,0.31016474,#61018F
2024-05-07,Jefferson County,JN.1.11.1,0.0,162770,0.0,#5C9CF1
2024-05-07,Jefferson County,JN.1.13,0.0,162770,0.0,#E83C78
2024-05-07,Jefferson County,JN.1.13.1,0.0,162770,0.0,#F2591C
2024-05-07,Jefferson County,JN.1.16,0.0,162770,0.0,#BC3A88
2024-05-07,Jefferson County,JN.1.16.1,35716.853861100004,162770,0.21943143000000004,#366298
2024-05-07,Jefferson County,JN.1.18,469.0836076,162770,0.00288188,#4AF32F
2024-05-07,Jefferson County,JN.1.32,0.0,162770,0.0,#2E7919
2024-05-07,Jefferson County,JN.1.4.3,0.0,162770,0.0,#9D1010
2024-05-07,Jefferson County,JN.1.7,0.0,162770,0.0,#CF15E8
2024-05-07,Jefferson County,JN.1.8.1,0.0,162770,0.0,#FFB027
2024-05-07,Jefferson County,KP.1.1,23654.802543499998,162770,0.14532655,#CBFF86
2024-05-07,Jefferson County,KP.1.1.3,0.0,162770,0.0,#1EB3B6
2024-05-07,Jefferson County,KP.1.2,0.0,162770,0.0,#D7B5A6
2024-05-07,Jefferson County,KP.2,22281.2988248,162770,0.13688824,#5875A1
2024-05-07,Jefferson County,KP.2.15,0.0,162770,0.0,#175DFF
2024-05-07,Jefferson County,KP.2.3,7862.7529707,162770,0.04830591,#628DE8
2024-05-07,Jefferson County,KP.3,9105.763980400001,162770,0.05594252,#B06589
2024-05-07,Jefferson County,KP.3.1.1,0.0,162770,0.0,#2F92A1
2024-05-07,Jefferson County,KP.4.1,0.0,162770,0.0,#FF473A
2024-05-07,Jefferson County,KQ.1,10359.1808762,162770,0.06364306,#E86CDE
2024-05-07,Jefferson County,KV.2,0.0,162770,0.0,#E14365
2024-05-07,Jefferson County,KW.1.1,0.0,162770,0.0,#34A0FF
2024-05-07,Jefferson County,LB.1,0.0,162770,0.0,#795653
2024-05-07,Jefferson County,Recombinant,0.0,162770,0.0,#FF0000
2024-05-07,Jefferson County,XBB,0.0,162770,0.0,#9FA8DA
2024-05-07,Jefferson County,XBB.1.16,0.0,162770,0.0,#4527A0
2024-05-07,Jefferson County,XBB.1.16.1,0.0,162770,0.0,#F89B9B
2024-05-07,Jefferson County,XBB.1.16.15,0.0,162770,0.0,#E3B5FA
2024-05-07,Jefferson County,XBB.1.16.6,0.0,162770,0.0,#5AA350
2024-05-07,Jefferson County,XBB.1.42.1,0.0,162770,0.0,#75D1A3
2024-05-07,Jefferson County,XBB.1.5,0.0,162770,0.0,#3F51B5
2024-05-07,Jefferson County,XBB.1.5.70,0.0,162770,0.0,#46783C
2024-05-07,Jefferson County,XBB.1.5.72,0.0,162770,0.0,#254220
2024-05-07,Jefferson County,XBB.1.9.1,0.0,162770,0.0,#304FFE
2024-05-07,Jefferson County,XBB.1.9.2,0.0,162770,0.0,#536DFE
2024-05-07,Jefferson County,XBB.2.3,0.0,162770,0.0,#F7BCDF
2024-05-07,Jefferson County,XDP,0.0,162770,0.0,#B60052
2024-05-07,Jefferson County,XDV.1,0.0,162770,0.0,#D367B6
2024-05-07,Jefferson County,unreportable,2834.7518613,162770,0.01741569,#eeeeee
2024-05-07,King County,BA.2,0.0,973611,0.0,#9CCD67
2024-05-07,King County,BA.2.12.1,0.0,973611,0.0,#7CB342
2024-05-07,King County,BA.2.86,0.0,973611,0.0,#D770EE
2024-05-07,King County,EG.5,0.0,973611,0.0,#FFBE7D
2024-05-07,King County,EG.5.1.8,0.0,973611,0.0,#E14D6F
2024-05-07,King County,EG.6.1,0.0,973611,0.0,#B9ABA8
2024-05-07,King County,FE.1.1,0.0,973611,0.0,#499894
2024-05-07,King County,FL.1.5.1,0.0,973611,0.0,#8CD17D
2024-05-07,King County,GE.1,0.0,973611,0.0,#FABFD2
2024-05-07,King County,GK.1.1,0.0,973611,0.0,#90FAE5
2024-05-07,King County,HF.1,0.0,973611,0.0,#D399AD
2024-05-07,King County,HK.3,0.0,973611,0.0,#859DBC
2024-05-07,King County,HV.1,0.0,973611,0.0,#797765
2024-05-07,King County,JD.1.1,0.0,973611,0.0,#80F192
2024-05-07,King County,JF.1,0.0,973611,0.0,#FFF1A9
2024-05-07,King County,JG.3,0.0,973611,0.0,#66A172
2024-05-07,King County,JN.1,681419.60970678,973611,0.69988898,#61018F
2024-05-07,King County,JN.1.11.1,0.0,973611,0.0,#5C9CF1
2024-05-07,King County,JN.1.13,86851.7481438,973611,0.0892058,#E83C78
2024-05-07,King County,JN.1.13.1,0.0,973611,0.0,#F2591C
2024-05-07,King County,JN.1.16,0.0,973611,0.0,#BC3A88
2024-05-07,King County,JN.1.16.1,0.0,973611,0.0,#366298
2024-05-07,King County,JN.1.18,191098.52695521,973611,0.19627811,#4AF32F
2024-05-07,King County,JN.1.32,0.0,973611,0.0,#2E7919
2024-05-07,King County,JN.1.4.3,0.0,973611,0.0,#9D1010
2024-05-07,King County,JN.1.7,0.0,973611,0.0,#CF15E8
2024-05-07,King County,JN.1.8.1,0.0,973611,0.0,#FFB027
2024-05-07,King County,KP.1.1,0.0,973611,0.0,#CBFF86
2024-05-07,King County,KP.1.1.3,0.0,973611,0.0,#1EB3B6
2024-05-07,King County,KP.1.2,0.0,973611,0.0,#D7B5A6
2024-05-07,King County,KP.2,0.0,973611,0.0,#5875A1
2024-05-07,King County,KP.2.15,0.0,973611,0.0,#175DFF
2024-05-07,King County,KP.2.3,0.0,973611,0.0,#628DE8
2024-05-07,King County,KP.3,0.0,973611,0.0,#B06589
2024-05-07,King County,KP.3.1.1,0.0,973611,0.0,#2F92A1
2024-05-07,King County,KP.4.1,0.0,973611,0.0,#FF473A
2024-05-07,King County,KQ.1,0.0,973611,0.0,#E86CDE
2024-05-07,King County,KV.2,1478.36988684,973611,0.00151844,#E14365
2024-05-07,King County,KW.1.1,0.0,973611,0.0,#34A0FF
2024-05-07,King County,LB.1,0.0,973611,0.0,#795653
2024-05-07,King County,Recombinant,0.0,973611,0.0,#FF0000
2024-05-07,King County,XBB,0.0,973611,0.0,#9FA8DA
2024-05-07,King County,XBB.1.16,0.0,973611,0.0,#4527A0
2024-05-07,King County,XBB.1.16.1,0.0,973611,0.0,#F89B9B
2024-05-07,King County,XBB.1.16.15,0.0,973611,0.0,#E3B5FA
2024-05-07,King County,XBB.1.16.6,0.0,973611,0.0,#5AA350
2024-05-07,King County,XBB.1.42.1,0.0,973611,0.0,#75D1A3
2024-05-07,King County,XBB.1.5,0.0,973611,0.0,#3F51B5
2024-05-07,King County,XBB.1.5.70,0.0,973611,0.0,#46783C
2024-05-07,King County,XBB.1.5.72,0.0,973611,0.0,#254220
2024-05-07,King County,XBB.1.9.1,0.0,973611,0.0,#304FFE
2024-05-07,King County,XBB.1.9.2,0.0,973611,0.0,#536DFE
2024-05-07,King County,XBB.2.3,0.0,973611,0.0,#F7BCDF
2024-05-07,King County,XDP,0.0,973611,0.0,#B60052
2024-05-07,King County,XDV.1,0.0,973611,0.0,#D367B6
2024-05-07,King County,unreportable,12762.73557126,973611,0.01310866,#eeeeee
2024-05-07,Kittitas County,BA.2,0.0,862782,0.0,#9CCD67
2024-05-07,Kittitas County,BA.2.12.1,0.0,862782,0.0,#7CB342
2024-05-07,Kittitas County,BA.2.86,0.0,862782,0.0,#D770EE
2024-05-07,Kittitas County,EG.5,0.0,862782,0.0,#FFBE7D
2024-05-07,Kittitas County,EG.5.1.8,0.0,862782,0.0,#E14D6F
2024-05-07,Kittitas County,EG.6.1,0.0,862782,0.0,#B9ABA8
2024-05-07,Kittitas County,FE.1.1,0.0,862782,0.0,#499894
2024-05-07,Kittitas County,FL.1.5.1,0.0,862782,0.0,#8CD17D
2024-05-07,Kittitas County,GE.1,0.0,862782,0.0,#FABFD2
2024-05-07,Kittitas County,GK.1.1,0.0,862782,0.0,#90FAE5
2024-05-07,Kittitas County,HF.1,0.0,862782,0.0,#D399AD
2024-05-07,Kittitas County,HK.3,0.0,862782,0.0,#859DBC
2024-05-07,Kittitas County,HV.1,0.0,862782,0.0,#797765
2024-05-07,Kittitas County,JD.1.1,0.0,862782,0.0,#80F192
2024-05-07,Kittitas County,JF.1,0.0,862782,0.0,#FFF1A9
2024-05-07,Kittitas County,JG.3,0.0,862782,0.0,#66A172
2024-05-07,Kittitas County,JN.1,140459.32505346002,862782,0.16279816344506495,#61018F
2024-05-07,Kittitas County,JN.1.11.1,494.024544,862782,0.0005725948663741246,#5C9CF1
2024-05-07,Kittitas County,JN.1.13,0.0,862782,0.0,#E83C78
2024-05-07,Kittitas County,JN.1.13.1,73199.35379766,862782,0.08484107665396358,#F2591C
2024-05-07,Kittitas County,JN.1.16,195721.72019568,862782,0.2268495636159308,#BC3A88
2024-05-07,Kittitas County,JN.1.16.1,186659.40211992,862782,0.21634596238669793,#366298
2024-05-07,Kittitas County,JN.1.18,0.0,862782,0.0,#4AF32F
2024-05-07,Kittitas County,JN.1.32,0.0,862782,0.0,#2E7919
2024-05-07,Kittitas County,JN.1.4.3,0.0,862782,0.0,#9D1010
2024-05-07,Kittitas County,JN.1.7,59065.1565504,862782,0.06845895782526756,#CF15E8
2024-05-07,Kittitas County,JN.1.8.1,0.0,862782,0.0,#FFB027
2024-05-07,Kittitas County,KP.1.1,578.6884272,862782,0.0006707238064771866,#CBFF86
2024-05-07,Kittitas County,KP.1.1.3,0.0,862782,0.0,#1EB3B6
2024-05-07,Kittitas County,KP.1.2,73206.38566332,862782,0.08484922687691678,#D7B5A6
2024-05-07,Kittitas County,KP.2,33569.47029132,862782,0.03890840361912975,#5875A1
2024-05-07,Kittitas County,KP.2.15,0.0,862782,0.0,#175DFF
2024-05-07,Kittitas County,KP.2.3,0.0,862782,0.0,#628DE8
2024-05-07,Kittitas County,KP.3,90946.78869258,862782,0.10541108726489426,#B06589
2024-05-07,Kittitas County,KP.3.1.1,0.0,862782,0.0,#2F92A1
2024-05-07,Kittitas County,KP.4.1,916.43329206,862782,0.0010621840651056699,#FF473A
2024-05-07,Kittitas County,KQ.1,0.0,862782,0.0,#E86CDE
2024-05-07,Kittitas County,KV.2,0.0,862782,0.0,#E14365
2024-05-07,Kittitas County,KW.1.1,1478.32795908,862782,0.0017134432093854532,#34A0FF
2024-05-07,Kittitas County,LB.1,0.0,862782,0.0,#795653
2024-05-07,Kittitas County,Recombinant,0.0,862782,0.0,#FF0000
2024-05-07,Kittitas County,XBB,0.0,862782,0.0,#9FA8DA
2024-05-07,Kittitas County,XBB.1.16,0.0,862782,0.0,#4527A0
2024-05-07,Kittitas County,XBB.1.16.1,0.0,862782,0.0,#F89B9B
2024-05-07,Kittitas County,XBB.1.16.15,0.0,862782,0.0,#E3B5FA
2024-05-07,Kittitas County,XBB.1.16.6,0.0,862782,0.0,#5AA350
2024-05-07,Kittitas County,XBB.1.42.1,0.0,862782,0.0,#75D1A3
2024-05-07,Kittitas County,XBB.1.5,0.0,862782,0.0,#3F51B5
2024-05-07,Kittitas County,XBB.1.5.70,0.0,862782,0.0,#46783C
2024-05-07,Kittitas County,XBB.1.5.72,0.0,862782,0.0,#254220
2024-05-07,Kittitas County,XBB.1.9.1,0.0,862782,0.0,#304FFE
2024-05-07,Kittitas County,XBB.1.9.2,0.0,862782,0.0,#536DFE
2024-05-07,Kittitas County,XBB.2.3,0.0,862782,0.0,#F7BCDF
2024-05-07,Kittitas County,XDP,0.0,862782,0.0,#B60052
2024-05-07,Kittitas County,XDV.1,0.0,862782,0.0,#D367B6
2024-05-07,Kittitas County,unreportable,6486.93779856,862782,0.007518629037879789,#eeeeee
2024-05-07,Okanogan County,BA.2,0.0,951940,0.0,#9CCD67
2024-05-07,Okanogan County,BA.2.12.1,0.0,951940,0.0,#7CB342
2024-05-07,Okanogan County,BA.2.86,1025.4854268,951940,0.0010772584688110594,#D770EE
2024-05-07,Okanogan County,EG.5,0.0,951940,0.0,#FFBE7D
2024-05-07,Okanogan County,EG.5.1.8,0.0,951940,0.0,#E14D6F
2024-05-07,Okanogan County,EG.6.1,0.0,951940,0.0,#B9ABA8
2024-05-07,Okanogan County,FE.1.1,0.0,951940,0.0,#499894
2024-05-07,Okanogan County,FL.1.5.1,0.0,951940,0.0,#8CD17D
2024-05-07,Okanogan County,GE.1,0.0,951940,0.0,#FABFD2
2024-05-07,Okanogan County,GK.1.1,0.0,951940,0.0,#90FAE5
2024-05-07,Okanogan County,HF.1,0.0,951940,0.0,#D399AD
2024-05-07,Okanogan County,HK.3,0.0,951940,0.0,#859DBC
2024-05-07,Okanogan County,HV.1,0.0,951940,0.0,#797765
2024-05-07,Okanogan County,JD.1.1,0.0,951940,0.0,#80F192
2024-05-07,Okanogan County,JF.1,0.0,951940,0.0,#FFF1A9
2024-05-07,Okanogan County,JG.3,0.0,951940,0.0,#66A172
2024-05-07,Okanogan County,JN.1,5942.5661595,951940,0.006242584784230099,#61018F
2024-05-07,Okanogan County,JN.1.11.1,1627.8488906,951940,0.0017100330804462466,#5C9CF1
2024-05-07,Okanogan County,JN.1.13,0.0,951940,0.0,#E83C78
2024-05-07,Okanogan County,JN.1.13.1,0.0,951940,0.0,#F2591C
2024-05-07,Okanogan County,JN.1.16,1413.0175702,951940,0.0014843557054016008,#BC3A88
2024-05-07,Okanogan County,JN.1.16.1,1389.8484268,951940,0.001460016835935038,#366298
2024-05-07,Okanogan County,JN.1.18,0.0,951940,0.0,#4AF32F
2024-05-07,Okanogan County,JN.1.32,0.0,951940,0.0,#2E7919
2024-05-07,Okanogan County,JN.1.4.3,0.0,951940,0.0,#9D1010
2024-05-07,Okanogan County,JN.1.7,138416.3183286,951940,0.1454044565083934,#CF15E8
2024-05-07,Okanogan County,JN.1.8.1,0.0,951940,0.0,#FFB027
2024-05-07,Okanogan County,KP.1.1,5470.4893862,951940,0.0057466745658339815,#CBFF86
2024-05-07,Okanogan County,KP.1.1.3,0.0,951940,0.0,#1EB3B6
2024-05-07,Okanogan County,KP.1.2,0.0,951940,0.0,#D7B5A6
2024-05-07,Okanogan County,KP.2,1563.5245844,951940,0.0016424612731894869,#5875A1
2024-05-07,Okanogan County,KP.2.15,0.0,951940,0.0,#175DFF
2024-05-07,Okanogan County,KP.2.3,0.0,951940,0.0,#628DE8
2024-05-07,Okanogan County,KP.3,0.0,951940,0.0,#B06589
2024-05-07,Okanogan County,KP.3.1.1,0.0,951940,0.0,#2F92A1
2024-05-07,Okanogan County,KP.4.1,0.0,951940,0.0,#FF473A
2024-05-07,Okanogan County,KQ.1,0.0,951940,0.0,#E86CDE
2024-05-07,Okanogan County,KV.2,0.0,951940,0.0,#E14365
2024-05-07,Okanogan County,KW.1.1,0.0,951940,0.0,#34A0FF
2024-05-07,Okanogan County,LB.1,776382.3061839,951940,0.8155790345861084,#795653
2024-05-07,Okanogan County,Recombinant,0.0,951940,0.0,#FF0000
2024-05-07,Okanogan County,XBB,0.0,951940,0.0,#9FA8DA
2024-05-07,Okanogan County,XBB.1.16,0.0,951940,0.0,#4527A0
2024-05-07,Okanogan County,XBB.1.16.1,0.0,951940,0.0,#F89B9B
2024-05-07,Okanogan County,XBB.1.16.15,0.0,951940,0.0,#E3B5FA
2024-05-07,Okanogan County,XBB.1.16.6,0.0,951940,0.0,#5AA350
2024-05-07,Okanogan County,XBB.1.42.1,0.0,951940,0.0,#75D1A3
2024-05-07,Okanogan County,XBB.1.5,0.0,951940,0.0,#3F51B5
2024-05-07,Okanogan County,XBB.1.5.70,0.0,951940,0.0,#46783C
2024-05-07,Okanogan County,XBB.1.5.72,0.0,951940,0.0,#254220
2024-05-07,Okanogan County,XBB.1.9.1,0.0,951940,0.0,#304FFE
2024-05-07,Okanogan County,XBB.1.9.2,0.0,951940,0.0,#536DFE
2024-05-07,Okanogan County,XBB.2.3,0.0,951940,0.0,#F7BCDF
2024-05-07,Okanogan County,XDP,0.0,951940,0.0,#B60052
2024-05-07,Okanogan County,XDV.1,8336.2738659,951940,0.008757142115994706,#D367B6
2024-05-07,Okanogan County,unreportable,10372.311899,951940,0.010895972329138392,#eeeeee
2024-05-07,Pierce County,BA.2,0.0,69239,0.0,#9CCD67
2024-05-07,Pierce County,BA.2.12.1,0.0,69239,0.0,#7CB342
2024-05-07,Pierce County,BA.2.86,0.0,69239,0.0,#D770EE
2024-05-07,Pierce County,EG.5,0.0,69239,0.0,#FFBE7D
2024-05-07,Pierce County,EG.5.1.8,0.0,69239,0.0,#E14D6F
2024-05-07,Pierce County,EG.6.1,0.0,69239,0.0,#B9ABA8
2024-05-07,Pierce County,FE.1.1,0.0,69239,0.0,#499894
2024-05-07,Pierce County,FL.1.5.1,0.0,69239,0.0,#8CD17D
2024-05-07,Pierce County,GE.1,0.0,69239,0.0,#FABFD2
2024-05-07,Pierce County,GK.1.1,0.0,69239,0.0,#90FAE5
2024-05-07,Pierce County,HF.1,0.0,69239,0.0,#D399AD
2024-05-07,Pierce County,HK.3,0.0,69239,0.0,#859DBC
2024-05-07,Pierce County,HV.1,0.0,69239,0.0,#797765
2024-05-07,Pierce County,JD.1.1,0.0,69239,0.0,#80F192
2024-05-07,Pierce County,JF.1,0.0,69239,0.0,#FFF1A9
2024-05-07,Pierce County,JG.3,0.0,69239,0.0,#66A172
2024-05-07,Pierce County,JN.1,34121.36555362,69239,0.49280558,#61018F
2024-05-07,Pierce County,JN.1.11.1,0.0,69239,0.0,#5C9CF1
2024-05-07,Pierce County,JN.1.13,0.0,69239,0.0,#E83C78
2024-05-07,Pierce County,JN.1.13.1,0.0,69239,0.0,#F2591C
2024-05-07,Pierce County,JN.1.16,3195.52802146,69239,0.04615214,#BC3A88
2024-05-07,Pierce County,JN.1.16.1,0.0,69239,0.0,#366298
2024-05-07,Pierce County,JN.1.18,0.0,69239,0.0,#4AF32F
2024-05-07,Pierce County,JN.1.32,0.0,69239,0.0,#2E7919
2024-05-07,Pierce County,JN.1.4.3,0.0,69239,0.0,#9D1010
2024-05-07,Pierce County,JN.1.7,28707.014231620004,69239,0.41460758000000003,#CF15E8
2024-05-07,Pierce County,JN.1.8.1,0.0,69239,0.0,#FFB027
2024-05-07,Pierce County,KP.1.1,150.09491942,69239,0.00216778,#CBFF86
2024-05-07,Pierce County,KP.1.1.3,0.0,69239,0.0,#1EB3B6
2024-05-07,Pierce County,KP.1.2,0.0,69239,0.0,#D7B5A6
2024-05-07,Pierce County,KP.2,0.0,69239,0.0,#5875A1
2024-05-07,Pierce County,KP.2.15,0.0,69239,0.0,#175DFF
2024-05-07,Pierce County,KP.2.3,0.0,69239,0.0,#628DE8
2024-05-07,Pierce County,KP.3,2143.85061895,69239,0.03096305,#B06589
2024-05-07,Pierce County,KP.3.1.1,0.0,69239,0.0,#2F92A1
2024-05-07,Pierce County,KP.4.1,0.0,69239,0.0,#FF473A
2024-05-07,Pierce County,KQ.1,0.0,69239,0.0,#E86CDE
2024-05-07,Pierce County,KV.2,0.0,69239,0.0,#E14365
2024-05-07,Pierce County,KW.1.1,0.0,69239,0.0,#34A0FF
2024-05-07,Pierce County,LB.1,0.0,69239,0.0,#795653
2024-05-07,Pierce County,Recombinant,0.0,69239,0.0,#FF0000
2024-05-07,Pierce County,XBB,0.0,69239,0.0,#9FA8DA
2024-05-07,Pierce County,XBB.1.16,0.0,69239,0.0,#4527A0
2024-05-07,Pierce County,XBB.1.16.1,0.0,69239,0.0,#F89B9B
2024-05-07,Pierce County,XBB.1.16.15,0.0,69239,0.0,#E3B5FA
2024-05-07,Pierce County,XBB.1.16.6,0.0,69239,0.0,#5AA350
2024-05-07,Pierce County,XBB.1.42.1,0.0,69239,0.0,#75D1A3
2024-05-07,Pierce County,XBB.1.5,0.0,69239,0.0,#3F51B5
2024-05-07,Pierce County,XBB.1.5.70,0.0,69239,0.0,#46783C
2024-05-07,Pierce County,XBB.1.5.72,0.0,69239,0.0,#254220
2024-05-07,Pierce County,XBB.1.9.1,0.0,69239,0.0,#304FFE
2024-05-07,Pierce County,XBB.1.9.2,0.0,69239,0.0,#536DFE
2024-05-07,Pierce County,XBB.2.3,0.0,69239,0.0,#F7BCDF
2024-05-07,Pierce County,XDP,0.0,69239,0.0,#B60052
2024-05-07,Pierce County,XDV.1,0.0,69239,0.0,#D367B6
2024-05-07,Pierce County,unreportable,921.1466549300001,69239,0.01330387,#eeeeee
2024-05-07,Spokane County,BA.2,0.0,713850,0.0,#9CCD67
2024-05-07,Spokane County,BA.2.12.1,0.0,713850,0.0,#7CB342
2024-05-07,Spokane County,BA.2.86,0.0,713850,0.0,#D770EE
2024-05-07,Spokane County,EG.5,0.0,713850,0.0,#FFBE7D
2024-05-07,Spokane County,EG.5.1.8,0.0,713850,0.0,#E14D6F
2024-05-07,Spokane County,EG.6.1,0.0,713850,0.0,#B9ABA8
2024-05-07,Spokane County,FE.1.1,0.0,713850,0.0,#499894
2024-05-07,Spokane County,FL.1.5.1,0.0,713850,0.0,#8CD17D
2024-05-07,Spokane County,GE.1,0.0,713850,0.0,#FABFD2
2024-05-07,Spokane County,GK.1.1,0.0,713850,0.0,#90FAE5
2024-05-07,Spokane County,HF.1,0.0,713850,0.0,#D399AD
2024-05-07,Spokane County,HK.3,0.0,713850,0.0,#859DBC
2024-05-07,Spokane County,HV.1,0.0,713850,0.0,#797765
2024-05-07,Spokane County,JD.1.1,0.0,713850,0.0,#80F192
2024-05-07,Spokane County,JF.1,0.0,713850,0.0,#FFF1A9
2024-05-07,Spokane County,JG.3,0.0,713850,0.0,#66A172
2024-05-07,Spokane County,JN.1,108253.64639850002,713850,0.15164761000000002,#61018F
2024-05-07,Spokane County,JN.1.11.1,44812.190736000004,713850,0.06277536,#5C9CF1
2024-05-07,Spokane County,JN.1.13,0.0,713850,0.0,#E83C78
2024-05-07,Spokane County,JN.1.13.1,0.0,713850,0.0,#F2591C
2024-05-07,Spokane County,JN.1.16,0.0,713850,0.0,#BC3A88
2024-05-07,Spokane County,JN.1.16.1,0.0,713850,0.0,#366298
2024-05-07,Spokane County,JN.1.18,2066.4315645,713850,0.00289477,#4AF32F
2024-05-07,Spokane County,JN.1.32,0.0,713850,0.0,#2E7919
2024-05-07,Spokane County,JN.1.4.3,0.0,713850,0.0,#9D1010
2024-05-07,Spokane County,JN.1.7,0.0,713850,0.0,#CF15E8
2024-05-07,Spokane County,JN.1.8.1,0.0,713850,0.0,#FFB027
2024-05-07,Spokane County,KP.1.1,1039.4584005,713850,0.00145613,#CBFF86
2024-05-07,Spokane County,KP.1.1.3,0.0,713850,0.0,#1EB3B6
2024-05-07,Spokane County,KP.1.2,0.0,713850,0.0,#D7B5A6
2024-05-07,Spokane County,KP.2,540942.3451905,713850,0.75778153,#5875A1
2024-05-07,Spokane County,KP.2.15,0.0,713850,0.0,#175DFF
2024-05-07,Spokane County,KP.2.3,0.0,713850,0.0,#628DE8
2024-05-07,Spokane County,KP.3,0.0,713850,0.0,#B06589
2024-05-07,Spokane County,KP.3.1.1,0.0,713850,0.0,#2F92A1
2024-05-07,Spokane County,KP.4.1,0.0,713850,0.0,#FF473A
2024-05-07,Spokane County,KQ.1,0.0,713850,0.0,#E86CDE
2024-05-07,Spokane County,KV.2,0.0,713850,0.0,#E14365
2024-05-07,Spokane County,KW.1.1,681.169947,713850,0.00095422,#34A0FF
2024-05-07,Spokane County,LB.1,7679.0058045,713850,0.01075717,#795653
2024-05-07,Spokane County,Recombinant,0.0,713850,0.0,#FF0000
2024-05-07,Spokane County,XBB,0.0,713850,0.0,#9FA8DA
2024-05-07,Spokane County,XBB.1.16,0.0,713850,0.0,#4527A0
2024-05-07,Spokane County,XBB.1.16.1,0.0,713850,0.0,#F89B9B
2024-05-07,Spokane County,XBB.1.16.15,0.0,713850,0.0,#E3B5FA
2024-05-07,Spokane County,XBB.1.16.6,0.0,713850,0.0,#5AA350
2024-05-07,Spokane County,XBB.1.42.1,0.0,713850,0.0,#75D1A3
2024-05-07,Spokane County,XBB.1.5,0.0,713850,0.0,#3F51B5
2024-05-07,Spokane County,XBB.1.5.70,0.0,713850,0.0,#46783C
2024-05-07,Spokane County,XBB.1.5.72,0.0,713850,0.0,#254220
2024-05-07,Spokane County,XBB.1.9.1,0.0,713850,0.0,#304FFE
2024-05-07,Spokane County,XBB.1.9.2,0.0,713850,0.0,#536DFE
2024-05-07,Spokane County,XBB.2.3,0.0,713850,0.0,#F7BCDF
2024-05-07,Spokane County,XDP,0.0,713850,0.0,#B60052
2024-05-07,Spokane County,XDV.1,0.0,713850,0.0,#D367B6
2024-05-07,Spokane County,unreportable,8375.751958500001,713850,0.01173321,#eeeeee
2024-05-07,Thurston County,BA.2,0.0,166384,0.0,#9CCD67
2024-05-07,Thurston County,BA.2.12.1,0.0,166384,0.0,#7CB342
2024-05-07,Thurston County,BA.2.86,0.0,166384,0.0,#D770EE
2024-05-07,Thurston County,EG.5,0.0,166384,0.0,#FFBE7D
2024-05-07,Thurston County,EG.5.1.8,0.0,166384,0.0,#E14D6F
2024-05-07,Thurston County,EG.6.1,0.0,166384,0.0,#B9ABA8
2024-05-07,Thurston County,FE.1.1,0.0,166384,0.0,#499894
2024-05-07,Thurston County,FL.1.5.1,0.0,166384,0.0,#8CD17D
2024-05-07,Thurston County,GE.1,0.0,166384,0.0,#FABFD2
2024-05-07,Thurston County,GK.1.1,0.0,166384,0.0,#90FAE5
2024-05-07,Thurston County,HF.1,0.0,166384,0.0,#D399AD
2024-05-07,Thurston County,HK.3,0.0,166384,0.0,#859DBC
2024-05-07,Thurston County,HV.1,0.0,166384,0.0,#797765
2024-05-07,Thurston County,JD.1.1,0.0,166384,0.0,#80F192
2024-05-07,Thurston County,JF.1,0.0,166384,0.0,#FFF1A9
2024-05-07,Thurston County,JG.3,0.0,166384,0.0,#66A172
2024-05-07,Thurston County,JN.1,55679.35374704,166384,0.3346436781604,#61018F
2024-05-07,Thurston County,JN.1.11.1,40219.083288,166384,0.24172446441965575,#5C9CF1
2024-05-07,Thurston County,JN.1.13,0.0,166384,0.0,#E83C78
2024-05-07,Thurston County,JN.1.13.1,0.0,166384,0.0,#F2591C
2024-05-07,Thurston County,JN.1.16,0.0,166384,0.0,#BC3A88
2024-05-07,Thurston County,JN.1.16.1,0.0,166384,0.0,#366298
2024-05-07,Thurston County,JN.1.18,0.0,166384,0.0,#4AF32F
2024-05-07,Thurston County,JN.1.32,0.0,166384,0.0,#2E7919
2024-05-07,Thurston County,JN.1.4.3,0.0,166384,0.0,#9D1010
2024-05-07,Thurston County,JN.1.7,0.0,166384,0.0,#CF15E8
2024-05-07,Thurston County,JN.1.8.1,0.0,166384,0.0,#FFB027
2024-05-07,Thurston County,KP.1.1,239.6448792,166384,0.0014403120444273488,#CBFF86
2024-05-07,Thurston County,KP.1.1.3,0.0,166384,0.0,#1EB3B6
2024-05-07,Thurston County,KP.1.2,0.0,166384,0.0,#D7B5A6
2024-05-07,Thurston County,KP.2,44735.598189280005,166384,0.2688695919636504,#5875A1
2024-05-07,Thurston County,KP.2.15,0.0,166384,0.0,#175DFF
2024-05-07,Thurston County,KP.2.3,3329.852232,166384,0.020013055534185982,#628DE8
2024-05-07,Thurston County,KP.3,0.0,166384,0.0,#B06589
2024-05-07,Thurston County,KP.3.1.1,0.0,166384,0.0,#2F92A1
2024-05-07,Thurston County,KP.4.1,0.0,166384,0.0,#FF473A
2024-05-07,Thurston County,KQ.1,0.0,166384,0.0,#E86CDE
2024-05-07,Thurston County,KV.2,0.0,166384,0.0,#E14365
2024-05-07,Thurston County,KW.1.1,0.0,166384,0.0,#34A0FF
2024-05-07,Thurston County,LB.1,20753.713583999997,166384,0.12473383007981535,#795653
2024-05-07,Thurston County,Recombinant,0.0,166384,0.0,#FF0000
2024-05-07,Thurston County,XBB,0.0,166384,0.0,#9FA8DA
2024-05-07,Thurston County,XBB.1.16,0.0,166384,0.0,#4527A0
2024-05-07,Thurston County,XBB.1.16.1,0.0,166384,0.0,#F89B9B
2024-05-07,Thurston County,XBB.1.16.15,0.0,166384,0.0,#E3B5FA
2024-05-07,Thurston County,XBB.1.16.6,0.0,166384,0.0,#5AA350
2024-05-07,Thurston County,XBB.1.42.1,0.0,166384,0.0,#75D1A3
2024-05-07,Thurston County,XBB.1.5,0.0,166384,0.0,#3F51B5
2024-05-07,Thurston County,XBB.1.5.70,0.0,166384,0.0,#46783C
2024-05-07,Thurston County,XBB.1.5.72,0.0,166384,0.0,#254220
2024-05-07,Thurston County,XBB.1.9.1,0.0,166384,0.0,#304FFE
2024-05-07,Thurston County,XBB.1.9.2,0.0,166384,0.0,#536DFE
2024-05-07,Thurston County,XBB.2.3,0.0,166384,0.0,#F7BCDF
2024-05-07,Thurston County,XDP,0.0,166384,0.0,#B60052
2024-05-07,Thurston County,XDV.1,0.0,166384,0.0,#D367B6
2024-05-07,Thurston County,unreportable,1426.75408048,166384,0.00857506779786518,#eeeeee
2024-05-07,Whitman County,BA.2,0.0,245487,0.0,#9CCD67
2024-05-07,Whitman County,BA.2.12.1,0.0,245487,0.0,#7CB342
2024-05-07,Whitman County,BA.2.86,0.0,245487,0.0,#D770EE
2024-05-07,Whitman County,EG.5,0.0,245487,0.0,#FFBE7D
2024-05-07,Whitman County,EG.5.1.8,0.0,245487,0.0,#E14D6F
2024-05-07,Whitman County,EG.6.1,0.0,245487,0.0,#B9ABA8
2024-05-07,Whitman County,FE.1.1,0.0,245487,0.0,#499894
2024-05-07,Whitman County,FL.1.5.1,0.0,245487,0.0,#8CD17D
2024-05-07,Whitman County,GE.1,0.0,245487,0.0,#FABFD2
2024-05-07,Whitman County,GK.1.1,0.0,245487,0.0,#90FAE5
2024-05-07,Whitman County,HF.1,0.0,245487,0.0,#D399AD
2024-05-07,Whitman County,HK.3,0.0,245487,0.0,#859DBC
2024-05-07,Whitman County,HV.1,0.0,245487,0.0,#797765
2024-05-07,Whitman County,JD.1.1,0.0,245487,0.0,#80F192
2024-05-07,Whitman County,JF.1,0.0,245487,0.0,#FFF1A9
2024-05-07,Whitman County,JG.3,0.0,245487,0.0,#66A172
2024-05-07,Whitman County,JN.1,1413.17291907,245487,0.0057566100000000005,#61018F
2024-05-07,Whitman County,JN.1.11.1,10161.66923904,245487,0.04139392,#5C9CF1
2024-05-07,Whitman County,JN.1.13,0.0,245487,0.0,#E83C78
2024-05-07,Whitman County,JN.1.13.1,0.0,245487,0.0,#F2591C
2024-05-07,Whitman County,JN.1.16,44006.772904050005,245487,0.17926315,#BC3A88
2024-05-07,Whitman County,JN.1.16.1,22569.95940111,245487,0.09193953,#366298
2024-05-07,Whitman County,JN.1.18,0.0,245487,0.0,#4AF32F
2024-05-07,Whitman County,JN.1.32,0.0,245487,0.0,#2E7919
2024-05-07,Whitman County,JN.1.4.3,0.0,245487,0.0,#9D1010
2024-05-07,Whitman County,JN.1.7,0.0,245487,0.0,#CF15E8
2024-05-07,Whitman County,JN.1.8.1,0.0,245487,0.0,#FFB027
2024-05-07,Whitman County,KP.1.1,308.21138337,245487,0.00125551,#CBFF86
2024-05-07,Whitman County,KP.1.1.3,0.0,245487,0.0,#1EB3B6
2024-05-07,Whitman County,KP.1.2,0.0,245487,0.0,#D7B5A6
2024-05-07,Whitman County,KP.2,7799.50249485,245487,0.03177155,#5875A1
2024-05-07,Whitman County,KP.2.15,0.0,245487,0.0,#175DFF
2024-05-07,Whitman County,KP.2.3,0.0,245487,0.0,#628DE8
2024-05-07,Whitman County,KP.3,0.0,245487,0.0,#B06589
2024-05-07,Whitman County,KP.3.1.1,0.0,245487,0.0,#2F92A1
2024-05-07,Whitman County,KP.4.1,0.0,245487,0.0,#FF473A
2024-05-07,Whitman County,KQ.1,0.0,245487,0.0,#E86CDE
2024-05-07,Whitman County,KV.2,0.0,245487,0.0,#E14365
2024-05-07,Whitman County,KW.1.1,0.0,245487,0.0,#34A0FF
2024-05-07,Whitman County,LB.1,0.0,245487,0.0,#795653
2024-05-07,Whitman County,Recombinant,154074.78241683,245487,0.6276290900000001,#FF0000
2024-05-07,Whitman County,XBB,0.0,245487,0.0,#9FA8DA
2024-05-07,Whitman County,XBB.1.16,0.0,245487,0.0,#4527A0
2024-05-07,Whitman County,XBB.1.16.1,0.0,245487,0.0,#F89B9B
2024-05-07,Whitman County,XBB.1.16.15,0.0,245487,0.0,#E3B5FA
2024-05-07,Whitman County,XBB.1.16.6,0.0,245487,0.0,#5AA350
2024-05-07,Whitman County,XBB.1.42.1,0.0,245487,0.0,#75D1A3
2024-05-07,Whitman County,XBB.1.5,0.0,245487,0.0,#3F51B5
2024-05-07,Whitman County,XBB.1.5.70,0.0,245487,0.0,#46783C
2024-05-07,Whitman County,XBB.1.5.72,0.0,245487,0.0,#254220
2024-05-07,Whitman County,XBB.1.9.1,0.0,245487,0.0,#304FFE
2024-05-07,Whitman County,XBB.1.9.2,0.0,245487,0.0,#536DFE
2024-05-07,Whitman County,XBB.2.3,0.0,245487,0.0,#F7BCDF
2024-05-07,Whitman County,XDP,240.94058076000002,245487,0.00098148,#B60052
2024-05-07,Whitman County,XDV.1,0.0,245487,0.0,#D367B6
2024-05-07,Whitman County,unreportable,4911.983751180001,245487,0.02000914,#eeeeee
2024-05-07,Yakima County,BA.2,0.0,1933008,0.0,#9CCD67
2024-05-07,Yakima County,BA.2.12.1,0.0,1933008,0.0,#7CB342
2024-05-07,Yakima County,BA.2.86,0.0,1933008,0.0,#D770EE
2024-05-07,Yakima County,EG.5,0.0,1933008,0.0,#FFBE7D
2024-05-07,Yakima County,EG.5.1.8,0.0,1933008,0.0,#E14D6F
2024-05-07,Yakima County,EG.6.1,0.0,1933008,0.0,#B9ABA8
2024-05-07,Yakima County,FE.1.1,0.0,1933008,0.0,#499894
2024-05-07,Yakima County,FL.1.5.1,0.0,1933008,0.0,#8CD17D
2024-05-07,Yakima County,GE.1,0.0,1933008,0.0,#FABFD2
2024-05-07,Yakima County,GK.1.1,0.0,1933008,0.0,#90FAE5
2024-05-07,Yakima County,HF.1,0.0,1933008,0.0,#D399AD
2024-05-07,Yakima County,HK.3,0.0,1933008,0.0,#859DBC
2024-05-07,Yakima County,HV.1,0.0,1933008,0.0,#797765
2024-05-07,Yakima County,JD.1.1,0.0,1933008,0.0,#80F192
2024-05-07,Yakima County,JF.1,0.0,1933008,0.0,#FFF1A9
2024-05-07,Yakima County,JG.3,0.0,1933008,0.0,#66A172
2024-05-07,Yakima County,JN.1,227267.82042611996,1933008,0.11757210545746316,#61018F
2024-05-07,Yakima County,JN.1.11.1,302093.6231766,1933008,0.1562816207571826,#5C9CF1
2024-05-07,Yakima County,JN.1.13,0.0,1933008,0.0,#E83C78
2024-05-07,Yakima County,JN.1.13.1,0.0,1933008,0.0,#F2591C
2024-05-07,Yakima County,JN.1.16,306195.9897398,1933008,0.1584038916237284,#BC3A88
2024-05-07,Yakima County,JN.1.16.1,268957.43791976,1933008,0.13913932995608916,#366298
2024-05-07,Yakima County,JN.1.18,0.0,1933008,0.0,#4AF32F
2024-05-07,Yakima County,JN.1.32,32985.22313088,1933008,0.017064193800998235,#2E7919
2024-05-07,Yakima County,JN.1.4.3,0.0,1933008,0.0,#9D1010
2024-05-07,Yakima County,JN.1.7,149879.01673168,1933008,0.0775366768951189,#CF15E8
2024-05-07,Yakima County,JN.1.8.1,0.0,1933008,0.0,#FFB027
2024-05-07,Yakima County,KP.1.1,1498.1922348,1933008,0.0007750574414591145,#CBFF86
2024-05-07,Yakima County,KP.1.1.3,0.0,1933008,0.0,#1EB3B6
2024-05-07,Yakima County,KP.1.2,2819.46093676,1933008,0.0014585873088781838,#D7B5A6
2024-05-07,Yakima County,KP.2,510028.9855492,1933008,0.2638524959799442,#5875A1
2024-05-07,Yakima County,KP.2.15,0.0,1933008,0.0,#175DFF
2024-05-07,Yakima County,KP.2.3,30215.94529372,1933008,0.01563156763640916,#628DE8
2024-05-07,Yakima County,KP.3,0.0,1933008,0.0,#B06589
2024-05-07,Yakima County,KP.3.1.1,0.0,1933008,0.0,#2F92A1
2024-05-07,Yakima County,KP.4.1,0.0,1933008,0.0,#FF473A
2024-05-07,Yakima County,KQ.1,0.0,1933008,0.0,#E86CDE
2024-05-07,Yakima County,KV.2,0.0,1933008,0.0,#E14365
2024-05-07,Yakima County,KW.1.1,0.0,1933008,0.0,#34A0FF
2024-05-07,Yakima County,LB.1,76497.70643204001,1933008,0.0395744386117595,#795653
2024-05-07,Yakima County,Recombinant,0.0,1933008,0.0,#FF0000
2024-05-07,Yakima County,XBB,0.0,1933008,0.0,#9FA8DA
2024-05-07,Yakima County,XBB.1.16,0.0,1933008,0.0,#4527A0
2024-05-07,Yakima County,XBB.1.16.1,0.0,1933008,0.0,#F89B9B
2024-05-07,Yakima County,XBB.1.16.15,0.0,1933008,0.0,#E3B5FA
2024-05-07,Yakima County,XBB.1.16.6,0.0,1933008,0.0,#5AA350
2024-05-07,Yakima County,XBB.1.42.1,0.0,1933008,0.0,#75D1A3
2024-05-07,Yakima County,XBB.1.5,0.0,1933008,0.0,#3F51B5
2024-05-07,Yakima County,XBB.1.5.70,0.0,1933008,0.0,#46783C
2024-05-07,Yakima County,XBB.1.5.72,0.0,1933008,0.0,#254220
2024-05-07,Yakima County,XBB.1.9.1,0.0,1933008,0.0,#304FFE
2024-05-07,Yakima County,XBB.1.9.2,0.0,1933008,0.0,#536DFE
2024-05-07,Yakima County,XBB.2.3,0.0,1933008,0.0,#F7BCDF
2024-05-07,Yakima County,XDP,0.0,1933008,0.0,#B60052
2024-05-07,Yakima County,XDV.1,0.0,1933008,0.0,#D367B6
2024-05-07,Yakima County,unreportable,24568.59842864,1933008,0.01271003453096935,#eeeeee
2024-05-14,Benton County,BA.2,0.0,1209268,0.0,#9CCD67
2024-05-14,Benton County,BA.2.12.1,0.0,1209268,0.0,#7CB342
2024-05-14,Benton County,BA.2.86,0.0,1209268,0.0,#D770EE
2024-05-14,Benton County,EG.5,0.0,1209268,0.0,#FFBE7D
2024-05-14,Benton County,EG.5.1.8,0.0,1209268,0.0,#E14D6F
2024-05-14,Benton County,EG.6.1,0.0,1209268,0.0,#B9ABA8
2024-05-14,Benton County,FE.1.1,0.0,1209268,0.0,#499894
2024-05-14,Benton County,FL.1.5.1,0.0,1209268,0.0,#8CD17D
2024-05-14,Benton County,GE.1,0.0,1209268,0.0,#FABFD2
2024-05-14,Benton County,GK.1.1,0.0,1209268,0.0,#90FAE5
2024-05-14,Benton County,HF.1,0.0,1209268,0.0,#D399AD
2024-05-14,Benton County,HK.3,0.0,1209268,0.0,#859DBC
2024-05-14,Benton County,HV.1,0.0,1209268,0.0,#797765
2024-05-14,Benton County,JD.1.1,0.0,1209268,0.0,#80F192
2024-05-14,Benton County,JF.1,0.0,1209268,0.0,#FFF1A9
2024-05-14,Benton County,JG.3,0.0,1209268,0.0,#66A172
2024-05-14,Benton County,JN.1,705601.1144927001,1209268,0.583494406940976,#61018F
2024-05-14,Benton County,JN.1.11.1,0.0,1209268,0.0,#5C9CF1
2024-05-14,Benton County,JN.1.13,0.0,1209268,0.0,#E83C78
2024-05-14,Benton County,JN.1.13.1,0.0,1209268,0.0,#F2591C
2024-05-14,Benton County,JN.1.16,0.0,1209268,0.0,#BC3A88
2024-05-14,Benton County,JN.1.16.1,0.0,1209268,0.0,#366298
2024-05-14,Benton County,JN.1.18,0.0,1209268,0.0,#4AF32F
2024-05-14,Benton County,JN.1.32,181437.19261968,1209268,0.15003886038469552,#2E7919
2024-05-14,Benton County,JN.1.4.3,164727.47578046,1209268,0.13622081770166744,#9D1010
2024-05-14,Benton County,JN.1.7,134783.66123604,1209268,0.11145888358580563,#CF15E8
2024-05-14,Benton County,JN.1.8.1,12126.147405579999,1209268,0.010027675755564522,#FFB027
2024-05-14,Benton County,KP.1.1,0.0,1209268,0.0,#CBFF86
2024-05-14,Benton County,KP.1.1.3,0.0,1209268,0.0,#1EB3B6
2024-05-14,Benton County,KP.1.2,0.0,1209268,0.0,#D7B5A6
2024-05-14,Benton County,KP.2,0.0,1209268,0.0,#5875A1
2024-05-14,Benton County,KP.2.15,0.0,1209268,0.0,#175DFF
2024-05-14,Benton County,KP.2.3,0.0,1209268,0.0,#628DE8
2024-05-14,Benton County,KP.3,0.0,1209268,0.0,#B06589
2024-05-14,Benton County,KP.3.1.1,0.0,1209268,0.0,#2F92A1
2024-05-14,Benton County,KP.4.1,0.0,1209268,0.0,#FF473A
2024-05-14,Benton County,KQ.1,0.0,1209268,0.0,#E86CDE
2024-05-14,Benton County,KV.2,0.0,1209268,0.0,#E14365
2024-05-14,Benton County,KW.1.1,0.0,1209268,0.0,#34A0FF
2024-05-14,Benton County,LB.1,0.0,1209268,0.0,#795653
2024-05-14,Benton County,Recombinant,0.0,1209268,0.0,#FF0000
2024-05-14,Benton County,XBB,0.0,1209268,0.0,#9FA8DA
2024-05-14,Benton County,XBB.1.16,0.0,1209268,0.0,#4527A0
2024-05-14,Benton County,XBB.1.16.1,0.0,1209268,0.0,#F89B9B
2024-05-14,Benton County,XBB.1.16.15,0.0,1209268,0.0,#E3B5FA
2024-05-14,Benton County,XBB.1.16.6,0.0,1209268,0.0,#5AA350
2024-05-14,Benton County,XBB.1.42.1,0.0,1209268,0.0,#75D1A3
2024-05-14,Benton County,XBB.1.5,0.0,1209268,0.0,#3F51B5
2024-05-14,Benton County,XBB.1.5.70,0.0,1209268,0.0,#46783C
2024-05-14,Benton County,XBB.1.5.72,0.0,1209268,0.0,#254220
2024-05-14,Benton County,XBB.1.9.1,0.0,1209268,0.0,#304FFE
2024-05-14,Benton County,XBB.1.9.2,0.0,1209268,0.0,#536DFE
2024-05-14,Benton County,XBB.2.3,0.0,1209268,0.0,#F7BCDF
2024-05-14,Benton County,XDP,0.0,1209268,0.0,#B60052
2024-05-14,Benton County,XDV.1,0.0,1209268,0.0,#D367B6
2024-05-14,Benton County,unreportable,10592.41758556,1209268,0.008759363173060067,#eeeeee
2024-05-14,Franklin County,BA.2,0.0,1215063,0.0,#9CCD67
2024-05-14,Franklin County,BA.2.12.1,0.0,1215063,0.0,#7CB342
2024-05-14,Franklin County,BA.2.86,0.0,1215063,0.0,#D770EE
2024-05-14,Franklin County,EG.5,0.0,1215063,0.0,#FFBE7D
2024-05-14,Franklin County,EG.5.1.8,0.0,1215063,0.0,#E14D6F
2024-05-14,Franklin County,EG.6.1,0.0,1215063,0.0,#B9ABA8
2024-05-14,Franklin County,FE.1.1,0.0,1215063,0.0,#499894
2024-05-14,Franklin County,FL.1.5.1,0.0,1215063,0.0,#8CD17D
2024-05-14,Franklin County,GE.1,0.0,1215063,0.0,#FABFD2
2024-05-14,Franklin County,GK.1.1,0.0,1215063,0.0,#90FAE5
2024-05-14,Franklin County,HF.1,0.0,1215063,0.0,#D399AD
2024-05-14,Franklin County,HK.3,0.0,1215063,0.0,#859DBC
2024-05-14,Franklin County,HV.1,0.0,1215063,0.0,#797765
2024-05-14,Franklin County,JD.1.1,0.0,1215063,0.0,#80F192
2024-05-14,Franklin County,JF.1,0.0,1215063,0.0,#FFF1A9
2024-05-14,Franklin County,JG.3,0.0,1215063,0.0,#66A172
2024-05-14,Franklin County,JN.1,338412.03931674,1215063,0.2785139859552468,#61018F
2024-05-14,Franklin County,JN.1.11.1,469.0488528,1215063,0.0003860284222299585,#5C9CF1
2024-05-14,Franklin County,JN.1.13,0.0,1215063,0.0,#E83C78
2024-05-14,Franklin County,JN.1.13.1,0.0,1215063,0.0,#F2591C
2024-05-14,Franklin County,JN.1.16,1443.0565446,1215063,0.0011876392784571665,#BC3A88
2024-05-14,Franklin County,JN.1.16.1,133130.22494639998,1215063,0.10956652037499288,#366298
2024-05-14,Franklin County,JN.1.18,0.0,1215063,0.0,#4AF32F
2024-05-14,Franklin County,JN.1.32,139366.61901167998,1215063,0.11469908886344164,#2E7919
2024-05-14,Franklin County,JN.1.4.3,0.0,1215063,0.0,#9D1010
2024-05-14,Franklin County,JN.1.7,191702.90686139997,1215063,0.15777198948647106,#CF15E8
2024-05-14,Franklin County,JN.1.8.1,77443.47982584,1215063,0.0637361847293844,#FFB027
2024-05-14,Franklin County,KP.1.1,827.1682122000001,1215063,0.0006807615837203504,#CBFF86
2024-05-14,Franklin County,KP.1.1.3,0.0,1215063,0.0,#1EB3B6
2024-05-14,Franklin County,KP.1.2,0.0,1215063,0.0,#D7B5A6
2024-05-14,Franklin County,KP.2,949.1633778,1215063,0.0007811639213769163,#5875A1
2024-05-14,Franklin County,KP.2.15,0.0,1215063,0.0,#175DFF
2024-05-14,Franklin County,KP.2.3,0.0,1215063,0.0,#628DE8
2024-05-14,Franklin County,KP.3,0.0,1215063,0.0,#B06589
2024-05-14,Franklin County,KP.3.1.1,0.0,1215063,0.0,#2F92A1
2024-05-14,Franklin County,KP.4.1,3466.1209242,1215063,0.0028526265092427305,#FF473A
2024-05-14,Franklin County,KQ.1,0.0,1215063,0.0,#E86CDE
2024-05-14,Franklin County,KV.2,1016.3904696,1215063,0.0008364919922670676,#E14365
2024-05-14,Franklin County,KW.1.1,0.0,1215063,0.0,#34A0FF
2024-05-14,Franklin County,LB.1,315232.6032636,1215063,0.25943724997271744,#795653
2024-05-14,Franklin County,Recombinant,0.0,1215063,0.0,#FF0000
2024-05-14,Franklin County,XBB,0.0,1215063,0.0,#9FA8DA
2024-05-14,Franklin County,XBB.1.16,0.0,1215063,0.0,#4527A0
2024-05-14,Franklin County,XBB.1.16.1,0.0,1215063,0.0,#F89B9B
2024-05-14,Franklin County,XBB.1.16.15,0.0,1215063,0.0,#E3B5FA
2024-05-14,Franklin County,XBB.1.16.6,0.0,1215063,0.0,#5AA350
2024-05-14,Franklin County,XBB.1.42.1,0.0,1215063,0.0,#75D1A3
2024-05-14,Franklin County,XBB.1.5,0.0,1215063,0.0,#3F51B5
2024-05-14,Franklin County,XBB.1.5.70,0.0,1215063,0.0,#46783C
2024-05-14,Franklin County,XBB.1.5.72,0.0,1215063,0.0,#254220
2024-05-14,Franklin County,XBB.1.9.1,0.0,1215063,0.0,#304FFE
2024-05-14,Franklin County,XBB.1.9.2,0.0,1215063,0.0,#536DFE
2024-05-14,Franklin County,XBB.2.3,0.0,1215063,0.0,#F7BCDF
2024-05-14,Franklin County,XDP,0.0,1215063,0.0,#B60052
2024-05-14,Franklin County,XDV.1,0.0,1215063,0.0,#D367B6
2024-05-14,Franklin County,unreportable,11604.18317157,1215063,0.009550272843111838,#eeeeee
2024-05-14,Island County,BA.2,0.0,1778632,0.0,#9CCD67
2024-05-14,Island County,BA.2.12.1,0.0,1778632,0.0,#7CB342
2024-05-14,Island County,BA.2.86,259.5765892,1778632,0.00014594170643505796,#D770EE
2024-05-14,Island County,EG.5,0.0,1778632,0.0,#FFBE7D
2024-05-14,Island County,EG.5.1.8,0.0,1778632,0.0,#E14D6F
2024-05-14,Island County,EG.6.1,0.0,1778632,0.0,#B9ABA8
2024-05-14,Island County,FE.1.1,0.0,1778632,0.0,#499894
2024-05-14,Island County,FL.1.5.1,0.0,1778632,0.0,#8CD17D
2024-05-14,Island County,GE.1,0.0,1778632,0.0,#FABFD2
2024-05-14,Island County,GK.1.1,0.0,1778632,0.0,#90FAE5
2024-05-14,Island County,HF.1,0.0,1778632,0.0,#D399AD
2024-05-14,Island County,HK.3,0.0,1778632,0.0,#859DBC
2024-05-14,Island County,HV.1,0.0,1778632,0.0,#797765
2024-05-14,Island County,JD.1.1,0.0,1778632,0.0,#80F192
2024-05-14,Island County,JF.1,0.0,1778632,0.0,#FFF1A9
2024-05-14,Island County,JG.3,0.0,1778632,0.0,#66A172
2024-05-14,Island County,JN.1,57727.8835284,1778632,0.0324563392137328,#61018F
2024-05-14,Island County,JN.1.11.1,230.90318627,1778632,0.0001298206634480882,#5C9CF1
2024-05-14,Island County,JN.1.13,0.0,1778632,0.0,#E83C78
2024-05-14,Island County,JN.1.13.1,0.0,1778632,0.0,#F2591C
2024-05-14,Island County,JN.1.16,0.0,1778632,0.0,#BC3A88
2024-05-14,Island County,JN.1.16.1,54633.572503209994,1778632,0.030716625194649592,#366298
2024-05-14,Island County,JN.1.18,41114.303148859995,1778632,0.02311568843294172,#4AF32F
2024-05-14,Island County,JN.1.32,0.0,1778632,0.0,#2E7919
2024-05-14,Island County,JN.1.4.3,0.0,1778632,0.0,#9D1010
2024-05-14,Island County,JN.1.7,510.24711041000006,1778632,0.00028687615561285304,#CF15E8
2024-05-14,Island County,JN.1.8.1,521083.93187880004,1778632,0.292968940106104,#FFB027
2024-05-14,Island County,KP.1.1,1846.1522829199998,1778632,0.0010379619184406892,#CBFF86
2024-05-14,Island County,KP.1.1.3,0.0,1778632,0.0,#1EB3B6
2024-05-14,Island County,KP.1.2,487.37606803,1778632,0.0002740173729191873,#D7B5A6
2024-05-14,Island County,KP.2,145587.1860025,1778632,0.08185346153813718,#5875A1
2024-05-14,Island County,KP.2.15,0.0,1778632,0.0,#175DFF
2024-05-14,Island County,KP.2.3,0.0,1778632,0.0,#628DE8
2024-05-14,Island County,KP.3,346921.09534541,1778632,0.19504939489754486,#B06589
2024-05-14,Island County,KP.3.1.1,0.0,1778632,0.0,#2F92A1
2024-05-14,Island County,KP.4.1,0.0,1778632,0.0,#FF473A
2024-05-14,Island County,KQ.1,22868.0514725,1778632,0.012857101116194918,#E86CDE
2024-05-14,Island County,KV.2,0.0,1778632,0.0,#E14365
2024-05-14,Island County,KW.1.1,0.0,1778632,0.0,#34A0FF
2024-05-14,Island County,LB.1,572451.35973417,1778632,0.3218492412900308,#795653
2024-05-14,Island County,Recombinant,622.28992354,1778632,0.0003498699694709192,#FF0000
2024-05-14,Island County,XBB,0.0,1778632,0.0,#9FA8DA
2024-05-14,Island County,XBB.1.16,0.0,1778632,0.0,#4527A0
2024-05-14,Island County,XBB.1.16.1,0.0,1778632,0.0,#F89B9B
2024-05-14,Island County,XBB.1.16.15,0.0,1778632,0.0,#E3B5FA
2024-05-14,Island County,XBB.1.16.6,0.0,1778632,0.0,#5AA350
2024-05-14,Island County,XBB.1.42.1,0.0,1778632,0.0,#75D1A3
2024-05-14,Island County,XBB.1.5,0.0,1778632,0.0,#3F51B5
2024-05-14,Island County,XBB.1.5.70,0.0,1778632,0.0,#46783C
2024-05-14,Island County,XBB.1.5.72,0.0,1778632,0.0,#254220
2024-05-14,Island County,XBB.1.9.1,0.0,1778632,0.0,#304FFE
2024-05-14,Island County,XBB.1.9.2,0.0,1778632,0.0,#536DFE
2024-05-14,Island County,XBB.2.3,0.0,1778632,0.0,#F7BCDF
2024-05-14,Island County,XDP,0.0,1778632,0.0,#B60052
2024-05-14,Island County,XDV.1,0.0,1778632,0.0,#D367B6
2024-05-14,Island County,unreportable,12288.06951669,1778632,0.006908719463435944,#eeeeee
2024-05-14,Jefferson County,BA.2,0.0,162770,0.0,#9CCD67
2024-05-14,Jefferson County,BA.2.12.1,0.0,162770,0.0,#7CB342
2024-05-14,Jefferson County,BA.2.86,0.0,162770,0.0,#D770EE
2024-05-14,Jefferson County,EG.5,0.0,162770,0.0,#FFBE7D
2024-05-14,Jefferson County,EG.5.1.8,0.0,162770,0.0,#E14D6F
2024-05-14,Jefferson County,EG.6.1,0.0,162770,0.0,#B9ABA8
2024-05-14,Jefferson County,FE.1.1,0.0,162770,0.0,#499894
2024-05-14,Jefferson County,FL.1.5.1,0.0,162770,0.0,#8CD17D
2024-05-14,Jefferson County,GE.1,0.0,162770,0.0,#FABFD2
2024-05-14,Jefferson County,GK.1.1,0.0,162770,0.0,#90FAE5
2024-05-14,Jefferson County,HF.1,0.0,162770,0.0,#D399AD
2024-05-14,Jefferson County,HK.3,0.0,162770,0.0,#859DBC
2024-05-14,Jefferson County,HV.1,0.0,162770,0.0,#797765
2024-05-14,Jefferson County,JD.1.1,0.0,162770,0.0,#80F192
2024-05-14,Jefferson County,JF.1,0.0,162770,0.0,#FFF1A9
2024-05-14,Jefferson County,JG.3,0.0,162770,0.0,#66A172
2024-05-14,Jefferson County,JN.1,91643.47996029998,162770,0.5630243899999999,#61018F
2024-05-14,Jefferson County,JN.1.11.1,353.5803879,162770,0.00217227,#5C9CF1
2024-05-14,Jefferson County,JN.1.13,0.0,162770,0.0,#E83C78
2024-05-14,Jefferson County,JN.1.13.1,0.0,162770,0.0,#F2591C
2024-05-14,Jefferson County,JN.1.16,67601.4036389,162770,0.41531857,#BC3A88
2024-05-14,Jefferson County,JN.1.16.1,0.0,162770,0.0,#366298
2024-05-14,Jefferson County,JN.1.18,877.7421081000001,162770,0.00539253,#4AF32F
2024-05-14,Jefferson County,JN.1.32,0.0,162770,0.0,#2E7919
2024-05-14,Jefferson County,JN.1.4.3,0.0,162770,0.0,#9D1010
2024-05-14,Jefferson County,JN.1.7,320.40623420000003,162770,0.00196846,#CF15E8
2024-05-14,Jefferson County,JN.1.8.1,0.0,162770,0.0,#FFB027
2024-05-14,Jefferson County,KP.1.1,0.0,162770,0.0,#CBFF86
2024-05-14,Jefferson County,KP.1.1.3,0.0,162770,0.0,#1EB3B6
2024-05-14,Jefferson County,KP.1.2,0.0,162770,0.0,#D7B5A6
2024-05-14,Jefferson County,KP.2,274.42045379999996,162770,0.0016859399999999997,#5875A1
2024-05-14,Jefferson County,KP.2.15,0.0,162770,0.0,#175DFF
2024-05-14,Jefferson County,KP.2.3,0.0,162770,0.0,#628DE8
2024-05-14,Jefferson County,KP.3,0.0,162770,0.0,#B06589
2024-05-14,Jefferson County,KP.3.1.1,0.0,162770,0.0,#2F92A1
2024-05-14,Jefferson County,KP.4.1,0.0,162770,0.0,#FF473A
2024-05-14,Jefferson County,KQ.1,0.0,162770,0.0,#E86CDE
2024-05-14,Jefferson County,KV.2,0.0,162770,0.0,#E14365
2024-05-14,Jefferson County,KW.1.1,0.0,162770,0.0,#34A0FF
2024-05-14,Jefferson County,LB.1,0.0,162770,0.0,#795653
2024-05-14,Jefferson County,Recombinant,0.0,162770,0.0,#FF0000
2024-05-14,Jefferson County,XBB,0.0,162770,0.0,#9FA8DA
2024-05-14,Jefferson County,XBB.1.16,0.0,162770,0.0,#4527A0
2024-05-14,Jefferson County,XBB.1.16.1,0.0,162770,0.0,#F89B9B
2024-05-14,Jefferson County,XBB.1.16.15,0.0,162770,0.0,#E3B5FA
2024-05-14,Jefferson County,XBB.1.16.6,0.0,162770,0.0,#5AA350
2024-05-14,Jefferson County,XBB.1.42.1,0.0,162770,0.0,#75D1A3
2024-05-14,Jefferson County,XBB.1.5,0.0,162770,0.0,#3F51B5
2024-05-14,Jefferson County,XBB.1.5.70,0.0,162770,0.0,#46783C
2024-05-14,Jefferson County,XBB.1.5.72,0.0,162770,0.0,#254220
2024-05-14,Jefferson County,XBB.1.9.1,0.0,162770,0.0,#304FFE
2024-05-14,Jefferson County,XBB.1.9.2,0.0,162770,0.0,#536DFE
2024-05-14,Jefferson County,XBB.2.3,0.0,162770,0.0,#F7BCDF
2024-05-14,Jefferson County,XDP,0.0,162770,0.0,#B60052
2024-05-14,Jefferson County,XDV.1,0.0,162770,0.0,#D367B6
2024-05-14,Jefferson County,unreportable,1698.9688445,162770,0.01043785,#eeeeee
2024-05-14,King County,BA.2,0.0,973611,0.0,#9CCD67
2024-05-14,King County,BA.2.12.1,0.0,973611,0.0,#7CB342
2024-05-14,King County,BA.2.86,0.0,973611,0.0,#D770EE
2024-05-14,King County,EG.5,0.0,973611,0.0,#FFBE7D
2024-05-14,King County,EG.5.1.8,0.0,973611,0.0,#E14D6F
2024-05-14,King County,EG.6.1,0.0,973611,0.0,#B9ABA8
2024-05-14,King County,FE.1.1,0.0,973611,0.0,#499894
2024-05-14,King County,FL.1.5.1,0.0,973611,0.0,#8CD17D
2024-05-14,King County,GE.1,0.0,973611,0.0,#FABFD2
2024-05-14,King County,GK.1.1,0.0,973611,0.0,#90FAE5
2024-05-14,King County,HF.1,0.0,973611,0.0,#D399AD
2024-05-14,King County,HK.3,0.0,973611,0.0,#859DBC
2024-05-14,King County,HV.1,0.0,973611,0.0,#797765
2024-05-14,King County,JD.1.1,0.0,973611,0.0,#80F192
2024-05-14,King County,JF.1,0.0,973611,0.0,#FFF1A9
2024-05-14,King County,JG.3,0.0,973611,0.0,#66A172
2024-05-14,King County,JN.1,105648.78838752,973611,0.10851232000000001,#61018F
2024-05-14,King County,JN.1.11.1,0.0,973611,0.0,#5C9CF1
2024-05-14,King County,JN.1.13,0.0,973611,0.0,#E83C78
2024-05-14,King County,JN.1.13.1,0.0,973611,0.0,#F2591C
2024-05-14,King County,JN.1.16,0.0,973611,0.0,#BC3A88
2024-05-14,King County,JN.1.16.1,334275.92049042,973611,0.34333622,#366298
2024-05-14,King County,JN.1.18,90174.32225073001,973611,0.09261843000000002,#4AF32F
2024-05-14,King County,JN.1.32,0.0,973611,0.0,#2E7919
2024-05-14,King County,JN.1.4.3,0.0,973611,0.0,#9D1010
2024-05-14,King County,JN.1.7,0.0,973611,0.0,#CF15E8
2024-05-14,King County,JN.1.8.1,0.0,973611,0.0,#FFB027
2024-05-14,King County,KP.1.1,0.0,973611,0.0,#CBFF86
2024-05-14,King County,KP.1.1.3,0.0,973611,0.0,#1EB3B6
2024-05-14,King County,KP.1.2,0.0,973611,0.0,#D7B5A6
2024-05-14,King County,KP.2,0.0,973611,0.0,#5875A1
2024-05-14,King County,KP.2.15,0.0,973611,0.0,#175DFF
2024-05-14,King County,KP.2.3,0.0,973611,0.0,#628DE8
2024-05-14,King County,KP.3,0.0,973611,0.0,#B06589
2024-05-14,King County,KP.3.1.1,0.0,973611,0.0,#2F92A1
2024-05-14,King County,KP.4.1,0.0,973611,0.0,#FF473A
2024-05-14,King County,KQ.1,6504.74377155,973611,0.00668105,#E86CDE
2024-05-14,King County,KV.2,0.0,973611,0.0,#E14365
2024-05-14,King County,KW.1.1,427209.40763459995,973611,0.4387886,#34A0FF
2024-05-14,King County,LB.1,0.0,973611,0.0,#795653
2024-05-14,King County,Recombinant,0.0,973611,0.0,#FF0000
2024-05-14,King County,XBB,0.0,973611,0.0,#9FA8DA
2024-05-14,King County,XBB.1.16,0.0,973611,0.0,#4527A0
2024-05-14,King County,XBB.1.16.1,0.0,973611,0.0,#F89B9B
2024-05-14,King County,XBB.1.16.15,0.0,973611,0.0,#E3B5FA
2024-05-14,King County,XBB.1.16.6,0.0,973611,0.0,#5AA350
2024-05-14,King County,XBB.1.42.1,0.0,973611,0.0,#75D1A3
2024-05-14,King County,XBB.1.5,0.0,973611,0.0,#3F51B5
2024-05-14,King County,XBB.1.5.70,0.0,973611,0.0,#46783C
2024-05-14,King County,XBB.1.5.72,0.0,973611,0.0,#254220
2024-05-14,King County,XBB.1.9.1,0.0,973611,0.0,#304FFE
2024-05-14,King County,XBB.1.9.2,0.0,973611,0.0,#536DFE
2024-05-14,King County,XBB.2.3,0.0,973611,0.0,#F7BCDF
2024-05-14,King County,XDP,0.0,973611,0.0,#B60052
2024-05-14,King County,XDV.1,0.0,973611,0.0,#D367B6
2024-05-14,King County,unreportable,9797.81746518,973611,0.01006338,#eeeeee
2024-05-14,Kittitas County,BA.2,0.0,862782,0.0,#9CCD67
2024-05-14,Kittitas County,BA.2.12.1,0.0,862782,0.0,#7CB342
2024-05-14,Kittitas County,BA.2.86,0.0,862782,0.0,#D770EE
2024-05-14,Kittitas County,EG.5,0.0,862782,0.0,#FFBE7D
2024-05-14,Kittitas County,EG.5.1.8,0.0,862782,0.0,#E14D6F
2024-05-14,Kittitas County,EG.6.1,0.0,862782,0.0,#B9ABA8
2024-05-14,Kittitas County,FE.1.1,0.0,862782,0.0,#499894
2024-05-14,Kittitas County,FL.1.5.1,0.0,862782,0.0,#8CD17D
2024-05-14,Kittitas County,GE.1,0.0,862782,0.0,#FABFD2
2024-05-14,Kittitas County,GK.1.1,0.0,862782,0.0,#90FAE5
2024-05-14,Kittitas County,HF.1,0.0,862782,0.0,#D399AD
2024-05-14,Kittitas County,HK.3,0.0,862782,0.0,#859DBC
2024-05-14,Kittitas County,HV.1,0.0,862782,0.0,#797765
2024-05-14,Kittitas County,JD.1.1,0.0,862782,0.0,#80F192
2024-05-14,Kittitas County,JF.1,0.0,862782,0.0,#FFF1A9
2024-05-14,Kittitas County,JG.3,0.0,862782,0.0,#66A172
2024-05-14,Kittitas County,JN.1,189578.54172575998,862782,0.2197293658488007,#61018F
2024-05-14,Kittitas County,JN.1.11.1,2573.43312456,862782,0.0029827153609602425,#5C9CF1
2024-05-14,Kittitas County,JN.1.13,0.0,862782,0.0,#E83C78
2024-05-14,Kittitas County,JN.1.13.1,0.0,862782,0.0,#F2591C
2024-05-14,Kittitas County,JN.1.16,0.0,862782,0.0,#BC3A88
2024-05-14,Kittitas County,JN.1.16.1,0.0,862782,0.0,#366298
2024-05-14,Kittitas County,JN.1.18,151.4322576,862782,0.0001755162458187584,#4AF32F
2024-05-14,Kittitas County,JN.1.32,270309.9879765,862782,0.31330044898537524,#2E7919
2024-05-14,Kittitas County,JN.1.4.3,0.0,862782,0.0,#9D1010
2024-05-14,Kittitas County,JN.1.7,90360.93540833998,862782,0.10473205909295741,#CF15E8
2024-05-14,Kittitas County,JN.1.8.1,0.0,862782,0.0,#FFB027
2024-05-14,Kittitas County,KP.1.1,0.0,862782,0.0,#CBFF86
2024-05-14,Kittitas County,KP.1.1.3,0.0,862782,0.0,#1EB3B6
2024-05-14,Kittitas County,KP.1.2,1937.5407829800001,862782,0.002245689853265367,#D7B5A6
2024-05-14,Kittitas County,KP.2,125133.45540497999,862782,0.1450348470470872,#5875A1
2024-05-14,Kittitas County,KP.2.15,0.0,862782,0.0,#175DFF
2024-05-14,Kittitas County,KP.2.3,0.0,862782,0.0,#628DE8
2024-05-14,Kittitas County,KP.3,2081.3572198800002,862782,0.0024123790481025338,#B06589
2024-05-14,Kittitas County,KP.3.1.1,0.0,862782,0.0,#2F92A1
2024-05-14,Kittitas County,KP.4.1,0.0,862782,0.0,#FF473A
2024-05-14,Kittitas County,KQ.1,45520.32259548,862782,0.05275993541297802,#E86CDE
2024-05-14,Kittitas County,KV.2,941.03924508,862782,0.0010907033817117186,#E14365
2024-05-14,Kittitas County,KW.1.1,0.0,862782,0.0,#34A0FF
2024-05-14,Kittitas County,LB.1,126188.12366082001,862782,0.14625725114898086,#795653
2024-05-14,Kittitas County,Recombinant,0.0,862782,0.0,#FF0000
2024-05-14,Kittitas County,XBB,0.0,862782,0.0,#9FA8DA
2024-05-14,Kittitas County,XBB.1.16,0.0,862782,0.0,#4527A0
2024-05-14,Kittitas County,XBB.1.16.1,0.0,862782,0.0,#F89B9B
2024-05-14,Kittitas County,XBB.1.16.15,0.0,862782,0.0,#E3B5FA
2024-05-14,Kittitas County,XBB.1.16.6,0.0,862782,0.0,#5AA350
2024-05-14,Kittitas County,XBB.1.42.1,0.0,862782,0.0,#75D1A3
2024-05-14,Kittitas County,XBB.1.5,0.0,862782,0.0,#3F51B5
2024-05-14,Kittitas County,XBB.1.5.70,0.0,862782,0.0,#46783C
2024-05-14,Kittitas County,XBB.1.5.72,0.0,862782,0.0,#254220
2024-05-14,Kittitas County,XBB.1.9.1,0.0,862782,0.0,#304FFE
2024-05-14,Kittitas County,XBB.1.9.2,0.0,862782,0.0,#536DFE
2024-05-14,Kittitas County,XBB.2.3,0.0,862782,0.0,#F7BCDF
2024-05-14,Kittitas County,XDP,0.0,862782,0.0,#B60052
2024-05-14,Kittitas County,XDV.1,0.0,862782,0.0,#D367B6
2024-05-14,Kittitas County,unreportable,8005.83779064,862782,0.009279096910505782,#eeeeee
2024-05-14,Okanogan County,BA.2,0.0,24130,0.0,#9CCD67
2024-05-14,Okanogan County,BA.2.12.1,0.0,24130,0.0,#7CB342
2024-05-14,Okanogan County,BA.2.86,0.0,24130,0.0,#D770EE
2024-05-14,Okanogan County,EG.5,0.0,24130,0.0,#FFBE7D
2024-05-14,Okanogan County,EG.5.1.8,0.0,24130,0.0,#E14D6F
2024-05-14,Okanogan County,EG.6.1,0.0,24130,0.0,#B9ABA8
2024-05-14,Okanogan County,FE.1.1,0.0,24130,0.0,#499894
2024-05-14,Okanogan County,FL.1.5.1,0.0,24130,0.0,#8CD17D
2024-05-14,Okanogan County,GE.1,0.0,24130,0.0,#FABFD2
2024-05-14,Okanogan County,GK.1.1,0.0,24130,0.0,#90FAE5
2024-05-14,Okanogan County,HF.1,0.0,24130,0.0,#D399AD
2024-05-14,Okanogan County,HK.3,0.0,24130,0.0,#859DBC
2024-05-14,Okanogan County,HV.1,0.0,24130,0.0,#797765
2024-05-14,Okanogan County,JD.1.1,0.0,24130,0.0,#80F192
2024-05-14,Okanogan County,JF.1,0.0,24130,0.0,#FFF1A9
2024-05-14,Okanogan County,JG.3,0.0,24130,0.0,#66A172
2024-05-14,Okanogan County,JN.1,29.9916596,24130,0.00124292,#61018F
2024-05-14,Okanogan County,JN.1.11.1,0.0,24130,0.0,#5C9CF1
2024-05-14,Okanogan County,JN.1.13,0.0,24130,0.0,#E83C78
2024-05-14,Okanogan County,JN.1.13.1,0.0,24130,0.0,#F2591C
2024-05-14,Okanogan County,JN.1.16,0.0,24130,0.0,#BC3A88
2024-05-14,Okanogan County,JN.1.16.1,1164.2179661999999,24130,0.04824774,#366298
2024-05-14,Okanogan County,JN.1.18,0.0,24130,0.0,#4AF32F
2024-05-14,Okanogan County,JN.1.32,0.0,24130,0.0,#2E7919
2024-05-14,Okanogan County,JN.1.4.3,0.0,24130,0.0,#9D1010
2024-05-14,Okanogan County,JN.1.7,0.0,24130,0.0,#CF15E8
2024-05-14,Okanogan County,JN.1.8.1,0.0,24130,0.0,#FFB027
2024-05-14,Okanogan County,KP.1.1,22711.922127499998,24130,0.9412317499999999,#CBFF86
2024-05-14,Okanogan County,KP.1.1.3,0.0,24130,0.0,#1EB3B6
2024-05-14,Okanogan County,KP.1.2,0.0,24130,0.0,#D7B5A6
2024-05-14,Okanogan County,KP.2,32.4271005,24130,0.0013438500000000002,#5875A1
2024-05-14,Okanogan County,KP.2.15,0.0,24130,0.0,#175DFF
2024-05-14,Okanogan County,KP.2.3,0.0,24130,0.0,#628DE8
2024-05-14,Okanogan County,KP.3,0.0,24130,0.0,#B06589
2024-05-14,Okanogan County,KP.3.1.1,0.0,24130,0.0,#2F92A1
2024-05-14,Okanogan County,KP.4.1,0.0,24130,0.0,#FF473A
2024-05-14,Okanogan County,KQ.1,0.0,24130,0.0,#E86CDE
2024-05-14,Okanogan County,KV.2,0.0,24130,0.0,#E14365
2024-05-14,Okanogan County,KW.1.1,0.0,24130,0.0,#34A0FF
2024-05-14,Okanogan County,LB.1,0.0,24130,0.0,#795653
2024-05-14,Okanogan County,Recombinant,0.0,24130,0.0,#FF0000
2024-05-14,Okanogan County,XBB,0.0,24130,0.0,#9FA8DA
2024-05-14,Okanogan County,XBB.1.16,0.0,24130,0.0,#4527A0
2024-05-14,Okanogan County,XBB.1.16.1,0.0,24130,0.0,#F89B9B
2024-05-14,Okanogan County,XBB.1.16.15,0.0,24130,0.0,#E3B5FA
2024-05-14,Okanogan County,XBB.1.16.6,0.0,24130,0.0,#5AA350
2024-05-14,Okanogan County,XBB.1.42.1,0.0,24130,0.0,#75D1A3
2024-05-14,Okanogan County,XBB.1.5,0.0,24130,0.0,#3F51B5
2024-05-14,Okanogan County,XBB.1.5.70,0.0,24130,0.0,#46783C
2024-05-14,Okanogan County,XBB.1.5.72,0.0,24130,0.0,#254220
2024-05-14,Okanogan County,XBB.1.9.1,0.0,24130,0.0,#304FFE
2024-05-14,Okanogan County,XBB.1.9.2,0.0,24130,0.0,#536DFE
2024-05-14,Okanogan County,XBB.2.3,0.0,24130,0.0,#F7BCDF
2024-05-14,Okanogan County,XDP,0.0,24130,0.0,#B60052
2024-05-14,Okanogan County,XDV.1,0.0,24130,0.0,#D367B6
2024-05-14,Okanogan County,unreportable,191.4411462,24130,0.00793374,#eeeeee
2024-05-14,Pierce County,BA.2,0.0,69239,0.0,#9CCD67
2024-05-14,Pierce County,BA.2.12.1,0.0,69239,0.0,#7CB342
2024-05-14,Pierce County,BA.2.86,0.0,69239,0.0,#D770EE
2024-05-14,Pierce County,EG.5,0.0,69239,0.0,#FFBE7D
2024-05-14,Pierce County,EG.5.1.8,0.0,69239,0.0,#E14D6F
2024-05-14,Pierce County,EG.6.1,0.0,69239,0.0,#B9ABA8
2024-05-14,Pierce County,FE.1.1,0.0,69239,0.0,#499894
2024-05-14,Pierce County,FL.1.5.1,0.0,69239,0.0,#8CD17D
2024-05-14,Pierce County,GE.1,0.0,69239,0.0,#FABFD2
2024-05-14,Pierce County,GK.1.1,0.0,69239,0.0,#90FAE5
2024-05-14,Pierce County,HF.1,0.0,69239,0.0,#D399AD
2024-05-14,Pierce County,HK.3,0.0,69239,0.0,#859DBC
2024-05-14,Pierce County,HV.1,0.0,69239,0.0,#797765
2024-05-14,Pierce County,JD.1.1,0.0,69239,0.0,#80F192
2024-05-14,Pierce County,JF.1,0.0,69239,0.0,#FFF1A9
2024-05-14,Pierce County,JG.3,0.0,69239,0.0,#66A172
2024-05-14,Pierce County,JN.1,0.0,69239,0.0,#61018F
2024-05-14,Pierce County,JN.1.11.1,0.0,69239,0.0,#5C9CF1
2024-05-14,Pierce County,JN.1.13,0.0,69239,0.0,#E83C78
2024-05-14,Pierce County,JN.1.13.1,0.0,69239,0.0,#F2591C
2024-05-14,Pierce County,JN.1.16,0.0,69239,0.0,#BC3A88
2024-05-14,Pierce County,JN.1.16.1,0.0,69239,0.0,#366298
2024-05-14,Pierce County,JN.1.18,0.0,69239,0.0,#4AF32F
2024-05-14,Pierce County,JN.1.32,0.0,69239,0.0,#2E7919
2024-05-14,Pierce County,JN.1.4.3,0.0,69239,0.0,#9D1010
2024-05-14,Pierce County,JN.1.7,1236.22703311,69239,0.01785449,#CF15E8
2024-05-14,Pierce County,JN.1.8.1,0.0,69239,0.0,#FFB027
2024-05-14,Pierce County,KP.1.1,74.44161846,69239,0.00107514,#CBFF86
2024-05-14,Pierce County,KP.1.1.3,0.0,69239,0.0,#1EB3B6
2024-05-14,Pierce County,KP.1.2,0.0,69239,0.0,#D7B5A6
2024-05-14,Pierce County,KP.2,80.6772828,69239,0.0011652,#5875A1
2024-05-14,Pierce County,KP.2.15,0.0,69239,0.0,#175DFF
2024-05-14,Pierce County,KP.2.3,0.0,69239,0.0,#628DE8
2024-05-14,Pierce County,KP.3,0.0,69239,0.0,#B06589
2024-05-14,Pierce County,KP.3.1.1,0.0,69239,0.0,#2F92A1
2024-05-14,Pierce County,KP.4.1,79.53830125,69239,0.00114875,#FF473A
2024-05-14,Pierce County,KQ.1,66872.73709569,69239,0.9658247099999999,#E86CDE
2024-05-14,Pierce County,KV.2,0.0,69239,0.0,#E14365
2024-05-14,Pierce County,KW.1.1,0.0,69239,0.0,#34A0FF
2024-05-14,Pierce County,LB.1,0.0,69239,0.0,#795653
2024-05-14,Pierce County,Recombinant,0.0,69239,0.0,#FF0000
2024-05-14,Pierce County,XBB,0.0,69239,0.0,#9FA8DA
2024-05-14,Pierce County,XBB.1.16,0.0,69239,0.0,#4527A0
2024-05-14,Pierce County,XBB.1.16.1,0.0,69239,0.0,#F89B9B
2024-05-14,Pierce County,XBB.1.16.15,0.0,69239,0.0,#E3B5FA
2024-05-14,Pierce County,XBB.1.16.6,0.0,69239,0.0,#5AA350
2024-05-14,Pierce County,XBB.1.42.1,0.0,69239,0.0,#75D1A3
2024-05-14,Pierce County,XBB.1.5,0.0,69239,0.0,#3F51B5
2024-05-14,Pierce County,XBB.1.5.70,0.0,69239,0.0,#46783C
2024-05-14,Pierce County,XBB.1.5.72,0.0,69239,0.0,#254220
2024-05-14,Pierce County,XBB.1.9.1,0.0,69239,0.0,#304FFE
2024-05-14,Pierce County,XBB.1.9.2,0.0,69239,0.0,#536DFE
2024-05-14,Pierce County,XBB.2.3,0.0,69239,0.0,#F7BCDF
2024-05-14,Pierce County,XDP,0.0,69239,0.0,#B60052
2024-05-14,Pierce County,XDV.1,0.0,69239,0.0,#D367B6
2024-05-14,Pierce County,unreportable,895.37866869,69239,0.01293171,#eeeeee
2024-05-14,Spokane County,BA.2,0.0,713850,0.0,#9CCD67
2024-05-14,Spokane County,BA.2.12.1,0.0,713850,0.0,#7CB342
2024-05-14,Spokane County,BA.2.86,0.0,713850,0.0,#D770EE
2024-05-14,Spokane County,EG.5,0.0,713850,0.0,#FFBE7D
2024-05-14,Spokane County,EG.5.1.8,0.0,713850,0.0,#E14D6F
2024-05-14,Spokane County,EG.6.1,0.0,713850,0.0,#B9ABA8
2024-05-14,Spokane County,FE.1.1,0.0,713850,0.0,#499894
2024-05-14,Spokane County,FL.1.5.1,0.0,713850,0.0,#8CD17D
2024-05-14,Spokane County,GE.1,0.0,713850,0.0,#FABFD2
2024-05-14,Spokane County,GK.1.1,0.0,713850,0.0,#90FAE5
2024-05-14,Spokane County,HF.1,0.0,713850,0.0,#D399AD
2024-05-14,Spokane County,HK.3,0.0,713850,0.0,#859DBC
2024-05-14,Spokane County,HV.1,0.0,713850,0.0,#797765
2024-05-14,Spokane County,JD.1.1,0.0,713850,0.0,#80F192
2024-05-14,Spokane County,JF.1,0.0,713850,0.0,#FFF1A9
2024-05-14,Spokane County,JG.3,0.0,713850,0.0,#66A172
2024-05-14,Spokane County,JN.1,11223.196100250001,713850,0.015722065,#61018F
2024-05-14,Spokane County,JN.1.11.1,55724.958456,713850,0.07806256,#5C9CF1
2024-05-14,Spokane County,JN.1.13,0.0,713850,0.0,#E83C78
2024-05-14,Spokane County,JN.1.13.1,0.0,713850,0.0,#F2591C
2024-05-14,Spokane County,JN.1.16,0.0,713850,0.0,#BC3A88
2024-05-14,Spokane County,JN.1.16.1,0.0,713850,0.0,#366298
2024-05-14,Spokane County,JN.1.18,0.0,713850,0.0,#4AF32F
2024-05-14,Spokane County,JN.1.32,205625.13853424997,713850,0.28805090499999997,#2E7919
2024-05-14,Spokane County,JN.1.4.3,138468.52193175,713850,0.193974255,#9D1010
2024-05-14,Spokane County,JN.1.7,0.0,713850,0.0,#CF15E8
2024-05-14,Spokane County,JN.1.8.1,942.72815625,713850,0.001320625,#FFB027
2024-05-14,Spokane County,KP.1.1,851.66231175,713850,0.001193055,#CBFF86
2024-05-14,Spokane County,KP.1.1.3,0.0,713850,0.0,#1EB3B6
2024-05-14,Spokane County,KP.1.2,0.0,713850,0.0,#D7B5A6
2024-05-14,Spokane County,KP.2,0.0,713850,0.0,#5875A1
2024-05-14,Spokane County,KP.2.15,0.0,713850,0.0,#175DFF
2024-05-14,Spokane County,KP.2.3,0.0,713850,0.0,#628DE8
2024-05-14,Spokane County,KP.3,219317.820186,713850,0.30723236,#B06589
2024-05-14,Spokane County,KP.3.1.1,0.0,713850,0.0,#2F92A1
2024-05-14,Spokane County,KP.4.1,77938.5356175,713850,0.10918055,#FF473A
2024-05-14,Spokane County,KQ.1,0.0,713850,0.0,#E86CDE
2024-05-14,Spokane County,KV.2,256.4648895,713850,0.00035927,#E14365
2024-05-14,Spokane County,KW.1.1,0.0,713850,0.0,#34A0FF
2024-05-14,Spokane County,LB.1,0.0,713850,0.0,#795653
2024-05-14,Spokane County,Recombinant,0.0,713850,0.0,#FF0000
2024-05-14,Spokane County,XBB,0.0,713850,0.0,#9FA8DA
2024-05-14,Spokane County,XBB.1.16,0.0,713850,0.0,#4527A0
2024-05-14,Spokane County,XBB.1.16.1,0.0,713850,0.0,#F89B9B
2024-05-14,Spokane County,XBB.1.16.15,0.0,713850,0.0,#E3B5FA
2024-05-14,Spokane County,XBB.1.16.6,0.0,713850,0.0,#5AA350
2024-05-14,Spokane County,XBB.1.42.1,0.0,713850,0.0,#75D1A3
2024-05-14,Spokane County,XBB.1.5,0.0,713850,0.0,#3F51B5
2024-05-14,Spokane County,XBB.1.5.70,0.0,713850,0.0,#46783C
2024-05-14,Spokane County,XBB.1.5.72,0.0,713850,0.0,#254220
2024-05-14,Spokane County,XBB.1.9.1,0.0,713850,0.0,#304FFE
2024-05-14,Spokane County,XBB.1.9.2,0.0,713850,0.0,#536DFE
2024-05-14,Spokane County,XBB.2.3,0.0,713850,0.0,#F7BCDF
2024-05-14,Spokane County,XDP,0.0,713850,0.0,#B60052
2024-05-14,Spokane County,XDV.1,0.0,713850,0.0,#D367B6
2024-05-14,Spokane County,unreportable,3500.977386,713850,0.00490436,#eeeeee
2024-05-14,Thurston County,BA.2,0.0,68224,0.0,#9CCD67
2024-05-14,Thurston County,BA.2.12.1,0.0,68224,0.0,#7CB342
2024-05-14,Thurston County,BA.2.86,0.0,68224,0.0,#D770EE
2024-05-14,Thurston County,EG.5,0.0,68224,0.0,#FFBE7D
2024-05-14,Thurston County,EG.5.1.8,0.0,68224,0.0,#E14D6F
2024-05-14,Thurston County,EG.6.1,0.0,68224,0.0,#B9ABA8
2024-05-14,Thurston County,FE.1.1,0.0,68224,0.0,#499894
2024-05-14,Thurston County,FL.1.5.1,0.0,68224,0.0,#8CD17D
2024-05-14,Thurston County,GE.1,0.0,68224,0.0,#FABFD2
2024-05-14,Thurston County,GK.1.1,0.0,68224,0.0,#90FAE5
2024-05-14,Thurston County,HF.1,0.0,68224,0.0,#D399AD
2024-05-14,Thurston County,HK.3,0.0,68224,0.0,#859DBC
2024-05-14,Thurston County,HV.1,0.0,68224,0.0,#797765
2024-05-14,Thurston County,JD.1.1,0.0,68224,0.0,#80F192
2024-05-14,Thurston County,JF.1,0.0,68224,0.0,#FFF1A9
2024-05-14,Thurston County,JG.3,0.0,68224,0.0,#66A172
2024-05-14,Thurston County,JN.1,0.0,68224,0.0,#61018F
2024-05-14,Thurston County,JN.1.11.1,7542.41153536,68224,0.11055364,#5C9CF1
2024-05-14,Thurston County,JN.1.13,0.0,68224,0.0,#E83C78
2024-05-14,Thurston County,JN.1.13.1,0.0,68224,0.0,#F2591C
2024-05-14,Thurston County,JN.1.16,0.0,68224,0.0,#BC3A88
2024-05-14,Thurston County,JN.1.16.1,0.0,68224,0.0,#366298
2024-05-14,Thurston County,JN.1.18,0.0,68224,0.0,#4AF32F
2024-05-14,Thurston County,JN.1.32,0.0,68224,0.0,#2E7919
2024-05-14,Thurston County,JN.1.4.3,0.0,68224,0.0,#9D1010
2024-05-14,Thurston County,JN.1.7,29048.82542848,68224,0.42578602,#CF15E8
2024-05-14,Thurston County,JN.1.8.1,0.0,68224,0.0,#FFB027
2024-05-14,Thurston County,KP.1.1,0.0,68224,0.0,#CBFF86
2024-05-14,Thurston County,KP.1.1.3,0.0,68224,0.0,#1EB3B6
2024-05-14,Thurston County,KP.1.2,5161.94313856,68224,0.07566169,#D7B5A6
2024-05-14,Thurston County,KP.2,26184.874693119997,68224,0.38380738,#5875A1
2024-05-14,Thurston County,KP.2.15,0.0,68224,0.0,#175DFF
2024-05-14,Thurston County,KP.2.3,0.0,68224,0.0,#628DE8
2024-05-14,Thurston County,KP.3,0.0,68224,0.0,#B06589
2024-05-14,Thurston County,KP.3.1.1,0.0,68224,0.0,#2F92A1
2024-05-14,Thurston County,KP.4.1,0.0,68224,0.0,#FF473A
2024-05-14,Thurston County,KQ.1,0.0,68224,0.0,#E86CDE
2024-05-14,Thurston County,KV.2,0.0,68224,0.0,#E14365
2024-05-14,Thurston County,KW.1.1,0.0,68224,0.0,#34A0FF
2024-05-14,Thurston County,LB.1,0.0,68224,0.0,#795653
2024-05-14,Thurston County,Recombinant,0.0,68224,0.0,#FF0000
2024-05-14,Thurston County,XBB,0.0,68224,0.0,#9FA8DA
2024-05-14,Thurston County,XBB.1.16,0.0,68224,0.0,#4527A0
2024-05-14,Thurston County,XBB.1.16.1,0.0,68224,0.0,#F89B9B
2024-05-14,Thurston County,XBB.1.16.15,0.0,68224,0.0,#E3B5FA
2024-05-14,Thurston County,XBB.1.16.6,0.0,68224,0.0,#5AA350
2024-05-14,Thurston County,XBB.1.42.1,0.0,68224,0.0,#75D1A3
2024-05-14,Thurston County,XBB.1.5,0.0,68224,0.0,#3F51B5
2024-05-14,Thurston County,XBB.1.5.70,0.0,68224,0.0,#46783C
2024-05-14,Thurston County,XBB.1.5.72,0.0,68224,0.0,#254220
2024-05-14,Thurston County,XBB.1.9.1,0.0,68224,0.0,#304FFE
2024-05-14,Thurston County,XBB.1.9.2,0.0,68224,0.0,#536DFE
2024-05-14,Thurston County,XBB.2.3,0.0,68224,0.0,#F7BCDF
2024-05-14,Thurston County,XDP,0.0,68224,0.0,#B60052
2024-05-14,Thurston County,XDV.1,0.0,68224,0.0,#D367B6
2024-05-14,Thurston County,unreportable,285.94452223999997,68224,0.00419126,#eeeeee
2024-05-14,Walla Walla County,BA.2,0.0,1387879,0.0,#9CCD67
2024-05-14,Walla Walla County,BA.2.12.1,0.0,1387879,0.0,#7CB342
2024-05-14,Walla Walla County,BA.2.86,0.0,1387879,0.0,#D770EE
2024-05-14,Walla Walla County,EG.5,0.0,1387879,0.0,#FFBE7D
2024-05-14,Walla Walla County,EG.5.1.8,0.0,1387879,0.0,#E14D6F
2024-05-14,Walla Walla County,EG.6.1,0.0,1387879,0.0,#B9ABA8
2024-05-14,Walla Walla County,FE.1.1,0.0,1387879,0.0,#499894
2024-05-14,Walla Walla County,FL.1.5.1,0.0,1387879,0.0,#8CD17D
2024-05-14,Walla Walla County,GE.1,0.0,1387879,0.0,#FABFD2
2024-05-14,Walla Walla County,GK.1.1,0.0,1387879,0.0,#90FAE5
2024-05-14,Walla Walla County,HF.1,0.0,1387879,0.0,#D399AD
2024-05-14,Walla Walla County,HK.3,0.0,1387879,0.0,#859DBC
2024-05-14,Walla Walla County,HV.1,0.0,1387879,0.0,#797765
2024-05-14,Walla Walla County,JD.1.1,0.0,1387879,0.0,#80F192
2024-05-14,Walla Walla County,JF.1,0.0,1387879,0.0,#FFF1A9
2024-05-14,Walla Walla County,JG.3,0.0,1387879,0.0,#66A172
2024-05-14,Walla Walla County,JN.1,4977.7237068800005,1387879,0.0035865689349575867,#61018F
2024-05-14,Walla Walla County,JN.1.11.1,0.0,1387879,0.0,#5C9CF1
2024-05-14,Walla Walla County,JN.1.13,0.0,1387879,0.0,#E83C78
2024-05-14,Walla Walla County,JN.1.13.1,0.0,1387879,0.0,#F2591C
2024-05-14,Walla Walla County,JN.1.16,0.0,1387879,0.0,#BC3A88
2024-05-14,Walla Walla County,JN.1.16.1,0.0,1387879,0.0,#366298
2024-05-14,Walla Walla County,JN.1.18,0.0,1387879,0.0,#4AF32F
2024-05-14,Walla Walla County,JN.1.32,260627.93870464002,1387879,0.18778866075835143,#2E7919
2024-05-14,Walla Walla County,JN.1.4.3,0.0,1387879,0.0,#9D1010
2024-05-14,Walla Walla County,JN.1.7,1112131.43719701,1387879,0.8013172886087404,#CF15E8
2024-05-14,Walla Walla County,JN.1.8.1,0.0,1387879,0.0,#FFB027
2024-05-14,Walla Walla County,KP.1.1,0.0,1387879,0.0,#CBFF86
2024-05-14,Walla Walla County,KP.1.1.3,0.0,1387879,0.0,#1EB3B6
2024-05-14,Walla Walla County,KP.1.2,0.0,1387879,0.0,#D7B5A6
2024-05-14,Walla Walla County,KP.2,0.0,1387879,0.0,#5875A1
2024-05-14,Walla Walla County,KP.2.15,0.0,1387879,0.0,#175DFF
2024-05-14,Walla Walla County,KP.2.3,0.0,1387879,0.0,#628DE8
2024-05-14,Walla Walla County,KP.3,0.0,1387879,0.0,#B06589
2024-05-14,Walla Walla County,KP.3.1.1,0.0,1387879,0.0,#2F92A1
2024-05-14,Walla Walla County,KP.4.1,0.0,1387879,0.0,#FF473A
2024-05-14,Walla Walla County,KQ.1,0.0,1387879,0.0,#E86CDE
2024-05-14,Walla Walla County,KV.2,1412.89972736,1387879,0.0010180280322420038,#E14365
2024-05-14,Walla Walla County,KW.1.1,0.0,1387879,0.0,#34A0FF
2024-05-14,Walla Walla County,LB.1,0.0,1387879,0.0,#795653
2024-05-14,Walla Walla County,Recombinant,0.0,1387879,0.0,#FF0000
2024-05-14,Walla Walla County,XBB,0.0,1387879,0.0,#9FA8DA
2024-05-14,Walla Walla County,XBB.1.16,0.0,1387879,0.0,#4527A0
2024-05-14,Walla Walla County,XBB.1.16.1,0.0,1387879,0.0,#F89B9B
2024-05-14,Walla Walla County,XBB.1.16.15,0.0,1387879,0.0,#E3B5FA
2024-05-14,Walla Walla County,XBB.1.16.6,0.0,1387879,0.0,#5AA350
2024-05-14,Walla Walla County,XBB.1.42.1,0.0,1387879,0.0,#75D1A3
2024-05-14,Walla Walla County,XBB.1.5,0.0,1387879,0.0,#3F51B5
2024-05-14,Walla Walla County,XBB.1.5.70,0.0,1387879,0.0,#46783C
2024-05-14,Walla Walla County,XBB.1.5.72,0.0,1387879,0.0,#254220
2024-05-14,Walla Walla County,XBB.1.9.1,0.0,1387879,0.0,#304FFE
2024-05-14,Walla Walla County,XBB.1.9.2,0.0,1387879,0.0,#536DFE
2024-05-14,Walla Walla County,XBB.2.3,0.0,1387879,0.0,#F7BCDF
2024-05-14,Walla Walla County,XDP,0.0,1387879,0.0,#B60052
2024-05-14,Walla Walla County,XDV.1,0.0,1387879,0.0,#D367B6
2024-05-14,Walla Walla County,unreportable,8729.00617963,1387879,0.006289457639772632,#eeeeee
2024-05-14,Whitman County,BA.2,0.0,245487,0.0,#9CCD67
2024-05-14,Whitman County,BA.2.12.1,0.0,245487,0.0,#7CB342
2024-05-14,Whitman County,BA.2.86,0.0,245487,0.0,#D770EE
2024-05-14,Whitman County,EG.5,0.0,245487,0.0,#FFBE7D
2024-05-14,Whitman County,EG.5.1.8,0.0,245487,0.0,#E14D6F
2024-05-14,Whitman County,EG.6.1,0.0,245487,0.0,#B9ABA8
2024-05-14,Whitman County,FE.1.1,0.0,245487,0.0,#499894
2024-05-14,Whitman County,FL.1.5.1,0.0,245487,0.0,#8CD17D
2024-05-14,Whitman County,GE.1,0.0,245487,0.0,#FABFD2
2024-05-14,Whitman County,GK.1.1,0.0,245487,0.0,#90FAE5
2024-05-14,Whitman County,HF.1,0.0,245487,0.0,#D399AD
2024-05-14,Whitman County,HK.3,0.0,245487,0.0,#859DBC
2024-05-14,Whitman County,HV.1,0.0,245487,0.0,#797765
2024-05-14,Whitman County,JD.1.1,0.0,245487,0.0,#80F192
2024-05-14,Whitman County,JF.1,0.0,245487,0.0,#FFF1A9
2024-05-14,Whitman County,JG.3,0.0,245487,0.0,#66A172
2024-05-14,Whitman County,JN.1,34848.760080420005,245487,0.14195766,#61018F
2024-05-14,Whitman County,JN.1.11.1,0.0,245487,0.0,#5C9CF1
2024-05-14,Whitman County,JN.1.13,0.0,245487,0.0,#E83C78
2024-05-14,Whitman County,JN.1.13.1,0.0,245487,0.0,#F2591C
2024-05-14,Whitman County,JN.1.16,0.0,245487,0.0,#BC3A88
2024-05-14,Whitman County,JN.1.16.1,22923.387035009997,245487,0.09337923,#366298
2024-05-14,Whitman County,JN.1.18,18034.45451313,245487,0.07346399,#4AF32F
2024-05-14,Whitman County,JN.1.32,0.0,245487,0.0,#2E7919
2024-05-14,Whitman County,JN.1.4.3,0.0,245487,0.0,#9D1010
2024-05-14,Whitman County,JN.1.7,243.51082964999998,245487,0.00099195,#CF15E8
2024-05-14,Whitman County,JN.1.8.1,0.0,245487,0.0,#FFB027
2024-05-14,Whitman County,KP.1.1,1960.59419985,245487,0.00798655,#CBFF86
2024-05-14,Whitman County,KP.1.1.3,0.0,245487,0.0,#1EB3B6
2024-05-14,Whitman County,KP.1.2,0.0,245487,0.0,#D7B5A6
2024-05-14,Whitman County,KP.2,432.68065698,245487,0.00176254,#5875A1
2024-05-14,Whitman County,KP.2.15,0.0,245487,0.0,#175DFF
2024-05-14,Whitman County,KP.2.3,0.0,245487,0.0,#628DE8
2024-05-14,Whitman County,KP.3,0.0,245487,0.0,#B06589
2024-05-14,Whitman County,KP.3.1.1,0.0,245487,0.0,#2F92A1
2024-05-14,Whitman County,KP.4.1,0.0,245487,0.0,#FF473A
2024-05-14,Whitman County,KQ.1,73722.49064466,245487,0.30031118,#E86CDE
2024-05-14,Whitman County,KV.2,0.0,245487,0.0,#E14365
2024-05-14,Whitman County,KW.1.1,0.0,245487,0.0,#34A0FF
2024-05-14,Whitman County,LB.1,88030.94592666,245487,0.35859718,#795653
2024-05-14,Whitman County,Recombinant,278.50991124,245487,0.00113452,#FF0000
2024-05-14,Whitman County,XBB,0.0,245487,0.0,#9FA8DA
2024-05-14,Whitman County,XBB.1.16,0.0,245487,0.0,#4527A0
2024-05-14,Whitman County,XBB.1.16.1,0.0,245487,0.0,#F89B9B
2024-05-14,Whitman County,XBB.1.16.15,0.0,245487,0.0,#E3B5FA
2024-05-14,Whitman County,XBB.1.16.6,0.0,245487,0.0,#5AA350
2024-05-14,Whitman County,XBB.1.42.1,0.0,245487,0.0,#75D1A3
2024-05-14,Whitman County,XBB.1.5,0.0,245487,0.0,#3F51B5
2024-05-14,Whitman County,XBB.1.5.70,0.0,245487,0.0,#46783C
2024-05-14,Whitman County,XBB.1.5.72,0.0,245487,0.0,#254220
2024-05-14,Whitman County,XBB.1.9.1,0.0,245487,0.0,#304FFE
2024-05-14,Whitman County,XBB.1.9.2,0.0,245487,0.0,#536DFE
2024-05-14,Whitman County,XBB.2.3,0.0,245487,0.0,#F7BCDF
2024-05-14,Whitman County,XDP,0.0,245487,0.0,#B60052
2024-05-14,Whitman County,XDV.1,0.0,245487,0.0,#D367B6
2024-05-14,Whitman County,unreportable,5011.666202400001,245487,0.0204152,#eeeeee
2024-05-14,Yakima County,BA.2,0.0,1933008,0.0,#9CCD67
2024-05-14,Yakima County,BA.2.12.1,0.0,1933008,0.0,#7CB342
2024-05-14,Yakima County,BA.2.86,0.0,1933008,0.0,#D770EE
2024-05-14,Yakima County,EG.5,0.0,1933008,0.0,#FFBE7D
2024-05-14,Yakima County,EG.5.1.8,0.0,1933008,0.0,#E14D6F
2024-05-14,Yakima County,EG.6.1,0.0,1933008,0.0,#B9ABA8
2024-05-14,Yakima County,FE.1.1,0.0,1933008,0.0,#499894
2024-05-14,Yakima County,FL.1.5.1,0.0,1933008,0.0,#8CD17D
2024-05-14,Yakima County,GE.1,0.0,1933008,0.0,#FABFD2
2024-05-14,Yakima County,GK.1.1,0.0,1933008,0.0,#90FAE5
2024-05-14,Yakima County,HF.1,0.0,1933008,0.0,#D399AD
2024-05-14,Yakima County,HK.3,0.0,1933008,0.0,#859DBC
2024-05-14,Yakima County,HV.1,0.0,1933008,0.0,#797765
2024-05-14,Yakima County,JD.1.1,0.0,1933008,0.0,#80F192
2024-05-14,Yakima County,JF.1,0.0,1933008,0.0,#FFF1A9
2024-05-14,Yakima County,JG.3,0.0,1933008,0.0,#66A172
2024-05-14,Yakima County,JN.1,181313.68346276,1933008,0.09379872378322283,#61018F
2024-05-14,Yakima County,JN.1.11.1,0.0,1933008,0.0,#5C9CF1
2024-05-14,Yakima County,JN.1.13,3820.1886096000003,1933008,0.0019762921879267962,#E83C78
2024-05-14,Yakima County,JN.1.13.1,481841.7475982,1933008,0.2492704363345625,#F2591C
2024-05-14,Yakima County,JN.1.16,228963.43266348002,1933008,0.11844929387952871,#BC3A88
2024-05-14,Yakima County,JN.1.16.1,50304.30845624,1933008,0.026023849076796373,#366298
2024-05-14,Yakima County,JN.1.18,104019.221084,1933008,0.05381210066590516,#4AF32F
2024-05-14,Yakima County,JN.1.32,0.0,1933008,0.0,#2E7919
2024-05-14,Yakima County,JN.1.4.3,0.0,1933008,0.0,#9D1010
2024-05-14,Yakima County,JN.1.7,0.0,1933008,0.0,#CF15E8
2024-05-14,Yakima County,JN.1.8.1,0.0,1933008,0.0,#FFB027
2024-05-14,Yakima County,KP.1.1,217978.54297480002,1933008,0.11276649810802647,#CBFF86
2024-05-14,Yakima County,KP.1.1.3,0.0,1933008,0.0,#1EB3B6
2024-05-14,Yakima County,KP.1.2,224978.07657756,1933008,0.11638755585986194,#D7B5A6
2024-05-14,Yakima County,KP.2,1676.50023524,1933008,0.0008673012399534818,#5875A1
2024-05-14,Yakima County,KP.2.15,0.0,1933008,0.0,#175DFF
2024-05-14,Yakima County,KP.2.3,31607.5303398,1933008,0.01635147414796007,#628DE8
2024-05-14,Yakima County,KP.3,388956.97780603997,1933008,0.20121850390998897,#B06589
2024-05-14,Yakima County,KP.3.1.1,0.0,1933008,0.0,#2F92A1
2024-05-14,Yakima County,KP.4.1,0.0,1933008,0.0,#FF473A
2024-05-14,Yakima County,KQ.1,0.0,1933008,0.0,#E86CDE
2024-05-14,Yakima County,KV.2,0.0,1933008,0.0,#E14365
2024-05-14,Yakima County,KW.1.1,0.0,1933008,0.0,#34A0FF
2024-05-14,Yakima County,LB.1,0.0,1933008,0.0,#795653
2024-05-14,Yakima County,Recombinant,0.0,1933008,0.0,#FF0000
2024-05-14,Yakima County,XBB,0.0,1933008,0.0,#9FA8DA
2024-05-14,Yakima County,XBB.1.16,0.0,1933008,0.0,#4527A0
2024-05-14,Yakima County,XBB.1.16.1,0.0,1933008,0.0,#F89B9B
2024-05-14,Yakima County,XBB.1.16.15,0.0,1933008,0.0,#E3B5FA
2024-05-14,Yakima County,XBB.1.16.6,0.0,1933008,0.0,#5AA350
2024-05-14,Yakima County,XBB.1.42.1,0.0,1933008,0.0,#75D1A3
2024-05-14,Yakima County,XBB.1.5,0.0,1933008,0.0,#3F51B5
2024-05-14,Yakima County,XBB.1.5.70,0.0,1933008,0.0,#46783C
2024-05-14,Yakima County,XBB.1.5.72,0.0,1933008,0.0,#254220
2024-05-14,Yakima County,XBB.1.9.1,0.0,1933008,0.0,#304FFE
2024-05-14,Yakima County,XBB.1.9.2,0.0,1933008,0.0,#536DFE
2024-05-14,Yakima County,XBB.2.3,0.0,1933008,0.0,#F7BCDF
2024-05-14,Yakima County,XDP,0.0,1933008,0.0,#B60052
2024-05-14,Yakima County,XDV.1,0.0,1933008,0.0,#D367B6
2024-05-14,Yakima County,unreportable,17547.77646852,1933008,0.009077963706575452,#eeeeee
2024-05-21,Benton County,BA.2,0.0,502178,0.0,#9CCD67
2024-05-21,Benton County,BA.2.12.1,0.0,502178,0.0,#7CB342
2024-05-21,Benton County,BA.2.86,0.0,502178,0.0,#D770EE
2024-05-21,Benton County,EG.5,0.0,502178,0.0,#FFBE7D
2024-05-21,Benton County,EG.5.1.8,0.0,502178,0.0,#E14D6F
2024-05-21,Benton County,EG.6.1,0.0,502178,0.0,#B9ABA8
2024-05-21,Benton County,FE.1.1,0.0,502178,0.0,#499894
2024-05-21,Benton County,FL.1.5.1,0.0,502178,0.0,#8CD17D
2024-05-21,Benton County,GE.1,0.0,502178,0.0,#FABFD2
2024-05-21,Benton County,GK.1.1,0.0,502178,0.0,#90FAE5
2024-05-21,Benton County,HF.1,0.0,502178,0.0,#D399AD
2024-05-21,Benton County,HK.3,0.0,502178,0.0,#859DBC
2024-05-21,Benton County,HV.1,0.0,502178,0.0,#797765
2024-05-21,Benton County,JD.1.1,0.0,502178,0.0,#80F192
2024-05-21,Benton County,JF.1,0.0,502178,0.0,#FFF1A9
2024-05-21,Benton County,JG.3,0.0,502178,0.0,#66A172
2024-05-21,Benton County,JN.1,304309.73906974,502178,0.60597983,#61018F
2024-05-21,Benton County,JN.1.11.1,0.0,502178,0.0,#5C9CF1
2024-05-21,Benton County,JN.1.13,0.0,502178,0.0,#E83C78
2024-05-21,Benton County,JN.1.13.1,0.0,502178,0.0,#F2591C
2024-05-21,Benton County,JN.1.16,979.07635948,502178,0.00194966,#BC3A88
2024-05-21,Benton County,JN.1.16.1,0.0,502178,0.0,#366298
2024-05-21,Benton County,JN.1.18,0.0,502178,0.0,#4AF32F
2024-05-21,Benton County,JN.1.32,84316.10300774,502178,0.16790083,#2E7919
2024-05-21,Benton County,JN.1.4.3,0.0,502178,0.0,#9D1010
2024-05-21,Benton County,JN.1.7,81081.87581653999,502178,0.16146043,#CF15E8
2024-05-21,Benton County,JN.1.8.1,0.0,502178,0.0,#FFB027
2024-05-21,Benton County,KP.1.1,0.0,502178,0.0,#CBFF86
2024-05-21,Benton County,KP.1.1.3,0.0,502178,0.0,#1EB3B6
2024-05-21,Benton County,KP.1.2,0.0,502178,0.0,#D7B5A6
2024-05-21,Benton County,KP.2,0.0,502178,0.0,#5875A1
2024-05-21,Benton County,KP.2.15,0.0,502178,0.0,#175DFF
2024-05-21,Benton County,KP.2.3,0.0,502178,0.0,#628DE8
2024-05-21,Benton County,KP.3,26150.45734624,502178,0.05207408,#B06589
2024-05-21,Benton County,KP.3.1.1,0.0,502178,0.0,#2F92A1
2024-05-21,Benton County,KP.4.1,0.0,502178,0.0,#FF473A
2024-05-21,Benton County,KQ.1,0.0,502178,0.0,#E86CDE
2024-05-21,Benton County,KV.2,0.0,502178,0.0,#E14365
2024-05-21,Benton County,KW.1.1,0.0,502178,0.0,#34A0FF
2024-05-21,Benton County,LB.1,0.0,502178,0.0,#795653
2024-05-21,Benton County,Recombinant,0.0,502178,0.0,#FF0000
2024-05-21,Benton County,XBB,0.0,502178,0.0,#9FA8DA
2024-05-21,Benton County,XBB.1.16,0.0,502178,0.0,#4527A0
2024-05-21,Benton County,XBB.1.16.1,0.0,502178,0.0,#F89B9B
2024-05-21,Benton County,XBB.1.16.15,0.0,502178,0.0,#E3B5FA
2024-05-21,Benton County,XBB.1.16.6,0.0,502178,0.0,#5AA350
2024-05-21,Benton County,XBB.1.42.1,0.0,502178,0.0,#75D1A3
2024-05-21,Benton County,XBB.1.5,0.0,502178,0.0,#3F51B5
2024-05-21,Benton County,XBB.1.5.70,0.0,502178,0.0,#46783C
2024-05-21,Benton County,XBB.1.5.72,0.0,502178,0.0,#254220
2024-05-21,Benton County,XBB.1.9.1,0.0,502178,0.0,#304FFE
2024-05-21,Benton County,XBB.1.9.2,0.0,502178,0.0,#536DFE
2024-05-21,Benton County,XBB.2.3,0.0,502178,0.0,#F7BCDF
2024-05-21,Benton County,XDP,0.0,502178,0.0,#B60052
2024-05-21,Benton County,XDV.1,0.0,502178,0.0,#D367B6
2024-05-21,Benton County,unreportable,5340.7383567,502178,0.01063515,#eeeeee
2024-05-21,Chelan County,BA.2,0.0,923896,0.0,#9CCD67
2024-05-21,Chelan County,BA.2.12.1,0.0,923896,0.0,#7CB342
2024-05-21,Chelan County,BA.2.86,66948.02113608,923896,0.0724627243067185,#D770EE
2024-05-21,Chelan County,EG.5,0.0,923896,0.0,#FFBE7D
2024-05-21,Chelan County,EG.5.1.8,0.0,923896,0.0,#E14D6F
2024-05-21,Chelan County,EG.6.1,0.0,923896,0.0,#B9ABA8
2024-05-21,Chelan County,FE.1.1,0.0,923896,0.0,#499894
2024-05-21,Chelan County,FL.1.5.1,0.0,923896,0.0,#8CD17D
2024-05-21,Chelan County,GE.1,0.0,923896,0.0,#FABFD2
2024-05-21,Chelan County,GK.1.1,0.0,923896,0.0,#90FAE5
2024-05-21,Chelan County,HF.1,0.0,923896,0.0,#D399AD
2024-05-21,Chelan County,HK.3,0.0,923896,0.0,#859DBC
2024-05-21,Chelan County,HV.1,0.0,923896,0.0,#797765
2024-05-21,Chelan County,JD.1.1,0.0,923896,0.0,#80F192
2024-05-21,Chelan County,JF.1,0.0,923896,0.0,#FFF1A9
2024-05-21,Chelan County,JG.3,0.0,923896,0.0,#66A172
2024-05-21,Chelan County,JN.1,2048.81853668,923896,0.002217585677045901,#61018F
2024-05-21,Chelan County,JN.1.11.1,0.0,923896,0.0,#5C9CF1
2024-05-21,Chelan County,JN.1.13,0.0,923896,0.0,#E83C78
2024-05-21,Chelan County,JN.1.13.1,0.0,923896,0.0,#F2591C
2024-05-21,Chelan County,JN.1.16,13833.67675492,923896,0.014973196934416861,#BC3A88
2024-05-21,Chelan County,JN.1.16.1,12757.157419359999,923896,0.013808001570912743,#366298
2024-05-21,Chelan County,JN.1.18,31296.252175,923896,0.033874215469057126,#4AF32F
2024-05-21,Chelan County,JN.1.32,0.0,923896,0.0,#2E7919
2024-05-21,Chelan County,JN.1.4.3,0.0,923896,0.0,#9D1010
2024-05-21,Chelan County,JN.1.7,0.0,923896,0.0,#CF15E8
2024-05-21,Chelan County,JN.1.8.1,0.0,923896,0.0,#FFB027
2024-05-21,Chelan County,KP.1.1,0.0,923896,0.0,#CBFF86
2024-05-21,Chelan County,KP.1.1.3,0.0,923896,0.0,#1EB3B6
2024-05-21,Chelan County,KP.1.2,0.0,923896,0.0,#D7B5A6
2024-05-21,Chelan County,KP.2,0.0,923896,0.0,#5875A1
2024-05-21,Chelan County,KP.2.15,0.0,923896,0.0,#175DFF
2024-05-21,Chelan County,KP.2.3,0.0,923896,0.0,#628DE8
2024-05-21,Chelan County,KP.3,773633.9719062,923896,0.8373604517242201,#B06589
2024-05-21,Chelan County,KP.3.1.1,0.0,923896,0.0,#2F92A1
2024-05-21,Chelan County,KP.4.1,0.0,923896,0.0,#FF473A
2024-05-21,Chelan County,KQ.1,0.0,923896,0.0,#E86CDE
2024-05-21,Chelan County,KV.2,0.0,923896,0.0,#E14365
2024-05-21,Chelan County,KW.1.1,0.0,923896,0.0,#34A0FF
2024-05-21,Chelan County,LB.1,0.0,923896,0.0,#795653
2024-05-21,Chelan County,Recombinant,18569.623138879997,923896,0.02009925699308147,#FF0000
2024-05-21,Chelan County,XBB,0.0,923896,0.0,#9FA8DA
2024-05-21,Chelan County,XBB.1.16,0.0,923896,0.0,#4527A0
2024-05-21,Chelan County,XBB.1.16.1,0.0,923896,0.0,#F89B9B
2024-05-21,Chelan County,XBB.1.16.15,0.0,923896,0.0,#E3B5FA
2024-05-21,Chelan County,XBB.1.16.6,0.0,923896,0.0,#5AA350
2024-05-21,Chelan County,XBB.1.42.1,0.0,923896,0.0,#75D1A3
2024-05-21,Chelan County,XBB.1.5,0.0,923896,0.0,#3F51B5
2024-05-21,Chelan County,XBB.1.5.70,0.0,923896,0.0,#46783C
2024-05-21,Chelan County,XBB.1.5.72,0.0,923896,0.0,#254220
2024-05-21,Chelan County,XBB.1.9.1,0.0,923896,0.0,#304FFE
2024-05-21,Chelan County,XBB.1.9.2,0.0,923896,0.0,#536DFE
2024-05-21,Chelan County,XBB.2.3,0.0,923896,0.0,#F7BCDF
2024-05-21,Chelan County,XDP,0.0,923896,0.0,#B60052
2024-05-21,Chelan County,XDV.1,0.0,923896,0.0,#D367B6
2024-05-21,Chelan County,unreportable,4808.477453719999,923896,0.00520456572354464,#eeeeee
2024-05-21,Franklin County,BA.2,0.0,737220,0.0,#9CCD67
2024-05-21,Franklin County,BA.2.12.1,0.0,737220,0.0,#7CB342
2024-05-21,Franklin County,BA.2.86,0.0,737220,0.0,#D770EE
2024-05-21,Franklin County,EG.5,0.0,737220,0.0,#FFBE7D
2024-05-21,Franklin County,EG.5.1.8,0.0,737220,0.0,#E14D6F
2024-05-21,Franklin County,EG.6.1,0.0,737220,0.0,#B9ABA8
2024-05-21,Franklin County,FE.1.1,0.0,737220,0.0,#499894
2024-05-21,Franklin County,FL.1.5.1,0.0,737220,0.0,#8CD17D
2024-05-21,Franklin County,GE.1,0.0,737220,0.0,#FABFD2
2024-05-21,Franklin County,GK.1.1,0.0,737220,0.0,#90FAE5
2024-05-21,Franklin County,HF.1,0.0,737220,0.0,#D399AD
2024-05-21,Franklin County,HK.3,0.0,737220,0.0,#859DBC
2024-05-21,Franklin County,HV.1,0.0,737220,0.0,#797765
2024-05-21,Franklin County,JD.1.1,0.0,737220,0.0,#80F192
2024-05-21,Franklin County,JF.1,0.0,737220,0.0,#FFF1A9
2024-05-21,Franklin County,JG.3,0.0,737220,0.0,#66A172
2024-05-21,Franklin County,JN.1,0.0,737220,0.0,#61018F
2024-05-21,Franklin County,JN.1.11.1,516.275166,737220,0.0007003000000000001,#5C9CF1
2024-05-21,Franklin County,JN.1.13,0.0,737220,0.0,#E83C78
2024-05-21,Franklin County,JN.1.13.1,1117.8909192,737220,0.0015163600000000002,#F2591C
2024-05-21,Franklin County,JN.1.16,822.3173045999999,737220,0.00111543,#BC3A88
2024-05-21,Franklin County,JN.1.16.1,830.4340968,737220,0.00112644,#366298
2024-05-21,Franklin County,JN.1.18,0.0,737220,0.0,#4AF32F
2024-05-21,Franklin County,JN.1.32,0.0,737220,0.0,#2E7919
2024-05-21,Franklin County,JN.1.4.3,0.0,737220,0.0,#9D1010
2024-05-21,Franklin County,JN.1.7,57923.485983000006,737220,0.07857015,#CF15E8
2024-05-21,Franklin County,JN.1.8.1,0.0,737220,0.0,#FFB027
2024-05-21,Franklin County,KP.1.1,1692.4949316,737220,0.00229578,#CBFF86
2024-05-21,Franklin County,KP.1.1.3,0.0,737220,0.0,#1EB3B6
2024-05-21,Franklin County,KP.1.2,0.0,737220,0.0,#D7B5A6
2024-05-21,Franklin County,KP.2,124524.20618220001,737220,0.16891051,#5875A1
2024-05-21,Franklin County,KP.2.15,0.0,737220,0.0,#175DFF
2024-05-21,Franklin County,KP.2.3,0.0,737220,0.0,#628DE8
2024-05-21,Franklin County,KP.3,135477.186933,737220,0.18376764999999998,#B06589
2024-05-21,Franklin County,KP.3.1.1,0.0,737220,0.0,#2F92A1
2024-05-21,Franklin County,KP.4.1,0.0,737220,0.0,#FF473A
2024-05-21,Franklin County,KQ.1,0.0,737220,0.0,#E86CDE
2024-05-21,Franklin County,KV.2,869.1971244,737220,0.00117902,#E14365
2024-05-21,Franklin County,KW.1.1,0.0,737220,0.0,#34A0FF
2024-05-21,Franklin County,LB.1,408885.102681,737220,0.55463105,#795653
2024-05-21,Franklin County,Recombinant,0.0,737220,0.0,#FF0000
2024-05-21,Franklin County,XBB,0.0,737220,0.0,#9FA8DA
2024-05-21,Franklin County,XBB.1.16,0.0,737220,0.0,#4527A0
2024-05-21,Franklin County,XBB.1.16.1,0.0,737220,0.0,#F89B9B
2024-05-21,Franklin County,XBB.1.16.15,0.0,737220,0.0,#E3B5FA
2024-05-21,Franklin County,XBB.1.16.6,0.0,737220,0.0,#5AA350
2024-05-21,Franklin County,XBB.1.42.1,0.0,737220,0.0,#75D1A3
2024-05-21,Franklin County,XBB.1.5,0.0,737220,0.0,#3F51B5
2024-05-21,Franklin County,XBB.1.5.70,0.0,737220,0.0,#46783C
2024-05-21,Franklin County,XBB.1.5.72,0.0,737220,0.0,#254220
2024-05-21,Franklin County,XBB.1.9.1,0.0,737220,0.0,#304FFE
2024-05-21,Franklin County,XBB.1.9.2,0.0,737220,0.0,#536DFE
2024-05-21,Franklin County,XBB.2.3,0.0,737220,0.0,#F7BCDF
2024-05-21,Franklin County,XDP,0.0,737220,0.0,#B60052
2024-05-21,Franklin County,XDV.1,0.0,737220,0.0,#D367B6
2024-05-21,Franklin County,unreportable,4561.3939338,737220,0.00618729,#eeeeee
2024-05-21,Island County,BA.2,0.0,1436814,0.0,#9CCD67
2024-05-21,Island County,BA.2.12.1,0.0,1436814,0.0,#7CB342
2024-05-21,Island County,BA.2.86,0.0,1436814,0.0,#D770EE
2024-05-21,Island County,EG.5,0.0,1436814,0.0,#FFBE7D
2024-05-21,Island County,EG.5.1.8,0.0,1436814,0.0,#E14D6F
2024-05-21,Island County,EG.6.1,0.0,1436814,0.0,#B9ABA8
2024-05-21,Island County,FE.1.1,0.0,1436814,0.0,#499894
2024-05-21,Island County,FL.1.5.1,0.0,1436814,0.0,#8CD17D
2024-05-21,Island County,GE.1,0.0,1436814,0.0,#FABFD2
2024-05-21,Island County,GK.1.1,0.0,1436814,0.0,#90FAE5
2024-05-21,Island County,HF.1,0.0,1436814,0.0,#D399AD
2024-05-21,Island County,HK.3,0.0,1436814,0.0,#859DBC
2024-05-21,Island County,HV.1,0.0,1436814,0.0,#797765
2024-05-21,Island County,JD.1.1,0.0,1436814,0.0,#80F192
2024-05-21,Island County,JF.1,0.0,1436814,0.0,#FFF1A9
2024-05-21,Island County,JG.3,0.0,1436814,0.0,#66A172
2024-05-21,Island County,JN.1,1336.5131370000001,1436814,0.0009301921730996498,#61018F
2024-05-21,Island County,JN.1.11.1,512394.55007817,1436814,0.35661856724542634,#5C9CF1
2024-05-21,Island County,JN.1.13,0.0,1436814,0.0,#E83C78
2024-05-21,Island County,JN.1.13.1,0.0,1436814,0.0,#F2591C
2024-05-21,Island County,JN.1.16,0.0,1436814,0.0,#BC3A88
2024-05-21,Island County,JN.1.16.1,1236.18333531,1436814,0.0008603642053251152,#366298
2024-05-21,Island County,JN.1.18,0.0,1436814,0.0,#4AF32F
2024-05-21,Island County,JN.1.32,0.0,1436814,0.0,#2E7919
2024-05-21,Island County,JN.1.4.3,0.0,1436814,0.0,#9D1010
2024-05-21,Island County,JN.1.7,0.0,1436814,0.0,#CF15E8
2024-05-21,Island County,JN.1.8.1,0.0,1436814,0.0,#FFB027
2024-05-21,Island County,KP.1.1,0.0,1436814,0.0,#CBFF86
2024-05-21,Island County,KP.1.1.3,0.0,1436814,0.0,#1EB3B6
2024-05-21,Island County,KP.1.2,0.0,1436814,0.0,#D7B5A6
2024-05-21,Island County,KP.2,469483.08743994,1436814,0.32675286254166513,#5875A1
2024-05-21,Island County,KP.2.15,0.0,1436814,0.0,#175DFF
2024-05-21,Island County,KP.2.3,138979.72548621,1436814,0.09672770830894604,#628DE8
2024-05-21,Island County,KP.3,307567.87654335,1436814,0.21406241625105962,#B06589
2024-05-21,Island County,KP.3.1.1,0.0,1436814,0.0,#2F92A1
2024-05-21,Island County,KP.4.1,0.0,1436814,0.0,#FF473A
2024-05-21,Island County,KQ.1,0.0,1436814,0.0,#E86CDE
2024-05-21,Island County,KV.2,0.0,1436814,0.0,#E14365
2024-05-21,Island County,KW.1.1,0.0,1436814,0.0,#34A0FF
2024-05-21,Island County,LB.1,0.0,1436814,0.0,#795653
2024-05-21,Island County,Recombinant,0.0,1436814,0.0,#FF0000
2024-05-21,Island County,XBB,0.0,1436814,0.0,#9FA8DA
2024-05-21,Island County,XBB.1.16,0.0,1436814,0.0,#4527A0
2024-05-21,Island County,XBB.1.16.1,0.0,1436814,0.0,#F89B9B
2024-05-21,Island County,XBB.1.16.15,0.0,1436814,0.0,#E3B5FA
2024-05-21,Island County,XBB.1.16.6,0.0,1436814,0.0,#5AA350
2024-05-21,Island County,XBB.1.42.1,0.0,1436814,0.0,#75D1A3
2024-05-21,Island County,XBB.1.5,0.0,1436814,0.0,#3F51B5
2024-05-21,Island County,XBB.1.5.70,0.0,1436814,0.0,#46783C
2024-05-21,Island County,XBB.1.5.72,0.0,1436814,0.0,#254220
2024-05-21,Island County,XBB.1.9.1,0.0,1436814,0.0,#304FFE
2024-05-21,Island County,XBB.1.9.2,0.0,1436814,0.0,#536DFE
2024-05-21,Island County,XBB.2.3,0.0,1436814,0.0,#F7BCDF
2024-05-21,Island County,XDP,0.0,1436814,0.0,#B60052
2024-05-21,Island County,XDV.1,0.0,1436814,0.0,#D367B6
2024-05-21,Island County,unreportable,5816.07217647,1436814,0.004047894979078712,#eeeeee
2024-05-21,Jefferson County,BA.2,0.0,162770,0.0,#9CCD67
2024-05-21,Jefferson County,BA.2.12.1,0.0,162770,0.0,#7CB342
2024-05-21,Jefferson County,BA.2.86,0.0,162770,0.0,#D770EE
2024-05-21,Jefferson County,EG.5,0.0,162770,0.0,#FFBE7D
2024-05-21,Jefferson County,EG.5.1.8,0.0,162770,0.0,#E14D6F
2024-05-21,Jefferson County,EG.6.1,0.0,162770,0.0,#B9ABA8
2024-05-21,Jefferson County,FE.1.1,0.0,162770,0.0,#499894
2024-05-21,Jefferson County,FL.1.5.1,0.0,162770,0.0,#8CD17D
2024-05-21,Jefferson County,GE.1,0.0,162770,0.0,#FABFD2
2024-05-21,Jefferson County,GK.1.1,0.0,162770,0.0,#90FAE5
2024-05-21,Jefferson County,HF.1,0.0,162770,0.0,#D399AD
2024-05-21,Jefferson County,HK.3,0.0,162770,0.0,#859DBC
2024-05-21,Jefferson County,HV.1,0.0,162770,0.0,#797765
2024-05-21,Jefferson County,JD.1.1,0.0,162770,0.0,#80F192
2024-05-21,Jefferson County,JF.1,0.0,162770,0.0,#FFF1A9
2024-05-21,Jefferson County,JG.3,0.0,162770,0.0,#66A172
2024-05-21,Jefferson County,JN.1,131627.5365569,162770,0.8086719700000001,#61018F
2024-05-21,Jefferson County,JN.1.11.1,0.0,162770,0.0,#5C9CF1
2024-05-21,Jefferson County,JN.1.13,0.0,162770,0.0,#E83C78
2024-05-21,Jefferson County,JN.1.13.1,0.0,162770,0.0,#F2591C
2024-05-21,Jefferson County,JN.1.16,14592.3809587,162770,0.08965031,#BC3A88
2024-05-21,Jefferson County,JN.1.16.1,13971.491538299999,162770,0.08583579,#366298
2024-05-21,Jefferson County,JN.1.18,0.0,162770,0.0,#4AF32F
2024-05-21,Jefferson County,JN.1.32,0.0,162770,0.0,#2E7919
2024-05-21,Jefferson County,JN.1.4.3,0.0,162770,0.0,#9D1010
2024-05-21,Jefferson County,JN.1.7,0.0,162770,0.0,#CF15E8
2024-05-21,Jefferson County,JN.1.8.1,0.0,162770,0.0,#FFB027
2024-05-21,Jefferson County,KP.1.1,0.0,162770,0.0,#CBFF86
2024-05-21,Jefferson County,KP.1.1.3,0.0,162770,0.0,#1EB3B6
2024-05-21,Jefferson County,KP.1.2,0.0,162770,0.0,#D7B5A6
2024-05-21,Jefferson County,KP.2,517.4669901,162770,0.00317913,#5875A1
2024-05-21,Jefferson County,KP.2.15,0.0,162770,0.0,#175DFF
2024-05-21,Jefferson County,KP.2.3,0.0,162770,0.0,#628DE8
2024-05-21,Jefferson County,KP.3,0.0,162770,0.0,#B06589
2024-05-21,Jefferson County,KP.3.1.1,0.0,162770,0.0,#2F92A1
2024-05-21,Jefferson County,KP.4.1,0.0,162770,0.0,#FF473A
2024-05-21,Jefferson County,KQ.1,0.0,162770,0.0,#E86CDE
2024-05-21,Jefferson County,KV.2,0.0,162770,0.0,#E14365
2024-05-21,Jefferson County,KW.1.1,0.0,162770,0.0,#34A0FF
2024-05-21,Jefferson County,LB.1,0.0,162770,0.0,#795653
2024-05-21,Jefferson County,Recombinant,0.0,162770,0.0,#FF0000
2024-05-21,Jefferson County,XBB,0.0,162770,0.0,#9FA8DA
2024-05-21,Jefferson County,XBB.1.16,0.0,162770,0.0,#4527A0
2024-05-21,Jefferson County,XBB.1.16.1,0.0,162770,0.0,#F89B9B
2024-05-21,Jefferson County,XBB.1.16.15,0.0,162770,0.0,#E3B5FA
2024-05-21,Jefferson County,XBB.1.16.6,0.0,162770,0.0,#5AA350
2024-05-21,Jefferson County,XBB.1.42.1,0.0,162770,0.0,#75D1A3
2024-05-21,Jefferson County,XBB.1.5,0.0,162770,0.0,#3F51B5
2024-05-21,Jefferson County,XBB.1.5.70,0.0,162770,0.0,#46783C
2024-05-21,Jefferson County,XBB.1.5.72,0.0,162770,0.0,#254220
2024-05-21,Jefferson County,XBB.1.9.1,0.0,162770,0.0,#304FFE
2024-05-21,Jefferson County,XBB.1.9.2,0.0,162770,0.0,#536DFE
2024-05-21,Jefferson County,XBB.2.3,0.0,162770,0.0,#F7BCDF
2024-05-21,Jefferson County,XDP,0.0,162770,0.0,#B60052
2024-05-21,Jefferson County,XDV.1,0.0,162770,0.0,#D367B6
2024-05-21,Jefferson County,unreportable,2061.1255837,162770,0.01266281,#eeeeee
2024-05-21,Kittitas County,BA.2,0.0,862782,0.0,#9CCD67
2024-05-21,Kittitas County,BA.2.12.1,0.0,862782,0.0,#7CB342
2024-05-21,Kittitas County,BA.2.86,0.0,862782,0.0,#D770EE
2024-05-21,Kittitas County,EG.5,0.0,862782,0.0,#FFBE7D
2024-05-21,Kittitas County,EG.5.1.8,0.0,862782,0.0,#E14D6F
2024-05-21,Kittitas County,EG.6.1,0.0,862782,0.0,#B9ABA8
2024-05-21,Kittitas County,FE.1.1,0.0,862782,0.0,#499894
2024-05-21,Kittitas County,FL.1.5.1,0.0,862782,0.0,#8CD17D
2024-05-21,Kittitas County,GE.1,0.0,862782,0.0,#FABFD2
2024-05-21,Kittitas County,GK.1.1,0.0,862782,0.0,#90FAE5
2024-05-21,Kittitas County,HF.1,0.0,862782,0.0,#D399AD
2024-05-21,Kittitas County,HK.3,0.0,862782,0.0,#859DBC
2024-05-21,Kittitas County,HV.1,0.0,862782,0.0,#797765
2024-05-21,Kittitas County,JD.1.1,0.0,862782,0.0,#80F192
2024-05-21,Kittitas County,JF.1,0.0,862782,0.0,#FFF1A9
2024-05-21,Kittitas County,JG.3,0.0,862782,0.0,#66A172
2024-05-21,Kittitas County,JN.1,100349.74429386,862782,0.11630950146602502,#61018F
2024-05-21,Kittitas County,JN.1.11.1,90482.11656041999,862782,0.10487251305708742,#5C9CF1
2024-05-21,Kittitas County,JN.1.13,0.0,862782,0.0,#E83C78
2024-05-21,Kittitas County,JN.1.13.1,0.0,862782,0.0,#F2591C
2024-05-21,Kittitas County,JN.1.16,259089.84602226003,862782,0.30029584069007004,#BC3A88
2024-05-21,Kittitas County,JN.1.16.1,0.0,862782,0.0,#366298
2024-05-21,Kittitas County,JN.1.18,0.0,862782,0.0,#4AF32F
2024-05-21,Kittitas County,JN.1.32,0.0,862782,0.0,#2E7919
2024-05-21,Kittitas County,JN.1.4.3,0.0,862782,0.0,#9D1010
2024-05-21,Kittitas County,JN.1.7,0.0,862782,0.0,#CF15E8
2024-05-21,Kittitas County,JN.1.8.1,0.0,862782,0.0,#FFB027
2024-05-21,Kittitas County,KP.1.1,11132.477553600002,862782,0.012903001631466583,#CBFF86
2024-05-21,Kittitas County,KP.1.1.3,0.0,862782,0.0,#1EB3B6
2024-05-21,Kittitas County,KP.1.2,8858.4246816,862782,0.010267280357726517,#D7B5A6
2024-05-21,Kittitas County,KP.2,54798.291163199996,862782,0.06351348447603218,#5875A1
2024-05-21,Kittitas County,KP.2.15,0.0,862782,0.0,#175DFF
2024-05-21,Kittitas County,KP.2.3,0.0,862782,0.0,#628DE8
2024-05-21,Kittitas County,KP.3,327934.20974561997,862782,0.38008930383992706,#B06589
2024-05-21,Kittitas County,KP.3.1.1,0.0,862782,0.0,#2F92A1
2024-05-21,Kittitas County,KP.4.1,0.0,862782,0.0,#FF473A
2024-05-21,Kittitas County,KQ.1,0.0,862782,0.0,#E86CDE
2024-05-21,Kittitas County,KV.2,0.0,862782,0.0,#E14365
2024-05-21,Kittitas County,KW.1.1,0.0,862782,0.0,#34A0FF
2024-05-21,Kittitas County,LB.1,0.0,862782,0.0,#795653
2024-05-21,Kittitas County,Recombinant,0.0,862782,0.0,#FF0000
2024-05-21,Kittitas County,XBB,0.0,862782,0.0,#9FA8DA
2024-05-21,Kittitas County,XBB.1.16,0.0,862782,0.0,#4527A0
2024-05-21,Kittitas County,XBB.1.16.1,0.0,862782,0.0,#F89B9B
2024-05-21,Kittitas County,XBB.1.16.15,0.0,862782,0.0,#E3B5FA
2024-05-21,Kittitas County,XBB.1.16.6,0.0,862782,0.0,#5AA350
2024-05-21,Kittitas County,XBB.1.42.1,0.0,862782,0.0,#75D1A3
2024-05-21,Kittitas County,XBB.1.5,0.0,862782,0.0,#3F51B5
2024-05-21,Kittitas County,XBB.1.5.70,0.0,862782,0.0,#46783C
2024-05-21,Kittitas County,XBB.1.5.72,0.0,862782,0.0,#254220
2024-05-21,Kittitas County,XBB.1.9.1,0.0,862782,0.0,#304FFE
2024-05-21,Kittitas County,XBB.1.9.2,0.0,862782,0.0,#536DFE
2024-05-21,Kittitas County,XBB.2.3,0.0,862782,0.0,#F7BCDF
2024-05-21,Kittitas County,XDP,0.0,862782,0.0,#B60052
2024-05-21,Kittitas County,XDV.1,0.0,862782,0.0,#D367B6
2024-05-21,Kittitas County,unreportable,10136.887109039999,862782,0.011749071154752879,#eeeeee
2024-05-21,Okanogan County,BA.2,0.0,951940,0.0,#9CCD67
2024-05-21,Okanogan County,BA.2.12.1,0.0,951940,0.0,#7CB342
2024-05-21,Okanogan County,BA.2.86,0.0,951940,0.0,#D770EE
2024-05-21,Okanogan County,EG.5,0.0,951940,0.0,#FFBE7D
2024-05-21,Okanogan County,EG.5.1.8,0.0,951940,0.0,#E14D6F
2024-05-21,Okanogan County,EG.6.1,0.0,951940,0.0,#B9ABA8
2024-05-21,Okanogan County,FE.1.1,0.0,951940,0.0,#499894
2024-05-21,Okanogan County,FL.1.5.1,0.0,951940,0.0,#8CD17D
2024-05-21,Okanogan County,GE.1,0.0,951940,0.0,#FABFD2
2024-05-21,Okanogan County,GK.1.1,0.0,951940,0.0,#90FAE5
2024-05-21,Okanogan County,HF.1,0.0,951940,0.0,#D399AD
2024-05-21,Okanogan County,HK.3,0.0,951940,0.0,#859DBC
2024-05-21,Okanogan County,HV.1,0.0,951940,0.0,#797765
2024-05-21,Okanogan County,JD.1.1,0.0,951940,0.0,#80F192
2024-05-21,Okanogan County,JF.1,0.0,951940,0.0,#FFF1A9
2024-05-21,Okanogan County,JG.3,0.0,951940,0.0,#66A172
2024-05-21,Okanogan County,JN.1,558228.8225447,951940,0.5864117723225203,#61018F
2024-05-21,Okanogan County,JN.1.11.1,1985.7981366,951940,0.0020860538863793935,#5C9CF1
2024-05-21,Okanogan County,JN.1.13,0.0,951940,0.0,#E83C78
2024-05-21,Okanogan County,JN.1.13.1,0.0,951940,0.0,#F2591C
2024-05-21,Okanogan County,JN.1.16,46921.39996,951940,0.04929029136290103,#BC3A88
2024-05-21,Okanogan County,JN.1.16.1,34574.6355318,951940,0.03632018355337521,#366298
2024-05-21,Okanogan County,JN.1.18,58243.191913300005,951940,0.06118367955259786,#4AF32F
2024-05-21,Okanogan County,JN.1.32,86235.4401974,951940,0.09058915498602854,#2E7919
2024-05-21,Okanogan County,JN.1.4.3,52626.98448390001,951940,0.05528393016776268,#9D1010
2024-05-21,Okanogan County,JN.1.7,8063.0667669,951940,0.008470141780889553,#CF15E8
2024-05-21,Okanogan County,JN.1.8.1,1408.9444317,951940,0.0014800769289030821,#FFB027
2024-05-21,Okanogan County,KP.1.1,2247.5519311000003,951940,0.0023610226811563756,#CBFF86
2024-05-21,Okanogan County,KP.1.1.3,0.0,951940,0.0,#1EB3B6
2024-05-21,Okanogan County,KP.1.2,4355.5984389,951940,0.004575496815870748,#D7B5A6
2024-05-21,Okanogan County,KP.2,1738.5129313999998,951940,0.0018262841475303064,#5875A1
2024-05-21,Okanogan County,KP.2.15,0.0,951940,0.0,#175DFF
2024-05-21,Okanogan County,KP.2.3,0.0,951940,0.0,#628DE8
2024-05-21,Okanogan County,KP.3,0.0,951940,0.0,#B06589
2024-05-21,Okanogan County,KP.3.1.1,0.0,951940,0.0,#2F92A1
2024-05-21,Okanogan County,KP.4.1,0.0,951940,0.0,#FF473A
2024-05-21,Okanogan County,KQ.1,36695.5178741,951940,0.03854814155734605,#E86CDE
2024-05-21,Okanogan County,KV.2,0.0,951940,0.0,#E14365
2024-05-21,Okanogan County,KW.1.1,0.0,951940,0.0,#34A0FF
2024-05-21,Okanogan County,LB.1,39041.7437826,951940,0.041012819907347106,#795653
2024-05-21,Okanogan County,Recombinant,0.0,951940,0.0,#FF0000
2024-05-21,Okanogan County,XBB,0.0,951940,0.0,#9FA8DA
2024-05-21,Okanogan County,XBB.1.16,0.0,951940,0.0,#4527A0
2024-05-21,Okanogan County,XBB.1.16.1,0.0,951940,0.0,#F89B9B
2024-05-21,Okanogan County,XBB.1.16.15,0.0,951940,0.0,#E3B5FA
2024-05-21,Okanogan County,XBB.1.16.6,0.0,951940,0.0,#5AA350
2024-05-21,Okanogan County,XBB.1.42.1,0.0,951940,0.0,#75D1A3
2024-05-21,Okanogan County,XBB.1.5,0.0,951940,0.0,#3F51B5
2024-05-21,Okanogan County,XBB.1.5.70,0.0,951940,0.0,#46783C
2024-05-21,Okanogan County,XBB.1.5.72,0.0,951940,0.0,#254220
2024-05-21,Okanogan County,XBB.1.9.1,0.0,951940,0.0,#304FFE
2024-05-21,Okanogan County,XBB.1.9.2,0.0,951940,0.0,#536DFE
2024-05-21,Okanogan County,XBB.2.3,0.0,951940,0.0,#F7BCDF
2024-05-21,Okanogan County,XDP,0.0,951940,0.0,#B60052
2024-05-21,Okanogan County,XDV.1,0.0,951940,0.0,#D367B6
2024-05-21,Okanogan County,unreportable,19572.7910756,951940,0.020560950349391767,#eeeeee
2024-05-21,Pierce County,BA.2,0.0,1013026,0.0,#9CCD67
2024-05-21,Pierce County,BA.2.12.1,0.0,1013026,0.0,#7CB342
2024-05-21,Pierce County,BA.2.86,0.0,1013026,0.0,#D770EE
2024-05-21,Pierce County,EG.5,0.0,1013026,0.0,#FFBE7D
2024-05-21,Pierce County,EG.5.1.8,0.0,1013026,0.0,#E14D6F
2024-05-21,Pierce County,EG.6.1,0.0,1013026,0.0,#B9ABA8
2024-05-21,Pierce County,FE.1.1,0.0,1013026,0.0,#499894
2024-05-21,Pierce County,FL.1.5.1,0.0,1013026,0.0,#8CD17D
2024-05-21,Pierce County,GE.1,0.0,1013026,0.0,#FABFD2
2024-05-21,Pierce County,GK.1.1,0.0,1013026,0.0,#90FAE5
2024-05-21,Pierce County,HF.1,0.0,1013026,0.0,#D399AD
2024-05-21,Pierce County,HK.3,0.0,1013026,0.0,#859DBC
2024-05-21,Pierce County,HV.1,0.0,1013026,0.0,#797765
2024-05-21,Pierce County,JD.1.1,0.0,1013026,0.0,#80F192
2024-05-21,Pierce County,JF.1,0.0,1013026,0.0,#FFF1A9
2024-05-21,Pierce County,JG.3,0.0,1013026,0.0,#66A172
2024-05-21,Pierce County,JN.1,8526.1527751,1013026,0.008416519196052224,#61018F
2024-05-21,Pierce County,JN.1.11.1,0.0,1013026,0.0,#5C9CF1
2024-05-21,Pierce County,JN.1.13,0.0,1013026,0.0,#E83C78
2024-05-21,Pierce County,JN.1.13.1,0.0,1013026,0.0,#F2591C
2024-05-21,Pierce County,JN.1.16,0.0,1013026,0.0,#BC3A88
2024-05-21,Pierce County,JN.1.16.1,0.0,1013026,0.0,#366298
2024-05-21,Pierce County,JN.1.18,0.0,1013026,0.0,#4AF32F
2024-05-21,Pierce County,JN.1.32,0.0,1013026,0.0,#2E7919
2024-05-21,Pierce County,JN.1.4.3,0.0,1013026,0.0,#9D1010
2024-05-21,Pierce County,JN.1.7,0.0,1013026,0.0,#CF15E8
2024-05-21,Pierce County,JN.1.8.1,0.0,1013026,0.0,#FFB027
2024-05-21,Pierce County,KP.1.1,0.0,1013026,0.0,#CBFF86
2024-05-21,Pierce County,KP.1.1.3,0.0,1013026,0.0,#1EB3B6
2024-05-21,Pierce County,KP.1.2,0.0,1013026,0.0,#D7B5A6
2024-05-21,Pierce County,KP.2,108.93648825999999,1013026,0.00010753572786878124,#5875A1
2024-05-21,Pierce County,KP.2.15,0.0,1013026,0.0,#175DFF
2024-05-21,Pierce County,KP.2.3,0.0,1013026,0.0,#628DE8
2024-05-21,Pierce County,KP.3,1000525.1625616,1013026,0.987659904643711,#B06589
2024-05-21,Pierce County,KP.3.1.1,0.0,1013026,0.0,#2F92A1
2024-05-21,Pierce County,KP.4.1,0.0,1013026,0.0,#FF473A
2024-05-21,Pierce County,KQ.1,0.0,1013026,0.0,#E86CDE
2024-05-21,Pierce County,KV.2,0.0,1013026,0.0,#E14365
2024-05-21,Pierce County,KW.1.1,0.0,1013026,0.0,#34A0FF
2024-05-21,Pierce County,LB.1,0.0,1013026,0.0,#795653
2024-05-21,Pierce County,Recombinant,0.0,1013026,0.0,#FF0000
2024-05-21,Pierce County,XBB,0.0,1013026,0.0,#9FA8DA
2024-05-21,Pierce County,XBB.1.16,0.0,1013026,0.0,#4527A0
2024-05-21,Pierce County,XBB.1.16.1,0.0,1013026,0.0,#F89B9B
2024-05-21,Pierce County,XBB.1.16.15,0.0,1013026,0.0,#E3B5FA
2024-05-21,Pierce County,XBB.1.16.6,0.0,1013026,0.0,#5AA350
2024-05-21,Pierce County,XBB.1.42.1,0.0,1013026,0.0,#75D1A3
2024-05-21,Pierce County,XBB.1.5,0.0,1013026,0.0,#3F51B5
2024-05-21,Pierce County,XBB.1.5.70,0.0,1013026,0.0,#46783C
2024-05-21,Pierce County,XBB.1.5.72,0.0,1013026,0.0,#254220
2024-05-21,Pierce County,XBB.1.9.1,0.0,1013026,0.0,#304FFE
2024-05-21,Pierce County,XBB.1.9.2,0.0,1013026,0.0,#536DFE
2024-05-21,Pierce County,XBB.2.3,0.0,1013026,0.0,#F7BCDF
2024-05-21,Pierce County,XDP,0.0,1013026,0.0,#B60052
2024-05-21,Pierce County,XDV.1,0.0,1013026,0.0,#D367B6
2024-05-21,Pierce County,unreportable,3865.7481750399998,1013026,0.0038160404323679745,#eeeeee
2024-05-21,Thurston County,BA.2,0.0,166384,0.0,#9CCD67
2024-05-21,Thurston County,BA.2.12.1,0.0,166384,0.0,#7CB342
2024-05-21,Thurston County,BA.2.86,0.0,166384,0.0,#D770EE
2024-05-21,Thurston County,EG.5,0.0,166384,0.0,#FFBE7D
2024-05-21,Thurston County,EG.5.1.8,0.0,166384,0.0,#E14D6F
2024-05-21,Thurston County,EG.6.1,0.0,166384,0.0,#B9ABA8
2024-05-21,Thurston County,FE.1.1,0.0,166384,0.0,#499894
2024-05-21,Thurston County,FL.1.5.1,0.0,166384,0.0,#8CD17D
2024-05-21,Thurston County,GE.1,0.0,166384,0.0,#FABFD2
2024-05-21,Thurston County,GK.1.1,0.0,166384,0.0,#90FAE5
2024-05-21,Thurston County,HF.1,0.0,166384,0.0,#D399AD
2024-05-21,Thurston County,HK.3,0.0,166384,0.0,#859DBC
2024-05-21,Thurston County,HV.1,0.0,166384,0.0,#797765
2024-05-21,Thurston County,JD.1.1,0.0,166384,0.0,#80F192
2024-05-21,Thurston County,JF.1,0.0,166384,0.0,#FFF1A9
2024-05-21,Thurston County,JG.3,0.0,166384,0.0,#66A172
2024-05-21,Thurston County,JN.1,18349.48913152,166384,0.11028397641311664,#61018F
2024-05-21,Thurston County,JN.1.11.1,0.0,166384,0.0,#5C9CF1
2024-05-21,Thurston County,JN.1.13,0.0,166384,0.0,#E83C78
2024-05-21,Thurston County,JN.1.13.1,0.0,166384,0.0,#F2591C
2024-05-21,Thurston County,JN.1.16,35104.93277824,166384,0.2109874313530147,#BC3A88
2024-05-21,Thurston County,JN.1.16.1,32021.62619136,166384,0.19245616280026925,#366298
2024-05-21,Thurston County,JN.1.18,68.28676607999999,166384,0.00041041666314068655,#4AF32F
2024-05-21,Thurston County,JN.1.32,16852.9392336,166384,0.10128942226175593,#2E7919
2024-05-21,Thurston County,JN.1.4.3,20721.1912128,166384,0.12453836434272526,#9D1010
2024-05-21,Thurston County,JN.1.7,92.0829144,166384,0.0005534361140494279,#CF15E8
2024-05-21,Thurston County,JN.1.8.1,100.5874968,166384,0.000604550298105587,#FFB027
2024-05-21,Thurston County,KP.1.1,0.0,166384,0.0,#CBFF86
2024-05-21,Thurston County,KP.1.1.3,0.0,166384,0.0,#1EB3B6
2024-05-21,Thurston County,KP.1.2,0.0,166384,0.0,#D7B5A6
2024-05-21,Thurston County,KP.2,77.9186304,166384,0.0004683060294259063,#5875A1
2024-05-21,Thurston County,KP.2.15,0.0,166384,0.0,#175DFF
2024-05-21,Thurston County,KP.2.3,0.0,166384,0.0,#628DE8
2024-05-21,Thurston County,KP.3,41136.8231064,166384,0.247240258116165,#B06589
2024-05-21,Thurston County,KP.3.1.1,0.0,166384,0.0,#2F92A1
2024-05-21,Thurston County,KP.4.1,0.0,166384,0.0,#FF473A
2024-05-21,Thurston County,KQ.1,0.0,166384,0.0,#E86CDE
2024-05-21,Thurston County,KV.2,221.1652776,166384,0.0013292460669295124,#E14365
2024-05-21,Thurston County,KW.1.1,0.0,166384,0.0,#34A0FF
2024-05-21,Thurston County,LB.1,0.0,166384,0.0,#795653
2024-05-21,Thurston County,Recombinant,97.9990176,166384,0.0005889930377920954,#FF0000
2024-05-21,Thurston County,XBB,0.0,166384,0.0,#9FA8DA
2024-05-21,Thurston County,XBB.1.16,0.0,166384,0.0,#4527A0
2024-05-21,Thurston County,XBB.1.16.1,0.0,166384,0.0,#F89B9B
2024-05-21,Thurston County,XBB.1.16.15,0.0,166384,0.0,#E3B5FA
2024-05-21,Thurston County,XBB.1.16.6,0.0,166384,0.0,#5AA350
2024-05-21,Thurston County,XBB.1.42.1,0.0,166384,0.0,#75D1A3
2024-05-21,Thurston County,XBB.1.5,0.0,166384,0.0,#3F51B5
2024-05-21,Thurston County,XBB.1.5.70,0.0,166384,0.0,#46783C
2024-05-21,Thurston County,XBB.1.5.72,0.0,166384,0.0,#254220
2024-05-21,Thurston County,XBB.1.9.1,0.0,166384,0.0,#304FFE
2024-05-21,Thurston County,XBB.1.9.2,0.0,166384,0.0,#536DFE
2024-05-21,Thurston County,XBB.2.3,0.0,166384,0.0,#F7BCDF
2024-05-21,Thurston County,XDP,0.0,166384,0.0,#B60052
2024-05-21,Thurston County,XDV.1,0.0,166384,0.0,#D367B6
2024-05-21,Thurston County,unreportable,1538.95990704,166384,0.009249446503509952,#eeeeee
2024-05-21,Walla Walla County,BA.2,0.0,551552,0.0,#9CCD67
2024-05-21,Walla Walla County,BA.2.12.1,0.0,551552,0.0,#7CB342
2024-05-21,Walla Walla County,BA.2.86,0.0,551552,0.0,#D770EE
2024-05-21,Walla Walla County,EG.5,0.0,551552,0.0,#FFBE7D
2024-05-21,Walla Walla County,EG.5.1.8,0.0,551552,0.0,#E14D6F
2024-05-21,Walla Walla County,EG.6.1,0.0,551552,0.0,#B9ABA8
2024-05-21,Walla Walla County,FE.1.1,0.0,551552,0.0,#499894
2024-05-21,Walla Walla County,FL.1.5.1,0.0,551552,0.0,#8CD17D
2024-05-21,Walla Walla County,GE.1,0.0,551552,0.0,#FABFD2
2024-05-21,Walla Walla County,GK.1.1,0.0,551552,0.0,#90FAE5
2024-05-21,Walla Walla County,HF.1,0.0,551552,0.0,#D399AD
2024-05-21,Walla Walla County,HK.3,0.0,551552,0.0,#859DBC
2024-05-21,Walla Walla County,HV.1,0.0,551552,0.0,#797765
2024-05-21,Walla Walla County,JD.1.1,0.0,551552,0.0,#80F192
2024-05-21,Walla Walla County,JF.1,0.0,551552,0.0,#FFF1A9
2024-05-21,Walla Walla County,JG.3,0.0,551552,0.0,#66A172
2024-05-21,Walla Walla County,JN.1,587.1657126399999,551552,0.00106457,#61018F
2024-05-21,Walla Walla County,JN.1.11.1,0.0,551552,0.0,#5C9CF1
2024-05-21,Walla Walla County,JN.1.13,0.0,551552,0.0,#E83C78
2024-05-21,Walla Walla County,JN.1.13.1,0.0,551552,0.0,#F2591C
2024-05-21,Walla Walla County,JN.1.16,0.0,551552,0.0,#BC3A88
2024-05-21,Walla Walla County,JN.1.16.1,0.0,551552,0.0,#366298
2024-05-21,Walla Walla County,JN.1.18,0.0,551552,0.0,#4AF32F
2024-05-21,Walla Walla County,JN.1.32,0.0,551552,0.0,#2E7919
2024-05-21,Walla Walla County,JN.1.4.3,0.0,551552,0.0,#9D1010
2024-05-21,Walla Walla County,JN.1.7,10799.018620159999,551552,0.01957933,#CF15E8
2024-05-21,Walla Walla County,JN.1.8.1,0.0,551552,0.0,#FFB027
2024-05-21,Walla Walla County,KP.1.1,0.0,551552,0.0,#CBFF86
2024-05-21,Walla Walla County,KP.1.1.3,0.0,551552,0.0,#1EB3B6
2024-05-21,Walla Walla County,KP.1.2,0.0,551552,0.0,#D7B5A6
2024-05-21,Walla Walla County,KP.2,0.0,551552,0.0,#5875A1
2024-05-21,Walla Walla County,KP.2.15,0.0,551552,0.0,#175DFF
2024-05-21,Walla Walla County,KP.2.3,0.0,551552,0.0,#628DE8
2024-05-21,Walla Walla County,KP.3,0.0,551552,0.0,#B06589
2024-05-21,Walla Walla County,KP.3.1.1,0.0,551552,0.0,#2F92A1
2024-05-21,Walla Walla County,KP.4.1,150049.71608448002,551552,0.27204999,#FF473A
2024-05-21,Walla Walla County,KQ.1,0.0,551552,0.0,#E86CDE
2024-05-21,Walla Walla County,KV.2,0.0,551552,0.0,#E14365
2024-05-21,Walla Walla County,KW.1.1,0.0,551552,0.0,#34A0FF
2024-05-21,Walla Walla County,LB.1,387819.50875648,551552,0.70314224,#795653
2024-05-21,Walla Walla County,Recombinant,0.0,551552,0.0,#FF0000
2024-05-21,Walla Walla County,XBB,0.0,551552,0.0,#9FA8DA
2024-05-21,Walla Walla County,XBB.1.16,0.0,551552,0.0,#4527A0
2024-05-21,Walla Walla County,XBB.1.16.1,0.0,551552,0.0,#F89B9B
2024-05-21,Walla Walla County,XBB.1.16.15,0.0,551552,0.0,#E3B5FA
2024-05-21,Walla Walla County,XBB.1.16.6,0.0,551552,0.0,#5AA350
2024-05-21,Walla Walla County,XBB.1.42.1,0.0,551552,0.0,#75D1A3
2024-05-21,Walla Walla County,XBB.1.5,0.0,551552,0.0,#3F51B5
2024-05-21,Walla Walla County,XBB.1.5.70,0.0,551552,0.0,#46783C
2024-05-21,Walla Walla County,XBB.1.5.72,0.0,551552,0.0,#254220
2024-05-21,Walla Walla County,XBB.1.9.1,0.0,551552,0.0,#304FFE
2024-05-21,Walla Walla County,XBB.1.9.2,0.0,551552,0.0,#536DFE
2024-05-21,Walla Walla County,XBB.2.3,0.0,551552,0.0,#F7BCDF
2024-05-21,Walla Walla County,XDP,0.0,551552,0.0,#B60052
2024-05-21,Walla Walla County,XDV.1,0.0,551552,0.0,#D367B6
2024-05-21,Walla Walla County,unreportable,2296.58531072,551552,0.00416386,#eeeeee
2024-05-21,Whitman County,BA.2,0.0,245487,0.0,#9CCD67
2024-05-21,Whitman County,BA.2.12.1,0.0,245487,0.0,#7CB342
2024-05-21,Whitman County,BA.2.86,0.0,245487,0.0,#D770EE
2024-05-21,Whitman County,EG.5,0.0,245487,0.0,#FFBE7D
2024-05-21,Whitman County,EG.5.1.8,0.0,245487,0.0,#E14D6F
2024-05-21,Whitman County,EG.6.1,0.0,245487,0.0,#B9ABA8
2024-05-21,Whitman County,FE.1.1,0.0,245487,0.0,#499894
2024-05-21,Whitman County,FL.1.5.1,0.0,245487,0.0,#8CD17D
2024-05-21,Whitman County,GE.1,0.0,245487,0.0,#FABFD2
2024-05-21,Whitman County,GK.1.1,0.0,245487,0.0,#90FAE5
2024-05-21,Whitman County,HF.1,0.0,245487,0.0,#D399AD
2024-05-21,Whitman County,HK.3,0.0,245487,0.0,#859DBC
2024-05-21,Whitman County,HV.1,0.0,245487,0.0,#797765
2024-05-21,Whitman County,JD.1.1,0.0,245487,0.0,#80F192
2024-05-21,Whitman County,JF.1,0.0,245487,0.0,#FFF1A9
2024-05-21,Whitman County,JG.3,0.0,245487,0.0,#66A172
2024-05-21,Whitman County,JN.1,63871.75033008,245487,0.26018384,#61018F
2024-05-21,Whitman County,JN.1.11.1,22235.272244789998,245487,0.09057617,#5C9CF1
2024-05-21,Whitman County,JN.1.13,0.0,245487,0.0,#E83C78
2024-05-21,Whitman County,JN.1.13.1,0.0,245487,0.0,#F2591C
2024-05-21,Whitman County,JN.1.16,0.0,245487,0.0,#BC3A88
2024-05-21,Whitman County,JN.1.16.1,0.0,245487,0.0,#366298
2024-05-21,Whitman County,JN.1.18,0.0,245487,0.0,#4AF32F
2024-05-21,Whitman County,JN.1.32,0.0,245487,0.0,#2E7919
2024-05-21,Whitman County,JN.1.4.3,0.0,245487,0.0,#9D1010
2024-05-21,Whitman County,JN.1.7,0.0,245487,0.0,#CF15E8
2024-05-21,Whitman County,JN.1.8.1,0.0,245487,0.0,#FFB027
2024-05-21,Whitman County,KP.1.1,535.93494405,245487,0.00218315,#CBFF86
2024-05-21,Whitman County,KP.1.1.3,0.0,245487,0.0,#1EB3B6
2024-05-21,Whitman County,KP.1.2,0.0,245487,0.0,#D7B5A6
2024-05-21,Whitman County,KP.2,2629.34988525,245487,0.010710750000000002,#5875A1
2024-05-21,Whitman County,KP.2.15,0.0,245487,0.0,#175DFF
2024-05-21,Whitman County,KP.2.3,0.0,245487,0.0,#628DE8
2024-05-21,Whitman County,KP.3,32446.45621173,245487,0.13217179,#B06589
2024-05-21,Whitman County,KP.3.1.1,0.0,245487,0.0,#2F92A1
2024-05-21,Whitman County,KP.4.1,0.0,245487,0.0,#FF473A
2024-05-21,Whitman County,KQ.1,0.0,245487,0.0,#E86CDE
2024-05-21,Whitman County,KV.2,0.0,245487,0.0,#E14365
2024-05-21,Whitman County,KW.1.1,0.0,245487,0.0,#34A0FF
2024-05-21,Whitman County,LB.1,113770.83722598,245487,0.46344954,#795653
2024-05-21,Whitman County,Recombinant,0.0,245487,0.0,#FF0000
2024-05-21,Whitman County,XBB,0.0,245487,0.0,#9FA8DA
2024-05-21,Whitman County,XBB.1.16,0.0,245487,0.0,#4527A0
2024-05-21,Whitman County,XBB.1.16.1,0.0,245487,0.0,#F89B9B
2024-05-21,Whitman County,XBB.1.16.15,0.0,245487,0.0,#E3B5FA
2024-05-21,Whitman County,XBB.1.16.6,0.0,245487,0.0,#5AA350
2024-05-21,Whitman County,XBB.1.42.1,0.0,245487,0.0,#75D1A3
2024-05-21,Whitman County,XBB.1.5,0.0,245487,0.0,#3F51B5
2024-05-21,Whitman County,XBB.1.5.70,0.0,245487,0.0,#46783C
2024-05-21,Whitman County,XBB.1.5.72,0.0,245487,0.0,#254220
2024-05-21,Whitman County,XBB.1.9.1,0.0,245487,0.0,#304FFE
2024-05-21,Whitman County,XBB.1.9.2,0.0,245487,0.0,#536DFE
2024-05-21,Whitman County,XBB.2.3,0.0,245487,0.0,#F7BCDF
2024-05-21,Whitman County,XDP,0.0,245487,0.0,#B60052
2024-05-21,Whitman County,XDV.1,6986.07150087,245487,0.02845801,#D367B6
2024-05-21,Whitman County,unreportable,3011.3301121199997,245487,0.012266759999999998,#eeeeee
2024-05-21,Yakima County,BA.2,0.0,740660,0.0,#9CCD67
2024-05-21,Yakima County,BA.2.12.1,0.0,740660,0.0,#7CB342
2024-05-21,Yakima County,BA.2.86,0.0,740660,0.0,#D770EE
2024-05-21,Yakima County,EG.5,0.0,740660,0.0,#FFBE7D
2024-05-21,Yakima County,EG.5.1.8,0.0,740660,0.0,#E14D6F
2024-05-21,Yakima County,EG.6.1,0.0,740660,0.0,#B9ABA8
2024-05-21,Yakima County,FE.1.1,0.0,740660,0.0,#499894
2024-05-21,Yakima County,FL.1.5.1,0.0,740660,0.0,#8CD17D
2024-05-21,Yakima County,GE.1,0.0,740660,0.0,#FABFD2
2024-05-21,Yakima County,GK.1.1,0.0,740660,0.0,#90FAE5
2024-05-21,Yakima County,HF.1,0.0,740660,0.0,#D399AD
2024-05-21,Yakima County,HK.3,0.0,740660,0.0,#859DBC
2024-05-21,Yakima County,HV.1,0.0,740660,0.0,#797765
2024-05-21,Yakima County,JD.1.1,0.0,740660,0.0,#80F192
2024-05-21,Yakima County,JF.1,0.0,740660,0.0,#FFF1A9
2024-05-21,Yakima County,JG.3,0.0,740660,0.0,#66A172
2024-05-21,Yakima County,JN.1,246343.01235119998,740660,0.33259932,#61018F
2024-05-21,Yakima County,JN.1.11.1,256684.40353520002,740660,0.34656172,#5C9CF1
2024-05-21,Yakima County,JN.1.13,0.0,740660,0.0,#E83C78
2024-05-21,Yakima County,JN.1.13.1,0.0,740660,0.0,#F2591C
2024-05-21,Yakima County,JN.1.16,0.0,740660,0.0,#BC3A88
2024-05-21,Yakima County,JN.1.16.1,0.0,740660,0.0,#366298
2024-05-21,Yakima County,JN.1.18,0.0,740660,0.0,#4AF32F
2024-05-21,Yakima County,JN.1.32,0.0,740660,0.0,#2E7919
2024-05-21,Yakima County,JN.1.4.3,0.0,740660,0.0,#9D1010
2024-05-21,Yakima County,JN.1.7,0.0,740660,0.0,#CF15E8
2024-05-21,Yakima County,JN.1.8.1,0.0,740660,0.0,#FFB027
2024-05-21,Yakima County,KP.1.1,0.0,740660,0.0,#CBFF86
2024-05-21,Yakima County,KP.1.1.3,0.0,740660,0.0,#1EB3B6
2024-05-21,Yakima County,KP.1.2,0.0,740660,0.0,#D7B5A6
2024-05-21,Yakima County,KP.2,1554.5786805999999,740660,0.00209891,#5875A1
2024-05-21,Yakima County,KP.2.15,0.0,740660,0.0,#175DFF
2024-05-21,Yakima County,KP.2.3,0.0,740660,0.0,#628DE8
2024-05-21,Yakima County,KP.3,231356.64604320002,740660,0.31236552,#B06589
2024-05-21,Yakima County,KP.3.1.1,0.0,740660,0.0,#2F92A1
2024-05-21,Yakima County,KP.4.1,0.0,740660,0.0,#FF473A
2024-05-21,Yakima County,KQ.1,0.0,740660,0.0,#E86CDE
2024-05-21,Yakima County,KV.2,0.0,740660,0.0,#E14365
2024-05-21,Yakima County,KW.1.1,0.0,740660,0.0,#34A0FF
2024-05-21,Yakima County,LB.1,0.0,740660,0.0,#795653
2024-05-21,Yakima County,Recombinant,0.0,740660,0.0,#FF0000
2024-05-21,Yakima County,XBB,0.0,740660,0.0,#9FA8DA
2024-05-21,Yakima County,XBB.1.16,0.0,740660,0.0,#4527A0
2024-05-21,Yakima County,XBB.1.16.1,0.0,740660,0.0,#F89B9B
2024-05-21,Yakima County,XBB.1.16.15,0.0,740660,0.0,#E3B5FA
2024-05-21,Yakima County,XBB.1.16.6,0.0,740660,0.0,#5AA350
2024-05-21,Yakima County,XBB.1.42.1,0.0,740660,0.0,#75D1A3
2024-05-21,Yakima County,XBB.1.5,0.0,740660,0.0,#3F51B5
2024-05-21,Yakima County,XBB.1.5.70,0.0,740660,0.0,#46783C
2024-05-21,Yakima County,XBB.1.5.72,0.0,740660,0.0,#254220
2024-05-21,Yakima County,XBB.1.9.1,0.0,740660,0.0,#304FFE
2024-05-21,Yakima County,XBB.1.9.2,0.0,740660,0.0,#536DFE
2024-05-21,Yakima County,XBB.2.3,0.0,740660,0.0,#F7BCDF
2024-05-21,Yakima County,XDP,0.0,740660,0.0,#B60052
2024-05-21,Yakima County,XDV.1,0.0,740660,0.0,#D367B6
2024-05-21,Yakima County,unreportable,4721.3593898,740660,0.00637453,#eeeeee
2024-05-28,Benton County,BA.2,0.0,502178,0.0,#9CCD67
2024-05-28,Benton County,BA.2.12.1,0.0,502178,0.0,#7CB342
2024-05-28,Benton County,BA.2.86,0.0,502178,0.0,#D770EE
2024-05-28,Benton County,EG.5,0.0,502178,0.0,#FFBE7D
2024-05-28,Benton County,EG.5.1.8,0.0,502178,0.0,#E14D6F
2024-05-28,Benton County,EG.6.1,0.0,502178,0.0,#B9ABA8
2024-05-28,Benton County,FE.1.1,0.0,502178,0.0,#499894
2024-05-28,Benton County,FL.1.5.1,0.0,502178,0.0,#8CD17D
2024-05-28,Benton County,GE.1,0.0,502178,0.0,#FABFD2
2024-05-28,Benton County,GK.1.1,0.0,502178,0.0,#90FAE5
2024-05-28,Benton County,HF.1,0.0,502178,0.0,#D399AD
2024-05-28,Benton County,HK.3,0.0,502178,0.0,#859DBC
2024-05-28,Benton County,HV.1,0.0,502178,0.0,#797765
2024-05-28,Benton County,JD.1.1,0.0,502178,0.0,#80F192
2024-05-28,Benton County,JF.1,0.0,502178,0.0,#FFF1A9
2024-05-28,Benton County,JG.3,0.0,502178,0.0,#66A172
2024-05-28,Benton County,JN.1,48557.81044676,502178,0.09669442,#61018F
2024-05-28,Benton County,JN.1.11.1,0.0,502178,0.0,#5C9CF1
2024-05-28,Benton County,JN.1.13,0.0,502178,0.0,#E83C78
2024-05-28,Benton County,JN.1.13.1,0.0,502178,0.0,#F2591C
2024-05-28,Benton County,JN.1.16,0.0,502178,0.0,#BC3A88
2024-05-28,Benton County,JN.1.16.1,66692.88923406,502178,0.13280727,#366298
2024-05-28,Benton County,JN.1.18,420.86533824,502178,0.00083808,#4AF32F
2024-05-28,Benton County,JN.1.32,0.0,502178,0.0,#2E7919
2024-05-28,Benton County,JN.1.4.3,0.0,502178,0.0,#9D1010
2024-05-28,Benton County,JN.1.7,2949.79859378,502178,0.00587401,#CF15E8
2024-05-28,Benton County,JN.1.8.1,0.0,502178,0.0,#FFB027
2024-05-28,Benton County,KP.1.1,426.2235775,502178,0.00084875,#CBFF86
2024-05-28,Benton County,KP.1.1.3,0.0,502178,0.0,#1EB3B6
2024-05-28,Benton County,KP.1.2,0.0,502178,0.0,#D7B5A6
2024-05-28,Benton County,KP.2,275383.74893928,502178,0.54837876,#5875A1
2024-05-28,Benton County,KP.2.15,0.0,502178,0.0,#175DFF
2024-05-28,Benton County,KP.2.3,0.0,502178,0.0,#628DE8
2024-05-28,Benton County,KP.3,100786.10015688,502178,0.20069796,#B06589
2024-05-28,Benton County,KP.3.1.1,0.0,502178,0.0,#2F92A1
2024-05-28,Benton County,KP.4.1,0.0,502178,0.0,#FF473A
2024-05-28,Benton County,KQ.1,0.0,502178,0.0,#E86CDE
2024-05-28,Benton County,KV.2,0.0,502178,0.0,#E14365
2024-05-28,Benton County,KW.1.1,0.0,502178,0.0,#34A0FF
2024-05-28,Benton County,LB.1,0.0,502178,0.0,#795653
2024-05-28,Benton County,Recombinant,0.0,502178,0.0,#FF0000
2024-05-28,Benton County,XBB,0.0,502178,0.0,#9FA8DA
2024-05-28,Benton County,XBB.1.16,0.0,502178,0.0,#4527A0
2024-05-28,Benton County,XBB.1.16.1,0.0,502178,0.0,#F89B9B
2024-05-28,Benton County,XBB.1.16.15,0.0,502178,0.0,#E3B5FA
2024-05-28,Benton County,XBB.1.16.6,0.0,502178,0.0,#5AA350
2024-05-28,Benton County,XBB.1.42.1,0.0,502178,0.0,#75D1A3
2024-05-28,Benton County,XBB.1.5,0.0,502178,0.0,#3F51B5
2024-05-28,Benton County,XBB.1.5.70,0.0,502178,0.0,#46783C
2024-05-28,Benton County,XBB.1.5.72,0.0,502178,0.0,#254220
2024-05-28,Benton County,XBB.1.9.1,0.0,502178,0.0,#304FFE
2024-05-28,Benton County,XBB.1.9.2,0.0,502178,0.0,#536DFE
2024-05-28,Benton County,XBB.2.3,0.0,502178,0.0,#F7BCDF
2024-05-28,Benton County,XDP,0.0,502178,0.0,#B60052
2024-05-28,Benton County,XDV.1,0.0,502178,0.0,#D367B6
2024-05-28,Benton County,unreportable,6960.56873528,502178,0.01386076,#eeeeee
2024-05-28,Chelan County,BA.2,0.0,923896,0.0,#9CCD67
2024-05-28,Chelan County,BA.2.12.1,0.0,923896,0.0,#7CB342
2024-05-28,Chelan County,BA.2.86,5669.790987599999,923896,0.00613682815771472,#D770EE
2024-05-28,Chelan County,EG.5,0.0,923896,0.0,#FFBE7D
2024-05-28,Chelan County,EG.5.1.8,0.0,923896,0.0,#E14D6F
2024-05-28,Chelan County,EG.6.1,0.0,923896,0.0,#B9ABA8
2024-05-28,Chelan County,FE.1.1,0.0,923896,0.0,#499894
2024-05-28,Chelan County,FL.1.5.1,0.0,923896,0.0,#8CD17D
2024-05-28,Chelan County,GE.1,0.0,923896,0.0,#FABFD2
2024-05-28,Chelan County,GK.1.1,0.0,923896,0.0,#90FAE5
2024-05-28,Chelan County,HF.1,0.0,923896,0.0,#D399AD
2024-05-28,Chelan County,HK.3,0.0,923896,0.0,#859DBC
2024-05-28,Chelan County,HV.1,0.0,923896,0.0,#797765
2024-05-28,Chelan County,JD.1.1,0.0,923896,0.0,#80F192
2024-05-28,Chelan County,JF.1,0.0,923896,0.0,#FFF1A9
2024-05-28,Chelan County,JG.3,0.0,923896,0.0,#66A172
2024-05-28,Chelan County,JN.1,68151.5924206,923896,0.07376543725765672,#61018F
2024-05-28,Chelan County,JN.1.11.1,262.91625252,923896,0.00028457342874089726,#5C9CF1
2024-05-28,Chelan County,JN.1.13,0.0,923896,0.0,#E83C78
2024-05-28,Chelan County,JN.1.13.1,1091.9280168,923896,0.001181873302622806,#F2591C
2024-05-28,Chelan County,JN.1.16,173404.8906066,923896,0.18768875566795398,#BC3A88
2024-05-28,Chelan County,JN.1.16.1,1341.10689644,923896,0.0014515777711344134,#366298
2024-05-28,Chelan County,JN.1.18,19790.04995084,923896,0.021420213910266956,#4AF32F
2024-05-28,Chelan County,JN.1.32,0.0,923896,0.0,#2E7919
2024-05-28,Chelan County,JN.1.4.3,0.0,923896,0.0,#9D1010
2024-05-28,Chelan County,JN.1.7,0.0,923896,0.0,#CF15E8
2024-05-28,Chelan County,JN.1.8.1,0.0,923896,0.0,#FFB027
2024-05-28,Chelan County,KP.1.1,0.0,923896,0.0,#CBFF86
2024-05-28,Chelan County,KP.1.1.3,371.0990566,923896,0.0004016675649640219,#1EB3B6
2024-05-28,Chelan County,KP.1.2,0.0,923896,0.0,#D7B5A6
2024-05-28,Chelan County,KP.2,192.40025784000002,923896,0.00020824882653458835,#5875A1
2024-05-28,Chelan County,KP.2.15,0.0,923896,0.0,#175DFF
2024-05-28,Chelan County,KP.2.3,55434.878269199995,923896,0.06000121038428567,#628DE8
2024-05-28,Chelan County,KP.3,446580.46458575997,923896,0.4833665960083819,#B06589
2024-05-28,Chelan County,KP.3.1.1,0.0,923896,0.0,#2F92A1
2024-05-28,Chelan County,KP.4.1,0.0,923896,0.0,#FF473A
2024-05-28,Chelan County,KQ.1,3069.8516223200004,923896,0.0033227242268826797,#E86CDE
2024-05-28,Chelan County,KV.2,0.0,923896,0.0,#E14365
2024-05-28,Chelan County,KW.1.1,0.0,923896,0.0,#34A0FF
2024-05-28,Chelan County,LB.1,0.0,923896,0.0,#795653
2024-05-28,Chelan County,Recombinant,0.0,923896,0.0,#FF0000
2024-05-28,Chelan County,XBB,0.0,923896,0.0,#9FA8DA
2024-05-28,Chelan County,XBB.1.16,0.0,923896,0.0,#4527A0
2024-05-28,Chelan County,XBB.1.16.1,0.0,923896,0.0,#F89B9B
2024-05-28,Chelan County,XBB.1.16.15,0.0,923896,0.0,#E3B5FA
2024-05-28,Chelan County,XBB.1.16.6,0.0,923896,0.0,#5AA350
2024-05-28,Chelan County,XBB.1.42.1,0.0,923896,0.0,#75D1A3
2024-05-28,Chelan County,XBB.1.5,0.0,923896,0.0,#3F51B5
2024-05-28,Chelan County,XBB.1.5.70,0.0,923896,0.0,#46783C
2024-05-28,Chelan County,XBB.1.5.72,0.0,923896,0.0,#254220
2024-05-28,Chelan County,XBB.1.9.1,0.0,923896,0.0,#304FFE
2024-05-28,Chelan County,XBB.1.9.2,0.0,923896,0.0,#536DFE
2024-05-28,Chelan County,XBB.2.3,0.0,923896,0.0,#F7BCDF
2024-05-28,Chelan County,XDP,133724.3152482,923896,0.1447395759351702,#B60052
2024-05-28,Chelan County,XDV.1,0.0,923896,0.0,#D367B6
2024-05-28,Chelan County,unreportable,14810.706589720001,923896,0.016030707557690475,#eeeeee
2024-05-28,Franklin County,BA.2,0.0,1215063,0.0,#9CCD67
2024-05-28,Franklin County,BA.2.12.1,0.0,1215063,0.0,#7CB342
2024-05-28,Franklin County,BA.2.86,0.0,1215063,0.0,#D770EE
2024-05-28,Franklin County,EG.5,0.0,1215063,0.0,#FFBE7D
2024-05-28,Franklin County,EG.5.1.8,0.0,1215063,0.0,#E14D6F
2024-05-28,Franklin County,EG.6.1,0.0,1215063,0.0,#B9ABA8
2024-05-28,Franklin County,FE.1.1,0.0,1215063,0.0,#499894
2024-05-28,Franklin County,FL.1.5.1,0.0,1215063,0.0,#8CD17D
2024-05-28,Franklin County,GE.1,0.0,1215063,0.0,#FABFD2
2024-05-28,Franklin County,GK.1.1,0.0,1215063,0.0,#90FAE5
2024-05-28,Franklin County,HF.1,0.0,1215063,0.0,#D399AD
2024-05-28,Franklin County,HK.3,0.0,1215063,0.0,#859DBC
2024-05-28,Franklin County,HV.1,0.0,1215063,0.0,#797765
2024-05-28,Franklin County,JD.1.1,0.0,1215063,0.0,#80F192
2024-05-28,Franklin County,JF.1,0.0,1215063,0.0,#FFF1A9
2024-05-28,Franklin County,JG.3,0.0,1215063,0.0,#66A172
2024-05-28,Franklin County,JN.1,110719.74060435,1215063,0.09112263364479865,#61018F
2024-05-28,Franklin County,JN.1.11.1,111287.12103951,1215063,0.09158958921431234,#5C9CF1
2024-05-28,Franklin County,JN.1.13,0.0,1215063,0.0,#E83C78
2024-05-28,Franklin County,JN.1.13.1,0.0,1215063,0.0,#F2591C
2024-05-28,Franklin County,JN.1.16,9526.76544786,1215063,0.00784055266917024,#BC3A88
2024-05-28,Franklin County,JN.1.16.1,2222.6867145,1215063,0.0018292769300851067,#366298
2024-05-28,Franklin County,JN.1.18,516.44315754,1215063,0.00042503405793773655,#4AF32F
2024-05-28,Franklin County,JN.1.32,0.0,1215063,0.0,#2E7919
2024-05-28,Franklin County,JN.1.4.3,0.0,1215063,0.0,#9D1010
2024-05-28,Franklin County,JN.1.7,235519.12404396,1215063,0.193832849855489,#CF15E8
2024-05-28,Franklin County,JN.1.8.1,0.0,1215063,0.0,#FFB027
2024-05-28,Franklin County,KP.1.1,0.0,1215063,0.0,#CBFF86
2024-05-28,Franklin County,KP.1.1.3,0.0,1215063,0.0,#1EB3B6
2024-05-28,Franklin County,KP.1.2,0.0,1215063,0.0,#D7B5A6
2024-05-28,Franklin County,KP.2,93972.26713311,1215063,0.07733941954706053,#5875A1
2024-05-28,Franklin County,KP.2.15,783.73897488,1215063,0.0006450192087817669,#175DFF
2024-05-28,Franklin County,KP.2.3,835.2112824,1215063,0.0006873810513528928,#628DE8
2024-05-28,Franklin County,KP.3,636025.2829062,1215063,0.5234504572241934,#B06589
2024-05-28,Franklin County,KP.3.1.1,0.0,1215063,0.0,#2F92A1
2024-05-28,Franklin County,KP.4.1,0.0,1215063,0.0,#FF473A
2024-05-28,Franklin County,KQ.1,0.0,1215063,0.0,#E86CDE
2024-05-28,Franklin County,KV.2,0.0,1215063,0.0,#E14365
2024-05-28,Franklin County,KW.1.1,0.0,1215063,0.0,#34A0FF
2024-05-28,Franklin County,LB.1,0.0,1215063,0.0,#795653
2024-05-28,Franklin County,Recombinant,0.0,1215063,0.0,#FF0000
2024-05-28,Franklin County,XBB,0.0,1215063,0.0,#9FA8DA
2024-05-28,Franklin County,XBB.1.16,0.0,1215063,0.0,#4527A0
2024-05-28,Franklin County,XBB.1.16.1,0.0,1215063,0.0,#F89B9B
2024-05-28,Franklin County,XBB.1.16.15,0.0,1215063,0.0,#E3B5FA
2024-05-28,Franklin County,XBB.1.16.6,0.0,1215063,0.0,#5AA350
2024-05-28,Franklin County,XBB.1.42.1,0.0,1215063,0.0,#75D1A3
2024-05-28,Franklin County,XBB.1.5,0.0,1215063,0.0,#3F51B5
2024-05-28,Franklin County,XBB.1.5.70,0.0,1215063,0.0,#46783C
2024-05-28,Franklin County,XBB.1.5.72,0.0,1215063,0.0,#254220
2024-05-28,Franklin County,XBB.1.9.1,0.0,1215063,0.0,#304FFE
2024-05-28,Franklin County,XBB.1.9.2,0.0,1215063,0.0,#536DFE
2024-05-28,Franklin County,XBB.2.3,0.0,1215063,0.0,#F7BCDF
2024-05-28,Franklin County,XDP,602.44056225,1215063,0.000495810145029517,#B60052
2024-05-28,Franklin County,XDV.1,0.0,1215063,0.0,#D367B6
2024-05-28,Franklin County,unreportable,13052.19246873,1215063,0.010741988249769765,#eeeeee
2024-05-28,Island County,BA.2,0.0,1161463,0.0,#9CCD67
2024-05-28,Island County,BA.2.12.1,0.0,1161463,0.0,#7CB342
2024-05-28,Island County,BA.2.86,0.0,1161463,0.0,#D770EE
2024-05-28,Island County,EG.5,0.0,1161463,0.0,#FFBE7D
2024-05-28,Island County,EG.5.1.8,0.0,1161463,0.0,#E14D6F
2024-05-28,Island County,EG.6.1,0.0,1161463,0.0,#B9ABA8
2024-05-28,Island County,FE.1.1,0.0,1161463,0.0,#499894
2024-05-28,Island County,FL.1.5.1,0.0,1161463,0.0,#8CD17D
2024-05-28,Island County,GE.1,0.0,1161463,0.0,#FABFD2
2024-05-28,Island County,GK.1.1,0.0,1161463,0.0,#90FAE5
2024-05-28,Island County,HF.1,0.0,1161463,0.0,#D399AD
2024-05-28,Island County,HK.3,0.0,1161463,0.0,#859DBC
2024-05-28,Island County,HV.1,0.0,1161463,0.0,#797765
2024-05-28,Island County,JD.1.1,0.0,1161463,0.0,#80F192
2024-05-28,Island County,JF.1,0.0,1161463,0.0,#FFF1A9
2024-05-28,Island County,JG.3,0.0,1161463,0.0,#66A172
2024-05-28,Island County,JN.1,118050.39609972999,1161463,0.10163939453924059,#61018F
2024-05-28,Island County,JN.1.11.1,0.0,1161463,0.0,#5C9CF1
2024-05-28,Island County,JN.1.13,0.0,1161463,0.0,#E83C78
2024-05-28,Island County,JN.1.13.1,0.0,1161463,0.0,#F2591C
2024-05-28,Island County,JN.1.16,1909.3794203999998,1161463,0.0016439433889844101,#BC3A88
2024-05-28,Island County,JN.1.16.1,117410.42227906,1161463,0.10108838790306708,#366298
2024-05-28,Island County,JN.1.18,0.0,1161463,0.0,#4AF32F
2024-05-28,Island County,JN.1.32,0.0,1161463,0.0,#2E7919
2024-05-28,Island County,JN.1.4.3,0.0,1161463,0.0,#9D1010
2024-05-28,Island County,JN.1.7,173772.63318135001,1161463,0.14961529827583833,#CF15E8
2024-05-28,Island County,JN.1.8.1,0.0,1161463,0.0,#FFB027
2024-05-28,Island County,KP.1.1,3968.7620722500005,1161463,0.0034170370233490006,#CBFF86
2024-05-28,Island County,KP.1.1.3,0.0,1161463,0.0,#1EB3B6
2024-05-28,Island County,KP.1.2,0.0,1161463,0.0,#D7B5A6
2024-05-28,Island County,KP.2,556331.1749925,1161463,0.4789917328339344,#5875A1
2024-05-28,Island County,KP.2.15,583.25430794,1161463,0.0005021720949698785,#175DFF
2024-05-28,Island County,KP.2.3,532.37469864,1161463,0.0004583656118533264,#628DE8
2024-05-28,Island County,KP.3,74945.84908062,1161463,0.06452710855242053,#B06589
2024-05-28,Island County,KP.3.1.1,0.0,1161463,0.0,#2F92A1
2024-05-28,Island County,KP.4.1,0.0,1161463,0.0,#FF473A
2024-05-28,Island County,KQ.1,0.0,1161463,0.0,#E86CDE
2024-05-28,Island County,KV.2,1643.6215984599999,1161463,0.001415130398867635,#E14365
2024-05-28,Island County,KW.1.1,0.0,1161463,0.0,#34A0FF
2024-05-28,Island County,LB.1,99171.1094312,1161463,0.08538464800962235,#795653
2024-05-28,Island County,Recombinant,0.0,1161463,0.0,#FF0000
2024-05-28,Island County,XBB,0.0,1161463,0.0,#9FA8DA
2024-05-28,Island County,XBB.1.16,0.0,1161463,0.0,#4527A0
2024-05-28,Island County,XBB.1.16.1,0.0,1161463,0.0,#F89B9B
2024-05-28,Island County,XBB.1.16.15,0.0,1161463,0.0,#E3B5FA
2024-05-28,Island County,XBB.1.16.6,0.0,1161463,0.0,#5AA350
2024-05-28,Island County,XBB.1.42.1,0.0,1161463,0.0,#75D1A3
2024-05-28,Island County,XBB.1.5,0.0,1161463,0.0,#3F51B5
2024-05-28,Island County,XBB.1.5.70,0.0,1161463,0.0,#46783C
2024-05-28,Island County,XBB.1.5.72,0.0,1161463,0.0,#254220
2024-05-28,Island County,XBB.1.9.1,0.0,1161463,0.0,#304FFE
2024-05-28,Island County,XBB.1.9.2,0.0,1161463,0.0,#536DFE
2024-05-28,Island County,XBB.2.3,0.0,1161463,0.0,#F7BCDF
2024-05-28,Island County,XDP,0.0,1161463,0.0,#B60052
2024-05-28,Island County,XDV.1,0.0,1161463,0.0,#D367B6
2024-05-28,Island County,unreportable,13144.031034300002,1161463,0.011316788424857272,#eeeeee
2024-05-28,Jefferson County,BA.2,0.0,162770,0.0,#9CCD67
2024-05-28,Jefferson County,BA.2.12.1,0.0,162770,0.0,#7CB342
2024-05-28,Jefferson County,BA.2.86,0.0,162770,0.0,#D770EE
2024-05-28,Jefferson County,EG.5,0.0,162770,0.0,#FFBE7D
2024-05-28,Jefferson County,EG.5.1.8,0.0,162770,0.0,#E14D6F
2024-05-28,Jefferson County,EG.6.1,0.0,162770,0.0,#B9ABA8
2024-05-28,Jefferson County,FE.1.1,0.0,162770,0.0,#499894
2024-05-28,Jefferson County,FL.1.5.1,0.0,162770,0.0,#8CD17D
2024-05-28,Jefferson County,GE.1,0.0,162770,0.0,#FABFD2
2024-05-28,Jefferson County,GK.1.1,0.0,162770,0.0,#90FAE5
2024-05-28,Jefferson County,HF.1,0.0,162770,0.0,#D399AD
2024-05-28,Jefferson County,HK.3,0.0,162770,0.0,#859DBC
2024-05-28,Jefferson County,HV.1,0.0,162770,0.0,#797765
2024-05-28,Jefferson County,JD.1.1,0.0,162770,0.0,#80F192
2024-05-28,Jefferson County,JF.1,0.0,162770,0.0,#FFF1A9
2024-05-28,Jefferson County,JG.3,0.0,162770,0.0,#66A172
2024-05-28,Jefferson County,JN.1,21983.4199586,162770,0.13505818,#61018F
2024-05-28,Jefferson County,JN.1.11.1,189.09479209999998,162770,0.00116173,#5C9CF1
2024-05-28,Jefferson County,JN.1.13,0.0,162770,0.0,#E83C78
2024-05-28,Jefferson County,JN.1.13.1,0.0,162770,0.0,#F2591C
2024-05-28,Jefferson County,JN.1.16,0.0,162770,0.0,#BC3A88
2024-05-28,Jefferson County,JN.1.16.1,142.7606839,162770,0.00087707,#366298
2024-05-28,Jefferson County,JN.1.18,128.2497384,162770,0.0007879200000000001,#4AF32F
2024-05-28,Jefferson County,JN.1.32,0.0,162770,0.0,#2E7919
2024-05-28,Jefferson County,JN.1.4.3,0.0,162770,0.0,#9D1010
2024-05-28,Jefferson County,JN.1.7,0.0,162770,0.0,#CF15E8
2024-05-28,Jefferson County,JN.1.8.1,0.0,162770,0.0,#FFB027
2024-05-28,Jefferson County,KP.1.1,0.0,162770,0.0,#CBFF86
2024-05-28,Jefferson County,KP.1.1.3,0.0,162770,0.0,#1EB3B6
2024-05-28,Jefferson County,KP.1.2,0.0,162770,0.0,#D7B5A6
2024-05-28,Jefferson County,KP.2,4651.4017881,162770,0.02857653,#5875A1
2024-05-28,Jefferson County,KP.2.15,0.0,162770,0.0,#175DFF
2024-05-28,Jefferson County,KP.2.3,17211.5195395,162770,0.10574135000000001,#628DE8
2024-05-28,Jefferson County,KP.3,44115.6361127,162770,0.27103051,#B06589
2024-05-28,Jefferson County,KP.3.1.1,0.0,162770,0.0,#2F92A1
2024-05-28,Jefferson County,KP.4.1,0.0,162770,0.0,#FF473A
2024-05-28,Jefferson County,KQ.1,0.0,162770,0.0,#E86CDE
2024-05-28,Jefferson County,KV.2,0.0,162770,0.0,#E14365
2024-05-28,Jefferson County,KW.1.1,0.0,162770,0.0,#34A0FF
2024-05-28,Jefferson County,LB.1,72659.4683673,162770,0.44639349,#795653
2024-05-28,Jefferson County,Recombinant,0.0,162770,0.0,#FF0000
2024-05-28,Jefferson County,XBB,0.0,162770,0.0,#9FA8DA
2024-05-28,Jefferson County,XBB.1.16,0.0,162770,0.0,#4527A0
2024-05-28,Jefferson County,XBB.1.16.1,0.0,162770,0.0,#F89B9B
2024-05-28,Jefferson County,XBB.1.16.15,0.0,162770,0.0,#E3B5FA
2024-05-28,Jefferson County,XBB.1.16.6,0.0,162770,0.0,#5AA350
2024-05-28,Jefferson County,XBB.1.42.1,0.0,162770,0.0,#75D1A3
2024-05-28,Jefferson County,XBB.1.5,0.0,162770,0.0,#3F51B5
2024-05-28,Jefferson County,XBB.1.5.70,0.0,162770,0.0,#46783C
2024-05-28,Jefferson County,XBB.1.5.72,0.0,162770,0.0,#254220
2024-05-28,Jefferson County,XBB.1.9.1,0.0,162770,0.0,#304FFE
2024-05-28,Jefferson County,XBB.1.9.2,0.0,162770,0.0,#536DFE
2024-05-28,Jefferson County,XBB.2.3,0.0,162770,0.0,#F7BCDF
2024-05-28,Jefferson County,XDP,0.0,162770,0.0,#B60052
2024-05-28,Jefferson County,XDV.1,0.0,162770,0.0,#D367B6
2024-05-28,Jefferson County,unreportable,1688.4571579,162770,0.01037327,#eeeeee
2024-05-28,Kittitas County,BA.2,0.0,143520,0.0,#9CCD67
2024-05-28,Kittitas County,BA.2.12.1,0.0,143520,0.0,#7CB342
2024-05-28,Kittitas County,BA.2.86,0.0,143520,0.0,#D770EE
2024-05-28,Kittitas County,EG.5,0.0,143520,0.0,#FFBE7D
2024-05-28,Kittitas County,EG.5.1.8,0.0,143520,0.0,#E14D6F
2024-05-28,Kittitas County,EG.6.1,0.0,143520,0.0,#B9ABA8
2024-05-28,Kittitas County,FE.1.1,0.0,143520,0.0,#499894
2024-05-28,Kittitas County,FL.1.5.1,0.0,143520,0.0,#8CD17D
2024-05-28,Kittitas County,GE.1,0.0,143520,0.0,#FABFD2
2024-05-28,Kittitas County,GK.1.1,0.0,143520,0.0,#90FAE5
2024-05-28,Kittitas County,HF.1,0.0,143520,0.0,#D399AD
2024-05-28,Kittitas County,HK.3,0.0,143520,0.0,#859DBC
2024-05-28,Kittitas County,HV.1,0.0,143520,0.0,#797765
2024-05-28,Kittitas County,JD.1.1,0.0,143520,0.0,#80F192
2024-05-28,Kittitas County,JF.1,0.0,143520,0.0,#FFF1A9
2024-05-28,Kittitas County,JG.3,0.0,143520,0.0,#66A172
2024-05-28,Kittitas County,JN.1,369.5826576,143520,0.00257513,#61018F
2024-05-28,Kittitas County,JN.1.11.1,0.0,143520,0.0,#5C9CF1
2024-05-28,Kittitas County,JN.1.13,0.0,143520,0.0,#E83C78
2024-05-28,Kittitas County,JN.1.13.1,0.0,143520,0.0,#F2591C
2024-05-28,Kittitas County,JN.1.16,0.0,143520,0.0,#BC3A88
2024-05-28,Kittitas County,JN.1.16.1,0.0,143520,0.0,#366298
2024-05-28,Kittitas County,JN.1.18,0.0,143520,0.0,#4AF32F
2024-05-28,Kittitas County,JN.1.32,0.0,143520,0.0,#2E7919
2024-05-28,Kittitas County,JN.1.4.3,0.0,143520,0.0,#9D1010
2024-05-28,Kittitas County,JN.1.7,0.0,143520,0.0,#CF15E8
2024-05-28,Kittitas County,JN.1.8.1,0.0,143520,0.0,#FFB027
2024-05-28,Kittitas County,KP.1.1,155.58142080000002,143520,0.00108404,#CBFF86
2024-05-28,Kittitas County,KP.1.1.3,0.0,143520,0.0,#1EB3B6
2024-05-28,Kittitas County,KP.1.2,0.0,143520,0.0,#D7B5A6
2024-05-28,Kittitas County,KP.2,107461.5099168,143520,0.74875634,#5875A1
2024-05-28,Kittitas County,KP.2.15,377.6025552,143520,0.00263101,#175DFF
2024-05-28,Kittitas County,KP.2.3,0.0,143520,0.0,#628DE8
2024-05-28,Kittitas County,KP.3,6437.560896,143520,0.0448548,#B06589
2024-05-28,Kittitas County,KP.3.1.1,0.0,143520,0.0,#2F92A1
2024-05-28,Kittitas County,KP.4.1,0.0,143520,0.0,#FF473A
2024-05-28,Kittitas County,KQ.1,0.0,143520,0.0,#E86CDE
2024-05-28,Kittitas County,KV.2,0.0,143520,0.0,#E14365
2024-05-28,Kittitas County,KW.1.1,0.0,143520,0.0,#34A0FF
2024-05-28,Kittitas County,LB.1,27385.206201599998,143520,0.19081108,#795653
2024-05-28,Kittitas County,Recombinant,0.0,143520,0.0,#FF0000
2024-05-28,Kittitas County,XBB,0.0,143520,0.0,#9FA8DA
2024-05-28,Kittitas County,XBB.1.16,0.0,143520,0.0,#4527A0
2024-05-28,Kittitas County,XBB.1.16.1,0.0,143520,0.0,#F89B9B
2024-05-28,Kittitas County,XBB.1.16.15,0.0,143520,0.0,#E3B5FA
2024-05-28,Kittitas County,XBB.1.16.6,0.0,143520,0.0,#5AA350
2024-05-28,Kittitas County,XBB.1.42.1,0.0,143520,0.0,#75D1A3
2024-05-28,Kittitas County,XBB.1.5,0.0,143520,0.0,#3F51B5
2024-05-28,Kittitas County,XBB.1.5.70,0.0,143520,0.0,#46783C
2024-05-28,Kittitas County,XBB.1.5.72,0.0,143520,0.0,#254220
2024-05-28,Kittitas County,XBB.1.9.1,0.0,143520,0.0,#304FFE
2024-05-28,Kittitas County,XBB.1.9.2,0.0,143520,0.0,#536DFE
2024-05-28,Kittitas County,XBB.2.3,0.0,143520,0.0,#F7BCDF
2024-05-28,Kittitas County,XDP,0.0,143520,0.0,#B60052
2024-05-28,Kittitas County,XDV.1,0.0,143520,0.0,#D367B6
2024-05-28,Kittitas County,unreportable,1332.9549168,143520,0.00928759,#eeeeee
2024-05-28,Okanogan County,BA.2,0.0,927810,0.0,#9CCD67
2024-05-28,Okanogan County,BA.2.12.1,0.0,927810,0.0,#7CB342
2024-05-28,Okanogan County,BA.2.86,0.0,927810,0.0,#D770EE
2024-05-28,Okanogan County,EG.5,0.0,927810,0.0,#FFBE7D
2024-05-28,Okanogan County,EG.5.1.8,0.0,927810,0.0,#E14D6F
2024-05-28,Okanogan County,EG.6.1,0.0,927810,0.0,#B9ABA8
2024-05-28,Okanogan County,FE.1.1,0.0,927810,0.0,#499894
2024-05-28,Okanogan County,FL.1.5.1,0.0,927810,0.0,#8CD17D
2024-05-28,Okanogan County,GE.1,0.0,927810,0.0,#FABFD2
2024-05-28,Okanogan County,GK.1.1,0.0,927810,0.0,#90FAE5
2024-05-28,Okanogan County,HF.1,0.0,927810,0.0,#D399AD
2024-05-28,Okanogan County,HK.3,0.0,927810,0.0,#859DBC
2024-05-28,Okanogan County,HV.1,0.0,927810,0.0,#797765
2024-05-28,Okanogan County,JD.1.1,0.0,927810,0.0,#80F192
2024-05-28,Okanogan County,JF.1,0.0,927810,0.0,#FFF1A9
2024-05-28,Okanogan County,JG.3,0.0,927810,0.0,#66A172
2024-05-28,Okanogan County,JN.1,236713.1673348,927810,0.25513108,#61018F
2024-05-28,Okanogan County,JN.1.11.1,258577.89140430003,927810,0.27869703,#5C9CF1
2024-05-28,Okanogan County,JN.1.13,1718.1835047,927810,0.00185187,#E83C78
2024-05-28,Okanogan County,JN.1.13.1,0.0,927810,0.0,#F2591C
2024-05-28,Okanogan County,JN.1.16,0.0,927810,0.0,#BC3A88
2024-05-28,Okanogan County,JN.1.16.1,1451.3917391999998,927810,0.00156432,#366298
2024-05-28,Okanogan County,JN.1.18,0.0,927810,0.0,#4AF32F
2024-05-28,Okanogan County,JN.1.32,197055.0515349,927810,0.21238729,#2E7919
2024-05-28,Okanogan County,JN.1.4.3,0.0,927810,0.0,#9D1010
2024-05-28,Okanogan County,JN.1.7,42699.207915,927810,0.0460215,#CF15E8
2024-05-28,Okanogan County,JN.1.8.1,0.0,927810,0.0,#FFB027
2024-05-28,Okanogan County,KP.1.1,0.0,927810,0.0,#CBFF86
2024-05-28,Okanogan County,KP.1.1.3,0.0,927810,0.0,#1EB3B6
2024-05-28,Okanogan County,KP.1.2,1615.0667013,927810,0.00174073,#D7B5A6
2024-05-28,Okanogan County,KP.2,179197.130619,927810,0.1931399,#5875A1
2024-05-28,Okanogan County,KP.2.15,0.0,927810,0.0,#175DFF
2024-05-28,Okanogan County,KP.2.3,0.0,927810,0.0,#628DE8
2024-05-28,Okanogan County,KP.3,0.0,927810,0.0,#B06589
2024-05-28,Okanogan County,KP.3.1.1,0.0,927810,0.0,#2F92A1
2024-05-28,Okanogan County,KP.4.1,0.0,927810,0.0,#FF473A
2024-05-28,Okanogan County,KQ.1,0.0,927810,0.0,#E86CDE
2024-05-28,Okanogan County,KV.2,0.0,927810,0.0,#E14365
2024-05-28,Okanogan County,KW.1.1,0.0,927810,0.0,#34A0FF
2024-05-28,Okanogan County,LB.1,0.0,927810,0.0,#795653
2024-05-28,Okanogan County,Recombinant,0.0,927810,0.0,#FF0000
2024-05-28,Okanogan County,XBB,0.0,927810,0.0,#9FA8DA
2024-05-28,Okanogan County,XBB.1.16,0.0,927810,0.0,#4527A0
2024-05-28,Okanogan County,XBB.1.16.1,0.0,927810,0.0,#F89B9B
2024-05-28,Okanogan County,XBB.1.16.15,0.0,927810,0.0,#E3B5FA
2024-05-28,Okanogan County,XBB.1.16.6,0.0,927810,0.0,#5AA350
2024-05-28,Okanogan County,XBB.1.42.1,0.0,927810,0.0,#75D1A3
2024-05-28,Okanogan County,XBB.1.5,0.0,927810,0.0,#3F51B5
2024-05-28,Okanogan County,XBB.1.5.70,0.0,927810,0.0,#46783C
2024-05-28,Okanogan County,XBB.1.5.72,0.0,927810,0.0,#254220
2024-05-28,Okanogan County,XBB.1.9.1,0.0,927810,0.0,#304FFE
2024-05-28,Okanogan County,XBB.1.9.2,0.0,927810,0.0,#536DFE
2024-05-28,Okanogan County,XBB.2.3,0.0,927810,0.0,#F7BCDF
2024-05-28,Okanogan County,XDP,0.0,927810,0.0,#B60052
2024-05-28,Okanogan County,XDV.1,0.0,927810,0.0,#D367B6
2024-05-28,Okanogan County,unreportable,8782.9185249,927810,0.00946629,#eeeeee
2024-05-28,Pierce County,BA.2,0.0,69239,0.0,#9CCD67
2024-05-28,Pierce County,BA.2.12.1,0.0,69239,0.0,#7CB342
2024-05-28,Pierce County,BA.2.86,0.0,69239,0.0,#D770EE
2024-05-28,Pierce County,EG.5,0.0,69239,0.0,#FFBE7D
2024-05-28,Pierce County,EG.5.1.8,0.0,69239,0.0,#E14D6F
2024-05-28,Pierce County,EG.6.1,0.0,69239,0.0,#B9ABA8
2024-05-28,Pierce County,FE.1.1,0.0,69239,0.0,#499894
2024-05-28,Pierce County,FL.1.5.1,0.0,69239,0.0,#8CD17D
2024-05-28,Pierce County,GE.1,0.0,69239,0.0,#FABFD2
2024-05-28,Pierce County,GK.1.1,0.0,69239,0.0,#90FAE5
2024-05-28,Pierce County,HF.1,0.0,69239,0.0,#D399AD
2024-05-28,Pierce County,HK.3,0.0,69239,0.0,#859DBC
2024-05-28,Pierce County,HV.1,0.0,69239,0.0,#797765
2024-05-28,Pierce County,JD.1.1,0.0,69239,0.0,#80F192
2024-05-28,Pierce County,JF.1,0.0,69239,0.0,#FFF1A9
2024-05-28,Pierce County,JG.3,0.0,69239,0.0,#66A172
2024-05-28,Pierce County,JN.1,129.57317221,69239,0.00187139,#61018F
2024-05-28,Pierce County,JN.1.11.1,0.0,69239,0.0,#5C9CF1
2024-05-28,Pierce County,JN.1.13,0.0,69239,0.0,#E83C78
2024-05-28,Pierce County,JN.1.13.1,0.0,69239,0.0,#F2591C
2024-05-28,Pierce County,JN.1.16,0.0,69239,0.0,#BC3A88
2024-05-28,Pierce County,JN.1.16.1,0.0,69239,0.0,#366298
2024-05-28,Pierce County,JN.1.18,0.0,69239,0.0,#4AF32F
2024-05-28,Pierce County,JN.1.32,0.0,69239,0.0,#2E7919
2024-05-28,Pierce County,JN.1.4.3,0.0,69239,0.0,#9D1010
2024-05-28,Pierce County,JN.1.7,0.0,69239,0.0,#CF15E8
2024-05-28,Pierce County,JN.1.8.1,0.0,69239,0.0,#FFB027
2024-05-28,Pierce County,KP.1.1,0.0,69239,0.0,#CBFF86
2024-05-28,Pierce County,KP.1.1.3,0.0,69239,0.0,#1EB3B6
2024-05-28,Pierce County,KP.1.2,544.34247781,69239,0.00786179,#D7B5A6
2024-05-28,Pierce County,KP.2,0.0,69239,0.0,#5875A1
2024-05-28,Pierce County,KP.2.15,0.0,69239,0.0,#175DFF
2024-05-28,Pierce County,KP.2.3,0.0,69239,0.0,#628DE8
2024-05-28,Pierce County,KP.3,67886.25757769,69239,0.9804627100000001,#B06589
2024-05-28,Pierce County,KP.3.1.1,0.0,69239,0.0,#2F92A1
2024-05-28,Pierce County,KP.4.1,0.0,69239,0.0,#FF473A
2024-05-28,Pierce County,KQ.1,0.0,69239,0.0,#E86CDE
2024-05-28,Pierce County,KV.2,0.0,69239,0.0,#E14365
2024-05-28,Pierce County,KW.1.1,0.0,69239,0.0,#34A0FF
2024-05-28,Pierce County,LB.1,0.0,69239,0.0,#795653
2024-05-28,Pierce County,Recombinant,0.0,69239,0.0,#FF0000
2024-05-28,Pierce County,XBB,0.0,69239,0.0,#9FA8DA
2024-05-28,Pierce County,XBB.1.16,0.0,69239,0.0,#4527A0
2024-05-28,Pierce County,XBB.1.16.1,0.0,69239,0.0,#F89B9B
2024-05-28,Pierce County,XBB.1.16.15,0.0,69239,0.0,#E3B5FA
2024-05-28,Pierce County,XBB.1.16.6,0.0,69239,0.0,#5AA350
2024-05-28,Pierce County,XBB.1.42.1,0.0,69239,0.0,#75D1A3
2024-05-28,Pierce County,XBB.1.5,0.0,69239,0.0,#3F51B5
2024-05-28,Pierce County,XBB.1.5.70,0.0,69239,0.0,#46783C
2024-05-28,Pierce County,XBB.1.5.72,0.0,69239,0.0,#254220
2024-05-28,Pierce County,XBB.1.9.1,0.0,69239,0.0,#304FFE
2024-05-28,Pierce County,XBB.1.9.2,0.0,69239,0.0,#536DFE
2024-05-28,Pierce County,XBB.2.3,0.0,69239,0.0,#F7BCDF
2024-05-28,Pierce County,XDP,0.0,69239,0.0,#B60052
2024-05-28,Pierce County,XDV.1,0.0,69239,0.0,#D367B6
2024-05-28,Pierce County,unreportable,678.82677229,69239,0.00980411,#eeeeee
2024-05-28,Spokane County,BA.2,0.0,713850,0.0,#9CCD67
2024-05-28,Spokane County,BA.2.12.1,0.0,713850,0.0,#7CB342
2024-05-28,Spokane County,BA.2.86,0.0,713850,0.0,#D770EE
2024-05-28,Spokane County,EG.5,0.0,713850,0.0,#FFBE7D
2024-05-28,Spokane County,EG.5.1.8,0.0,713850,0.0,#E14D6F
2024-05-28,Spokane County,EG.6.1,0.0,713850,0.0,#B9ABA8
2024-05-28,Spokane County,FE.1.1,0.0,713850,0.0,#499894
2024-05-28,Spokane County,FL.1.5.1,0.0,713850,0.0,#8CD17D
2024-05-28,Spokane County,GE.1,0.0,713850,0.0,#FABFD2
2024-05-28,Spokane County,GK.1.1,0.0,713850,0.0,#90FAE5
2024-05-28,Spokane County,HF.1,0.0,713850,0.0,#D399AD
2024-05-28,Spokane County,HK.3,0.0,713850,0.0,#859DBC
2024-05-28,Spokane County,HV.1,0.0,713850,0.0,#797765
2024-05-28,Spokane County,JD.1.1,0.0,713850,0.0,#80F192
2024-05-28,Spokane County,JF.1,0.0,713850,0.0,#FFF1A9
2024-05-28,Spokane County,JG.3,0.0,713850,0.0,#66A172
2024-05-28,Spokane County,JN.1,49389.482597999995,713850,0.06918748,#61018F
2024-05-28,Spokane County,JN.1.11.1,0.0,713850,0.0,#5C9CF1
2024-05-28,Spokane County,JN.1.13,0.0,713850,0.0,#E83C78
2024-05-28,Spokane County,JN.1.13.1,0.0,713850,0.0,#F2591C
2024-05-28,Spokane County,JN.1.16,0.0,713850,0.0,#BC3A88
2024-05-28,Spokane County,JN.1.16.1,840.8224994999999,713850,0.00117787,#366298
2024-05-28,Spokane County,JN.1.18,76069.397916,713850,0.10656216,#4AF32F
2024-05-28,Spokane County,JN.1.32,0.0,713850,0.0,#2E7919
2024-05-28,Spokane County,JN.1.4.3,0.0,713850,0.0,#9D1010
2024-05-28,Spokane County,JN.1.7,0.0,713850,0.0,#CF15E8
2024-05-28,Spokane County,JN.1.8.1,0.0,713850,0.0,#FFB027
2024-05-28,Spokane County,KP.1.1,307572.6590175,713850,0.43086455,#CBFF86
2024-05-28,Spokane County,KP.1.1.3,0.0,713850,0.0,#1EB3B6
2024-05-28,Spokane County,KP.1.2,0.0,713850,0.0,#D7B5A6
2024-05-28,Spokane County,KP.2,3448.266702,713850,0.00483052,#5875A1
2024-05-28,Spokane County,KP.2.15,1307.05935,713850,0.001831,#175DFF
2024-05-28,Spokane County,KP.2.3,0.0,713850,0.0,#628DE8
2024-05-28,Spokane County,KP.3,87333.53688300001,713850,0.12234158,#B06589
2024-05-28,Spokane County,KP.3.1.1,0.0,713850,0.0,#2F92A1
2024-05-28,Spokane County,KP.4.1,177575.28438899998,713850,0.24875713999999996,#FF473A
2024-05-28,Spokane County,KQ.1,0.0,713850,0.0,#E86CDE
2024-05-28,Spokane County,KV.2,0.0,713850,0.0,#E14365
2024-05-28,Spokane County,KW.1.1,0.0,713850,0.0,#34A0FF
2024-05-28,Spokane County,LB.1,0.0,713850,0.0,#795653
2024-05-28,Spokane County,Recombinant,0.0,713850,0.0,#FF0000
2024-05-28,Spokane County,XBB,0.0,713850,0.0,#9FA8DA
2024-05-28,Spokane County,XBB.1.16,0.0,713850,0.0,#4527A0
2024-05-28,Spokane County,XBB.1.16.1,0.0,713850,0.0,#F89B9B
2024-05-28,Spokane County,XBB.1.16.15,0.0,713850,0.0,#E3B5FA
2024-05-28,Spokane County,XBB.1.16.6,0.0,713850,0.0,#5AA350
2024-05-28,Spokane County,XBB.1.42.1,0.0,713850,0.0,#75D1A3
2024-05-28,Spokane County,XBB.1.5,0.0,713850,0.0,#3F51B5
2024-05-28,Spokane County,XBB.1.5.70,0.0,713850,0.0,#46783C
2024-05-28,Spokane County,XBB.1.5.72,0.0,713850,0.0,#254220
2024-05-28,Spokane County,XBB.1.9.1,0.0,713850,0.0,#304FFE
2024-05-28,Spokane County,XBB.1.9.2,0.0,713850,0.0,#536DFE
2024-05-28,Spokane County,XBB.2.3,0.0,713850,0.0,#F7BCDF
2024-05-28,Spokane County,XDP,0.0,713850,0.0,#B60052
2024-05-28,Spokane County,XDV.1,0.0,713850,0.0,#D367B6
2024-05-28,Spokane County,unreportable,10313.490645,713850,0.014447699999999999,#eeeeee
2024-05-28,Thurston County,BA.2,0.0,166384,0.0,#9CCD67
2024-05-28,Thurston County,BA.2.12.1,0.0,166384,0.0,#7CB342
2024-05-28,Thurston County,BA.2.86,0.0,166384,0.0,#D770EE
2024-05-28,Thurston County,EG.5,0.0,166384,0.0,#FFBE7D
2024-05-28,Thurston County,EG.5.1.8,0.0,166384,0.0,#E14D6F
2024-05-28,Thurston County,EG.6.1,0.0,166384,0.0,#B9ABA8
2024-05-28,Thurston County,FE.1.1,0.0,166384,0.0,#499894
2024-05-28,Thurston County,FL.1.5.1,0.0,166384,0.0,#8CD17D
2024-05-28,Thurston County,GE.1,0.0,166384,0.0,#FABFD2
2024-05-28,Thurston County,GK.1.1,0.0,166384,0.0,#90FAE5
2024-05-28,Thurston County,HF.1,0.0,166384,0.0,#D399AD
2024-05-28,Thurston County,HK.3,0.0,166384,0.0,#859DBC
2024-05-28,Thurston County,HV.1,0.0,166384,0.0,#797765
2024-05-28,Thurston County,JD.1.1,0.0,166384,0.0,#80F192
2024-05-28,Thurston County,JF.1,0.0,166384,0.0,#FFF1A9
2024-05-28,Thurston County,JG.3,0.0,166384,0.0,#66A172
2024-05-28,Thurston County,JN.1,8618.81435616,166384,0.05180074019232619,#61018F
2024-05-28,Thurston County,JN.1.11.1,232.34706559999998,166384,0.0013964507741128953,#5C9CF1
2024-05-28,Thurston County,JN.1.13,0.0,166384,0.0,#E83C78
2024-05-28,Thurston County,JN.1.13.1,0.0,166384,0.0,#F2591C
2024-05-28,Thurston County,JN.1.16,133.28308864000002,166384,0.0008010571247235312,#BC3A88
2024-05-28,Thurston County,JN.1.16.1,17528.304310080002,166384,0.10534849691124148,#366298
2024-05-28,Thurston County,JN.1.18,1589.37564032,166384,0.009552454805269738,#4AF32F
2024-05-28,Thurston County,JN.1.32,0.0,166384,0.0,#2E7919
2024-05-28,Thurston County,JN.1.4.3,0.0,166384,0.0,#9D1010
2024-05-28,Thurston County,JN.1.7,0.0,166384,0.0,#CF15E8
2024-05-28,Thurston County,JN.1.8.1,0.0,166384,0.0,#FFB027
2024-05-28,Thurston County,KP.1.1,5041.9785839999995,166384,0.030303265842869503,#CBFF86
2024-05-28,Thurston County,KP.1.1.3,0.0,166384,0.0,#1EB3B6
2024-05-28,Thurston County,KP.1.2,0.0,166384,0.0,#D7B5A6
2024-05-28,Thurston County,KP.2,81201.80119120001,166384,0.4880385204779306,#5875A1
2024-05-28,Thurston County,KP.2.15,672.50807936,166384,0.004041903544571594,#175DFF
2024-05-28,Thurston County,KP.2.3,7942.050998399999,166384,0.047733261602077116,#628DE8
2024-05-28,Thurston County,KP.3,15484.9775472,166384,0.09306770811616502,#B06589
2024-05-28,Thurston County,KP.3.1.1,0.0,166384,0.0,#2F92A1
2024-05-28,Thurston County,KP.4.1,0.0,166384,0.0,#FF473A
2024-05-28,Thurston County,KQ.1,0.0,166384,0.0,#E86CDE
2024-05-28,Thurston County,KV.2,0.0,166384,0.0,#E14365
2024-05-28,Thurston County,KW.1.1,0.0,166384,0.0,#34A0FF
2024-05-28,Thurston County,LB.1,26134.2548424,166384,0.15707192303586884,#795653
2024-05-28,Thurston County,Recombinant,0.0,166384,0.0,#FF0000
2024-05-28,Thurston County,XBB,0.0,166384,0.0,#9FA8DA
2024-05-28,Thurston County,XBB.1.16,0.0,166384,0.0,#4527A0
2024-05-28,Thurston County,XBB.1.16.1,0.0,166384,0.0,#F89B9B
2024-05-28,Thurston County,XBB.1.16.15,0.0,166384,0.0,#E3B5FA
2024-05-28,Thurston County,XBB.1.16.6,0.0,166384,0.0,#5AA350
2024-05-28,Thurston County,XBB.1.42.1,0.0,166384,0.0,#75D1A3
2024-05-28,Thurston County,XBB.1.5,0.0,166384,0.0,#3F51B5
2024-05-28,Thurston County,XBB.1.5.70,0.0,166384,0.0,#46783C
2024-05-28,Thurston County,XBB.1.5.72,0.0,166384,0.0,#254220
2024-05-28,Thurston County,XBB.1.9.1,0.0,166384,0.0,#304FFE
2024-05-28,Thurston County,XBB.1.9.2,0.0,166384,0.0,#536DFE
2024-05-28,Thurston County,XBB.2.3,0.0,166384,0.0,#F7BCDF
2024-05-28,Thurston County,XDP,0.0,166384,0.0,#B60052
2024-05-28,Thurston County,XDV.1,0.0,166384,0.0,#D367B6
2024-05-28,Thurston County,unreportable,1804.30527824,166384,0.010844223472449274,#eeeeee
2024-05-28,Walla Walla County,BA.2,0.0,551552,0.0,#9CCD67
2024-05-28,Walla Walla County,BA.2.12.1,0.0,551552,0.0,#7CB342
2024-05-28,Walla Walla County,BA.2.86,0.0,551552,0.0,#D770EE
2024-05-28,Walla Walla County,EG.5,0.0,551552,0.0,#FFBE7D
2024-05-28,Walla Walla County,EG.5.1.8,0.0,551552,0.0,#E14D6F
2024-05-28,Walla Walla County,EG.6.1,0.0,551552,0.0,#B9ABA8
2024-05-28,Walla Walla County,FE.1.1,0.0,551552,0.0,#499894
2024-05-28,Walla Walla County,FL.1.5.1,0.0,551552,0.0,#8CD17D
2024-05-28,Walla Walla County,GE.1,0.0,551552,0.0,#FABFD2
2024-05-28,Walla Walla County,GK.1.1,0.0,551552,0.0,#90FAE5
2024-05-28,Walla Walla County,HF.1,0.0,551552,0.0,#D399AD
2024-05-28,Walla Walla County,HK.3,0.0,551552,0.0,#859DBC
2024-05-28,Walla Walla County,HV.1,0.0,551552,0.0,#797765
2024-05-28,Walla Walla County,JD.1.1,0.0,551552,0.0,#80F192
2024-05-28,Walla Walla County,JF.1,0.0,551552,0.0,#FFF1A9
2024-05-28,Walla Walla County,JG.3,0.0,551552,0.0,#66A172
2024-05-28,Walla Walla County,JN.1,0.0,551552,0.0,#61018F
2024-05-28,Walla Walla County,JN.1.11.1,0.0,551552,0.0,#5C9CF1
2024-05-28,Walla Walla County,JN.1.13,0.0,551552,0.0,#E83C78
2024-05-28,Walla Walla County,JN.1.13.1,0.0,551552,0.0,#F2591C
2024-05-28,Walla Walla County,JN.1.16,0.0,551552,0.0,#BC3A88
2024-05-28,Walla Walla County,JN.1.16.1,0.0,551552,0.0,#366298
2024-05-28,Walla Walla County,JN.1.18,0.0,551552,0.0,#4AF32F
2024-05-28,Walla Walla County,JN.1.32,0.0,551552,0.0,#2E7919
2024-05-28,Walla Walla County,JN.1.4.3,0.0,551552,0.0,#9D1010
2024-05-28,Walla Walla County,JN.1.7,0.0,551552,0.0,#CF15E8
2024-05-28,Walla Walla County,JN.1.8.1,0.0,551552,0.0,#FFB027
2024-05-28,Walla Walla County,KP.1.1,443165.0824448,551552,0.8034874,#CBFF86
2024-05-28,Walla Walla County,KP.1.1.3,0.0,551552,0.0,#1EB3B6
2024-05-28,Walla Walla County,KP.1.2,0.0,551552,0.0,#D7B5A6
2024-05-28,Walla Walla County,KP.2,0.0,551552,0.0,#5875A1
2024-05-28,Walla Walla County,KP.2.15,0.0,551552,0.0,#175DFF
2024-05-28,Walla Walla County,KP.2.3,0.0,551552,0.0,#628DE8
2024-05-28,Walla Walla County,KP.3,107483.420224,551552,0.1948745,#B06589
2024-05-28,Walla Walla County,KP.3.1.1,0.0,551552,0.0,#2F92A1
2024-05-28,Walla Walla County,KP.4.1,0.0,551552,0.0,#FF473A
2024-05-28,Walla Walla County,KQ.1,0.0,551552,0.0,#E86CDE
2024-05-28,Walla Walla County,KV.2,0.0,551552,0.0,#E14365
2024-05-28,Walla Walla County,KW.1.1,0.0,551552,0.0,#34A0FF
2024-05-28,Walla Walla County,LB.1,0.0,551552,0.0,#795653
2024-05-28,Walla Walla County,Recombinant,0.0,551552,0.0,#FF0000
2024-05-28,Walla Walla County,XBB,0.0,551552,0.0,#9FA8DA
2024-05-28,Walla Walla County,XBB.1.16,0.0,551552,0.0,#4527A0
2024-05-28,Walla Walla County,XBB.1.16.1,0.0,551552,0.0,#F89B9B
2024-05-28,Walla Walla County,XBB.1.16.15,0.0,551552,0.0,#E3B5FA
2024-05-28,Walla Walla County,XBB.1.16.6,0.0,551552,0.0,#5AA350
2024-05-28,Walla Walla County,XBB.1.42.1,0.0,551552,0.0,#75D1A3
2024-05-28,Walla Walla County,XBB.1.5,0.0,551552,0.0,#3F51B5
2024-05-28,Walla Walla County,XBB.1.5.70,0.0,551552,0.0,#46783C
2024-05-28,Walla Walla County,XBB.1.5.72,0.0,551552,0.0,#254220
2024-05-28,Walla Walla County,XBB.1.9.1,0.0,551552,0.0,#304FFE
2024-05-28,Walla Walla County,XBB.1.9.2,0.0,551552,0.0,#536DFE
2024-05-28,Walla Walla County,XBB.2.3,0.0,551552,0.0,#F7BCDF
2024-05-28,Walla Walla County,XDP,0.0,551552,0.0,#B60052
2024-05-28,Walla Walla County,XDV.1,0.0,551552,0.0,#D367B6
2024-05-28,Walla Walla County,unreportable,903.50284672,551552,0.00163811,#eeeeee
2024-05-28,Whitman County,BA.2,0.0,245487,0.0,#9CCD67
2024-05-28,Whitman County,BA.2.12.1,0.0,245487,0.0,#7CB342
2024-05-28,Whitman County,BA.2.86,0.0,245487,0.0,#D770EE
2024-05-28,Whitman County,EG.5,0.0,245487,0.0,#FFBE7D
2024-05-28,Whitman County,EG.5.1.8,0.0,245487,0.0,#E14D6F
2024-05-28,Whitman County,EG.6.1,0.0,245487,0.0,#B9ABA8
2024-05-28,Whitman County,FE.1.1,0.0,245487,0.0,#499894
2024-05-28,Whitman County,FL.1.5.1,0.0,245487,0.0,#8CD17D
2024-05-28,Whitman County,GE.1,0.0,245487,0.0,#FABFD2
2024-05-28,Whitman County,GK.1.1,0.0,245487,0.0,#90FAE5
2024-05-28,Whitman County,HF.1,0.0,245487,0.0,#D399AD
2024-05-28,Whitman County,HK.3,0.0,245487,0.0,#859DBC
2024-05-28,Whitman County,HV.1,0.0,245487,0.0,#797765
2024-05-28,Whitman County,JD.1.1,0.0,245487,0.0,#80F192
2024-05-28,Whitman County,JF.1,0.0,245487,0.0,#FFF1A9
2024-05-28,Whitman County,JG.3,0.0,245487,0.0,#66A172
2024-05-28,Whitman County,JN.1,0.0,245487,0.0,#61018F
2024-05-28,Whitman County,JN.1.11.1,0.0,245487,0.0,#5C9CF1
2024-05-28,Whitman County,JN.1.13,0.0,245487,0.0,#E83C78
2024-05-28,Whitman County,JN.1.13.1,0.0,245487,0.0,#F2591C
2024-05-28,Whitman County,JN.1.16,0.0,245487,0.0,#BC3A88
2024-05-28,Whitman County,JN.1.16.1,872.0925675,245487,0.0035525,#366298
2024-05-28,Whitman County,JN.1.18,0.0,245487,0.0,#4AF32F
2024-05-28,Whitman County,JN.1.32,0.0,245487,0.0,#2E7919
2024-05-28,Whitman County,JN.1.4.3,0.0,245487,0.0,#9D1010
2024-05-28,Whitman County,JN.1.7,0.0,245487,0.0,#CF15E8
2024-05-28,Whitman County,JN.1.8.1,0.0,245487,0.0,#FFB027
2024-05-28,Whitman County,KP.1.1,9308.05202316,245487,0.03791668,#CBFF86
2024-05-28,Whitman County,KP.1.1.3,0.0,245487,0.0,#1EB3B6
2024-05-28,Whitman County,KP.1.2,0.0,245487,0.0,#D7B5A6
2024-05-28,Whitman County,KP.2,3790.56722187,245487,0.01544101,#5875A1
2024-05-28,Whitman County,KP.2.15,2647.0298589900003,245487,0.01078277,#175DFF
2024-05-28,Whitman County,KP.2.3,0.0,245487,0.0,#628DE8
2024-05-28,Whitman County,KP.3,13142.900190090002,245487,0.05353807000000001,#B06589
2024-05-28,Whitman County,KP.3.1.1,0.0,245487,0.0,#2F92A1
2024-05-28,Whitman County,KP.4.1,0.0,245487,0.0,#FF473A
2024-05-28,Whitman County,KQ.1,0.0,245487,0.0,#E86CDE
2024-05-28,Whitman County,KV.2,0.0,245487,0.0,#E14365
2024-05-28,Whitman County,KW.1.1,0.0,245487,0.0,#34A0FF
2024-05-28,Whitman County,LB.1,0.0,245487,0.0,#795653
2024-05-28,Whitman County,Recombinant,1441.8556201499998,245487,0.00587345,#FF0000
2024-05-28,Whitman County,XBB,0.0,245487,0.0,#9FA8DA
2024-05-28,Whitman County,XBB.1.16,0.0,245487,0.0,#4527A0
2024-05-28,Whitman County,XBB.1.16.1,0.0,245487,0.0,#F89B9B
2024-05-28,Whitman County,XBB.1.16.15,0.0,245487,0.0,#E3B5FA
2024-05-28,Whitman County,XBB.1.16.6,0.0,245487,0.0,#5AA350
2024-05-28,Whitman County,XBB.1.42.1,0.0,245487,0.0,#75D1A3
2024-05-28,Whitman County,XBB.1.5,0.0,245487,0.0,#3F51B5
2024-05-28,Whitman County,XBB.1.5.70,0.0,245487,0.0,#46783C
2024-05-28,Whitman County,XBB.1.5.72,0.0,245487,0.0,#254220
2024-05-28,Whitman County,XBB.1.9.1,0.0,245487,0.0,#304FFE
2024-05-28,Whitman County,XBB.1.9.2,0.0,245487,0.0,#536DFE
2024-05-28,Whitman County,XBB.2.3,0.0,245487,0.0,#F7BCDF
2024-05-28,Whitman County,XDP,0.0,245487,0.0,#B60052
2024-05-28,Whitman County,XDV.1,207940.10948667,245487,0.84705141,#D367B6
2024-05-28,Whitman County,unreportable,6344.39303157,245487,0.02584411,#eeeeee
2024-05-28,Yakima County,BA.2,0.0,1078100,0.0,#9CCD67
2024-05-28,Yakima County,BA.2.12.1,0.0,1078100,0.0,#7CB342
2024-05-28,Yakima County,BA.2.86,103866.4995396,1078100,0.09634217562341156,#D770EE
2024-05-28,Yakima County,EG.5,0.0,1078100,0.0,#FFBE7D
2024-05-28,Yakima County,EG.5.1.8,0.0,1078100,0.0,#E14D6F
2024-05-28,Yakima County,EG.6.1,0.0,1078100,0.0,#B9ABA8
2024-05-28,Yakima County,FE.1.1,0.0,1078100,0.0,#499894
2024-05-28,Yakima County,FL.1.5.1,0.0,1078100,0.0,#8CD17D
2024-05-28,Yakima County,GE.1,0.0,1078100,0.0,#FABFD2
2024-05-28,Yakima County,GK.1.1,0.0,1078100,0.0,#90FAE5
2024-05-28,Yakima County,HF.1,0.0,1078100,0.0,#D399AD
2024-05-28,Yakima County,HK.3,0.0,1078100,0.0,#859DBC
2024-05-28,Yakima County,HV.1,0.0,1078100,0.0,#797765
2024-05-28,Yakima County,JD.1.1,0.0,1078100,0.0,#80F192
2024-05-28,Yakima County,JF.1,0.0,1078100,0.0,#FFF1A9
2024-05-28,Yakima County,JG.3,0.0,1078100,0.0,#66A172
2024-05-28,Yakima County,JN.1,334629.0139362,1078100,0.31038773206214637,#61018F
2024-05-28,Yakima County,JN.1.11.1,803.6369808,1078100,0.0007454197020684537,#5C9CF1
2024-05-28,Yakima County,JN.1.13,0.0,1078100,0.0,#E83C78
2024-05-28,Yakima County,JN.1.13.1,0.0,1078100,0.0,#F2591C
2024-05-28,Yakima County,JN.1.16,0.0,1078100,0.0,#BC3A88
2024-05-28,Yakima County,JN.1.16.1,1729.4542368,1078100,0.0016041686641313422,#366298
2024-05-28,Yakima County,JN.1.18,1303.1671663999998,1078100,0.0012087627923198217,#4AF32F
2024-05-28,Yakima County,JN.1.32,0.0,1078100,0.0,#2E7919
2024-05-28,Yakima County,JN.1.4.3,0.0,1078100,0.0,#9D1010
2024-05-28,Yakima County,JN.1.7,0.0,1078100,0.0,#CF15E8
2024-05-28,Yakima County,JN.1.8.1,0.0,1078100,0.0,#FFB027
2024-05-28,Yakima County,KP.1.1,687.5981136,1078100,0.0006377869526017995,#CBFF86
2024-05-28,Yakima County,KP.1.1.3,465.9911424,1078100,0.0004322336911232724,#1EB3B6
2024-05-28,Yakima County,KP.1.2,0.0,1078100,0.0,#D7B5A6
2024-05-28,Yakima County,KP.2,36302.13264,1078100,0.03367232412577683,#5875A1
2024-05-28,Yakima County,KP.2.15,31741.5837984,1078100,0.02944215174696225,#175DFF
2024-05-28,Yakima County,KP.2.3,0.0,1078100,0.0,#628DE8
2024-05-28,Yakima County,KP.3,409809.9008536,1078100,0.3801223456577312,#B06589
2024-05-28,Yakima County,KP.3.1.1,0.0,1078100,0.0,#2F92A1
2024-05-28,Yakima County,KP.4.1,0.0,1078100,0.0,#FF473A
2024-05-28,Yakima County,KQ.1,0.0,1078100,0.0,#E86CDE
2024-05-28,Yakima County,KV.2,0.0,1078100,0.0,#E14365
2024-05-28,Yakima County,KW.1.1,0.0,1078100,0.0,#34A0FF
2024-05-28,Yakima County,LB.1,0.0,1078100,0.0,#795653
2024-05-28,Yakima County,Recombinant,0.0,1078100,0.0,#FF0000
2024-05-28,Yakima County,XBB,0.0,1078100,0.0,#9FA8DA
2024-05-28,Yakima County,XBB.1.16,0.0,1078100,0.0,#4527A0
2024-05-28,Yakima County,XBB.1.16.1,0.0,1078100,0.0,#F89B9B
2024-05-28,Yakima County,XBB.1.16.15,0.0,1078100,0.0,#E3B5FA
2024-05-28,Yakima County,XBB.1.16.6,0.0,1078100,0.0,#5AA350
2024-05-28,Yakima County,XBB.1.42.1,0.0,1078100,0.0,#75D1A3
2024-05-28,Yakima County,XBB.1.5,0.0,1078100,0.0,#3F51B5
2024-05-28,Yakima County,XBB.1.5.70,0.0,1078100,0.0,#46783C
2024-05-28,Yakima County,XBB.1.5.72,0.0,1078100,0.0,#254220
2024-05-28,Yakima County,XBB.1.9.1,0.0,1078100,0.0,#304FFE
2024-05-28,Yakima County,XBB.1.9.2,0.0,1078100,0.0,#536DFE
2024-05-28,Yakima County,XBB.2.3,0.0,1078100,0.0,#F7BCDF
2024-05-28,Yakima County,XDP,0.0,1078100,0.0,#B60052
2024-05-28,Yakima County,XDV.1,139984.5326152,1078100,0.12984373677321215,#D367B6
2024-05-28,Yakima County,unreportable,16776.5037902,1078100,0.0155611759486133,#eeeeee
2024-06-04,Benton County,BA.2,0.0,1209268,0.0,#9CCD67
2024-06-04,Benton County,BA.2.12.1,0.0,1209268,0.0,#7CB342
2024-06-04,Benton County,BA.2.86,0.0,1209268,0.0,#D770EE
2024-06-04,Benton County,EG.5,0.0,1209268,0.0,#FFBE7D
2024-06-04,Benton County,EG.5.1.8,0.0,1209268,0.0,#E14D6F
2024-06-04,Benton County,EG.6.1,0.0,1209268,0.0,#B9ABA8
2024-06-04,Benton County,FE.1.1,0.0,1209268,0.0,#499894
2024-06-04,Benton County,FL.1.5.1,0.0,1209268,0.0,#8CD17D
2024-06-04,Benton County,GE.1,0.0,1209268,0.0,#FABFD2
2024-06-04,Benton County,GK.1.1,0.0,1209268,0.0,#90FAE5
2024-06-04,Benton County,HF.1,0.0,1209268,0.0,#D399AD
2024-06-04,Benton County,HK.3,0.0,1209268,0.0,#859DBC
2024-06-04,Benton County,HV.1,0.0,1209268,0.0,#797765
2024-06-04,Benton County,JD.1.1,0.0,1209268,0.0,#80F192
2024-06-04,Benton County,JF.1,0.0,1209268,0.0,#FFF1A9
2024-06-04,Benton County,JG.3,0.0,1209268,0.0,#66A172
2024-06-04,Benton County,JN.1,18893.52556616,1209268,0.015623935774501599,#61018F
2024-06-04,Benton County,JN.1.11.1,321282.82639028004,1209268,0.26568372469153245,#5C9CF1
2024-06-04,Benton County,JN.1.13,0.0,1209268,0.0,#E83C78
2024-06-04,Benton County,JN.1.13.1,0.0,1209268,0.0,#F2591C
2024-06-04,Benton County,JN.1.16,410238.09030359995,1209268,0.33924497324298664,#BC3A88
2024-06-04,Benton County,JN.1.16.1,269265.5499327,1209268,0.2226682174114423,#366298
2024-06-04,Benton County,JN.1.18,0.0,1209268,0.0,#4AF32F
2024-06-04,Benton County,JN.1.32,0.0,1209268,0.0,#2E7919
2024-06-04,Benton County,JN.1.4.3,0.0,1209268,0.0,#9D1010
2024-06-04,Benton County,JN.1.7,1639.34501566,1209268,0.0013556507041119089,#CF15E8
2024-06-04,Benton County,JN.1.8.1,0.0,1209268,0.0,#FFB027
2024-06-04,Benton County,KP.1.1,0.0,1209268,0.0,#CBFF86
2024-06-04,Benton County,KP.1.1.3,1370.91078754,1209268,0.0011336699454049888,#1EB3B6
2024-06-04,Benton County,KP.1.2,0.0,1209268,0.0,#D7B5A6
2024-06-04,Benton County,KP.2,2426.06209224,1209268,0.0020062236760089573,#5875A1
2024-06-04,Benton County,KP.2.15,658.38548868,1209268,0.0005444496080934913,#175DFF
2024-06-04,Benton County,KP.2.3,30830.30936782,1209268,0.025495017951206844,#628DE8
2024-06-04,Benton County,KP.3,136904.3187558,1209268,0.11321255400440597,#B06589
2024-06-04,Benton County,KP.3.1.1,0.0,1209268,0.0,#2F92A1
2024-06-04,Benton County,KP.4.1,0.0,1209268,0.0,#FF473A
2024-06-04,Benton County,KQ.1,0.0,1209268,0.0,#E86CDE
2024-06-04,Benton County,KV.2,0.0,1209268,0.0,#E14365
2024-06-04,Benton County,KW.1.1,0.0,1209268,0.0,#34A0FF
2024-06-04,Benton County,LB.1,0.0,1209268,0.0,#795653
2024-06-04,Benton County,Recombinant,0.0,1209268,0.0,#FF0000
2024-06-04,Benton County,XBB,0.0,1209268,0.0,#9FA8DA
2024-06-04,Benton County,XBB.1.16,0.0,1209268,0.0,#4527A0
2024-06-04,Benton County,XBB.1.16.1,0.0,1209268,0.0,#F89B9B
2024-06-04,Benton County,XBB.1.16.15,0.0,1209268,0.0,#E3B5FA
2024-06-04,Benton County,XBB.1.16.6,0.0,1209268,0.0,#5AA350
2024-06-04,Benton County,XBB.1.42.1,0.0,1209268,0.0,#75D1A3
2024-06-04,Benton County,XBB.1.5,0.0,1209268,0.0,#3F51B5
2024-06-04,Benton County,XBB.1.5.70,0.0,1209268,0.0,#46783C
2024-06-04,Benton County,XBB.1.5.72,0.0,1209268,0.0,#254220
2024-06-04,Benton County,XBB.1.9.1,0.0,1209268,0.0,#304FFE
2024-06-04,Benton County,XBB.1.9.2,0.0,1209268,0.0,#536DFE
2024-06-04,Benton County,XBB.2.3,0.0,1209268,0.0,#F7BCDF
2024-06-04,Benton County,XDP,0.0,1209268,0.0,#B60052
2024-06-04,Benton County,XDV.1,0.0,1209268,0.0,#D367B6
2024-06-04,Benton County,unreportable,15758.664206840001,1209268,0.01303157299030488,#eeeeee
2024-06-04,Chelan County,BA.2,0.0,923896,0.0,#9CCD67
2024-06-04,Chelan County,BA.2.12.1,0.0,923896,0.0,#7CB342
2024-06-04,Chelan County,BA.2.86,0.0,923896,0.0,#D770EE
2024-06-04,Chelan County,EG.5,0.0,923896,0.0,#FFBE7D
2024-06-04,Chelan County,EG.5.1.8,0.0,923896,0.0,#E14D6F
2024-06-04,Chelan County,EG.6.1,0.0,923896,0.0,#B9ABA8
2024-06-04,Chelan County,FE.1.1,0.0,923896,0.0,#499894
2024-06-04,Chelan County,FL.1.5.1,0.0,923896,0.0,#8CD17D
2024-06-04,Chelan County,GE.1,0.0,923896,0.0,#FABFD2
2024-06-04,Chelan County,GK.1.1,0.0,923896,0.0,#90FAE5
2024-06-04,Chelan County,HF.1,0.0,923896,0.0,#D399AD
2024-06-04,Chelan County,HK.3,0.0,923896,0.0,#859DBC
2024-06-04,Chelan County,HV.1,0.0,923896,0.0,#797765
2024-06-04,Chelan County,JD.1.1,0.0,923896,0.0,#80F192
2024-06-04,Chelan County,JF.1,0.0,923896,0.0,#FFF1A9
2024-06-04,Chelan County,JG.3,0.0,923896,0.0,#66A172
2024-06-04,Chelan County,JN.1,10299.37291128,923896,0.011147762206222345,#61018F
2024-06-04,Chelan County,JN.1.11.1,0.0,923896,0.0,#5C9CF1
2024-06-04,Chelan County,JN.1.13,0.0,923896,0.0,#E83C78
2024-06-04,Chelan County,JN.1.13.1,0.0,923896,0.0,#F2591C
2024-06-04,Chelan County,JN.1.16,0.0,923896,0.0,#BC3A88
2024-06-04,Chelan County,JN.1.16.1,9670.39263848,923896,0.010466970999419848,#366298
2024-06-04,Chelan County,JN.1.18,0.0,923896,0.0,#4AF32F
2024-06-04,Chelan County,JN.1.32,0.0,923896,0.0,#2E7919
2024-06-04,Chelan County,JN.1.4.3,0.0,923896,0.0,#9D1010
2024-06-04,Chelan County,JN.1.7,0.0,923896,0.0,#CF15E8
2024-06-04,Chelan County,JN.1.8.1,0.0,923896,0.0,#FFB027
2024-06-04,Chelan County,KP.1.1,256.116554,923896,0.00027721361928182396,#CBFF86
2024-06-04,Chelan County,KP.1.1.3,53851.50922324,923896,0.05828741462593192,#1EB3B6
2024-06-04,Chelan County,KP.1.2,0.0,923896,0.0,#D7B5A6
2024-06-04,Chelan County,KP.2,1606.0613256000001,923896,0.0017383572670517029,#5875A1
2024-06-04,Chelan County,KP.2.15,0.0,923896,0.0,#175DFF
2024-06-04,Chelan County,KP.2.3,750866.6643875999,923896,0.8127177348831469,#628DE8
2024-06-04,Chelan County,KP.3,86061.19120015998,923896,0.09315030176573985,#B06589
2024-06-04,Chelan County,KP.3.1.1,0.0,923896,0.0,#2F92A1
2024-06-04,Chelan County,KP.4.1,0.0,923896,0.0,#FF473A
2024-06-04,Chelan County,KQ.1,0.0,923896,0.0,#E86CDE
2024-06-04,Chelan County,KV.2,0.0,923896,0.0,#E14365
2024-06-04,Chelan County,KW.1.1,0.0,923896,0.0,#34A0FF
2024-06-04,Chelan County,LB.1,0.0,923896,0.0,#795653
2024-06-04,Chelan County,Recombinant,0.0,923896,0.0,#FF0000
2024-06-04,Chelan County,XBB,0.0,923896,0.0,#9FA8DA
2024-06-04,Chelan County,XBB.1.16,0.0,923896,0.0,#4527A0
2024-06-04,Chelan County,XBB.1.16.1,0.0,923896,0.0,#F89B9B
2024-06-04,Chelan County,XBB.1.16.15,0.0,923896,0.0,#E3B5FA
2024-06-04,Chelan County,XBB.1.16.6,0.0,923896,0.0,#5AA350
2024-06-04,Chelan County,XBB.1.42.1,0.0,923896,0.0,#75D1A3
2024-06-04,Chelan County,XBB.1.5,0.0,923896,0.0,#3F51B5
2024-06-04,Chelan County,XBB.1.5.70,0.0,923896,0.0,#46783C
2024-06-04,Chelan County,XBB.1.5.72,0.0,923896,0.0,#254220
2024-06-04,Chelan County,XBB.1.9.1,0.0,923896,0.0,#304FFE
2024-06-04,Chelan County,XBB.1.9.2,0.0,923896,0.0,#536DFE
2024-06-04,Chelan County,XBB.2.3,0.0,923896,0.0,#F7BCDF
2024-06-04,Chelan County,XDP,0.0,923896,0.0,#B60052
2024-06-04,Chelan County,XDV.1,0.0,923896,0.0,#D367B6
2024-06-04,Chelan County,unreportable,11284.69175964,923896,0.012214244633205468,#eeeeee
2024-06-04,Franklin County,BA.2,0.0,737220,0.0,#9CCD67
2024-06-04,Franklin County,BA.2.12.1,0.0,737220,0.0,#7CB342
2024-06-04,Franklin County,BA.2.86,0.0,737220,0.0,#D770EE
2024-06-04,Franklin County,EG.5,0.0,737220,0.0,#FFBE7D
2024-06-04,Franklin County,EG.5.1.8,0.0,737220,0.0,#E14D6F
2024-06-04,Franklin County,EG.6.1,0.0,737220,0.0,#B9ABA8
2024-06-04,Franklin County,FE.1.1,0.0,737220,0.0,#499894
2024-06-04,Franklin County,FL.1.5.1,0.0,737220,0.0,#8CD17D
2024-06-04,Franklin County,GE.1,0.0,737220,0.0,#FABFD2
2024-06-04,Franklin County,GK.1.1,0.0,737220,0.0,#90FAE5
2024-06-04,Franklin County,HF.1,0.0,737220,0.0,#D399AD
2024-06-04,Franklin County,HK.3,0.0,737220,0.0,#859DBC
2024-06-04,Franklin County,HV.1,0.0,737220,0.0,#797765
2024-06-04,Franklin County,JD.1.1,0.0,737220,0.0,#80F192
2024-06-04,Franklin County,JF.1,0.0,737220,0.0,#FFF1A9
2024-06-04,Franklin County,JG.3,0.0,737220,0.0,#66A172
2024-06-04,Franklin County,JN.1,2516.905941,737220,0.00341405,#61018F
2024-06-04,Franklin County,JN.1.11.1,0.0,737220,0.0,#5C9CF1
2024-06-04,Franklin County,JN.1.13,0.0,737220,0.0,#E83C78
2024-06-04,Franklin County,JN.1.13.1,0.0,737220,0.0,#F2591C
2024-06-04,Franklin County,JN.1.16,0.0,737220,0.0,#BC3A88
2024-06-04,Franklin County,JN.1.16.1,74342.5696794,737220,0.10084177,#366298
2024-06-04,Franklin County,JN.1.18,0.0,737220,0.0,#4AF32F
2024-06-04,Franklin County,JN.1.32,0.0,737220,0.0,#2E7919
2024-06-04,Franklin County,JN.1.4.3,0.0,737220,0.0,#9D1010
2024-06-04,Franklin County,JN.1.7,0.0,737220,0.0,#CF15E8
2024-06-04,Franklin County,JN.1.8.1,0.0,737220,0.0,#FFB027
2024-06-04,Franklin County,KP.1.1,891.2326302000001,737220,0.00120891,#CBFF86
2024-06-04,Franklin County,KP.1.1.3,0.0,737220,0.0,#1EB3B6
2024-06-04,Franklin County,KP.1.2,0.0,737220,0.0,#D7B5A6
2024-06-04,Franklin County,KP.2,967.7855549999999,737220,0.00131275,#5875A1
2024-06-04,Franklin County,KP.2.15,4153.644924,737220,0.005634200000000001,#175DFF
2024-06-04,Franklin County,KP.2.3,132142.0331418,737220,0.17924369,#628DE8
2024-06-04,Franklin County,KP.3,291756.9603102,737220,0.39575291,#B06589
2024-06-04,Franklin County,KP.3.1.1,0.0,737220,0.0,#2F92A1
2024-06-04,Franklin County,KP.4.1,0.0,737220,0.0,#FF473A
2024-06-04,Franklin County,KQ.1,0.0,737220,0.0,#E86CDE
2024-06-04,Franklin County,KV.2,0.0,737220,0.0,#E14365
2024-06-04,Franklin County,KW.1.1,0.0,737220,0.0,#34A0FF
2024-06-04,Franklin County,LB.1,221368.41112320003,737220,0.30027456,#795653
2024-06-04,Franklin County,Recombinant,0.0,737220,0.0,#FF0000
2024-06-04,Franklin County,XBB,0.0,737220,0.0,#9FA8DA
2024-06-04,Franklin County,XBB.1.16,0.0,737220,0.0,#4527A0
2024-06-04,Franklin County,XBB.1.16.1,0.0,737220,0.0,#F89B9B
2024-06-04,Franklin County,XBB.1.16.15,0.0,737220,0.0,#E3B5FA
2024-06-04,Franklin County,XBB.1.16.6,0.0,737220,0.0,#5AA350
2024-06-04,Franklin County,XBB.1.42.1,0.0,737220,0.0,#75D1A3
2024-06-04,Franklin County,XBB.1.5,0.0,737220,0.0,#3F51B5
2024-06-04,Franklin County,XBB.1.5.70,0.0,737220,0.0,#46783C
2024-06-04,Franklin County,XBB.1.5.72,0.0,737220,0.0,#254220
2024-06-04,Franklin County,XBB.1.9.1,0.0,737220,0.0,#304FFE
2024-06-04,Franklin County,XBB.1.9.2,0.0,737220,0.0,#536DFE
2024-06-04,Franklin County,XBB.2.3,0.0,737220,0.0,#F7BCDF
2024-06-04,Franklin County,XDP,0.0,737220,0.0,#B60052
2024-06-04,Franklin County,XDV.1,0.0,737220,0.0,#D367B6
2024-06-04,Franklin County,unreportable,9080.449323,737220,0.01231715,#eeeeee
2024-06-04,Island County,BA.2,0.0,958987,0.0,#9CCD67
2024-06-04,Island County,BA.2.12.1,0.0,958987,0.0,#7CB342
2024-06-04,Island County,BA.2.86,0.0,958987,0.0,#D770EE
2024-06-04,Island County,EG.5,0.0,958987,0.0,#FFBE7D
2024-06-04,Island County,EG.5.1.8,0.0,958987,0.0,#E14D6F
2024-06-04,Island County,EG.6.1,0.0,958987,0.0,#B9ABA8
2024-06-04,Island County,FE.1.1,0.0,958987,0.0,#499894
2024-06-04,Island County,FL.1.5.1,0.0,958987,0.0,#8CD17D
2024-06-04,Island County,GE.1,0.0,958987,0.0,#FABFD2
2024-06-04,Island County,GK.1.1,0.0,958987,0.0,#90FAE5
2024-06-04,Island County,HF.1,0.0,958987,0.0,#D399AD
2024-06-04,Island County,HK.3,0.0,958987,0.0,#859DBC
2024-06-04,Island County,HV.1,0.0,958987,0.0,#797765
2024-06-04,Island County,JD.1.1,0.0,958987,0.0,#80F192
2024-06-04,Island County,JF.1,0.0,958987,0.0,#FFF1A9
2024-06-04,Island County,JG.3,0.0,958987,0.0,#66A172
2024-06-04,Island County,JN.1,170266.83067752002,958987,0.1775486327526025,#61018F
2024-06-04,Island County,JN.1.11.1,925.9849619999999,958987,0.0009655865637386115,#5C9CF1
2024-06-04,Island County,JN.1.13,0.0,958987,0.0,#E83C78
2024-06-04,Island County,JN.1.13.1,0.0,958987,0.0,#F2591C
2024-06-04,Island County,JN.1.16,1194.11709627,958987,0.0012451859058256265,#BC3A88
2024-06-04,Island County,JN.1.16.1,184458.80512658,958987,0.19234755541689302,#366298
2024-06-04,Island County,JN.1.18,80791.17273504,958987,0.08424636906969542,#4AF32F
2024-06-04,Island County,JN.1.32,0.0,958987,0.0,#2E7919
2024-06-04,Island County,JN.1.4.3,0.0,958987,0.0,#9D1010
2024-06-04,Island County,JN.1.7,0.0,958987,0.0,#CF15E8
2024-06-04,Island County,JN.1.8.1,0.0,958987,0.0,#FFB027
2024-06-04,Island County,KP.1.1,0.0,958987,0.0,#CBFF86
2024-06-04,Island County,KP.1.1.3,0.0,958987,0.0,#1EB3B6
2024-06-04,Island County,KP.1.2,742.60242756,958987,0.000774361307880086,#D7B5A6
2024-06-04,Island County,KP.2,221755.52308965,958987,0.23123934223263715,#5875A1
2024-06-04,Island County,KP.2.15,0.0,958987,0.0,#175DFF
2024-06-04,Island County,KP.2.3,92668.65434449998,958987,0.09663181497194434,#628DE8
2024-06-04,Island County,KP.3,197188.83438429,958987,0.20562200987530593,#B06589
2024-06-04,Island County,KP.3.1.1,444.20274553999997,958987,0.0004631999657346762,#2F92A1
2024-06-04,Island County,KP.4.1,377.6234355,958987,0.0003937732581359289,#FF473A
2024-06-04,Island County,KQ.1,0.0,958987,0.0,#E86CDE
2024-06-04,Island County,KV.2,0.0,958987,0.0,#E14365
2024-06-04,Island County,KW.1.1,0.0,958987,0.0,#34A0FF
2024-06-04,Island County,LB.1,0.0,958987,0.0,#795653
2024-06-04,Island County,Recombinant,0.0,958987,0.0,#FF0000
2024-06-04,Island County,XBB,0.0,958987,0.0,#9FA8DA
2024-06-04,Island County,XBB.1.16,0.0,958987,0.0,#4527A0
2024-06-04,Island County,XBB.1.16.1,0.0,958987,0.0,#F89B9B
2024-06-04,Island County,XBB.1.16.15,0.0,958987,0.0,#E3B5FA
2024-06-04,Island County,XBB.1.16.6,0.0,958987,0.0,#5AA350
2024-06-04,Island County,XBB.1.42.1,0.0,958987,0.0,#75D1A3
2024-06-04,Island County,XBB.1.5,0.0,958987,0.0,#3F51B5
2024-06-04,Island County,XBB.1.5.70,0.0,958987,0.0,#46783C
2024-06-04,Island County,XBB.1.5.72,0.0,958987,0.0,#254220
2024-06-04,Island County,XBB.1.9.1,0.0,958987,0.0,#304FFE
2024-06-04,Island County,XBB.1.9.2,0.0,958987,0.0,#536DFE
2024-06-04,Island County,XBB.2.3,0.0,958987,0.0,#F7BCDF
2024-06-04,Island County,XDP,0.0,958987,0.0,#B60052
2024-06-04,Island County,XDV.1,0.0,958987,0.0,#D367B6
2024-06-04,Island County,unreportable,8172.6517290599995,958987,0.00852217155087608,#eeeeee
2024-06-04,Jefferson County,BA.2,0.0,162770,0.0,#9CCD67
2024-06-04,Jefferson County,BA.2.12.1,0.0,162770,0.0,#7CB342
2024-06-04,Jefferson County,BA.2.86,0.0,162770,0.0,#D770EE
2024-06-04,Jefferson County,EG.5,0.0,162770,0.0,#FFBE7D
2024-06-04,Jefferson County,EG.5.1.8,0.0,162770,0.0,#E14D6F
2024-06-04,Jefferson County,EG.6.1,0.0,162770,0.0,#B9ABA8
2024-06-04,Jefferson County,FE.1.1,0.0,162770,0.0,#499894
2024-06-04,Jefferson County,FL.1.5.1,0.0,162770,0.0,#8CD17D
2024-06-04,Jefferson County,GE.1,0.0,162770,0.0,#FABFD2
2024-06-04,Jefferson County,GK.1.1,0.0,162770,0.0,#90FAE5
2024-06-04,Jefferson County,HF.1,0.0,162770,0.0,#D399AD
2024-06-04,Jefferson County,HK.3,0.0,162770,0.0,#859DBC
2024-06-04,Jefferson County,HV.1,0.0,162770,0.0,#797765
2024-06-04,Jefferson County,JD.1.1,0.0,162770,0.0,#80F192
2024-06-04,Jefferson County,JF.1,0.0,162770,0.0,#FFF1A9
2024-06-04,Jefferson County,JG.3,0.0,162770,0.0,#66A172
2024-06-04,Jefferson County,JN.1,5010.5082175,162770,0.030782749999999998,#61018F
2024-06-04,Jefferson County,JN.1.11.1,66042.3535141,162770,0.40574033000000004,#5C9CF1
2024-06-04,Jefferson County,JN.1.13,0.0,162770,0.0,#E83C78
2024-06-04,Jefferson County,JN.1.13.1,0.0,162770,0.0,#F2591C
2024-06-04,Jefferson County,JN.1.16,0.0,162770,0.0,#BC3A88
2024-06-04,Jefferson County,JN.1.16.1,155.7513576,162770,0.00095688,#366298
2024-06-04,Jefferson County,JN.1.18,213.45006719999998,162770,0.00131136,#4AF32F
2024-06-04,Jefferson County,JN.1.32,0.0,162770,0.0,#2E7919
2024-06-04,Jefferson County,JN.1.4.3,0.0,162770,0.0,#9D1010
2024-06-04,Jefferson County,JN.1.7,353.634102,162770,0.0021726,#CF15E8
2024-06-04,Jefferson County,JN.1.8.1,0.0,162770,0.0,#FFB027
2024-06-04,Jefferson County,KP.1.1,2498.1435013,162770,0.01534769,#CBFF86
2024-06-04,Jefferson County,KP.1.1.3,5279.1828903,162770,0.03243339,#1EB3B6
2024-06-04,Jefferson County,KP.1.2,54756.3016607,162770,0.33640291,#D7B5A6
2024-06-04,Jefferson County,KP.2,21057.0372914,162770,0.12936682,#5875A1
2024-06-04,Jefferson County,KP.2.15,3830.7154481000002,162770,0.02353453,#175DFF
2024-06-04,Jefferson County,KP.2.3,0.0,162770,0.0,#628DE8
2024-06-04,Jefferson County,KP.3,0.0,162770,0.0,#B06589
2024-06-04,Jefferson County,KP.3.1.1,0.0,162770,0.0,#2F92A1
2024-06-04,Jefferson County,KP.4.1,0.0,162770,0.0,#FF473A
2024-06-04,Jefferson County,KQ.1,0.0,162770,0.0,#E86CDE
2024-06-04,Jefferson County,KV.2,0.0,162770,0.0,#E14365
2024-06-04,Jefferson County,KW.1.1,0.0,162770,0.0,#34A0FF
2024-06-04,Jefferson County,LB.1,0.0,162770,0.0,#795653
2024-06-04,Jefferson County,Recombinant,0.0,162770,0.0,#FF0000
2024-06-04,Jefferson County,XBB,0.0,162770,0.0,#9FA8DA
2024-06-04,Jefferson County,XBB.1.16,0.0,162770,0.0,#4527A0
2024-06-04,Jefferson County,XBB.1.16.1,0.0,162770,0.0,#F89B9B
2024-06-04,Jefferson County,XBB.1.16.15,0.0,162770,0.0,#E3B5FA
2024-06-04,Jefferson County,XBB.1.16.6,0.0,162770,0.0,#5AA350
2024-06-04,Jefferson County,XBB.1.42.1,0.0,162770,0.0,#75D1A3
2024-06-04,Jefferson County,XBB.1.5,0.0,162770,0.0,#3F51B5
2024-06-04,Jefferson County,XBB.1.5.70,0.0,162770,0.0,#46783C
2024-06-04,Jefferson County,XBB.1.5.72,0.0,162770,0.0,#254220
2024-06-04,Jefferson County,XBB.1.9.1,0.0,162770,0.0,#304FFE
2024-06-04,Jefferson County,XBB.1.9.2,0.0,162770,0.0,#536DFE
2024-06-04,Jefferson County,XBB.2.3,0.0,162770,0.0,#F7BCDF
2024-06-04,Jefferson County,XDP,0.0,162770,0.0,#B60052
2024-06-04,Jefferson County,XDV.1,0.0,162770,0.0,#D367B6
2024-06-04,Jefferson County,unreportable,3572.9219497999998,162770,0.02195074,#eeeeee
2024-06-04,Kittitas County,BA.2,0.0,719262,0.0,#9CCD67
2024-06-04,Kittitas County,BA.2.12.1,0.0,719262,0.0,#7CB342
2024-06-04,Kittitas County,BA.2.86,0.0,719262,0.0,#D770EE
2024-06-04,Kittitas County,EG.5,0.0,719262,0.0,#FFBE7D
2024-06-04,Kittitas County,EG.5.1.8,0.0,719262,0.0,#E14D6F
2024-06-04,Kittitas County,EG.6.1,0.0,719262,0.0,#B9ABA8
2024-06-04,Kittitas County,FE.1.1,0.0,719262,0.0,#499894
2024-06-04,Kittitas County,FL.1.5.1,0.0,719262,0.0,#8CD17D
2024-06-04,Kittitas County,GE.1,0.0,719262,0.0,#FABFD2
2024-06-04,Kittitas County,GK.1.1,0.0,719262,0.0,#90FAE5
2024-06-04,Kittitas County,HF.1,0.0,719262,0.0,#D399AD
2024-06-04,Kittitas County,HK.3,0.0,719262,0.0,#859DBC
2024-06-04,Kittitas County,HV.1,0.0,719262,0.0,#797765
2024-06-04,Kittitas County,JD.1.1,0.0,719262,0.0,#80F192
2024-06-04,Kittitas County,JF.1,0.0,719262,0.0,#FFF1A9
2024-06-04,Kittitas County,JG.3,0.0,719262,0.0,#66A172
2024-06-04,Kittitas County,JN.1,112076.41899942,719262,0.15582141,#61018F
2024-06-04,Kittitas County,JN.1.11.1,152918.79820668,719262,0.21260514,#5C9CF1
2024-06-04,Kittitas County,JN.1.13,0.0,719262,0.0,#E83C78
2024-06-04,Kittitas County,JN.1.13.1,0.0,719262,0.0,#F2591C
2024-06-04,Kittitas County,JN.1.16,0.0,719262,0.0,#BC3A88
2024-06-04,Kittitas County,JN.1.16.1,0.0,719262,0.0,#366298
2024-06-04,Kittitas County,JN.1.18,0.0,719262,0.0,#4AF32F
2024-06-04,Kittitas County,JN.1.32,0.0,719262,0.0,#2E7919
2024-06-04,Kittitas County,JN.1.4.3,0.0,719262,0.0,#9D1010
2024-06-04,Kittitas County,JN.1.7,0.0,719262,0.0,#CF15E8
2024-06-04,Kittitas County,JN.1.8.1,0.0,719262,0.0,#FFB027
2024-06-04,Kittitas County,KP.1.1,2142.3362522400002,719262,0.0029785200000000006,#CBFF86
2024-06-04,Kittitas County,KP.1.1.3,0.0,719262,0.0,#1EB3B6
2024-06-04,Kittitas County,KP.1.2,0.0,719262,0.0,#D7B5A6
2024-06-04,Kittitas County,KP.2,8934.95307618,719262,0.01242239,#5875A1
2024-06-04,Kittitas County,KP.2.15,4914.88267626,719262,0.00683323,#175DFF
2024-06-04,Kittitas County,KP.2.3,0.0,719262,0.0,#628DE8
2024-06-04,Kittitas County,KP.3,147044.32651836,719262,0.20443778,#B06589
2024-06-04,Kittitas County,KP.3.1.1,0.0,719262,0.0,#2F92A1
2024-06-04,Kittitas County,KP.4.1,0.0,719262,0.0,#FF473A
2024-06-04,Kittitas County,KQ.1,0.0,719262,0.0,#E86CDE
2024-06-04,Kittitas County,KV.2,0.0,719262,0.0,#E14365
2024-06-04,Kittitas County,KW.1.1,0.0,719262,0.0,#34A0FF
2024-06-04,Kittitas County,LB.1,284717.345283,719262,0.3958465,#795653
2024-06-04,Kittitas County,Recombinant,0.0,719262,0.0,#FF0000
2024-06-04,Kittitas County,XBB,0.0,719262,0.0,#9FA8DA
2024-06-04,Kittitas County,XBB.1.16,0.0,719262,0.0,#4527A0
2024-06-04,Kittitas County,XBB.1.16.1,0.0,719262,0.0,#F89B9B
2024-06-04,Kittitas County,XBB.1.16.15,0.0,719262,0.0,#E3B5FA
2024-06-04,Kittitas County,XBB.1.16.6,0.0,719262,0.0,#5AA350
2024-06-04,Kittitas County,XBB.1.42.1,0.0,719262,0.0,#75D1A3
2024-06-04,Kittitas County,XBB.1.5,0.0,719262,0.0,#3F51B5
2024-06-04,Kittitas County,XBB.1.5.70,0.0,719262,0.0,#46783C
2024-06-04,Kittitas County,XBB.1.5.72,0.0,719262,0.0,#254220
2024-06-04,Kittitas County,XBB.1.9.1,0.0,719262,0.0,#304FFE
2024-06-04,Kittitas County,XBB.1.9.2,0.0,719262,0.0,#536DFE
2024-06-04,Kittitas County,XBB.2.3,0.0,719262,0.0,#F7BCDF
2024-06-04,Kittitas County,XDP,0.0,719262,0.0,#B60052
2024-06-04,Kittitas County,XDV.1,0.0,719262,0.0,#D367B6
2024-06-04,Kittitas County,unreportable,6512.931795240001,719262,0.00905502,#eeeeee
2024-06-04,Okanogan County,BA.2,0.0,951940,0.0,#9CCD67
2024-06-04,Okanogan County,BA.2.12.1,0.0,951940,0.0,#7CB342
2024-06-04,Okanogan County,BA.2.86,0.0,951940,0.0,#D770EE
2024-06-04,Okanogan County,EG.5,0.0,951940,0.0,#FFBE7D
2024-06-04,Okanogan County,EG.5.1.8,0.0,951940,0.0,#E14D6F
2024-06-04,Okanogan County,EG.6.1,0.0,951940,0.0,#B9ABA8
2024-06-04,Okanogan County,FE.1.1,0.0,951940,0.0,#499894
2024-06-04,Okanogan County,FL.1.5.1,0.0,951940,0.0,#8CD17D
2024-06-04,Okanogan County,GE.1,0.0,951940,0.0,#FABFD2
2024-06-04,Okanogan County,GK.1.1,0.0,951940,0.0,#90FAE5
2024-06-04,Okanogan County,HF.1,0.0,951940,0.0,#D399AD
2024-06-04,Okanogan County,HK.3,0.0,951940,0.0,#859DBC
2024-06-04,Okanogan County,HV.1,0.0,951940,0.0,#797765
2024-06-04,Okanogan County,JD.1.1,0.0,951940,0.0,#80F192
2024-06-04,Okanogan County,JF.1,0.0,951940,0.0,#FFF1A9
2024-06-04,Okanogan County,JG.3,0.0,951940,0.0,#66A172
2024-06-04,Okanogan County,JN.1,15303.316696200001,951940,0.016075925684601974,#61018F
2024-06-04,Okanogan County,JN.1.11.1,0.0,951940,0.0,#5C9CF1
2024-06-04,Okanogan County,JN.1.13,0.0,951940,0.0,#E83C78
2024-06-04,Okanogan County,JN.1.13.1,0.0,951940,0.0,#F2591C
2024-06-04,Okanogan County,JN.1.16,0.0,951940,0.0,#BC3A88
2024-06-04,Okanogan County,JN.1.16.1,102841.8561846,951940,0.10803396872134798,#366298
2024-06-04,Okanogan County,JN.1.18,1911.6968364000002,951940,0.002008211480135303,#4AF32F
2024-06-04,Okanogan County,JN.1.32,0.0,951940,0.0,#2E7919
2024-06-04,Okanogan County,JN.1.4.3,0.0,951940,0.0,#9D1010
2024-06-04,Okanogan County,JN.1.7,0.0,951940,0.0,#CF15E8
2024-06-04,Okanogan County,JN.1.8.1,0.0,951940,0.0,#FFB027
2024-06-04,Okanogan County,KP.1.1,156946.9849974,951940,0.164870669367187,#CBFF86
2024-06-04,Okanogan County,KP.1.1.3,7389.782337500001,951940,0.007762865661176125,#1EB3B6
2024-06-04,Okanogan County,KP.1.2,0.0,951940,0.0,#D7B5A6
2024-06-04,Okanogan County,KP.2,207015.8712453,951940,0.21746735219162971,#5875A1
2024-06-04,Okanogan County,KP.2.15,2230.5665772,951940,0.002343179798306616,#175DFF
2024-06-04,Okanogan County,KP.2.3,0.0,951940,0.0,#628DE8
2024-06-04,Okanogan County,KP.3,95464.2773333,951940,0.1002839226561548,#B06589
2024-06-04,Okanogan County,KP.3.1.1,0.0,951940,0.0,#2F92A1
2024-06-04,Okanogan County,KP.4.1,0.0,951940,0.0,#FF473A
2024-06-04,Okanogan County,KQ.1,0.0,951940,0.0,#E86CDE
2024-06-04,Okanogan County,KV.2,0.0,951940,0.0,#E14365
2024-06-04,Okanogan County,KW.1.1,0.0,951940,0.0,#34A0FF
2024-06-04,Okanogan County,LB.1,347528.3907069,951940,0.365073839429901,#795653
2024-06-04,Okanogan County,Recombinant,0.0,951940,0.0,#FF0000
2024-06-04,Okanogan County,XBB,0.0,951940,0.0,#9FA8DA
2024-06-04,Okanogan County,XBB.1.16,0.0,951940,0.0,#4527A0
2024-06-04,Okanogan County,XBB.1.16.1,0.0,951940,0.0,#F89B9B
2024-06-04,Okanogan County,XBB.1.16.15,0.0,951940,0.0,#E3B5FA
2024-06-04,Okanogan County,XBB.1.16.6,0.0,951940,0.0,#5AA350
2024-06-04,Okanogan County,XBB.1.42.1,0.0,951940,0.0,#75D1A3
2024-06-04,Okanogan County,XBB.1.5,0.0,951940,0.0,#3F51B5
2024-06-04,Okanogan County,XBB.1.5.70,0.0,951940,0.0,#46783C
2024-06-04,Okanogan County,XBB.1.5.72,0.0,951940,0.0,#254220
2024-06-04,Okanogan County,XBB.1.9.1,0.0,951940,0.0,#304FFE
2024-06-04,Okanogan County,XBB.1.9.2,0.0,951940,0.0,#536DFE
2024-06-04,Okanogan County,XBB.2.3,0.0,951940,0.0,#F7BCDF
2024-06-04,Okanogan County,XDP,0.0,951940,0.0,#B60052
2024-06-04,Okanogan County,XDV.1,0.0,951940,0.0,#D367B6
2024-06-04,Okanogan County,unreportable,15307.257085200003,951940,0.016080065009559427,#eeeeee
2024-06-04,Pierce County,BA.2,0.0,69239,0.0,#9CCD67
2024-06-04,Pierce County,BA.2.12.1,0.0,69239,0.0,#7CB342
2024-06-04,Pierce County,BA.2.86,0.0,69239,0.0,#D770EE
2024-06-04,Pierce County,EG.5,0.0,69239,0.0,#FFBE7D
2024-06-04,Pierce County,EG.5.1.8,0.0,69239,0.0,#E14D6F
2024-06-04,Pierce County,EG.6.1,0.0,69239,0.0,#B9ABA8
2024-06-04,Pierce County,FE.1.1,0.0,69239,0.0,#499894
2024-06-04,Pierce County,FL.1.5.1,0.0,69239,0.0,#8CD17D
2024-06-04,Pierce County,GE.1,0.0,69239,0.0,#FABFD2
2024-06-04,Pierce County,GK.1.1,0.0,69239,0.0,#90FAE5
2024-06-04,Pierce County,HF.1,0.0,69239,0.0,#D399AD
2024-06-04,Pierce County,HK.3,0.0,69239,0.0,#859DBC
2024-06-04,Pierce County,HV.1,0.0,69239,0.0,#797765
2024-06-04,Pierce County,JD.1.1,0.0,69239,0.0,#80F192
2024-06-04,Pierce County,JF.1,0.0,69239,0.0,#FFF1A9
2024-06-04,Pierce County,JG.3,0.0,69239,0.0,#66A172
2024-06-04,Pierce County,JN.1,0.0,69239,0.0,#61018F
2024-06-04,Pierce County,JN.1.11.1,0.0,69239,0.0,#5C9CF1
2024-06-04,Pierce County,JN.1.13,0.0,69239,0.0,#E83C78
2024-06-04,Pierce County,JN.1.13.1,0.0,69239,0.0,#F2591C
2024-06-04,Pierce County,JN.1.16,0.0,69239,0.0,#BC3A88
2024-06-04,Pierce County,JN.1.16.1,0.0,69239,0.0,#366298
2024-06-04,Pierce County,JN.1.18,0.0,69239,0.0,#4AF32F
2024-06-04,Pierce County,JN.1.32,0.0,69239,0.0,#2E7919
2024-06-04,Pierce County,JN.1.4.3,0.0,69239,0.0,#9D1010
2024-06-04,Pierce County,JN.1.7,0.0,69239,0.0,#CF15E8
2024-06-04,Pierce County,JN.1.8.1,0.0,69239,0.0,#FFB027
2024-06-04,Pierce County,KP.1.1,171.01409849,69239,0.00246991,#CBFF86
2024-06-04,Pierce County,KP.1.1.3,82.03713676,69239,0.00118484,#1EB3B6
2024-06-04,Pierce County,KP.1.2,2092.59298725,69239,0.03022275,#D7B5A6
2024-06-04,Pierce County,KP.2,4140.79823638,69239,0.059804420000000004,#5875A1
2024-06-04,Pierce County,KP.2.15,0.0,69239,0.0,#175DFF
2024-06-04,Pierce County,KP.2.3,0.0,69239,0.0,#628DE8
2024-06-04,Pierce County,KP.3,43321.86741488,69239,0.62568592,#B06589
2024-06-04,Pierce County,KP.3.1.1,0.0,69239,0.0,#2F92A1
2024-06-04,Pierce County,KP.4.1,71.08629652,69239,0.00102668,#FF473A
2024-06-04,Pierce County,KQ.1,0.0,69239,0.0,#E86CDE
2024-06-04,Pierce County,KV.2,0.0,69239,0.0,#E14365
2024-06-04,Pierce County,KW.1.1,0.0,69239,0.0,#34A0FF
2024-06-04,Pierce County,LB.1,0.0,69239,0.0,#795653
2024-06-04,Pierce County,Recombinant,19043.83590827,69239,0.27504493,#FF0000
2024-06-04,Pierce County,XBB,0.0,69239,0.0,#9FA8DA
2024-06-04,Pierce County,XBB.1.16,0.0,69239,0.0,#4527A0
2024-06-04,Pierce County,XBB.1.16.1,0.0,69239,0.0,#F89B9B
2024-06-04,Pierce County,XBB.1.16.15,0.0,69239,0.0,#E3B5FA
2024-06-04,Pierce County,XBB.1.16.6,0.0,69239,0.0,#5AA350
2024-06-04,Pierce County,XBB.1.42.1,0.0,69239,0.0,#75D1A3
2024-06-04,Pierce County,XBB.1.5,0.0,69239,0.0,#3F51B5
2024-06-04,Pierce County,XBB.1.5.70,0.0,69239,0.0,#46783C
2024-06-04,Pierce County,XBB.1.5.72,0.0,69239,0.0,#254220
2024-06-04,Pierce County,XBB.1.9.1,0.0,69239,0.0,#304FFE
2024-06-04,Pierce County,XBB.1.9.2,0.0,69239,0.0,#536DFE
2024-06-04,Pierce County,XBB.2.3,0.0,69239,0.0,#F7BCDF
2024-06-04,Pierce County,XDP,0.0,69239,0.0,#B60052
2024-06-04,Pierce County,XDV.1,0.0,69239,0.0,#D367B6
2024-06-04,Pierce County,unreportable,315.76722906000003,69239,0.00456054,#eeeeee
2024-06-04,Thurston County,BA.2,0.0,98160,0.0,#9CCD67
2024-06-04,Thurston County,BA.2.12.1,0.0,98160,0.0,#7CB342
2024-06-04,Thurston County,BA.2.86,0.0,98160,0.0,#D770EE
2024-06-04,Thurston County,EG.5,0.0,98160,0.0,#FFBE7D
2024-06-04,Thurston County,EG.5.1.8,0.0,98160,0.0,#E14D6F
2024-06-04,Thurston County,EG.6.1,0.0,98160,0.0,#B9ABA8
2024-06-04,Thurston County,FE.1.1,0.0,98160,0.0,#499894
2024-06-04,Thurston County,FL.1.5.1,0.0,98160,0.0,#8CD17D
2024-06-04,Thurston County,GE.1,0.0,98160,0.0,#FABFD2
2024-06-04,Thurston County,GK.1.1,0.0,98160,0.0,#90FAE5
2024-06-04,Thurston County,HF.1,0.0,98160,0.0,#D399AD
2024-06-04,Thurston County,HK.3,0.0,98160,0.0,#859DBC
2024-06-04,Thurston County,HV.1,0.0,98160,0.0,#797765
2024-06-04,Thurston County,JD.1.1,0.0,98160,0.0,#80F192
2024-06-04,Thurston County,JF.1,0.0,98160,0.0,#FFF1A9
2024-06-04,Thurston County,JG.3,0.0,98160,0.0,#66A172
2024-06-04,Thurston County,JN.1,374.6855544,98160,0.00381709,#61018F
2024-06-04,Thurston County,JN.1.11.1,0.0,98160,0.0,#5C9CF1
2024-06-04,Thurston County,JN.1.13,0.0,98160,0.0,#E83C78
2024-06-04,Thurston County,JN.1.13.1,0.0,98160,0.0,#F2591C
2024-06-04,Thurston County,JN.1.16,0.0,98160,0.0,#BC3A88
2024-06-04,Thurston County,JN.1.16.1,185.47233839999998,98160,0.0018894899999999997,#366298
2024-06-04,Thurston County,JN.1.18,127.0347456,98160,0.00129416,#4AF32F
2024-06-04,Thurston County,JN.1.32,0.0,98160,0.0,#2E7919
2024-06-04,Thurston County,JN.1.4.3,0.0,98160,0.0,#9D1010
2024-06-04,Thurston County,JN.1.7,0.0,98160,0.0,#CF15E8
2024-06-04,Thurston County,JN.1.8.1,0.0,98160,0.0,#FFB027
2024-06-04,Thurston County,KP.1.1,0.0,98160,0.0,#CBFF86
2024-06-04,Thurston County,KP.1.1.3,0.0,98160,0.0,#1EB3B6
2024-06-04,Thurston County,KP.1.2,202.6179456,98160,0.00206416,#D7B5A6
2024-06-04,Thurston County,KP.2,0.0,98160,0.0,#5875A1
2024-06-04,Thurston County,KP.2.15,0.0,98160,0.0,#175DFF
2024-06-04,Thurston County,KP.2.3,0.0,98160,0.0,#628DE8
2024-06-04,Thurston County,KP.3,53631.472082399996,98160,0.54636789,#B06589
2024-06-04,Thurston County,KP.3.1.1,0.0,98160,0.0,#2F92A1
2024-06-04,Thurston County,KP.4.1,0.0,98160,0.0,#FF473A
2024-06-04,Thurston County,KQ.1,0.0,98160,0.0,#E86CDE
2024-06-04,Thurston County,KV.2,0.0,98160,0.0,#E14365
2024-06-04,Thurston County,KW.1.1,0.0,98160,0.0,#34A0FF
2024-06-04,Thurston County,LB.1,42235.913755199996,98160,0.43027621999999993,#795653
2024-06-04,Thurston County,Recombinant,0.0,98160,0.0,#FF0000
2024-06-04,Thurston County,XBB,0.0,98160,0.0,#9FA8DA
2024-06-04,Thurston County,XBB.1.16,0.0,98160,0.0,#4527A0
2024-06-04,Thurston County,XBB.1.16.1,0.0,98160,0.0,#F89B9B
2024-06-04,Thurston County,XBB.1.16.15,0.0,98160,0.0,#E3B5FA
2024-06-04,Thurston County,XBB.1.16.6,0.0,98160,0.0,#5AA350
2024-06-04,Thurston County,XBB.1.42.1,0.0,98160,0.0,#75D1A3
2024-06-04,Thurston County,XBB.1.5,0.0,98160,0.0,#3F51B5
2024-06-04,Thurston County,XBB.1.5.70,0.0,98160,0.0,#46783C
2024-06-04,Thurston County,XBB.1.5.72,0.0,98160,0.0,#254220
2024-06-04,Thurston County,XBB.1.9.1,0.0,98160,0.0,#304FFE
2024-06-04,Thurston County,XBB.1.9.2,0.0,98160,0.0,#536DFE
2024-06-04,Thurston County,XBB.2.3,0.0,98160,0.0,#F7BCDF
2024-06-04,Thurston County,XDP,0.0,98160,0.0,#B60052
2024-06-04,Thurston County,XDV.1,0.0,98160,0.0,#D367B6
2024-06-04,Thurston County,unreportable,1402.8035784,98160,0.014290990000000002,#eeeeee
2024-06-04,Walla Walla County,BA.2,0.0,551552,0.0,#9CCD67
2024-06-04,Walla Walla County,BA.2.12.1,0.0,551552,0.0,#7CB342
2024-06-04,Walla Walla County,BA.2.86,0.0,551552,0.0,#D770EE
2024-06-04,Walla Walla County,EG.5,0.0,551552,0.0,#FFBE7D
2024-06-04,Walla Walla County,EG.5.1.8,0.0,551552,0.0,#E14D6F
2024-06-04,Walla Walla County,EG.6.1,0.0,551552,0.0,#B9ABA8
2024-06-04,Walla Walla County,FE.1.1,0.0,551552,0.0,#499894
2024-06-04,Walla Walla County,FL.1.5.1,0.0,551552,0.0,#8CD17D
2024-06-04,Walla Walla County,GE.1,0.0,551552,0.0,#FABFD2
2024-06-04,Walla Walla County,GK.1.1,0.0,551552,0.0,#90FAE5
2024-06-04,Walla Walla County,HF.1,0.0,551552,0.0,#D399AD
2024-06-04,Walla Walla County,HK.3,0.0,551552,0.0,#859DBC
2024-06-04,Walla Walla County,HV.1,0.0,551552,0.0,#797765
2024-06-04,Walla Walla County,JD.1.1,0.0,551552,0.0,#80F192
2024-06-04,Walla Walla County,JF.1,0.0,551552,0.0,#FFF1A9
2024-06-04,Walla Walla County,JG.3,0.0,551552,0.0,#66A172
2024-06-04,Walla Walla County,JN.1,18734.82601344,551552,0.03396747,#61018F
2024-06-04,Walla Walla County,JN.1.11.1,332634.57458816,551552,0.60308833,#5C9CF1
2024-06-04,Walla Walla County,JN.1.13,0.0,551552,0.0,#E83C78
2024-06-04,Walla Walla County,JN.1.13.1,0.0,551552,0.0,#F2591C
2024-06-04,Walla Walla County,JN.1.16,0.0,551552,0.0,#BC3A88
2024-06-04,Walla Walla County,JN.1.16.1,75229.11153663999,551552,0.13639532,#366298
2024-06-04,Walla Walla County,JN.1.18,458.84162432000005,551552,0.00083191,#4AF32F
2024-06-04,Walla Walla County,JN.1.32,0.0,551552,0.0,#2E7919
2024-06-04,Walla Walla County,JN.1.4.3,0.0,551552,0.0,#9D1010
2024-06-04,Walla Walla County,JN.1.7,0.0,551552,0.0,#CF15E8
2024-06-04,Walla Walla County,JN.1.8.1,0.0,551552,0.0,#FFB027
2024-06-04,Walla Walla County,KP.1.1,1002.86493952,551552,0.00181826,#CBFF86
2024-06-04,Walla Walla County,KP.1.1.3,2386.36694528,551552,0.00432664,#1EB3B6
2024-06-04,Walla Walla County,KP.1.2,0.0,551552,0.0,#D7B5A6
2024-06-04,Walla Walla County,KP.2,2524.33216256,551552,0.00457678,#5875A1
2024-06-04,Walla Walla County,KP.2.15,0.0,551552,0.0,#175DFF
2024-06-04,Walla Walla County,KP.2.3,0.0,551552,0.0,#628DE8
2024-06-04,Walla Walla County,KP.3,1507.3861004799999,551552,0.00273299,#B06589
2024-06-04,Walla Walla County,KP.3.1.1,0.0,551552,0.0,#2F92A1
2024-06-04,Walla Walla County,KP.4.1,0.0,551552,0.0,#FF473A
2024-06-04,Walla Walla County,KQ.1,0.0,551552,0.0,#E86CDE
2024-06-04,Walla Walla County,KV.2,0.0,551552,0.0,#E14365
2024-06-04,Walla Walla County,KW.1.1,0.0,551552,0.0,#34A0FF
2024-06-04,Walla Walla County,LB.1,112273.35702144001,551552,0.20355897,#795653
2024-06-04,Walla Walla County,Recombinant,0.0,551552,0.0,#FF0000
2024-06-04,Walla Walla County,XBB,0.0,551552,0.0,#9FA8DA
2024-06-04,Walla Walla County,XBB.1.16,0.0,551552,0.0,#4527A0
2024-06-04,Walla Walla County,XBB.1.16.1,0.0,551552,0.0,#F89B9B
2024-06-04,Walla Walla County,XBB.1.16.15,0.0,551552,0.0,#E3B5FA
2024-06-04,Walla Walla County,XBB.1.16.6,0.0,551552,0.0,#5AA350
2024-06-04,Walla Walla County,XBB.1.42.1,0.0,551552,0.0,#75D1A3
2024-06-04,Walla Walla County,XBB.1.5,0.0,551552,0.0,#3F51B5
2024-06-04,Walla Walla County,XBB.1.5.70,0.0,551552,0.0,#46783C
2024-06-04,Walla Walla County,XBB.1.5.72,0.0,551552,0.0,#254220
2024-06-04,Walla Walla County,XBB.1.9.1,0.0,551552,0.0,#304FFE
2024-06-04,Walla Walla County,XBB.1.9.2,0.0,551552,0.0,#536DFE
2024-06-04,Walla Walla County,XBB.2.3,0.0,551552,0.0,#F7BCDF
2024-06-04,Walla Walla County,XDP,0.0,551552,0.0,#B60052
2024-06-04,Walla Walla County,XDV.1,0.0,551552,0.0,#D367B6
2024-06-04,Walla Walla County,unreportable,4800.333552640001,551552,0.00870332,#eeeeee
2024-06-04,Whitman County,BA.2,0.0,245487,0.0,#9CCD67
2024-06-04,Whitman County,BA.2.12.1,0.0,245487,0.0,#7CB342
2024-06-04,Whitman County,BA.2.86,0.0,245487,0.0,#D770EE
2024-06-04,Whitman County,EG.5,0.0,245487,0.0,#FFBE7D
2024-06-04,Whitman County,EG.5.1.8,0.0,245487,0.0,#E14D6F
2024-06-04,Whitman County,EG.6.1,0.0,245487,0.0,#B9ABA8
2024-06-04,Whitman County,FE.1.1,0.0,245487,0.0,#499894
2024-06-04,Whitman County,FL.1.5.1,0.0,245487,0.0,#8CD17D
2024-06-04,Whitman County,GE.1,0.0,245487,0.0,#FABFD2
2024-06-04,Whitman County,GK.1.1,0.0,245487,0.0,#90FAE5
2024-06-04,Whitman County,HF.1,0.0,245487,0.0,#D399AD
2024-06-04,Whitman County,HK.3,0.0,245487,0.0,#859DBC
2024-06-04,Whitman County,HV.1,0.0,245487,0.0,#797765
2024-06-04,Whitman County,JD.1.1,0.0,245487,0.0,#80F192
2024-06-04,Whitman County,JF.1,0.0,245487,0.0,#FFF1A9
2024-06-04,Whitman County,JG.3,0.0,245487,0.0,#66A172
2024-06-04,Whitman County,JN.1,43888.64701452,245487,0.17878196,#61018F
2024-06-04,Whitman County,JN.1.11.1,19055.341661069997,245487,0.07762260999999998,#5C9CF1
2024-06-04,Whitman County,JN.1.13,0.0,245487,0.0,#E83C78
2024-06-04,Whitman County,JN.1.13.1,3553.0315458,245487,0.0144734,#F2591C
2024-06-04,Whitman County,JN.1.16,443.73739146,245487,0.00180758,#BC3A88
2024-06-04,Whitman County,JN.1.16.1,853.60494153,245487,0.0034771900000000002,#366298
2024-06-04,Whitman County,JN.1.18,0.0,245487,0.0,#4AF32F
2024-06-04,Whitman County,JN.1.32,9731.69139393,245487,0.03964239,#2E7919
2024-06-04,Whitman County,JN.1.4.3,0.0,245487,0.0,#9D1010
2024-06-04,Whitman County,JN.1.7,57877.73598387,245487,0.23576701,#CF15E8
2024-06-04,Whitman County,JN.1.8.1,402.60358974,245487,0.00164002,#FFB027
2024-06-04,Whitman County,KP.1.1,343.12454451,245487,0.00139773,#CBFF86
2024-06-04,Whitman County,KP.1.1.3,0.0,245487,0.0,#1EB3B6
2024-06-04,Whitman County,KP.1.2,0.0,245487,0.0,#D7B5A6
2024-06-04,Whitman County,KP.2,0.0,245487,0.0,#5875A1
2024-06-04,Whitman County,KP.2.15,0.0,245487,0.0,#175DFF
2024-06-04,Whitman County,KP.2.3,75476.90767782001,245487,0.30745786,#628DE8
2024-06-04,Whitman County,KP.3,0.0,245487,0.0,#B06589
2024-06-04,Whitman County,KP.3.1.1,0.0,245487,0.0,#2F92A1
2024-06-04,Whitman County,KP.4.1,0.0,245487,0.0,#FF473A
2024-06-04,Whitman County,KQ.1,0.0,245487,0.0,#E86CDE
2024-06-04,Whitman County,KV.2,282.02528508,245487,0.00114884,#E14365
2024-06-04,Whitman County,KW.1.1,0.0,245487,0.0,#34A0FF
2024-06-04,Whitman County,LB.1,28659.161331569998,245487,0.11674411,#795653
2024-06-04,Whitman County,Recombinant,0.0,245487,0.0,#FF0000
2024-06-04,Whitman County,XBB,0.0,245487,0.0,#9FA8DA
2024-06-04,Whitman County,XBB.1.16,0.0,245487,0.0,#4527A0
2024-06-04,Whitman County,XBB.1.16.1,0.0,245487,0.0,#F89B9B
2024-06-04,Whitman County,XBB.1.16.15,0.0,245487,0.0,#E3B5FA
2024-06-04,Whitman County,XBB.1.16.6,0.0,245487,0.0,#5AA350
2024-06-04,Whitman County,XBB.1.42.1,0.0,245487,0.0,#75D1A3
2024-06-04,Whitman County,XBB.1.5,0.0,245487,0.0,#3F51B5
2024-06-04,Whitman County,XBB.1.5.70,0.0,245487,0.0,#46783C
2024-06-04,Whitman County,XBB.1.5.72,0.0,245487,0.0,#254220
2024-06-04,Whitman County,XBB.1.9.1,0.0,245487,0.0,#304FFE
2024-06-04,Whitman County,XBB.1.9.2,0.0,245487,0.0,#536DFE
2024-06-04,Whitman County,XBB.2.3,0.0,245487,0.0,#F7BCDF
2024-06-04,Whitman County,XDP,0.0,245487,0.0,#B60052
2024-06-04,Whitman County,XDV.1,0.0,245487,0.0,#D367B6
2024-06-04,Whitman County,unreportable,4919.38518423,245487,0.02003929,#eeeeee
2024-06-04,Yakima County,BA.2,0.0,1933008,0.0,#9CCD67
2024-06-04,Yakima County,BA.2.12.1,0.0,1933008,0.0,#7CB342
2024-06-04,Yakima County,BA.2.86,0.0,1933008,0.0,#D770EE
2024-06-04,Yakima County,EG.5,0.0,1933008,0.0,#FFBE7D
2024-06-04,Yakima County,EG.5.1.8,0.0,1933008,0.0,#E14D6F
2024-06-04,Yakima County,EG.6.1,0.0,1933008,0.0,#B9ABA8
2024-06-04,Yakima County,FE.1.1,0.0,1933008,0.0,#499894
2024-06-04,Yakima County,FL.1.5.1,0.0,1933008,0.0,#8CD17D
2024-06-04,Yakima County,GE.1,0.0,1933008,0.0,#FABFD2
2024-06-04,Yakima County,GK.1.1,0.0,1933008,0.0,#90FAE5
2024-06-04,Yakima County,HF.1,0.0,1933008,0.0,#D399AD
2024-06-04,Yakima County,HK.3,0.0,1933008,0.0,#859DBC
2024-06-04,Yakima County,HV.1,0.0,1933008,0.0,#797765
2024-06-04,Yakima County,JD.1.1,0.0,1933008,0.0,#80F192
2024-06-04,Yakima County,JF.1,0.0,1933008,0.0,#FFF1A9
2024-06-04,Yakima County,JG.3,0.0,1933008,0.0,#66A172
2024-06-04,Yakima County,JN.1,152516.85243664,1933008,0.0789013043074007,#61018F
2024-06-04,Yakima County,JN.1.11.1,304051.7586506,1933008,0.15729461991393723,#5C9CF1
2024-06-04,Yakima County,JN.1.13,0.0,1933008,0.0,#E83C78
2024-06-04,Yakima County,JN.1.13.1,1052.67386764,1933008,0.000544578122615116,#F2591C
2024-06-04,Yakima County,JN.1.16,0.0,1933008,0.0,#BC3A88
2024-06-04,Yakima County,JN.1.16.1,1611.715307,1933008,0.0008337861545322109,#366298
2024-06-04,Yakima County,JN.1.18,738.7787235999999,1933008,0.00038219123956031217,#4AF32F
2024-06-04,Yakima County,JN.1.32,0.0,1933008,0.0,#2E7919
2024-06-04,Yakima County,JN.1.4.3,0.0,1933008,0.0,#9D1010
2024-06-04,Yakima County,JN.1.7,0.0,1933008,0.0,#CF15E8
2024-06-04,Yakima County,JN.1.8.1,0.0,1933008,0.0,#FFB027
2024-06-04,Yakima County,KP.1.1,74159.84153228,1933008,0.038364994626137086,#CBFF86
2024-06-04,Yakima County,KP.1.1.3,0.0,1933008,0.0,#1EB3B6
2024-06-04,Yakima County,KP.1.2,0.0,1933008,0.0,#D7B5A6
2024-06-04,Yakima County,KP.2,398205.19064856006,1933008,0.20600286736969534,#5875A1
2024-06-04,Yakima County,KP.2.15,129540.73081535999,1933008,0.0670151033080877,#175DFF
2024-06-04,Yakima County,KP.2.3,212540.40479416,1933008,0.10995319460351947,#628DE8
2024-06-04,Yakima County,KP.3,255281.27414916,1933008,0.13206426158047974,#B06589
2024-06-04,Yakima County,KP.3.1.1,232064.2907904,1933008,0.12005345595589878,#2F92A1
2024-06-04,Yakima County,KP.4.1,0.0,1933008,0.0,#FF473A
2024-06-04,Yakima County,KQ.1,0.0,1933008,0.0,#E86CDE
2024-06-04,Yakima County,KV.2,0.0,1933008,0.0,#E14365
2024-06-04,Yakima County,KW.1.1,0.0,1933008,0.0,#34A0FF
2024-06-04,Yakima County,LB.1,140364.7948658,1933008,0.07261469940414111,#795653
2024-06-04,Yakima County,Recombinant,0.0,1933008,0.0,#FF0000
2024-06-04,Yakima County,XBB,0.0,1933008,0.0,#9FA8DA
2024-06-04,Yakima County,XBB.1.16,0.0,1933008,0.0,#4527A0
2024-06-04,Yakima County,XBB.1.16.1,0.0,1933008,0.0,#F89B9B
2024-06-04,Yakima County,XBB.1.16.15,0.0,1933008,0.0,#E3B5FA
2024-06-04,Yakima County,XBB.1.16.6,0.0,1933008,0.0,#5AA350
2024-06-04,Yakima County,XBB.1.42.1,0.0,1933008,0.0,#75D1A3
2024-06-04,Yakima County,XBB.1.5,0.0,1933008,0.0,#3F51B5
2024-06-04,Yakima County,XBB.1.5.70,0.0,1933008,0.0,#46783C
2024-06-04,Yakima County,XBB.1.5.72,0.0,1933008,0.0,#254220
2024-06-04,Yakima County,XBB.1.9.1,0.0,1933008,0.0,#304FFE
2024-06-04,Yakima County,XBB.1.9.2,0.0,1933008,0.0,#536DFE
2024-06-04,Yakima County,XBB.2.3,0.0,1933008,0.0,#F7BCDF
2024-06-04,Yakima County,XDP,0.0,1933008,0.0,#B60052
2024-06-04,Yakima County,XDV.1,0.0,1933008,0.0,#D367B6
2024-06-04,Yakima County,unreportable,30879.69456128,1933008,0.015974944005032573,#eeeeee
2024-06-11,Benton County,BA.2,0.0,502178,0.0,#9CCD67
2024-06-11,Benton County,BA.2.12.1,0.0,502178,0.0,#7CB342
2024-06-11,Benton County,BA.2.86,0.0,502178,0.0,#D770EE
2024-06-11,Benton County,EG.5,0.0,502178,0.0,#FFBE7D
2024-06-11,Benton County,EG.5.1.8,0.0,502178,0.0,#E14D6F
2024-06-11,Benton County,EG.6.1,0.0,502178,0.0,#B9ABA8
2024-06-11,Benton County,FE.1.1,0.0,502178,0.0,#499894
2024-06-11,Benton County,FL.1.5.1,0.0,502178,0.0,#8CD17D
2024-06-11,Benton County,GE.1,0.0,502178,0.0,#FABFD2
2024-06-11,Benton County,GK.1.1,0.0,502178,0.0,#90FAE5
2024-06-11,Benton County,HF.1,0.0,502178,0.0,#D399AD
2024-06-11,Benton County,HK.3,0.0,502178,0.0,#859DBC
2024-06-11,Benton County,HV.1,0.0,502178,0.0,#797765
2024-06-11,Benton County,JD.1.1,0.0,502178,0.0,#80F192
2024-06-11,Benton County,JF.1,0.0,502178,0.0,#FFF1A9
2024-06-11,Benton County,JG.3,0.0,502178,0.0,#66A172
2024-06-11,Benton County,JN.1,74567.80358462,502178,0.14848878999999998,#61018F
2024-06-11,Benton County,JN.1.11.1,1114.9858134,502178,0.0022203,#5C9CF1
2024-06-11,Benton County,JN.1.13,0.0,502178,0.0,#E83C78
2024-06-11,Benton County,JN.1.13.1,0.0,502178,0.0,#F2591C
2024-06-11,Benton County,JN.1.16,0.0,502178,0.0,#BC3A88
2024-06-11,Benton County,JN.1.16.1,0.0,502178,0.0,#366298
2024-06-11,Benton County,JN.1.18,2874.26097902,502178,0.00572359,#4AF32F
2024-06-11,Benton County,JN.1.32,0.0,502178,0.0,#2E7919
2024-06-11,Benton County,JN.1.4.3,0.0,502178,0.0,#9D1010
2024-06-11,Benton County,JN.1.7,0.0,502178,0.0,#CF15E8
2024-06-11,Benton County,JN.1.8.1,0.0,502178,0.0,#FFB027
2024-06-11,Benton County,KP.1.1,623.3284424999999,502178,0.00124125,#CBFF86
2024-06-11,Benton County,KP.1.1.3,135324.29602727998,502178,0.26947476,#1EB3B6
2024-06-11,Benton County,KP.1.2,0.0,502178,0.0,#D7B5A6
2024-06-11,Benton County,KP.2,1612.89027862,502178,0.00321179,#5875A1
2024-06-11,Benton County,KP.2.15,11643.44386842,502178,0.02318589,#175DFF
2024-06-11,Benton County,KP.2.3,0.0,502178,0.0,#628DE8
2024-06-11,Benton County,KP.3,197726.01398997998,502178,0.39373690999999994,#B06589
2024-06-11,Benton County,KP.3.1.1,490.95934348,502178,0.00097766,#2F92A1
2024-06-11,Benton County,KP.4.1,0.0,502178,0.0,#FF473A
2024-06-11,Benton County,KQ.1,0.0,502178,0.0,#E86CDE
2024-06-11,Benton County,KV.2,0.0,502178,0.0,#E14365
2024-06-11,Benton County,KW.1.1,0.0,502178,0.0,#34A0FF
2024-06-11,Benton County,LB.1,69229.43550808,502178,0.13785836,#795653
2024-06-11,Benton County,Recombinant,0.0,502178,0.0,#FF0000
2024-06-11,Benton County,XBB,0.0,502178,0.0,#9FA8DA
2024-06-11,Benton County,XBB.1.16,0.0,502178,0.0,#4527A0
2024-06-11,Benton County,XBB.1.16.1,0.0,502178,0.0,#F89B9B
2024-06-11,Benton County,XBB.1.16.15,0.0,502178,0.0,#E3B5FA
2024-06-11,Benton County,XBB.1.16.6,0.0,502178,0.0,#5AA350
2024-06-11,Benton County,XBB.1.42.1,0.0,502178,0.0,#75D1A3
2024-06-11,Benton County,XBB.1.5,0.0,502178,0.0,#3F51B5
2024-06-11,Benton County,XBB.1.5.70,0.0,502178,0.0,#46783C
2024-06-11,Benton County,XBB.1.5.72,0.0,502178,0.0,#254220
2024-06-11,Benton County,XBB.1.9.1,0.0,502178,0.0,#304FFE
2024-06-11,Benton County,XBB.1.9.2,0.0,502178,0.0,#536DFE
2024-06-11,Benton County,XBB.2.3,0.0,502178,0.0,#F7BCDF
2024-06-11,Benton County,XDP,0.0,502178,0.0,#B60052
2024-06-11,Benton County,XDV.1,0.0,502178,0.0,#D367B6
2024-06-11,Benton County,unreportable,6970.5821645999995,502178,0.0138807,#eeeeee
2024-06-11,Chelan County,BA.2,0.0,775980,0.0,#9CCD67
2024-06-11,Chelan County,BA.2.12.1,0.0,775980,0.0,#7CB342
2024-06-11,Chelan County,BA.2.86,0.0,775980,0.0,#D770EE
2024-06-11,Chelan County,EG.5,0.0,775980,0.0,#FFBE7D
2024-06-11,Chelan County,EG.5.1.8,0.0,775980,0.0,#E14D6F
2024-06-11,Chelan County,EG.6.1,0.0,775980,0.0,#B9ABA8
2024-06-11,Chelan County,FE.1.1,0.0,775980,0.0,#499894
2024-06-11,Chelan County,FL.1.5.1,0.0,775980,0.0,#8CD17D
2024-06-11,Chelan County,GE.1,0.0,775980,0.0,#FABFD2
2024-06-11,Chelan County,GK.1.1,0.0,775980,0.0,#90FAE5
2024-06-11,Chelan County,HF.1,0.0,775980,0.0,#D399AD
2024-06-11,Chelan County,HK.3,0.0,775980,0.0,#859DBC
2024-06-11,Chelan County,HV.1,0.0,775980,0.0,#797765
2024-06-11,Chelan County,JD.1.1,0.0,775980,0.0,#80F192
2024-06-11,Chelan County,JF.1,0.0,775980,0.0,#FFF1A9
2024-06-11,Chelan County,JG.3,0.0,775980,0.0,#66A172
2024-06-11,Chelan County,JN.1,0.0,775980,0.0,#61018F
2024-06-11,Chelan County,JN.1.11.1,0.0,775980,0.0,#5C9CF1
2024-06-11,Chelan County,JN.1.13,0.0,775980,0.0,#E83C78
2024-06-11,Chelan County,JN.1.13.1,0.0,775980,0.0,#F2591C
2024-06-11,Chelan County,JN.1.16,0.0,775980,0.0,#BC3A88
2024-06-11,Chelan County,JN.1.16.1,5400.844079400001,775980,0.006960030000000001,#366298
2024-06-11,Chelan County,JN.1.18,0.0,775980,0.0,#4AF32F
2024-06-11,Chelan County,JN.1.32,0.0,775980,0.0,#2E7919
2024-06-11,Chelan County,JN.1.4.3,0.0,775980,0.0,#9D1010
2024-06-11,Chelan County,JN.1.7,0.0,775980,0.0,#CF15E8
2024-06-11,Chelan County,JN.1.8.1,0.0,775980,0.0,#FFB027
2024-06-11,Chelan County,KP.1.1,124529.7592674,775980,0.16048063,#CBFF86
2024-06-11,Chelan County,KP.1.1.3,0.0,775980,0.0,#1EB3B6
2024-06-11,Chelan County,KP.1.2,0.0,775980,0.0,#D7B5A6
2024-06-11,Chelan County,KP.2,4809.0118932,775980,0.006197339999999999,#5875A1
2024-06-11,Chelan County,KP.2.15,2902.8868614,775980,0.00374093,#175DFF
2024-06-11,Chelan County,KP.2.3,37055.5746948,775980,0.04775326,#628DE8
2024-06-11,Chelan County,KP.3,596672.8968762,775980,0.76892819,#B06589
2024-06-11,Chelan County,KP.3.1.1,0.0,775980,0.0,#2F92A1
2024-06-11,Chelan County,KP.4.1,0.0,775980,0.0,#FF473A
2024-06-11,Chelan County,KQ.1,0.0,775980,0.0,#E86CDE
2024-06-11,Chelan County,KV.2,0.0,775980,0.0,#E14365
2024-06-11,Chelan County,KW.1.1,0.0,775980,0.0,#34A0FF
2024-06-11,Chelan County,LB.1,0.0,775980,0.0,#795653
2024-06-11,Chelan County,Recombinant,0.0,775980,0.0,#FF0000
2024-06-11,Chelan County,XBB,0.0,775980,0.0,#9FA8DA
2024-06-11,Chelan County,XBB.1.16,0.0,775980,0.0,#4527A0
2024-06-11,Chelan County,XBB.1.16.1,0.0,775980,0.0,#F89B9B
2024-06-11,Chelan County,XBB.1.16.15,0.0,775980,0.0,#E3B5FA
2024-06-11,Chelan County,XBB.1.16.6,0.0,775980,0.0,#5AA350
2024-06-11,Chelan County,XBB.1.42.1,0.0,775980,0.0,#75D1A3
2024-06-11,Chelan County,XBB.1.5,0.0,775980,0.0,#3F51B5
2024-06-11,Chelan County,XBB.1.5.70,0.0,775980,0.0,#46783C
2024-06-11,Chelan County,XBB.1.5.72,0.0,775980,0.0,#254220
2024-06-11,Chelan County,XBB.1.9.1,0.0,775980,0.0,#304FFE
2024-06-11,Chelan County,XBB.1.9.2,0.0,775980,0.0,#536DFE
2024-06-11,Chelan County,XBB.2.3,0.0,775980,0.0,#F7BCDF
2024-06-11,Chelan County,XDP,0.0,775980,0.0,#B60052
2024-06-11,Chelan County,XDV.1,0.0,775980,0.0,#D367B6
2024-06-11,Chelan County,unreportable,4609.0340874,775980,0.00593963,#eeeeee
2024-06-11,Franklin County,BA.2,0.0,737220,0.0,#9CCD67
2024-06-11,Franklin County,BA.2.12.1,0.0,737220,0.0,#7CB342
2024-06-11,Franklin County,BA.2.86,0.0,737220,0.0,#D770EE
2024-06-11,Franklin County,EG.5,0.0,737220,0.0,#FFBE7D
2024-06-11,Franklin County,EG.5.1.8,0.0,737220,0.0,#E14D6F
2024-06-11,Franklin County,EG.6.1,0.0,737220,0.0,#B9ABA8
2024-06-11,Franklin County,FE.1.1,0.0,737220,0.0,#499894
2024-06-11,Franklin County,FL.1.5.1,0.0,737220,0.0,#8CD17D
2024-06-11,Franklin County,GE.1,0.0,737220,0.0,#FABFD2
2024-06-11,Franklin County,GK.1.1,0.0,737220,0.0,#90FAE5
2024-06-11,Franklin County,HF.1,0.0,737220,0.0,#D399AD
2024-06-11,Franklin County,HK.3,0.0,737220,0.0,#859DBC
2024-06-11,Franklin County,HV.1,0.0,737220,0.0,#797765
2024-06-11,Franklin County,JD.1.1,0.0,737220,0.0,#80F192
2024-06-11,Franklin County,JF.1,0.0,737220,0.0,#FFF1A9
2024-06-11,Franklin County,JG.3,0.0,737220,0.0,#66A172
2024-06-11,Franklin County,JN.1,56940.624278999996,737220,0.07723695,#61018F
2024-06-11,Franklin County,JN.1.11.1,202315.34357759997,737220,0.27443007999999997,#5C9CF1
2024-06-11,Franklin County,JN.1.13,0.0,737220,0.0,#E83C78
2024-06-11,Franklin County,JN.1.13.1,0.0,737220,0.0,#F2591C
2024-06-11,Franklin County,JN.1.16,74830.66829700001,737220,0.10150385000000002,#BC3A88
2024-06-11,Franklin County,JN.1.16.1,0.0,737220,0.0,#366298
2024-06-11,Franklin County,JN.1.18,0.0,737220,0.0,#4AF32F
2024-06-11,Franklin County,JN.1.32,8487.1567836,737220,0.01151238,#2E7919
2024-06-11,Franklin County,JN.1.4.3,0.0,737220,0.0,#9D1010
2024-06-11,Franklin County,JN.1.7,7752.413842800001,737220,0.01051574,#CF15E8
2024-06-11,Franklin County,JN.1.8.1,0.0,737220,0.0,#FFB027
2024-06-11,Franklin County,KP.1.1,96153.9163662,737220,0.13042771,#CBFF86
2024-06-11,Franklin County,KP.1.1.3,1026.2323566,737220,0.00139203,#1EB3B6
2024-06-11,Franklin County,KP.1.2,0.0,737220,0.0,#D7B5A6
2024-06-11,Franklin County,KP.2,5172.593547,737220,0.00701635,#5875A1
2024-06-11,Franklin County,KP.2.15,1233.0889164,737220,0.00167262,#175DFF
2024-06-11,Franklin County,KP.2.3,73043.167824,737220,0.0990792,#628DE8
2024-06-11,Franklin County,KP.3,43112.2127568,737220,0.05847944,#B06589
2024-06-11,Franklin County,KP.3.1.1,0.0,737220,0.0,#2F92A1
2024-06-11,Franklin County,KP.4.1,0.0,737220,0.0,#FF473A
2024-06-11,Franklin County,KQ.1,0.0,737220,0.0,#E86CDE
2024-06-11,Franklin County,KV.2,0.0,737220,0.0,#E14365
2024-06-11,Franklin County,KW.1.1,0.0,737220,0.0,#34A0FF
2024-06-11,Franklin County,LB.1,144324.4388256,737220,0.19576848,#795653
2024-06-11,Franklin County,Recombinant,0.0,737220,0.0,#FF0000
2024-06-11,Franklin County,XBB,0.0,737220,0.0,#9FA8DA
2024-06-11,Franklin County,XBB.1.16,0.0,737220,0.0,#4527A0
2024-06-11,Franklin County,XBB.1.16.1,0.0,737220,0.0,#F89B9B
2024-06-11,Franklin County,XBB.1.16.15,0.0,737220,0.0,#E3B5FA
2024-06-11,Franklin County,XBB.1.16.6,0.0,737220,0.0,#5AA350
2024-06-11,Franklin County,XBB.1.42.1,0.0,737220,0.0,#75D1A3
2024-06-11,Franklin County,XBB.1.5,0.0,737220,0.0,#3F51B5
2024-06-11,Franklin County,XBB.1.5.70,0.0,737220,0.0,#46783C
2024-06-11,Franklin County,XBB.1.5.72,0.0,737220,0.0,#254220
2024-06-11,Franklin County,XBB.1.9.1,0.0,737220,0.0,#304FFE
2024-06-11,Franklin County,XBB.1.9.2,0.0,737220,0.0,#536DFE
2024-06-11,Franklin County,XBB.2.3,0.0,737220,0.0,#F7BCDF
2024-06-11,Franklin County,XDP,0.0,737220,0.0,#B60052
2024-06-11,Franklin County,XDV.1,0.0,737220,0.0,#D367B6
2024-06-11,Franklin County,unreportable,22828.1573718,737220,0.03096519,#eeeeee
2024-06-11,Island County,BA.2,0.0,1778632,0.0,#9CCD67
2024-06-11,Island County,BA.2.12.1,0.0,1778632,0.0,#7CB342
2024-06-11,Island County,BA.2.86,0.0,1778632,0.0,#D770EE
2024-06-11,Island County,EG.5,0.0,1778632,0.0,#FFBE7D
2024-06-11,Island County,EG.5.1.8,0.0,1778632,0.0,#E14D6F
2024-06-11,Island County,EG.6.1,0.0,1778632,0.0,#B9ABA8
2024-06-11,Island County,FE.1.1,0.0,1778632,0.0,#499894
2024-06-11,Island County,FL.1.5.1,0.0,1778632,0.0,#8CD17D
2024-06-11,Island County,GE.1,0.0,1778632,0.0,#FABFD2
2024-06-11,Island County,GK.1.1,0.0,1778632,0.0,#90FAE5
2024-06-11,Island County,HF.1,0.0,1778632,0.0,#D399AD
2024-06-11,Island County,HK.3,0.0,1778632,0.0,#859DBC
2024-06-11,Island County,HV.1,0.0,1778632,0.0,#797765
2024-06-11,Island County,JD.1.1,0.0,1778632,0.0,#80F192
2024-06-11,Island County,JF.1,0.0,1778632,0.0,#FFF1A9
2024-06-11,Island County,JG.3,0.0,1778632,0.0,#66A172
2024-06-11,Island County,JN.1,52192.41143968,1778632,0.029344131579596006,#61018F
2024-06-11,Island County,JN.1.11.1,1511.83938958,1778632,0.0008500012310472318,#5C9CF1
2024-06-11,Island County,JN.1.13,0.0,1778632,0.0,#E83C78
2024-06-11,Island County,JN.1.13.1,20008.9770252,1778632,0.011249644122674056,#F2591C
2024-06-11,Island County,JN.1.16,0.0,1778632,0.0,#BC3A88
2024-06-11,Island County,JN.1.16.1,54955.74998972999,1778632,0.030897762994104454,#366298
2024-06-11,Island County,JN.1.18,45534.344870500005,1778632,0.025600767820718396,#4AF32F
2024-06-11,Island County,JN.1.32,130755.83577300001,1778632,0.07351483374469818,#2E7919
2024-06-11,Island County,JN.1.4.3,0.0,1778632,0.0,#9D1010
2024-06-11,Island County,JN.1.7,5304.53752875,1778632,0.0029823693314581096,#CF15E8
2024-06-11,Island County,JN.1.8.1,0.0,1778632,0.0,#FFB027
2024-06-11,Island County,KP.1.1,64685.77363668,1778632,0.03636827271559266,#CBFF86
2024-06-11,Island County,KP.1.1.3,197132.5094472,1778632,0.11083378093231201,#1EB3B6
2024-06-11,Island County,KP.1.2,5912.5256004,1778632,0.0033241983729068183,#D7B5A6
2024-06-11,Island County,KP.2,337974.70147052,1778632,0.1900194652241273,#5875A1
2024-06-11,Island County,KP.2.15,6632.55832502,1778632,0.003729022262626558,#175DFF
2024-06-11,Island County,KP.2.3,53143.650723000006,1778632,0.02987894669779921,#628DE8
2024-06-11,Island County,KP.3,540115.39430442,1778632,0.3036689963434932,#B06589
2024-06-11,Island County,KP.3.1.1,0.0,1778632,0.0,#2F92A1
2024-06-11,Island County,KP.4.1,0.0,1778632,0.0,#FF473A
2024-06-11,Island County,KQ.1,0.0,1778632,0.0,#E86CDE
2024-06-11,Island County,KV.2,0.0,1778632,0.0,#E14365
2024-06-11,Island County,KW.1.1,1757.62214865,1778632,0.0009881876344572684,#34A0FF
2024-06-11,Island County,LB.1,242819.22397787,1778632,0.1365202155239926,#795653
2024-06-11,Island County,Recombinant,0.0,1778632,0.0,#FF0000
2024-06-11,Island County,XBB,0.0,1778632,0.0,#9FA8DA
2024-06-11,Island County,XBB.1.16,0.0,1778632,0.0,#4527A0
2024-06-11,Island County,XBB.1.16.1,0.0,1778632,0.0,#F89B9B
2024-06-11,Island County,XBB.1.16.15,0.0,1778632,0.0,#E3B5FA
2024-06-11,Island County,XBB.1.16.6,0.0,1778632,0.0,#5AA350
2024-06-11,Island County,XBB.1.42.1,0.0,1778632,0.0,#75D1A3
2024-06-11,Island County,XBB.1.5,0.0,1778632,0.0,#3F51B5
2024-06-11,Island County,XBB.1.5.70,0.0,1778632,0.0,#46783C
2024-06-11,Island County,XBB.1.5.72,0.0,1778632,0.0,#254220
2024-06-11,Island County,XBB.1.9.1,0.0,1778632,0.0,#304FFE
2024-06-11,Island County,XBB.1.9.2,0.0,1778632,0.0,#536DFE
2024-06-11,Island County,XBB.2.3,0.0,1778632,0.0,#F7BCDF
2024-06-11,Island County,XDP,0.0,1778632,0.0,#B60052
2024-06-11,Island County,XDV.1,0.0,1778632,0.0,#D367B6
2024-06-11,Island County,unreportable,18194.31561352,1778632,0.010229387312001584,#eeeeee
2024-06-11,Jefferson County,BA.2,0.0,162770,0.0,#9CCD67
2024-06-11,Jefferson County,BA.2.12.1,0.0,162770,0.0,#7CB342
2024-06-11,Jefferson County,BA.2.86,0.0,162770,0.0,#D770EE
2024-06-11,Jefferson County,EG.5,0.0,162770,0.0,#FFBE7D
2024-06-11,Jefferson County,EG.5.1.8,0.0,162770,0.0,#E14D6F
2024-06-11,Jefferson County,EG.6.1,0.0,162770,0.0,#B9ABA8
2024-06-11,Jefferson County,FE.1.1,0.0,162770,0.0,#499894
2024-06-11,Jefferson County,FL.1.5.1,0.0,162770,0.0,#8CD17D
2024-06-11,Jefferson County,GE.1,0.0,162770,0.0,#FABFD2
2024-06-11,Jefferson County,GK.1.1,0.0,162770,0.0,#90FAE5
2024-06-11,Jefferson County,HF.1,0.0,162770,0.0,#D399AD
2024-06-11,Jefferson County,HK.3,0.0,162770,0.0,#859DBC
2024-06-11,Jefferson County,HV.1,0.0,162770,0.0,#797765
2024-06-11,Jefferson County,JD.1.1,0.0,162770,0.0,#80F192
2024-06-11,Jefferson County,JF.1,0.0,162770,0.0,#FFF1A9
2024-06-11,Jefferson County,JG.3,0.0,162770,0.0,#66A172
2024-06-11,Jefferson County,JN.1,998.8039233,162770,0.00613629,#61018F
2024-06-11,Jefferson County,JN.1.11.1,0.0,162770,0.0,#5C9CF1
2024-06-11,Jefferson County,JN.1.13,0.0,162770,0.0,#E83C78
2024-06-11,Jefferson County,JN.1.13.1,13802.679515900001,162770,0.08479867,#F2591C
2024-06-11,Jefferson County,JN.1.16,0.0,162770,0.0,#BC3A88
2024-06-11,Jefferson County,JN.1.16.1,65133.2081899,162770,0.40015487,#366298
2024-06-11,Jefferson County,JN.1.18,253.8105164,162770,0.00155932,#4AF32F
2024-06-11,Jefferson County,JN.1.32,0.0,162770,0.0,#2E7919
2024-06-11,Jefferson County,JN.1.4.3,0.0,162770,0.0,#9D1010
2024-06-11,Jefferson County,JN.1.7,0.0,162770,0.0,#CF15E8
2024-06-11,Jefferson County,JN.1.8.1,0.0,162770,0.0,#FFB027
2024-06-11,Jefferson County,KP.1.1,283.1937568,162770,0.00173984,#CBFF86
2024-06-11,Jefferson County,KP.1.1.3,306.6326368,162770,0.00188384,#1EB3B6
2024-06-11,Jefferson County,KP.1.2,0.0,162770,0.0,#D7B5A6
2024-06-11,Jefferson County,KP.2,7492.2754291,162770,0.04602983,#5875A1
2024-06-11,Jefferson County,KP.2.15,1051.3867718,162770,0.006459339999999999,#175DFF
2024-06-11,Jefferson County,KP.2.3,0.0,162770,0.0,#628DE8
2024-06-11,Jefferson County,KP.3,41689.018632499996,162770,0.25612225,#B06589
2024-06-11,Jefferson County,KP.3.1.1,720.6576642,162770,0.00442746,#2F92A1
2024-06-11,Jefferson County,KP.4.1,0.0,162770,0.0,#FF473A
2024-06-11,Jefferson County,KQ.1,0.0,162770,0.0,#E86CDE
2024-06-11,Jefferson County,KV.2,0.0,162770,0.0,#E14365
2024-06-11,Jefferson County,KW.1.1,0.0,162770,0.0,#34A0FF
2024-06-11,Jefferson County,LB.1,28618.861086099998,162770,0.17582393,#795653
2024-06-11,Jefferson County,Recombinant,0.0,162770,0.0,#FF0000
2024-06-11,Jefferson County,XBB,0.0,162770,0.0,#9FA8DA
2024-06-11,Jefferson County,XBB.1.16,0.0,162770,0.0,#4527A0
2024-06-11,Jefferson County,XBB.1.16.1,0.0,162770,0.0,#F89B9B
2024-06-11,Jefferson County,XBB.1.16.15,0.0,162770,0.0,#E3B5FA
2024-06-11,Jefferson County,XBB.1.16.6,0.0,162770,0.0,#5AA350
2024-06-11,Jefferson County,XBB.1.42.1,0.0,162770,0.0,#75D1A3
2024-06-11,Jefferson County,XBB.1.5,0.0,162770,0.0,#3F51B5
2024-06-11,Jefferson County,XBB.1.5.70,0.0,162770,0.0,#46783C
2024-06-11,Jefferson County,XBB.1.5.72,0.0,162770,0.0,#254220
2024-06-11,Jefferson County,XBB.1.9.1,0.0,162770,0.0,#304FFE
2024-06-11,Jefferson County,XBB.1.9.2,0.0,162770,0.0,#536DFE
2024-06-11,Jefferson County,XBB.2.3,0.0,162770,0.0,#F7BCDF
2024-06-11,Jefferson County,XDP,0.0,162770,0.0,#B60052
2024-06-11,Jefferson County,XDV.1,0.0,162770,0.0,#D367B6
2024-06-11,Jefferson County,unreportable,2419.4735049,162770,0.01486437,#eeeeee
2024-06-11,King County,BA.2,0.0,973611,0.0,#9CCD67
2024-06-11,King County,BA.2.12.1,0.0,973611,0.0,#7CB342
2024-06-11,King County,BA.2.86,0.0,973611,0.0,#D770EE
2024-06-11,King County,EG.5,0.0,973611,0.0,#FFBE7D
2024-06-11,King County,EG.5.1.8,0.0,973611,0.0,#E14D6F
2024-06-11,King County,EG.6.1,0.0,973611,0.0,#B9ABA8
2024-06-11,King County,FE.1.1,0.0,973611,0.0,#499894
2024-06-11,King County,FL.1.5.1,0.0,973611,0.0,#8CD17D
2024-06-11,King County,GE.1,0.0,973611,0.0,#FABFD2
2024-06-11,King County,GK.1.1,0.0,973611,0.0,#90FAE5
2024-06-11,King County,HF.1,0.0,973611,0.0,#D399AD
2024-06-11,King County,HK.3,0.0,973611,0.0,#859DBC
2024-06-11,King County,HV.1,0.0,973611,0.0,#797765
2024-06-11,King County,JD.1.1,0.0,973611,0.0,#80F192
2024-06-11,King County,JF.1,0.0,973611,0.0,#FFF1A9
2024-06-11,King County,JG.3,0.0,973611,0.0,#66A172
2024-06-11,King County,JN.1,3081.30356502,973611,0.00316482,#61018F
2024-06-11,King County,JN.1.11.1,0.0,973611,0.0,#5C9CF1
2024-06-11,King County,JN.1.13,0.0,973611,0.0,#E83C78
2024-06-11,King County,JN.1.13.1,0.0,973611,0.0,#F2591C
2024-06-11,King County,JN.1.16,0.0,973611,0.0,#BC3A88
2024-06-11,King County,JN.1.16.1,238552.61917850998,973611,0.24501841,#366298
2024-06-11,King County,JN.1.18,0.0,973611,0.0,#4AF32F
2024-06-11,King County,JN.1.32,0.0,973611,0.0,#2E7919
2024-06-11,King County,JN.1.4.3,0.0,973611,0.0,#9D1010
2024-06-11,King County,JN.1.7,0.0,973611,0.0,#CF15E8
2024-06-11,King County,JN.1.8.1,0.0,973611,0.0,#FFB027
2024-06-11,King County,KP.1.1,106984.93317948,973611,0.10988468,#CBFF86
2024-06-11,King County,KP.1.1.3,0.0,973611,0.0,#1EB3B6
2024-06-11,King County,KP.1.2,0.0,973611,0.0,#D7B5A6
2024-06-11,King County,KP.2,612779.57660961,973611,0.62938851,#5875A1
2024-06-11,King County,KP.2.15,2566.0199432699997,973611,0.00263557,#175DFF
2024-06-11,King County,KP.2.3,0.0,973611,0.0,#628DE8
2024-06-11,King County,KP.3,0.0,973611,0.0,#B06589
2024-06-11,King County,KP.3.1.1,0.0,973611,0.0,#2F92A1
2024-06-11,King County,KP.4.1,0.0,973611,0.0,#FF473A
2024-06-11,King County,KQ.1,0.0,973611,0.0,#E86CDE
2024-06-11,King County,KV.2,0.0,973611,0.0,#E14365
2024-06-11,King County,KW.1.1,0.0,973611,0.0,#34A0FF
2024-06-11,King County,LB.1,0.0,973611,0.0,#795653
2024-06-11,King County,Recombinant,0.0,973611,0.0,#FF0000
2024-06-11,King County,XBB,0.0,973611,0.0,#9FA8DA
2024-06-11,King County,XBB.1.16,0.0,973611,0.0,#4527A0
2024-06-11,King County,XBB.1.16.1,0.0,973611,0.0,#F89B9B
2024-06-11,King County,XBB.1.16.15,0.0,973611,0.0,#E3B5FA
2024-06-11,King County,XBB.1.16.6,0.0,973611,0.0,#5AA350
2024-06-11,King County,XBB.1.42.1,0.0,973611,0.0,#75D1A3
2024-06-11,King County,XBB.1.5,0.0,973611,0.0,#3F51B5
2024-06-11,King County,XBB.1.5.70,0.0,973611,0.0,#46783C
2024-06-11,King County,XBB.1.5.72,0.0,973611,0.0,#254220
2024-06-11,King County,XBB.1.9.1,0.0,973611,0.0,#304FFE
2024-06-11,King County,XBB.1.9.2,0.0,973611,0.0,#536DFE
2024-06-11,King County,XBB.2.3,0.0,973611,0.0,#F7BCDF
2024-06-11,King County,XDP,0.0,973611,0.0,#B60052
2024-06-11,King County,XDV.1,0.0,973611,0.0,#D367B6
2024-06-11,King County,unreportable,9646.56699633,973611,0.00990803,#eeeeee
2024-06-11,Kittitas County,BA.2,0.0,862782,0.0,#9CCD67
2024-06-11,Kittitas County,BA.2.12.1,0.0,862782,0.0,#7CB342
2024-06-11,Kittitas County,BA.2.86,0.0,862782,0.0,#D770EE
2024-06-11,Kittitas County,EG.5,0.0,862782,0.0,#FFBE7D
2024-06-11,Kittitas County,EG.5.1.8,0.0,862782,0.0,#E14D6F
2024-06-11,Kittitas County,EG.6.1,0.0,862782,0.0,#B9ABA8
2024-06-11,Kittitas County,FE.1.1,0.0,862782,0.0,#499894
2024-06-11,Kittitas County,FL.1.5.1,0.0,862782,0.0,#8CD17D
2024-06-11,Kittitas County,GE.1,0.0,862782,0.0,#FABFD2
2024-06-11,Kittitas County,GK.1.1,0.0,862782,0.0,#90FAE5
2024-06-11,Kittitas County,HF.1,0.0,862782,0.0,#D399AD
2024-06-11,Kittitas County,HK.3,0.0,862782,0.0,#859DBC
2024-06-11,Kittitas County,HV.1,0.0,862782,0.0,#797765
2024-06-11,Kittitas County,JD.1.1,0.0,862782,0.0,#80F192
2024-06-11,Kittitas County,JF.1,0.0,862782,0.0,#FFF1A9
2024-06-11,Kittitas County,JG.3,0.0,862782,0.0,#66A172
2024-06-11,Kittitas County,JN.1,18001.521895979997,862782,0.02086450794752324,#61018F
2024-06-11,Kittitas County,JN.1.11.1,14841.58647834,862782,0.017202012186554656,#5C9CF1
2024-06-11,Kittitas County,JN.1.13,0.0,862782,0.0,#E83C78
2024-06-11,Kittitas County,JN.1.13.1,0.0,862782,0.0,#F2591C
2024-06-11,Kittitas County,JN.1.16,0.0,862782,0.0,#BC3A88
2024-06-11,Kittitas County,JN.1.16.1,1443.2790568199998,862782,0.0016728200829641785,#366298
2024-06-11,Kittitas County,JN.1.18,0.0,862782,0.0,#4AF32F
2024-06-11,Kittitas County,JN.1.32,0.0,862782,0.0,#2E7919
2024-06-11,Kittitas County,JN.1.4.3,0.0,862782,0.0,#9D1010
2024-06-11,Kittitas County,JN.1.7,0.0,862782,0.0,#CF15E8
2024-06-11,Kittitas County,JN.1.8.1,0.0,862782,0.0,#FFB027
2024-06-11,Kittitas County,KP.1.1,93192.8505456,862782,0.10801436579066323,#CBFF86
2024-06-11,Kittitas County,KP.1.1.3,2631.6544799999997,862782,0.003050196318421107,#1EB3B6
2024-06-11,Kittitas County,KP.1.2,1061.1524352,862782,0.0012299195337872138,#D7B5A6
2024-06-11,Kittitas County,KP.2,9571.3444944,862782,0.011093583888398229,#5875A1
2024-06-11,Kittitas County,KP.2.15,185.3072832,862782,0.0002147788006703895,#175DFF
2024-06-11,Kittitas County,KP.2.3,0.0,862782,0.0,#628DE8
2024-06-11,Kittitas County,KP.3,713745.6385817999,862782,0.8272606968872785,#B06589
2024-06-11,Kittitas County,KP.3.1.1,0.0,862782,0.0,#2F92A1
2024-06-11,Kittitas County,KP.4.1,0.0,862782,0.0,#FF473A
2024-06-11,Kittitas County,KQ.1,0.0,862782,0.0,#E86CDE
2024-06-11,Kittitas County,KV.2,0.0,862782,0.0,#E14365
2024-06-11,Kittitas County,KW.1.1,0.0,862782,0.0,#34A0FF
2024-06-11,Kittitas County,LB.1,0.0,862782,0.0,#795653
2024-06-11,Kittitas County,Recombinant,0.0,862782,0.0,#FF0000
2024-06-11,Kittitas County,XBB,0.0,862782,0.0,#9FA8DA
2024-06-11,Kittitas County,XBB.1.16,0.0,862782,0.0,#4527A0
2024-06-11,Kittitas County,XBB.1.16.1,0.0,862782,0.0,#F89B9B
2024-06-11,Kittitas County,XBB.1.16.15,0.0,862782,0.0,#E3B5FA
2024-06-11,Kittitas County,XBB.1.16.6,0.0,862782,0.0,#5AA350
2024-06-11,Kittitas County,XBB.1.42.1,0.0,862782,0.0,#75D1A3
2024-06-11,Kittitas County,XBB.1.5,0.0,862782,0.0,#3F51B5
2024-06-11,Kittitas County,XBB.1.5.70,0.0,862782,0.0,#46783C
2024-06-11,Kittitas County,XBB.1.5.72,0.0,862782,0.0,#254220
2024-06-11,Kittitas County,XBB.1.9.1,0.0,862782,0.0,#304FFE
2024-06-11,Kittitas County,XBB.1.9.2,0.0,862782,0.0,#536DFE
2024-06-11,Kittitas County,XBB.2.3,0.0,862782,0.0,#F7BCDF
2024-06-11,Kittitas County,XDP,0.0,862782,0.0,#B60052
2024-06-11,Kittitas County,XDV.1,0.0,862782,0.0,#D367B6
2024-06-11,Kittitas County,unreportable,8107.6705060799995,862782,0.009397125236826915,#eeeeee
2024-06-11,Okanogan County,BA.2,0.0,951940,0.0,#9CCD67
2024-06-11,Okanogan County,BA.2.12.1,0.0,951940,0.0,#7CB342
2024-06-11,Okanogan County,BA.2.86,0.0,951940,0.0,#D770EE
2024-06-11,Okanogan County,EG.5,0.0,951940,0.0,#FFBE7D
2024-06-11,Okanogan County,EG.5.1.8,0.0,951940,0.0,#E14D6F
2024-06-11,Okanogan County,EG.6.1,0.0,951940,0.0,#B9ABA8
2024-06-11,Okanogan County,FE.1.1,0.0,951940,0.0,#499894
2024-06-11,Okanogan County,FL.1.5.1,0.0,951940,0.0,#8CD17D
2024-06-11,Okanogan County,GE.1,0.0,951940,0.0,#FABFD2
2024-06-11,Okanogan County,GK.1.1,0.0,951940,0.0,#90FAE5
2024-06-11,Okanogan County,HF.1,0.0,951940,0.0,#D399AD
2024-06-11,Okanogan County,HK.3,0.0,951940,0.0,#859DBC
2024-06-11,Okanogan County,HV.1,0.0,951940,0.0,#797765
2024-06-11,Okanogan County,JD.1.1,0.0,951940,0.0,#80F192
2024-06-11,Okanogan County,JF.1,0.0,951940,0.0,#FFF1A9
2024-06-11,Okanogan County,JG.3,0.0,951940,0.0,#66A172
2024-06-11,Okanogan County,JN.1,17614.6798287,951940,0.01850398116341366,#61018F
2024-06-11,Okanogan County,JN.1.11.1,7290.266597999999,951940,0.007658325732714246,#5C9CF1
2024-06-11,Okanogan County,JN.1.13,0.0,951940,0.0,#E83C78
2024-06-11,Okanogan County,JN.1.13.1,0.0,951940,0.0,#F2591C
2024-06-11,Okanogan County,JN.1.16,0.0,951940,0.0,#BC3A88
2024-06-11,Okanogan County,JN.1.16.1,51.980122099999996,951940,5.4604410046851685e-05,#366298
2024-06-11,Okanogan County,JN.1.18,0.0,951940,0.0,#4AF32F
2024-06-11,Okanogan County,JN.1.32,0.0,951940,0.0,#2E7919
2024-06-11,Okanogan County,JN.1.4.3,0.0,951940,0.0,#9D1010
2024-06-11,Okanogan County,JN.1.7,0.0,951940,0.0,#CF15E8
2024-06-11,Okanogan County,JN.1.8.1,0.0,951940,0.0,#FFB027
2024-06-11,Okanogan County,KP.1.1,61.499648400000005,951940,6.460454272328089e-05,#CBFF86
2024-06-11,Okanogan County,KP.1.1.3,0.0,951940,0.0,#1EB3B6
2024-06-11,Okanogan County,KP.1.2,0.0,951940,0.0,#D7B5A6
2024-06-11,Okanogan County,KP.2,4230.2691493,951940,0.004443840104733492,#5875A1
2024-06-11,Okanogan County,KP.2.15,74.0684828,951940,7.78079320125218e-05,#175DFF
2024-06-11,Okanogan County,KP.2.3,0.0,951940,0.0,#628DE8
2024-06-11,Okanogan County,KP.3,538438.9184577,951940,0.5656227477127761,#B06589
2024-06-11,Okanogan County,KP.3.1.1,0.0,951940,0.0,#2F92A1
2024-06-11,Okanogan County,KP.4.1,0.0,951940,0.0,#FF473A
2024-06-11,Okanogan County,KQ.1,0.0,951940,0.0,#E86CDE
2024-06-11,Okanogan County,KV.2,0.0,951940,0.0,#E14365
2024-06-11,Okanogan County,KW.1.1,0.0,951940,0.0,#34A0FF
2024-06-11,Okanogan County,LB.1,372086.63998740003,951940,0.39087194569762806,#795653
2024-06-11,Okanogan County,Recombinant,0.0,951940,0.0,#FF0000
2024-06-11,Okanogan County,XBB,0.0,951940,0.0,#9FA8DA
2024-06-11,Okanogan County,XBB.1.16,0.0,951940,0.0,#4527A0
2024-06-11,Okanogan County,XBB.1.16.1,0.0,951940,0.0,#F89B9B
2024-06-11,Okanogan County,XBB.1.16.15,0.0,951940,0.0,#E3B5FA
2024-06-11,Okanogan County,XBB.1.16.6,0.0,951940,0.0,#5AA350
2024-06-11,Okanogan County,XBB.1.42.1,0.0,951940,0.0,#75D1A3
2024-06-11,Okanogan County,XBB.1.5,0.0,951940,0.0,#3F51B5
2024-06-11,Okanogan County,XBB.1.5.70,0.0,951940,0.0,#46783C
2024-06-11,Okanogan County,XBB.1.5.72,0.0,951940,0.0,#254220
2024-06-11,Okanogan County,XBB.1.9.1,0.0,951940,0.0,#304FFE
2024-06-11,Okanogan County,XBB.1.9.2,0.0,951940,0.0,#536DFE
2024-06-11,Okanogan County,XBB.2.3,0.0,951940,0.0,#F7BCDF
2024-06-11,Okanogan County,XDP,0.0,951940,0.0,#B60052
2024-06-11,Okanogan County,XDV.1,0.0,951940,0.0,#D367B6
2024-06-11,Okanogan County,unreportable,12091.677484299998,951940,0.012702142450469566,#eeeeee
2024-06-11,Pierce County,BA.2,0.0,1013026,0.0,#9CCD67
2024-06-11,Pierce County,BA.2.12.1,0.0,1013026,0.0,#7CB342
2024-06-11,Pierce County,BA.2.86,0.0,1013026,0.0,#D770EE
2024-06-11,Pierce County,EG.5,0.0,1013026,0.0,#FFBE7D
2024-06-11,Pierce County,EG.5.1.8,0.0,1013026,0.0,#E14D6F
2024-06-11,Pierce County,EG.6.1,0.0,1013026,0.0,#B9ABA8
2024-06-11,Pierce County,FE.1.1,0.0,1013026,0.0,#499894
2024-06-11,Pierce County,FL.1.5.1,0.0,1013026,0.0,#8CD17D
2024-06-11,Pierce County,GE.1,0.0,1013026,0.0,#FABFD2
2024-06-11,Pierce County,GK.1.1,0.0,1013026,0.0,#90FAE5
2024-06-11,Pierce County,HF.1,0.0,1013026,0.0,#D399AD
2024-06-11,Pierce County,HK.3,0.0,1013026,0.0,#859DBC
2024-06-11,Pierce County,HV.1,0.0,1013026,0.0,#797765
2024-06-11,Pierce County,JD.1.1,0.0,1013026,0.0,#80F192
2024-06-11,Pierce County,JF.1,0.0,1013026,0.0,#FFF1A9
2024-06-11,Pierce County,JG.3,0.0,1013026,0.0,#66A172
2024-06-11,Pierce County,JN.1,13624.128751970002,1013026,0.01344894282276072,#61018F
2024-06-11,Pierce County,JN.1.11.1,106495.76100783,1013026,0.10512638472046128,#5C9CF1
2024-06-11,Pierce County,JN.1.13,0.0,1013026,0.0,#E83C78
2024-06-11,Pierce County,JN.1.13.1,73.0956123,1013026,7.215571199554602e-05,#F2591C
2024-06-11,Pierce County,JN.1.16,24153.19982112,1013026,0.02384262577773917,#BC3A88
2024-06-11,Pierce County,JN.1.16.1,519.44136385,1013026,0.0005127621244173398,#366298
2024-06-11,Pierce County,JN.1.18,0.0,1013026,0.0,#4AF32F
2024-06-11,Pierce County,JN.1.32,0.0,1013026,0.0,#2E7919
2024-06-11,Pierce County,JN.1.4.3,0.0,1013026,0.0,#9D1010
2024-06-11,Pierce County,JN.1.7,0.0,1013026,0.0,#CF15E8
2024-06-11,Pierce County,JN.1.8.1,0.0,1013026,0.0,#FFB027
2024-06-11,Pierce County,KP.1.1,0.0,1013026,0.0,#CBFF86
2024-06-11,Pierce County,KP.1.1.3,0.0,1013026,0.0,#1EB3B6
2024-06-11,Pierce County,KP.1.2,0.0,1013026,0.0,#D7B5A6
2024-06-11,Pierce County,KP.2,4448.27070287,1013026,0.004391072591295781,#5875A1
2024-06-11,Pierce County,KP.2.15,184.79473665999998,1013026,0.00018241855259391168,#175DFF
2024-06-11,Pierce County,KP.2.3,0.0,1013026,0.0,#628DE8
2024-06-11,Pierce County,KP.3,839249.05209451,1013026,0.8284575638675711,#B06589
2024-06-11,Pierce County,KP.3.1.1,0.0,1013026,0.0,#2F92A1
2024-06-11,Pierce County,KP.4.1,0.0,1013026,0.0,#FF473A
2024-06-11,Pierce County,KQ.1,0.0,1013026,0.0,#E86CDE
2024-06-11,Pierce County,KV.2,0.0,1013026,0.0,#E14365
2024-06-11,Pierce County,KW.1.1,0.0,1013026,0.0,#34A0FF
2024-06-11,Pierce County,LB.1,17492.230076890002,1013026,0.017267306147018935,#795653
2024-06-11,Pierce County,Recombinant,0.0,1013026,0.0,#FF0000
2024-06-11,Pierce County,XBB,0.0,1013026,0.0,#9FA8DA
2024-06-11,Pierce County,XBB.1.16,0.0,1013026,0.0,#4527A0
2024-06-11,Pierce County,XBB.1.16.1,0.0,1013026,0.0,#F89B9B
2024-06-11,Pierce County,XBB.1.16.15,0.0,1013026,0.0,#E3B5FA
2024-06-11,Pierce County,XBB.1.16.6,0.0,1013026,0.0,#5AA350
2024-06-11,Pierce County,XBB.1.42.1,0.0,1013026,0.0,#75D1A3
2024-06-11,Pierce County,XBB.1.5,0.0,1013026,0.0,#3F51B5
2024-06-11,Pierce County,XBB.1.5.70,0.0,1013026,0.0,#46783C
2024-06-11,Pierce County,XBB.1.5.72,0.0,1013026,0.0,#254220
2024-06-11,Pierce County,XBB.1.9.1,0.0,1013026,0.0,#304FFE
2024-06-11,Pierce County,XBB.1.9.2,0.0,1013026,0.0,#536DFE
2024-06-11,Pierce County,XBB.2.3,0.0,1013026,0.0,#F7BCDF
2024-06-11,Pierce County,XDP,0.0,1013026,0.0,#B60052
2024-06-11,Pierce County,XDV.1,0.0,1013026,0.0,#D367B6
2024-06-11,Pierce County,unreportable,6786.015701740001,1013026,0.00669875768414631,#eeeeee
2024-06-11,Spokane County,BA.2,0.0,713850,0.0,#9CCD67
2024-06-11,Spokane County,BA.2.12.1,0.0,713850,0.0,#7CB342
2024-06-11,Spokane County,BA.2.86,0.0,713850,0.0,#D770EE
2024-06-11,Spokane County,EG.5,0.0,713850,0.0,#FFBE7D
2024-06-11,Spokane County,EG.5.1.8,0.0,713850,0.0,#E14D6F
2024-06-11,Spokane County,EG.6.1,0.0,713850,0.0,#B9ABA8
2024-06-11,Spokane County,FE.1.1,0.0,713850,0.0,#499894
2024-06-11,Spokane County,FL.1.5.1,0.0,713850,0.0,#8CD17D
2024-06-11,Spokane County,GE.1,0.0,713850,0.0,#FABFD2
2024-06-11,Spokane County,GK.1.1,0.0,713850,0.0,#90FAE5
2024-06-11,Spokane County,HF.1,0.0,713850,0.0,#D399AD
2024-06-11,Spokane County,HK.3,0.0,713850,0.0,#859DBC
2024-06-11,Spokane County,HV.1,0.0,713850,0.0,#797765
2024-06-11,Spokane County,JD.1.1,0.0,713850,0.0,#80F192
2024-06-11,Spokane County,JF.1,0.0,713850,0.0,#FFF1A9
2024-06-11,Spokane County,JG.3,0.0,713850,0.0,#66A172
2024-06-11,Spokane County,JN.1,24293.4647985,713850,0.034031610000000004,#61018F
2024-06-11,Spokane County,JN.1.11.1,188117.906607,713850,0.26352582,#5C9CF1
2024-06-11,Spokane County,JN.1.13,0.0,713850,0.0,#E83C78
2024-06-11,Spokane County,JN.1.13.1,56600.995176000004,713850,0.07928976,#F2591C
2024-06-11,Spokane County,JN.1.16,0.0,713850,0.0,#BC3A88
2024-06-11,Spokane County,JN.1.16.1,22851.809030999997,713850,0.032012059999999995,#366298
2024-06-11,Spokane County,JN.1.18,965.739111,713850,0.00135286,#4AF32F
2024-06-11,Spokane County,JN.1.32,0.0,713850,0.0,#2E7919
2024-06-11,Spokane County,JN.1.4.3,0.0,713850,0.0,#9D1010
2024-06-11,Spokane County,JN.1.7,1535.462796,713850,0.00215096,#CF15E8
2024-06-11,Spokane County,JN.1.8.1,0.0,713850,0.0,#FFB027
2024-06-11,Spokane County,KP.1.1,0.0,713850,0.0,#CBFF86
2024-06-11,Spokane County,KP.1.1.3,0.0,713850,0.0,#1EB3B6
2024-06-11,Spokane County,KP.1.2,0.0,713850,0.0,#D7B5A6
2024-06-11,Spokane County,KP.2,130675.9461615,713850,0.18305799,#5875A1
2024-06-11,Spokane County,KP.2.15,5400.2823885,713850,0.00756501,#175DFF
2024-06-11,Spokane County,KP.2.3,37482.935739,713850,0.05250814,#628DE8
2024-06-11,Spokane County,KP.3,57259.821617999994,713850,0.08021268,#B06589
2024-06-11,Spokane County,KP.3.1.1,174771.6456525,713850,0.24482965,#2F92A1
2024-06-11,Spokane County,KP.4.1,0.0,713850,0.0,#FF473A
2024-06-11,Spokane County,KQ.1,0.0,713850,0.0,#E86CDE
2024-06-11,Spokane County,KV.2,0.0,713850,0.0,#E14365
2024-06-11,Spokane County,KW.1.1,2279.9012685000002,713850,0.0031938100000000005,#34A0FF
2024-06-11,Spokane County,LB.1,0.0,713850,0.0,#795653
2024-06-11,Spokane County,Recombinant,0.0,713850,0.0,#FF0000
2024-06-11,Spokane County,XBB,0.0,713850,0.0,#9FA8DA
2024-06-11,Spokane County,XBB.1.16,0.0,713850,0.0,#4527A0
2024-06-11,Spokane County,XBB.1.16.1,0.0,713850,0.0,#F89B9B
2024-06-11,Spokane County,XBB.1.16.15,0.0,713850,0.0,#E3B5FA
2024-06-11,Spokane County,XBB.1.16.6,0.0,713850,0.0,#5AA350
2024-06-11,Spokane County,XBB.1.42.1,0.0,713850,0.0,#75D1A3
2024-06-11,Spokane County,XBB.1.5,0.0,713850,0.0,#3F51B5
2024-06-11,Spokane County,XBB.1.5.70,0.0,713850,0.0,#46783C
2024-06-11,Spokane County,XBB.1.5.72,0.0,713850,0.0,#254220
2024-06-11,Spokane County,XBB.1.9.1,0.0,713850,0.0,#304FFE
2024-06-11,Spokane County,XBB.1.9.2,0.0,713850,0.0,#536DFE
2024-06-11,Spokane County,XBB.2.3,0.0,713850,0.0,#F7BCDF
2024-06-11,Spokane County,XDP,0.0,713850,0.0,#B60052
2024-06-11,Spokane County,XDV.1,0.0,713850,0.0,#D367B6
2024-06-11,Spokane County,unreportable,11614.082514,713850,0.01626964,#eeeeee
2024-06-11,Thurston County,BA.2,0.0,166384,0.0,#9CCD67
2024-06-11,Thurston County,BA.2.12.1,0.0,166384,0.0,#7CB342
2024-06-11,Thurston County,BA.2.86,0.0,166384,0.0,#D770EE
2024-06-11,Thurston County,EG.5,0.0,166384,0.0,#FFBE7D
2024-06-11,Thurston County,EG.5.1.8,0.0,166384,0.0,#E14D6F
2024-06-11,Thurston County,EG.6.1,0.0,166384,0.0,#B9ABA8
2024-06-11,Thurston County,FE.1.1,0.0,166384,0.0,#499894
2024-06-11,Thurston County,FL.1.5.1,0.0,166384,0.0,#8CD17D
2024-06-11,Thurston County,GE.1,0.0,166384,0.0,#FABFD2
2024-06-11,Thurston County,GK.1.1,0.0,166384,0.0,#90FAE5
2024-06-11,Thurston County,HF.1,0.0,166384,0.0,#D399AD
2024-06-11,Thurston County,HK.3,0.0,166384,0.0,#859DBC
2024-06-11,Thurston County,HV.1,0.0,166384,0.0,#797765
2024-06-11,Thurston County,JD.1.1,0.0,166384,0.0,#80F192
2024-06-11,Thurston County,JF.1,0.0,166384,0.0,#FFF1A9
2024-06-11,Thurston County,JG.3,0.0,166384,0.0,#66A172
2024-06-11,Thurston County,JN.1,44452.30142,166384,0.2671669236224637,#61018F
2024-06-11,Thurston County,JN.1.11.1,808.8767065599999,166384,0.004861505352437734,#5C9CF1
2024-06-11,Thurston County,JN.1.13,0.0,166384,0.0,#E83C78
2024-06-11,Thurston County,JN.1.13.1,0.0,166384,0.0,#F2591C
2024-06-11,Thurston County,JN.1.16,0.0,166384,0.0,#BC3A88
2024-06-11,Thurston County,JN.1.16.1,580.64396048,166384,0.003489782433887874,#366298
2024-06-11,Thurston County,JN.1.18,93.4259456,166384,0.0005615079911529955,#4AF32F
2024-06-11,Thurston County,JN.1.32,369.61375360000005,166384,0.0022214501009712477,#2E7919
2024-06-11,Thurston County,JN.1.4.3,272.01113472,166384,0.0016348394961053945,#9D1010
2024-06-11,Thurston County,JN.1.7,22845.585628319994,166384,0.1373063853995576,#CF15E8
2024-06-11,Thurston County,JN.1.8.1,0.0,166384,0.0,#FFB027
2024-06-11,Thurston County,KP.1.1,38462.012443039996,166384,0.23116412902105968,#CBFF86
2024-06-11,Thurston County,KP.1.1.3,821.299812,166384,0.004936170617367054,#1EB3B6
2024-06-11,Thurston County,KP.1.2,459.20141696,166384,0.002759889273968651,#D7B5A6
2024-06-11,Thurston County,KP.2,15121.67199872,166384,0.09088417154726415,#5875A1
2024-06-11,Thurston County,KP.2.15,955.9925932799999,166384,0.005745700267333397,#175DFF
2024-06-11,Thurston County,KP.2.3,8864.768622880001,166384,0.05327897287527648,#628DE8
2024-06-11,Thurston County,KP.3,8997.84612128,166384,0.054078794362919506,#B06589
2024-06-11,Thurston County,KP.3.1.1,14752.9895928,166384,0.08866831902586787,#2F92A1
2024-06-11,Thurston County,KP.4.1,49.42010112,166384,0.0002970243600346187,#FF473A
2024-06-11,Thurston County,KQ.1,755.8652940799999,166384,0.004542896516972785,#E86CDE
2024-06-11,Thurston County,KV.2,0.0,166384,0.0,#E14365
2024-06-11,Thurston County,KW.1.1,0.0,166384,0.0,#34A0FF
2024-06-11,Thurston County,LB.1,4800.0671904,166384,0.02884933160880854,#795653
2024-06-11,Thurston County,Recombinant,0.0,166384,0.0,#FF0000
2024-06-11,Thurston County,XBB,0.0,166384,0.0,#9FA8DA
2024-06-11,Thurston County,XBB.1.16,0.0,166384,0.0,#4527A0
2024-06-11,Thurston County,XBB.1.16.1,0.0,166384,0.0,#F89B9B
2024-06-11,Thurston County,XBB.1.16.15,0.0,166384,0.0,#E3B5FA
2024-06-11,Thurston County,XBB.1.16.6,0.0,166384,0.0,#5AA350
2024-06-11,Thurston County,XBB.1.42.1,0.0,166384,0.0,#75D1A3
2024-06-11,Thurston County,XBB.1.5,0.0,166384,0.0,#3F51B5
2024-06-11,Thurston County,XBB.1.5.70,0.0,166384,0.0,#46783C
2024-06-11,Thurston County,XBB.1.5.72,0.0,166384,0.0,#254220
2024-06-11,Thurston County,XBB.1.9.1,0.0,166384,0.0,#304FFE
2024-06-11,Thurston County,XBB.1.9.2,0.0,166384,0.0,#536DFE
2024-06-11,Thurston County,XBB.2.3,0.0,166384,0.0,#F7BCDF
2024-06-11,Thurston County,XDP,0.0,166384,0.0,#B60052
2024-06-11,Thurston County,XDV.1,0.0,166384,0.0,#D367B6
2024-06-11,Thurston County,unreportable,2920.4059648,166384,0.017552204327339168,#eeeeee
2024-06-11,Walla Walla County,BA.2,0.0,1387879,0.0,#9CCD67
2024-06-11,Walla Walla County,BA.2.12.1,0.0,1387879,0.0,#7CB342
2024-06-11,Walla Walla County,BA.2.86,0.0,1387879,0.0,#D770EE
2024-06-11,Walla Walla County,EG.5,0.0,1387879,0.0,#FFBE7D
2024-06-11,Walla Walla County,EG.5.1.8,0.0,1387879,0.0,#E14D6F
2024-06-11,Walla Walla County,EG.6.1,0.0,1387879,0.0,#B9ABA8
2024-06-11,Walla Walla County,FE.1.1,0.0,1387879,0.0,#499894
2024-06-11,Walla Walla County,FL.1.5.1,0.0,1387879,0.0,#8CD17D
2024-06-11,Walla Walla County,GE.1,0.0,1387879,0.0,#FABFD2
2024-06-11,Walla Walla County,GK.1.1,0.0,1387879,0.0,#90FAE5
2024-06-11,Walla Walla County,HF.1,0.0,1387879,0.0,#D399AD
2024-06-11,Walla Walla County,HK.3,0.0,1387879,0.0,#859DBC
2024-06-11,Walla Walla County,HV.1,0.0,1387879,0.0,#797765
2024-06-11,Walla Walla County,JD.1.1,0.0,1387879,0.0,#80F192
2024-06-11,Walla Walla County,JF.1,0.0,1387879,0.0,#FFF1A9
2024-06-11,Walla Walla County,JG.3,0.0,1387879,0.0,#66A172
2024-06-11,Walla Walla County,JN.1,4688.136844799999,1387879,0.003377914677576359,#61018F
2024-06-11,Walla Walla County,JN.1.11.1,837.6696,1387879,0.000603560973254873,#5C9CF1
2024-06-11,Walla Walla County,JN.1.13,0.0,1387879,0.0,#E83C78
2024-06-11,Walla Walla County,JN.1.13.1,0.0,1387879,0.0,#F2591C
2024-06-11,Walla Walla County,JN.1.16,0.0,1387879,0.0,#BC3A88
2024-06-11,Walla Walla County,JN.1.16.1,20749.64546944,1387879,0.01495061562963342,#366298
2024-06-11,Walla Walla County,JN.1.18,0.0,1387879,0.0,#4AF32F
2024-06-11,Walla Walla County,JN.1.32,0.0,1387879,0.0,#2E7919
2024-06-11,Walla Walla County,JN.1.4.3,0.0,1387879,0.0,#9D1010
2024-06-11,Walla Walla County,JN.1.7,101878.68725686999,1387879,0.07340602981734719,#CF15E8
2024-06-11,Walla Walla County,JN.1.8.1,0.0,1387879,0.0,#FFB027
2024-06-11,Walla Walla County,KP.1.1,0.0,1387879,0.0,#CBFF86
2024-06-11,Walla Walla County,KP.1.1.3,53794.013788159995,1387879,0.038759873006335564,#1EB3B6
2024-06-11,Walla Walla County,KP.1.2,63870.42905792,1387879,0.046020171108518824,#D7B5A6
2024-06-11,Walla Walla County,KP.2,647510.93103398,1387879,0.46654710607623573,#5875A1
2024-06-11,Walla Walla County,KP.2.15,2138.95726464,1387879,0.001541169845959194,#175DFF
2024-06-11,Walla Walla County,KP.2.3,140110.24161664,1387879,0.1009527787484644,#628DE8
2024-06-11,Walla Walla County,KP.3,186803.49972269,1387879,0.13459638752563444,#B06589
2024-06-11,Walla Walla County,KP.3.1.1,2025.9937942299998,1387879,0.0014597769648722978,#2F92A1
2024-06-11,Walla Walla County,KP.4.1,0.0,1387879,0.0,#FF473A
2024-06-11,Walla Walla County,KQ.1,12384.1625216,1387879,0.008923085169240258,#E86CDE
2024-06-11,Walla Walla County,KV.2,536.4725683199999,1387879,0.0003865413111085332,#E14365
2024-06-11,Walla Walla County,KW.1.1,0.0,1387879,0.0,#34A0FF
2024-06-11,Walla Walla County,LB.1,141120.99926528,1387879,0.10168105379883981,#795653
2024-06-11,Walla Walla County,Recombinant,0.0,1387879,0.0,#FF0000
2024-06-11,Walla Walla County,XBB,0.0,1387879,0.0,#9FA8DA
2024-06-11,Walla Walla County,XBB.1.16,0.0,1387879,0.0,#4527A0
2024-06-11,Walla Walla County,XBB.1.16.1,0.0,1387879,0.0,#F89B9B
2024-06-11,Walla Walla County,XBB.1.16.15,0.0,1387879,0.0,#E3B5FA
2024-06-11,Walla Walla County,XBB.1.16.6,0.0,1387879,0.0,#5AA350
2024-06-11,Walla Walla County,XBB.1.42.1,0.0,1387879,0.0,#75D1A3
2024-06-11,Walla Walla County,XBB.1.5,0.0,1387879,0.0,#3F51B5
2024-06-11,Walla Walla County,XBB.1.5.70,0.0,1387879,0.0,#46783C
2024-06-11,Walla Walla County,XBB.1.5.72,0.0,1387879,0.0,#254220
2024-06-11,Walla Walla County,XBB.1.9.1,0.0,1387879,0.0,#304FFE
2024-06-11,Walla Walla County,XBB.1.9.2,0.0,1387879,0.0,#536DFE
2024-06-11,Walla Walla County,XBB.2.3,0.0,1387879,0.0,#F7BCDF
2024-06-11,Walla Walla County,XDP,0.0,1387879,0.0,#B60052
2024-06-11,Walla Walla County,XDV.1,0.0,1387879,0.0,#D367B6
2024-06-11,Walla Walla County,unreportable,9429.17407422,1387879,0.006793945346979096,#eeeeee
2024-06-11,Whitman County,BA.2,0.0,245487,0.0,#9CCD67
2024-06-11,Whitman County,BA.2.12.1,0.0,245487,0.0,#7CB342
2024-06-11,Whitman County,BA.2.86,0.0,245487,0.0,#D770EE
2024-06-11,Whitman County,EG.5,0.0,245487,0.0,#FFBE7D
2024-06-11,Whitman County,EG.5.1.8,0.0,245487,0.0,#E14D6F
2024-06-11,Whitman County,EG.6.1,0.0,245487,0.0,#B9ABA8
2024-06-11,Whitman County,FE.1.1,0.0,245487,0.0,#499894
2024-06-11,Whitman County,FL.1.5.1,0.0,245487,0.0,#8CD17D
2024-06-11,Whitman County,GE.1,0.0,245487,0.0,#FABFD2
2024-06-11,Whitman County,GK.1.1,0.0,245487,0.0,#90FAE5
2024-06-11,Whitman County,HF.1,0.0,245487,0.0,#D399AD
2024-06-11,Whitman County,HK.3,0.0,245487,0.0,#859DBC
2024-06-11,Whitman County,HV.1,0.0,245487,0.0,#797765
2024-06-11,Whitman County,JD.1.1,0.0,245487,0.0,#80F192
2024-06-11,Whitman County,JF.1,0.0,245487,0.0,#FFF1A9
2024-06-11,Whitman County,JG.3,0.0,245487,0.0,#66A172
2024-06-11,Whitman County,JN.1,11234.45724852,245487,0.04576396,#61018F
2024-06-11,Whitman County,JN.1.11.1,479.19553374000003,245487,0.00195202,#5C9CF1
2024-06-11,Whitman County,JN.1.13,0.0,245487,0.0,#E83C78
2024-06-11,Whitman County,JN.1.13.1,0.0,245487,0.0,#F2591C
2024-06-11,Whitman County,JN.1.16,0.0,245487,0.0,#BC3A88
2024-06-11,Whitman County,JN.1.16.1,20746.383770309996,245487,0.08451112999999999,#366298
2024-06-11,Whitman County,JN.1.18,0.0,245487,0.0,#4AF32F
2024-06-11,Whitman County,JN.1.32,0.0,245487,0.0,#2E7919
2024-06-11,Whitman County,JN.1.4.3,0.0,245487,0.0,#9D1010
2024-06-11,Whitman County,JN.1.7,0.0,245487,0.0,#CF15E8
2024-06-11,Whitman County,JN.1.8.1,0.0,245487,0.0,#FFB027
2024-06-11,Whitman County,KP.1.1,25344.34055109,245487,0.10324107,#CBFF86
2024-06-11,Whitman County,KP.1.1.3,10290.98933577,245487,0.04192071,#1EB3B6
2024-06-11,Whitman County,KP.1.2,0.0,245487,0.0,#D7B5A6
2024-06-11,Whitman County,KP.2,72468.51849996,245487,0.29520308,#5875A1
2024-06-11,Whitman County,KP.2.15,0.0,245487,0.0,#175DFF
2024-06-11,Whitman County,KP.2.3,1289.41801263,245487,0.00525249,#628DE8
2024-06-11,Whitman County,KP.3,10853.28712875,245487,0.04421125,#B06589
2024-06-11,Whitman County,KP.3.1.1,0.0,245487,0.0,#2F92A1
2024-06-11,Whitman County,KP.4.1,28486.36548714,245487,0.11604022,#FF473A
2024-06-11,Whitman County,KQ.1,0.0,245487,0.0,#E86CDE
2024-06-11,Whitman County,KV.2,0.0,245487,0.0,#E14365
2024-06-11,Whitman County,KW.1.1,0.0,245487,0.0,#34A0FF
2024-06-11,Whitman County,LB.1,56413.25382693,245487,0.22980139,#795653
2024-06-11,Whitman County,Recombinant,430.093224,245487,0.001752,#FF0000
2024-06-11,Whitman County,XBB,0.0,245487,0.0,#9FA8DA
2024-06-11,Whitman County,XBB.1.16,0.0,245487,0.0,#4527A0
2024-06-11,Whitman County,XBB.1.16.1,0.0,245487,0.0,#F89B9B
2024-06-11,Whitman County,XBB.1.16.15,0.0,245487,0.0,#E3B5FA
2024-06-11,Whitman County,XBB.1.16.6,0.0,245487,0.0,#5AA350
2024-06-11,Whitman County,XBB.1.42.1,0.0,245487,0.0,#75D1A3
2024-06-11,Whitman County,XBB.1.5,0.0,245487,0.0,#3F51B5
2024-06-11,Whitman County,XBB.1.5.70,0.0,245487,0.0,#46783C
2024-06-11,Whitman County,XBB.1.5.72,0.0,245487,0.0,#254220
2024-06-11,Whitman County,XBB.1.9.1,0.0,245487,0.0,#304FFE
2024-06-11,Whitman County,XBB.1.9.2,0.0,245487,0.0,#536DFE
2024-06-11,Whitman County,XBB.2.3,0.0,245487,0.0,#F7BCDF
2024-06-11,Whitman County,XDP,0.0,245487,0.0,#B60052
2024-06-11,Whitman County,XDV.1,0.0,245487,0.0,#D367B6
2024-06-11,Whitman County,unreportable,7450.6998360299995,245487,0.030350689999999996,#eeeeee
2024-06-11,Yakima County,BA.2,0.0,1078100,0.0,#9CCD67
2024-06-11,Yakima County,BA.2.12.1,0.0,1078100,0.0,#7CB342
2024-06-11,Yakima County,BA.2.86,0.0,1078100,0.0,#D770EE
2024-06-11,Yakima County,EG.5,0.0,1078100,0.0,#FFBE7D
2024-06-11,Yakima County,EG.5.1.8,0.0,1078100,0.0,#E14D6F
2024-06-11,Yakima County,EG.6.1,0.0,1078100,0.0,#B9ABA8
2024-06-11,Yakima County,FE.1.1,0.0,1078100,0.0,#499894
2024-06-11,Yakima County,FL.1.5.1,0.0,1078100,0.0,#8CD17D
2024-06-11,Yakima County,GE.1,0.0,1078100,0.0,#FABFD2
2024-06-11,Yakima County,GK.1.1,0.0,1078100,0.0,#90FAE5
2024-06-11,Yakima County,HF.1,0.0,1078100,0.0,#D399AD
2024-06-11,Yakima County,HK.3,0.0,1078100,0.0,#859DBC
2024-06-11,Yakima County,HV.1,0.0,1078100,0.0,#797765
2024-06-11,Yakima County,JD.1.1,0.0,1078100,0.0,#80F192
2024-06-11,Yakima County,JF.1,0.0,1078100,0.0,#FFF1A9
2024-06-11,Yakima County,JG.3,0.0,1078100,0.0,#66A172
2024-06-11,Yakima County,JN.1,21805.871156,1078100,0.020226204578425007,#61018F
2024-06-11,Yakima County,JN.1.11.1,113727.92623199998,1078100,0.10548921828401817,#5C9CF1
2024-06-11,Yakima County,JN.1.13,0.0,1078100,0.0,#E83C78
2024-06-11,Yakima County,JN.1.13.1,0.0,1078100,0.0,#F2591C
2024-06-11,Yakima County,JN.1.16,0.0,1078100,0.0,#BC3A88
2024-06-11,Yakima County,JN.1.16.1,12983.2809644,1078100,0.012042742755217514,#366298
2024-06-11,Yakima County,JN.1.18,52441.5132816,1078100,0.048642531566273996,#4AF32F
2024-06-11,Yakima County,JN.1.32,179521.022668,1078100,0.166516114152676,#2E7919
2024-06-11,Yakima County,JN.1.4.3,0.0,1078100,0.0,#9D1010
2024-06-11,Yakima County,JN.1.7,0.0,1078100,0.0,#CF15E8
2024-06-11,Yakima County,JN.1.8.1,0.0,1078100,0.0,#FFB027
2024-06-11,Yakima County,KP.1.1,0.0,1078100,0.0,#CBFF86
2024-06-11,Yakima County,KP.1.1.3,0.0,1078100,0.0,#1EB3B6
2024-06-11,Yakima County,KP.1.2,0.0,1078100,0.0,#D7B5A6
2024-06-11,Yakima County,KP.2,1770.2912256,1078100,0.0016420473291902421,#5875A1
2024-06-11,Yakima County,KP.2.15,1253.8663007999999,1078100,0.001163033392820703,#175DFF
2024-06-11,Yakima County,KP.2.3,0.0,1078100,0.0,#628DE8
2024-06-11,Yakima County,KP.3,660249.6630054001,1078100,0.6124196855629349,#B06589
2024-06-11,Yakima County,KP.3.1.1,0.0,1078100,0.0,#2F92A1
2024-06-11,Yakima County,KP.4.1,0.0,1078100,0.0,#FF473A
2024-06-11,Yakima County,KQ.1,0.0,1078100,0.0,#E86CDE
2024-06-11,Yakima County,KV.2,0.0,1078100,0.0,#E14365
2024-06-11,Yakima County,KW.1.1,1098.7320770000001,1078100,0.0010191374427233097,#34A0FF
2024-06-11,Yakima County,LB.1,25977.2445552,1078100,0.024095394263240887,#795653
2024-06-11,Yakima County,Recombinant,0.0,1078100,0.0,#FF0000
2024-06-11,Yakima County,XBB,0.0,1078100,0.0,#9FA8DA
2024-06-11,Yakima County,XBB.1.16,0.0,1078100,0.0,#4527A0
2024-06-11,Yakima County,XBB.1.16.1,0.0,1078100,0.0,#F89B9B
2024-06-11,Yakima County,XBB.1.16.15,0.0,1078100,0.0,#E3B5FA
2024-06-11,Yakima County,XBB.1.16.6,0.0,1078100,0.0,#5AA350
2024-06-11,Yakima County,XBB.1.42.1,0.0,1078100,0.0,#75D1A3
2024-06-11,Yakima County,XBB.1.5,0.0,1078100,0.0,#3F51B5
2024-06-11,Yakima County,XBB.1.5.70,0.0,1078100,0.0,#46783C
2024-06-11,Yakima County,XBB.1.5.72,0.0,1078100,0.0,#254220
2024-06-11,Yakima County,XBB.1.9.1,0.0,1078100,0.0,#304FFE
2024-06-11,Yakima County,XBB.1.9.2,0.0,1078100,0.0,#536DFE
2024-06-11,Yakima County,XBB.2.3,0.0,1078100,0.0,#F7BCDF
2024-06-11,Yakima County,XDP,0.0,1078100,0.0,#B60052
2024-06-11,Yakima County,XDV.1,0.0,1078100,0.0,#D367B6
2024-06-11,Yakima County,unreportable,7270.5851596,1078100,0.006743887542528523,#eeeeee
2024-06-18,Benton County,BA.2,0.0,502178,0.0,#9CCD67
2024-06-18,Benton County,BA.2.12.1,0.0,502178,0.0,#7CB342
2024-06-18,Benton County,BA.2.86,0.0,502178,0.0,#D770EE
2024-06-18,Benton County,EG.5,0.0,502178,0.0,#FFBE7D
2024-06-18,Benton County,EG.5.1.8,0.0,502178,0.0,#E14D6F
2024-06-18,Benton County,EG.6.1,0.0,502178,0.0,#B9ABA8
2024-06-18,Benton County,FE.1.1,0.0,502178,0.0,#499894
2024-06-18,Benton County,FL.1.5.1,0.0,502178,0.0,#8CD17D
2024-06-18,Benton County,GE.1,0.0,502178,0.0,#FABFD2
2024-06-18,Benton County,GK.1.1,0.0,502178,0.0,#90FAE5
2024-06-18,Benton County,HF.1,0.0,502178,0.0,#D399AD
2024-06-18,Benton County,HK.3,0.0,502178,0.0,#859DBC
2024-06-18,Benton County,HV.1,0.0,502178,0.0,#797765
2024-06-18,Benton County,JD.1.1,0.0,502178,0.0,#80F192
2024-06-18,Benton County,JF.1,0.0,502178,0.0,#FFF1A9
2024-06-18,Benton County,JG.3,0.0,502178,0.0,#66A172
2024-06-18,Benton County,JN.1,2792.99853506,502178,0.00556177,#61018F
2024-06-18,Benton County,JN.1.11.1,0.0,502178,0.0,#5C9CF1
2024-06-18,Benton County,JN.1.13,0.0,502178,0.0,#E83C78
2024-06-18,Benton County,JN.1.13.1,0.0,502178,0.0,#F2591C
2024-06-18,Benton County,JN.1.16,0.0,502178,0.0,#BC3A88
2024-06-18,Benton County,JN.1.16.1,67869.14076346,502178,0.13514957,#366298
2024-06-18,Benton County,JN.1.18,1022.80601972,502178,0.00203674,#4AF32F
2024-06-18,Benton County,JN.1.32,0.0,502178,0.0,#2E7919
2024-06-18,Benton County,JN.1.4.3,0.0,502178,0.0,#9D1010
2024-06-18,Benton County,JN.1.7,0.0,502178,0.0,#CF15E8
2024-06-18,Benton County,JN.1.8.1,0.0,502178,0.0,#FFB027
2024-06-18,Benton County,KP.1.1,0.0,502178,0.0,#CBFF86
2024-06-18,Benton County,KP.1.1.3,36536.33200172,502178,0.07275574,#1EB3B6
2024-06-18,Benton County,KP.1.2,0.0,502178,0.0,#D7B5A6
2024-06-18,Benton County,KP.2,1848.9842435399999,502178,0.0036819299999999995,#5875A1
2024-06-18,Benton County,KP.2.15,0.0,502178,0.0,#175DFF
2024-06-18,Benton County,KP.2.3,329258.28861255996,502178,0.65566052,#628DE8
2024-06-18,Benton County,KP.3,55933.21838428,502178,0.11138126,#B06589
2024-06-18,Benton County,KP.3.1.1,0.0,502178,0.0,#2F92A1
2024-06-18,Benton County,KP.4.1,0.0,502178,0.0,#FF473A
2024-06-18,Benton County,KQ.1,0.0,502178,0.0,#E86CDE
2024-06-18,Benton County,KV.2,0.0,502178,0.0,#E14365
2024-06-18,Benton County,KW.1.1,0.0,502178,0.0,#34A0FF
2024-06-18,Benton County,LB.1,0.0,502178,0.0,#795653
2024-06-18,Benton County,Recombinant,0.0,502178,0.0,#FF0000
2024-06-18,Benton County,XBB,0.0,502178,0.0,#9FA8DA
2024-06-18,Benton County,XBB.1.16,0.0,502178,0.0,#4527A0
2024-06-18,Benton County,XBB.1.16.1,0.0,502178,0.0,#F89B9B
2024-06-18,Benton County,XBB.1.16.15,0.0,502178,0.0,#E3B5FA
2024-06-18,Benton County,XBB.1.16.6,0.0,502178,0.0,#5AA350
2024-06-18,Benton County,XBB.1.42.1,0.0,502178,0.0,#75D1A3
2024-06-18,Benton County,XBB.1.5,0.0,502178,0.0,#3F51B5
2024-06-18,Benton County,XBB.1.5.70,0.0,502178,0.0,#46783C
2024-06-18,Benton County,XBB.1.5.72,0.0,502178,0.0,#254220
2024-06-18,Benton County,XBB.1.9.1,0.0,502178,0.0,#304FFE
2024-06-18,Benton County,XBB.1.9.2,0.0,502178,0.0,#536DFE
2024-06-18,Benton County,XBB.2.3,0.0,502178,0.0,#F7BCDF
2024-06-18,Benton County,XDP,0.0,502178,0.0,#B60052
2024-06-18,Benton County,XDV.1,0.0,502178,0.0,#D367B6
2024-06-18,Benton County,unreportable,6916.226417880001,502178,0.01377246,#eeeeee
2024-06-18,Chelan County,BA.2,0.0,923896,0.0,#9CCD67
2024-06-18,Chelan County,BA.2.12.1,0.0,923896,0.0,#7CB342
2024-06-18,Chelan County,BA.2.86,0.0,923896,0.0,#D770EE
2024-06-18,Chelan County,EG.5,0.0,923896,0.0,#FFBE7D
2024-06-18,Chelan County,EG.5.1.8,0.0,923896,0.0,#E14D6F
2024-06-18,Chelan County,EG.6.1,0.0,923896,0.0,#B9ABA8
2024-06-18,Chelan County,FE.1.1,0.0,923896,0.0,#499894
2024-06-18,Chelan County,FL.1.5.1,0.0,923896,0.0,#8CD17D
2024-06-18,Chelan County,GE.1,0.0,923896,0.0,#FABFD2
2024-06-18,Chelan County,GK.1.1,0.0,923896,0.0,#90FAE5
2024-06-18,Chelan County,HF.1,0.0,923896,0.0,#D399AD
2024-06-18,Chelan County,HK.3,0.0,923896,0.0,#859DBC
2024-06-18,Chelan County,HV.1,0.0,923896,0.0,#797765
2024-06-18,Chelan County,JD.1.1,0.0,923896,0.0,#80F192
2024-06-18,Chelan County,JF.1,0.0,923896,0.0,#FFF1A9
2024-06-18,Chelan County,JG.3,0.0,923896,0.0,#66A172
2024-06-18,Chelan County,JN.1,21043.12136656,923896,0.022776504462147254,#61018F
2024-06-18,Chelan County,JN.1.11.1,78277.90009244,923896,0.08472587833743192,#5C9CF1
2024-06-18,Chelan County,JN.1.13,0.0,923896,0.0,#E83C78
2024-06-18,Chelan County,JN.1.13.1,0.0,923896,0.0,#F2591C
2024-06-18,Chelan County,JN.1.16,0.0,923896,0.0,#BC3A88
2024-06-18,Chelan County,JN.1.16.1,115389.75468059999,923896,0.12489474430087368,#366298
2024-06-18,Chelan County,JN.1.18,1422.4178988,923896,0.0015395865971927578,#4AF32F
2024-06-18,Chelan County,JN.1.32,0.0,923896,0.0,#2E7919
2024-06-18,Chelan County,JN.1.4.3,0.0,923896,0.0,#9D1010
2024-06-18,Chelan County,JN.1.7,0.0,923896,0.0,#CF15E8
2024-06-18,Chelan County,JN.1.8.1,0.0,923896,0.0,#FFB027
2024-06-18,Chelan County,KP.1.1,1249.3433196,923896,0.001352255361642436,#CBFF86
2024-06-18,Chelan County,KP.1.1.3,0.0,923896,0.0,#1EB3B6
2024-06-18,Chelan County,KP.1.2,0.0,923896,0.0,#D7B5A6
2024-06-18,Chelan County,KP.2,328349.535165,923896,0.3553966411425096,#5875A1
2024-06-18,Chelan County,KP.2.15,2084.2234472,923896,0.0022559069929948827,#175DFF
2024-06-18,Chelan County,KP.2.3,21281.58312424,923896,0.02303460900820006,#628DE8
2024-06-18,Chelan County,KP.3,41112.0101448,923896,0.04449852596482721,#B06589
2024-06-18,Chelan County,KP.3.1.1,110472.74496976001,923896,0.11957270620260291,#2F92A1
2024-06-18,Chelan County,KP.4.1,0.0,923896,0.0,#FF473A
2024-06-18,Chelan County,KQ.1,0.0,923896,0.0,#E86CDE
2024-06-18,Chelan County,KV.2,0.0,923896,0.0,#E14365
2024-06-18,Chelan County,KW.1.1,0.0,923896,0.0,#34A0FF
2024-06-18,Chelan County,LB.1,194833.8421398,923896,0.21088287224947397,#795653
2024-06-18,Chelan County,Recombinant,0.0,923896,0.0,#FF0000
2024-06-18,Chelan County,XBB,0.0,923896,0.0,#9FA8DA
2024-06-18,Chelan County,XBB.1.16,0.0,923896,0.0,#4527A0
2024-06-18,Chelan County,XBB.1.16.1,0.0,923896,0.0,#F89B9B
2024-06-18,Chelan County,XBB.1.16.15,0.0,923896,0.0,#E3B5FA
2024-06-18,Chelan County,XBB.1.16.6,0.0,923896,0.0,#5AA350
2024-06-18,Chelan County,XBB.1.42.1,0.0,923896,0.0,#75D1A3
2024-06-18,Chelan County,XBB.1.5,0.0,923896,0.0,#3F51B5
2024-06-18,Chelan County,XBB.1.5.70,0.0,923896,0.0,#46783C
2024-06-18,Chelan County,XBB.1.5.72,0.0,923896,0.0,#254220
2024-06-18,Chelan County,XBB.1.9.1,0.0,923896,0.0,#304FFE
2024-06-18,Chelan County,XBB.1.9.2,0.0,923896,0.0,#536DFE
2024-06-18,Chelan County,XBB.2.3,0.0,923896,0.0,#F7BCDF
2024-06-18,Chelan County,XDP,0.0,923896,0.0,#B60052
2024-06-18,Chelan County,XDV.1,0.0,923896,0.0,#D367B6
2024-06-18,Chelan County,unreportable,8379.531411,923896,0.009069777779100677,#eeeeee
2024-06-18,Franklin County,BA.2,0.0,1215063,0.0,#9CCD67
2024-06-18,Franklin County,BA.2.12.1,0.0,1215063,0.0,#7CB342
2024-06-18,Franklin County,BA.2.86,0.0,1215063,0.0,#D770EE
2024-06-18,Franklin County,EG.5,0.0,1215063,0.0,#FFBE7D
2024-06-18,Franklin County,EG.5.1.8,0.0,1215063,0.0,#E14D6F
2024-06-18,Franklin County,EG.6.1,0.0,1215063,0.0,#B9ABA8
2024-06-18,Franklin County,FE.1.1,0.0,1215063,0.0,#499894
2024-06-18,Franklin County,FL.1.5.1,0.0,1215063,0.0,#8CD17D
2024-06-18,Franklin County,GE.1,0.0,1215063,0.0,#FABFD2
2024-06-18,Franklin County,GK.1.1,0.0,1215063,0.0,#90FAE5
2024-06-18,Franklin County,HF.1,0.0,1215063,0.0,#D399AD
2024-06-18,Franklin County,HK.3,0.0,1215063,0.0,#859DBC
2024-06-18,Franklin County,HV.1,0.0,1215063,0.0,#797765
2024-06-18,Franklin County,JD.1.1,0.0,1215063,0.0,#80F192
2024-06-18,Franklin County,JF.1,0.0,1215063,0.0,#FFF1A9
2024-06-18,Franklin County,JG.3,0.0,1215063,0.0,#66A172
2024-06-18,Franklin County,JN.1,238903.51611829503,1215063,0.19661821330934695,#61018F
2024-06-18,Franklin County,JN.1.11.1,6290.313305924999,1215063,0.005176944163327334,#5C9CF1
2024-06-18,Franklin County,JN.1.13,0.0,1215063,0.0,#E83C78
2024-06-18,Franklin County,JN.1.13.1,0.0,1215063,0.0,#F2591C
2024-06-18,Franklin County,JN.1.16,27164.85370113,1215063,0.022356745042133617,#BC3A88
2024-06-18,Franklin County,JN.1.16.1,6524.21018451,1215063,0.00536944190096316,#366298
2024-06-18,Franklin County,JN.1.18,0.0,1215063,0.0,#4AF32F
2024-06-18,Franklin County,JN.1.32,0.0,1215063,0.0,#2E7919
2024-06-18,Franklin County,JN.1.4.3,0.0,1215063,0.0,#9D1010
2024-06-18,Franklin County,JN.1.7,28499.4949932,1215063,0.023455158286607363,#CF15E8
2024-06-18,Franklin County,JN.1.8.1,0.0,1215063,0.0,#FFB027
2024-06-18,Franklin County,KP.1.1,489.270615345,1215063,0.0004026709852452095,#CBFF86
2024-06-18,Franklin County,KP.1.1.3,858.4410846,1215063,0.0007064992388049014,#1EB3B6
2024-06-18,Franklin County,KP.1.2,0.0,1215063,0.0,#D7B5A6
2024-06-18,Franklin County,KP.2,230503.57530601497,1215063,0.18970504023743212,#5875A1
2024-06-18,Franklin County,KP.2.15,3657.644507265,1215063,0.0030102509147797276,#175DFF
2024-06-18,Franklin County,KP.2.3,1411.1898397500001,1215063,0.0011614128977262908,#628DE8
2024-06-18,Franklin County,KP.3,481984.614624405,1215063,0.39667458775751135,#B06589
2024-06-18,Franklin County,KP.3.1.1,0.0,1215063,0.0,#2F92A1
2024-06-18,Franklin County,KP.4.1,1922.2500958950002,1215063,0.0015820168138565656,#FF473A
2024-06-18,Franklin County,KQ.1,0.0,1215063,0.0,#E86CDE
2024-06-18,Franklin County,KV.2,237.036409365,1215063,0.00019508157960945234,#E14365
2024-06-18,Franklin County,KW.1.1,0.0,1215063,0.0,#34A0FF
2024-06-18,Franklin County,LB.1,170125.2441702,1215063,0.1400135171346671,#795653
2024-06-18,Franklin County,Recombinant,0.0,1215063,0.0,#FF0000
2024-06-18,Franklin County,XBB,0.0,1215063,0.0,#9FA8DA
2024-06-18,Franklin County,XBB.1.16,0.0,1215063,0.0,#4527A0
2024-06-18,Franklin County,XBB.1.16.1,0.0,1215063,0.0,#F89B9B
2024-06-18,Franklin County,XBB.1.16.15,0.0,1215063,0.0,#E3B5FA
2024-06-18,Franklin County,XBB.1.16.6,0.0,1215063,0.0,#5AA350
2024-06-18,Franklin County,XBB.1.42.1,0.0,1215063,0.0,#75D1A3
2024-06-18,Franklin County,XBB.1.5,0.0,1215063,0.0,#3F51B5
2024-06-18,Franklin County,XBB.1.5.70,0.0,1215063,0.0,#46783C
2024-06-18,Franklin County,XBB.1.5.72,0.0,1215063,0.0,#254220
2024-06-18,Franklin County,XBB.1.9.1,0.0,1215063,0.0,#304FFE
2024-06-18,Franklin County,XBB.1.9.2,0.0,1215063,0.0,#536DFE
2024-06-18,Franklin County,XBB.2.3,0.0,1215063,0.0,#F7BCDF
2024-06-18,Franklin County,XDP,0.0,1215063,0.0,#B60052
2024-06-18,Franklin County,XDV.1,0.0,1215063,0.0,#D367B6
2024-06-18,Franklin County,unreportable,16491.342654885,1215063,0.013572417771658754,#eeeeee
2024-06-18,Island County,BA.2,0.0,1161463,0.0,#9CCD67
2024-06-18,Island County,BA.2.12.1,0.0,1161463,0.0,#7CB342
2024-06-18,Island County,BA.2.86,0.0,1161463,0.0,#D770EE
2024-06-18,Island County,EG.5,0.0,1161463,0.0,#FFBE7D
2024-06-18,Island County,EG.5.1.8,0.0,1161463,0.0,#E14D6F
2024-06-18,Island County,EG.6.1,0.0,1161463,0.0,#B9ABA8
2024-06-18,Island County,FE.1.1,0.0,1161463,0.0,#499894
2024-06-18,Island County,FL.1.5.1,0.0,1161463,0.0,#8CD17D
2024-06-18,Island County,GE.1,0.0,1161463,0.0,#FABFD2
2024-06-18,Island County,GK.1.1,0.0,1161463,0.0,#90FAE5
2024-06-18,Island County,HF.1,0.0,1161463,0.0,#D399AD
2024-06-18,Island County,HK.3,0.0,1161463,0.0,#859DBC
2024-06-18,Island County,HV.1,0.0,1161463,0.0,#797765
2024-06-18,Island County,JD.1.1,0.0,1161463,0.0,#80F192
2024-06-18,Island County,JF.1,0.0,1161463,0.0,#FFF1A9
2024-06-18,Island County,JG.3,0.0,1161463,0.0,#66A172
2024-06-18,Island County,JN.1,83478.22230797,1161463,0.07187333759919172,#61018F
2024-06-18,Island County,JN.1.11.1,28873.68435074,1161463,0.024859753905841168,#5C9CF1
2024-06-18,Island County,JN.1.13,0.0,1161463,0.0,#E83C78
2024-06-18,Island County,JN.1.13.1,0.0,1161463,0.0,#F2591C
2024-06-18,Island County,JN.1.16,9509.52374174,1161463,0.008187539113807327,#BC3A88
2024-06-18,Island County,JN.1.16.1,19009.580601579997,1161463,0.01636692740240541,#366298
2024-06-18,Island County,JN.1.18,28417.015959559998,1161463,0.024466570144343815,#4AF32F
2024-06-18,Island County,JN.1.32,203098.8837618,1161463,0.17486470405152812,#2E7919
2024-06-18,Island County,JN.1.4.3,0.0,1161463,0.0,#9D1010
2024-06-18,Island County,JN.1.7,0.0,1161463,0.0,#CF15E8
2024-06-18,Island County,JN.1.8.1,0.0,1161463,0.0,#FFB027
2024-06-18,Island County,KP.1.1,46494.546616750005,1161463,0.040031018307729135,#CBFF86
2024-06-18,Island County,KP.1.1.3,0.0,1161463,0.0,#1EB3B6
2024-06-18,Island County,KP.1.2,0.0,1161463,0.0,#D7B5A6
2024-06-18,Island County,KP.2,253558.40758101002,1161463,0.2183095006737279,#5875A1
2024-06-18,Island County,KP.2.15,5344.0935964499995,1161463,0.004601174205678528,#175DFF
2024-06-18,Island County,KP.2.3,33321.17821482,1161463,0.028688970905504523,#628DE8
2024-06-18,Island County,KP.3,433599.14344972,1161463,0.3733215293554078,#B06589
2024-06-18,Island County,KP.3.1.1,0.0,1161463,0.0,#2F92A1
2024-06-18,Island County,KP.4.1,0.0,1161463,0.0,#FF473A
2024-06-18,Island County,KQ.1,0.0,1161463,0.0,#E86CDE
2024-06-18,Island County,KV.2,0.0,1161463,0.0,#E14365
2024-06-18,Island County,KW.1.1,0.0,1161463,0.0,#34A0FF
2024-06-18,Island County,LB.1,3007.2283263,1161463,0.002589172729824368,#795653
2024-06-18,Island County,Recombinant,0.0,1161463,0.0,#FF0000
2024-06-18,Island County,XBB,0.0,1161463,0.0,#9FA8DA
2024-06-18,Island County,XBB.1.16,0.0,1161463,0.0,#4527A0
2024-06-18,Island County,XBB.1.16.1,0.0,1161463,0.0,#F89B9B
2024-06-18,Island County,XBB.1.16.15,0.0,1161463,0.0,#E3B5FA
2024-06-18,Island County,XBB.1.16.6,0.0,1161463,0.0,#5AA350
2024-06-18,Island County,XBB.1.42.1,0.0,1161463,0.0,#75D1A3
2024-06-18,Island County,XBB.1.5,0.0,1161463,0.0,#3F51B5
2024-06-18,Island County,XBB.1.5.70,0.0,1161463,0.0,#46783C
2024-06-18,Island County,XBB.1.5.72,0.0,1161463,0.0,#254220
2024-06-18,Island County,XBB.1.9.1,0.0,1161463,0.0,#304FFE
2024-06-18,Island County,XBB.1.9.2,0.0,1161463,0.0,#536DFE
2024-06-18,Island County,XBB.2.3,0.0,1161463,0.0,#F7BCDF
2024-06-18,Island County,XDP,0.0,1161463,0.0,#B60052
2024-06-18,Island County,XDV.1,0.0,1161463,0.0,#D367B6
2024-06-18,Island County,unreportable,13751.47987693,1161463,0.011839791605010232,#eeeeee
2024-06-18,Jefferson County,BA.2,0.0,162770,0.0,#9CCD67
2024-06-18,Jefferson County,BA.2.12.1,0.0,162770,0.0,#7CB342
2024-06-18,Jefferson County,BA.2.86,175.2625975,162770,0.00107675,#D770EE
2024-06-18,Jefferson County,EG.5,0.0,162770,0.0,#FFBE7D
2024-06-18,Jefferson County,EG.5.1.8,0.0,162770,0.0,#E14D6F
2024-06-18,Jefferson County,EG.6.1,0.0,162770,0.0,#B9ABA8
2024-06-18,Jefferson County,FE.1.1,0.0,162770,0.0,#499894
2024-06-18,Jefferson County,FL.1.5.1,0.0,162770,0.0,#8CD17D
2024-06-18,Jefferson County,GE.1,0.0,162770,0.0,#FABFD2
2024-06-18,Jefferson County,GK.1.1,0.0,162770,0.0,#90FAE5
2024-06-18,Jefferson County,HF.1,0.0,162770,0.0,#D399AD
2024-06-18,Jefferson County,HK.3,0.0,162770,0.0,#859DBC
2024-06-18,Jefferson County,HV.1,0.0,162770,0.0,#797765
2024-06-18,Jefferson County,JD.1.1,0.0,162770,0.0,#80F192
2024-06-18,Jefferson County,JF.1,0.0,162770,0.0,#FFF1A9
2024-06-18,Jefferson County,JG.3,0.0,162770,0.0,#66A172
2024-06-18,Jefferson County,JN.1,39733.4819478,162770,0.24410814,#61018F
2024-06-18,Jefferson County,JN.1.11.1,15898.657412,162770,0.0976756,#5C9CF1
2024-06-18,Jefferson County,JN.1.13,0.0,162770,0.0,#E83C78
2024-06-18,Jefferson County,JN.1.13.1,0.0,162770,0.0,#F2591C
2024-06-18,Jefferson County,JN.1.16,0.0,162770,0.0,#BC3A88
2024-06-18,Jefferson County,JN.1.16.1,0.0,162770,0.0,#366298
2024-06-18,Jefferson County,JN.1.18,355.98775620000004,162770,0.0021870600000000002,#4AF32F
2024-06-18,Jefferson County,JN.1.32,0.0,162770,0.0,#2E7919
2024-06-18,Jefferson County,JN.1.4.3,0.0,162770,0.0,#9D1010
2024-06-18,Jefferson County,JN.1.7,0.0,162770,0.0,#CF15E8
2024-06-18,Jefferson County,JN.1.8.1,0.0,162770,0.0,#FFB027
2024-06-18,Jefferson County,KP.1.1,338.32070039999996,162770,0.00207852,#CBFF86
2024-06-18,Jefferson County,KP.1.1.3,0.0,162770,0.0,#1EB3B6
2024-06-18,Jefferson County,KP.1.2,0.0,162770,0.0,#D7B5A6
2024-06-18,Jefferson County,KP.2,61233.0257612,162770,0.37619356,#5875A1
2024-06-18,Jefferson County,KP.2.15,1247.9152698,162770,0.00766674,#175DFF
2024-06-18,Jefferson County,KP.2.3,0.0,162770,0.0,#628DE8
2024-06-18,Jefferson County,KP.3,42068.075780800005,162770,0.25845104,#B06589
2024-06-18,Jefferson County,KP.3.1.1,0.0,162770,0.0,#2F92A1
2024-06-18,Jefferson County,KP.4.1,0.0,162770,0.0,#FF473A
2024-06-18,Jefferson County,KQ.1,0.0,162770,0.0,#E86CDE
2024-06-18,Jefferson County,KV.2,0.0,162770,0.0,#E14365
2024-06-18,Jefferson County,KW.1.1,0.0,162770,0.0,#34A0FF
2024-06-18,Jefferson County,LB.1,0.0,162770,0.0,#795653
2024-06-18,Jefferson County,Recombinant,0.0,162770,0.0,#FF0000
2024-06-18,Jefferson County,XBB,0.0,162770,0.0,#9FA8DA
2024-06-18,Jefferson County,XBB.1.16,0.0,162770,0.0,#4527A0
2024-06-18,Jefferson County,XBB.1.16.1,0.0,162770,0.0,#F89B9B
2024-06-18,Jefferson County,XBB.1.16.15,0.0,162770,0.0,#E3B5FA
2024-06-18,Jefferson County,XBB.1.16.6,0.0,162770,0.0,#5AA350
2024-06-18,Jefferson County,XBB.1.42.1,0.0,162770,0.0,#75D1A3
2024-06-18,Jefferson County,XBB.1.5,0.0,162770,0.0,#3F51B5
2024-06-18,Jefferson County,XBB.1.5.70,0.0,162770,0.0,#46783C
2024-06-18,Jefferson County,XBB.1.5.72,0.0,162770,0.0,#254220
2024-06-18,Jefferson County,XBB.1.9.1,0.0,162770,0.0,#304FFE
2024-06-18,Jefferson County,XBB.1.9.2,0.0,162770,0.0,#536DFE
2024-06-18,Jefferson County,XBB.2.3,0.0,162770,0.0,#F7BCDF
2024-06-18,Jefferson County,XDP,0.0,162770,0.0,#B60052
2024-06-18,Jefferson County,XDV.1,0.0,162770,0.0,#D367B6
2024-06-18,Jefferson County,unreportable,1719.2727743,162770,0.01056259,#eeeeee
2024-06-18,King County,BA.2,0.0,973611,0.0,#9CCD67
2024-06-18,King County,BA.2.12.1,0.0,973611,0.0,#7CB342
2024-06-18,King County,BA.2.86,0.0,973611,0.0,#D770EE
2024-06-18,King County,EG.5,0.0,973611,0.0,#FFBE7D
2024-06-18,King County,EG.5.1.8,0.0,973611,0.0,#E14D6F
2024-06-18,King County,EG.6.1,0.0,973611,0.0,#B9ABA8
2024-06-18,King County,FE.1.1,0.0,973611,0.0,#499894
2024-06-18,King County,FL.1.5.1,0.0,973611,0.0,#8CD17D
2024-06-18,King County,GE.1,0.0,973611,0.0,#FABFD2
2024-06-18,King County,GK.1.1,0.0,973611,0.0,#90FAE5
2024-06-18,King County,HF.1,0.0,973611,0.0,#D399AD
2024-06-18,King County,HK.3,0.0,973611,0.0,#859DBC
2024-06-18,King County,HV.1,0.0,973611,0.0,#797765
2024-06-18,King County,JD.1.1,0.0,973611,0.0,#80F192
2024-06-18,King County,JF.1,0.0,973611,0.0,#FFF1A9
2024-06-18,King County,JG.3,0.0,973611,0.0,#66A172
2024-06-18,King County,JN.1,109644.73133426999,973611,0.11261657,#61018F
2024-06-18,King County,JN.1.11.1,0.0,973611,0.0,#5C9CF1
2024-06-18,King County,JN.1.13,0.0,973611,0.0,#E83C78
2024-06-18,King County,JN.1.13.1,5915.89410264,973611,0.00607624,#F2591C
2024-06-18,King County,JN.1.16,0.0,973611,0.0,#BC3A88
2024-06-18,King County,JN.1.16.1,743758.7731758,973611,0.7639178,#366298
2024-06-18,King County,JN.1.18,2402.95957299,973611,0.00246809,#4AF32F
2024-06-18,King County,JN.1.32,0.0,973611,0.0,#2E7919
2024-06-18,King County,JN.1.4.3,0.0,973611,0.0,#9D1010
2024-06-18,King County,JN.1.7,0.0,973611,0.0,#CF15E8
2024-06-18,King County,JN.1.8.1,0.0,973611,0.0,#FFB027
2024-06-18,King County,KP.1.1,0.0,973611,0.0,#CBFF86
2024-06-18,King County,KP.1.1.3,0.0,973611,0.0,#1EB3B6
2024-06-18,King County,KP.1.2,0.0,973611,0.0,#D7B5A6
2024-06-18,King County,KP.2,9635.21469207,973611,0.00989637,#5875A1
2024-06-18,King County,KP.2.15,0.0,973611,0.0,#175DFF
2024-06-18,King County,KP.2.3,0.0,973611,0.0,#628DE8
2024-06-18,King County,KP.3,86697.9176058,973611,0.0890478,#B06589
2024-06-18,King County,KP.3.1.1,0.0,973611,0.0,#2F92A1
2024-06-18,King County,KP.4.1,0.0,973611,0.0,#FF473A
2024-06-18,King County,KQ.1,0.0,973611,0.0,#E86CDE
2024-06-18,King County,KV.2,0.0,973611,0.0,#E14365
2024-06-18,King County,KW.1.1,0.0,973611,0.0,#34A0FF
2024-06-18,King County,LB.1,0.0,973611,0.0,#795653
2024-06-18,King County,Recombinant,0.0,973611,0.0,#FF0000
2024-06-18,King County,XBB,0.0,973611,0.0,#9FA8DA
2024-06-18,King County,XBB.1.16,0.0,973611,0.0,#4527A0
2024-06-18,King County,XBB.1.16.1,0.0,973611,0.0,#F89B9B
2024-06-18,King County,XBB.1.16.15,0.0,973611,0.0,#E3B5FA
2024-06-18,King County,XBB.1.16.6,0.0,973611,0.0,#5AA350
2024-06-18,King County,XBB.1.42.1,0.0,973611,0.0,#75D1A3
2024-06-18,King County,XBB.1.5,0.0,973611,0.0,#3F51B5
2024-06-18,King County,XBB.1.5.70,0.0,973611,0.0,#46783C
2024-06-18,King County,XBB.1.5.72,0.0,973611,0.0,#254220
2024-06-18,King County,XBB.1.9.1,0.0,973611,0.0,#304FFE
2024-06-18,King County,XBB.1.9.2,0.0,973611,0.0,#536DFE
2024-06-18,King County,XBB.2.3,0.0,973611,0.0,#F7BCDF
2024-06-18,King County,XDP,0.0,973611,0.0,#B60052
2024-06-18,King County,XDV.1,0.0,973611,0.0,#D367B6
2024-06-18,King County,unreportable,15555.49978032,973611,0.01597712,#eeeeee
2024-06-18,Kittitas County,BA.2,0.0,862782,0.0,#9CCD67
2024-06-18,Kittitas County,BA.2.12.1,0.0,862782,0.0,#7CB342
2024-06-18,Kittitas County,BA.2.86,0.0,862782,0.0,#D770EE
2024-06-18,Kittitas County,EG.5,0.0,862782,0.0,#FFBE7D
2024-06-18,Kittitas County,EG.5.1.8,0.0,862782,0.0,#E14D6F
2024-06-18,Kittitas County,EG.6.1,0.0,862782,0.0,#B9ABA8
2024-06-18,Kittitas County,FE.1.1,0.0,862782,0.0,#499894
2024-06-18,Kittitas County,FL.1.5.1,0.0,862782,0.0,#8CD17D
2024-06-18,Kittitas County,GE.1,0.0,862782,0.0,#FABFD2
2024-06-18,Kittitas County,GK.1.1,0.0,862782,0.0,#90FAE5
2024-06-18,Kittitas County,HF.1,0.0,862782,0.0,#D399AD
2024-06-18,Kittitas County,HK.3,0.0,862782,0.0,#859DBC
2024-06-18,Kittitas County,HV.1,0.0,862782,0.0,#797765
2024-06-18,Kittitas County,JD.1.1,0.0,862782,0.0,#80F192
2024-06-18,Kittitas County,JF.1,0.0,862782,0.0,#FFF1A9
2024-06-18,Kittitas County,JG.3,0.0,862782,0.0,#66A172
2024-06-18,Kittitas County,JN.1,60362.677814400005,862782,0.06996283860163982,#61018F
2024-06-18,Kittitas County,JN.1.11.1,792.47567898,862782,0.000918512067915186,#5C9CF1
2024-06-18,Kittitas County,JN.1.13,0.0,862782,0.0,#E83C78
2024-06-18,Kittitas County,JN.1.13.1,0.0,862782,0.0,#F2591C
2024-06-18,Kittitas County,JN.1.16,33519.1806768,862782,0.038850115877243616,#BC3A88
2024-06-18,Kittitas County,JN.1.16.1,12535.62603402,862782,0.014529308717636668,#366298
2024-06-18,Kittitas County,JN.1.18,17939.1431856,862782,0.020792208443847927,#4AF32F
2024-06-18,Kittitas County,JN.1.32,0.0,862782,0.0,#2E7919
2024-06-18,Kittitas County,JN.1.4.3,0.0,862782,0.0,#9D1010
2024-06-18,Kittitas County,JN.1.7,0.0,862782,0.0,#CF15E8
2024-06-18,Kittitas County,JN.1.8.1,0.0,862782,0.0,#FFB027
2024-06-18,Kittitas County,KP.1.1,308.2249872,862782,0.00035724550025383,#CBFF86
2024-06-18,Kittitas County,KP.1.1.3,16252.63116012,862782,0.018837471296480456,#1EB3B6
2024-06-18,Kittitas County,KP.1.2,79372.78421958,862782,0.09199633768388771,#D7B5A6
2024-06-18,Kittitas County,KP.2,270241.4788563,862782,0.3132210440833258,#5875A1
2024-06-18,Kittitas County,KP.2.15,4928.08832658,862782,0.005711858066788598,#175DFF
2024-06-18,Kittitas County,KP.2.3,0.0,862782,0.0,#628DE8
2024-06-18,Kittitas County,KP.3,155467.84834944,862782,0.18019366230338602,#B06589
2024-06-18,Kittitas County,KP.3.1.1,18227.961398400003,862782,0.021126960690417744,#2F92A1
2024-06-18,Kittitas County,KP.4.1,0.0,862782,0.0,#FF473A
2024-06-18,Kittitas County,KQ.1,0.0,862782,0.0,#E86CDE
2024-06-18,Kittitas County,KV.2,0.0,862782,0.0,#E14365
2024-06-18,Kittitas County,KW.1.1,0.0,862782,0.0,#34A0FF
2024-06-18,Kittitas County,LB.1,187081.57822805998,862782,0.2168352819461463,#795653
2024-06-18,Kittitas County,Recombinant,0.0,862782,0.0,#FF0000
2024-06-18,Kittitas County,XBB,0.0,862782,0.0,#9FA8DA
2024-06-18,Kittitas County,XBB.1.16,0.0,862782,0.0,#4527A0
2024-06-18,Kittitas County,XBB.1.16.1,0.0,862782,0.0,#F89B9B
2024-06-18,Kittitas County,XBB.1.16.15,0.0,862782,0.0,#E3B5FA
2024-06-18,Kittitas County,XBB.1.16.6,0.0,862782,0.0,#5AA350
2024-06-18,Kittitas County,XBB.1.42.1,0.0,862782,0.0,#75D1A3
2024-06-18,Kittitas County,XBB.1.5,0.0,862782,0.0,#3F51B5
2024-06-18,Kittitas County,XBB.1.5.70,0.0,862782,0.0,#46783C
2024-06-18,Kittitas County,XBB.1.5.72,0.0,862782,0.0,#254220
2024-06-18,Kittitas County,XBB.1.9.1,0.0,862782,0.0,#304FFE
2024-06-18,Kittitas County,XBB.1.9.2,0.0,862782,0.0,#536DFE
2024-06-18,Kittitas County,XBB.2.3,0.0,862782,0.0,#F7BCDF
2024-06-18,Kittitas County,XDP,0.0,862782,0.0,#B60052
2024-06-18,Kittitas County,XDV.1,0.0,862782,0.0,#D367B6
2024-06-18,Kittitas County,unreportable,5752.3025197199995,862782,0.006667156384486463,#eeeeee
2024-06-18,Okanogan County,BA.2,0.0,927810,0.0,#9CCD67
2024-06-18,Okanogan County,BA.2.12.1,0.0,927810,0.0,#7CB342
2024-06-18,Okanogan County,BA.2.86,0.0,927810,0.0,#D770EE
2024-06-18,Okanogan County,EG.5,0.0,927810,0.0,#FFBE7D
2024-06-18,Okanogan County,EG.5.1.8,0.0,927810,0.0,#E14D6F
2024-06-18,Okanogan County,EG.6.1,0.0,927810,0.0,#B9ABA8
2024-06-18,Okanogan County,FE.1.1,0.0,927810,0.0,#499894
2024-06-18,Okanogan County,FL.1.5.1,0.0,927810,0.0,#8CD17D
2024-06-18,Okanogan County,GE.1,0.0,927810,0.0,#FABFD2
2024-06-18,Okanogan County,GK.1.1,0.0,927810,0.0,#90FAE5
2024-06-18,Okanogan County,HF.1,0.0,927810,0.0,#D399AD
2024-06-18,Okanogan County,HK.3,0.0,927810,0.0,#859DBC
2024-06-18,Okanogan County,HV.1,0.0,927810,0.0,#797765
2024-06-18,Okanogan County,JD.1.1,0.0,927810,0.0,#80F192
2024-06-18,Okanogan County,JF.1,0.0,927810,0.0,#FFF1A9
2024-06-18,Okanogan County,JG.3,0.0,927810,0.0,#66A172
2024-06-18,Okanogan County,JN.1,40643.7933096,927810,0.04380616,#61018F
2024-06-18,Okanogan County,JN.1.11.1,0.0,927810,0.0,#5C9CF1
2024-06-18,Okanogan County,JN.1.13,0.0,927810,0.0,#E83C78
2024-06-18,Okanogan County,JN.1.13.1,1274.2449758999999,927810,0.00137339,#F2591C
2024-06-18,Okanogan County,JN.1.16,154098.9515871,927810,0.16608890999999998,#BC3A88
2024-06-18,Okanogan County,JN.1.16.1,39331.7679105,927810,0.04239205,#366298
2024-06-18,Okanogan County,JN.1.18,0.0,927810,0.0,#4AF32F
2024-06-18,Okanogan County,JN.1.32,0.0,927810,0.0,#2E7919
2024-06-18,Okanogan County,JN.1.4.3,0.0,927810,0.0,#9D1010
2024-06-18,Okanogan County,JN.1.7,0.0,927810,0.0,#CF15E8
2024-06-18,Okanogan County,JN.1.8.1,0.0,927810,0.0,#FFB027
2024-06-18,Okanogan County,KP.1.1,1557.79299,927810,0.001679,#CBFF86
2024-06-18,Okanogan County,KP.1.1.3,0.0,927810,0.0,#1EB3B6
2024-06-18,Okanogan County,KP.1.2,0.0,927810,0.0,#D7B5A6
2024-06-18,Okanogan County,KP.2,239736.8166219,927810,0.25838999,#5875A1
2024-06-18,Okanogan County,KP.2.15,1666.6993278,927810,0.00179638,#175DFF
2024-06-18,Okanogan County,KP.2.3,0.0,927810,0.0,#628DE8
2024-06-18,Okanogan County,KP.3,439768.2269682,927810,0.47398522,#B06589
2024-06-18,Okanogan County,KP.3.1.1,0.0,927810,0.0,#2F92A1
2024-06-18,Okanogan County,KP.4.1,0.0,927810,0.0,#FF473A
2024-06-18,Okanogan County,KQ.1,0.0,927810,0.0,#E86CDE
2024-06-18,Okanogan County,KV.2,0.0,927810,0.0,#E14365
2024-06-18,Okanogan County,KW.1.1,0.0,927810,0.0,#34A0FF
2024-06-18,Okanogan County,LB.1,0.0,927810,0.0,#795653
2024-06-18,Okanogan County,Recombinant,0.0,927810,0.0,#FF0000
2024-06-18,Okanogan County,XBB,0.0,927810,0.0,#9FA8DA
2024-06-18,Okanogan County,XBB.1.16,0.0,927810,0.0,#4527A0
2024-06-18,Okanogan County,XBB.1.16.1,0.0,927810,0.0,#F89B9B
2024-06-18,Okanogan County,XBB.1.16.15,0.0,927810,0.0,#E3B5FA
2024-06-18,Okanogan County,XBB.1.16.6,0.0,927810,0.0,#5AA350
2024-06-18,Okanogan County,XBB.1.42.1,0.0,927810,0.0,#75D1A3
2024-06-18,Okanogan County,XBB.1.5,0.0,927810,0.0,#3F51B5
2024-06-18,Okanogan County,XBB.1.5.70,0.0,927810,0.0,#46783C
2024-06-18,Okanogan County,XBB.1.5.72,0.0,927810,0.0,#254220
2024-06-18,Okanogan County,XBB.1.9.1,0.0,927810,0.0,#304FFE
2024-06-18,Okanogan County,XBB.1.9.2,0.0,927810,0.0,#536DFE
2024-06-18,Okanogan County,XBB.2.3,0.0,927810,0.0,#F7BCDF
2024-06-18,Okanogan County,XDP,0.0,927810,0.0,#B60052
2024-06-18,Okanogan County,XDV.1,0.0,927810,0.0,#D367B6
2024-06-18,Okanogan County,unreportable,9731.6970309,927810,0.01048889,#eeeeee
2024-06-18,Pierce County,BA.2,0.0,1013026,0.0,#9CCD67
2024-06-18,Pierce County,BA.2.12.1,0.0,1013026,0.0,#7CB342
2024-06-18,Pierce County,BA.2.86,0.0,1013026,0.0,#D770EE
2024-06-18,Pierce County,EG.5,0.0,1013026,0.0,#FFBE7D
2024-06-18,Pierce County,EG.5.1.8,0.0,1013026,0.0,#E14D6F
2024-06-18,Pierce County,EG.6.1,0.0,1013026,0.0,#B9ABA8
2024-06-18,Pierce County,FE.1.1,0.0,1013026,0.0,#499894
2024-06-18,Pierce County,FL.1.5.1,0.0,1013026,0.0,#8CD17D
2024-06-18,Pierce County,GE.1,0.0,1013026,0.0,#FABFD2
2024-06-18,Pierce County,GK.1.1,0.0,1013026,0.0,#90FAE5
2024-06-18,Pierce County,HF.1,0.0,1013026,0.0,#D399AD
2024-06-18,Pierce County,HK.3,0.0,1013026,0.0,#859DBC
2024-06-18,Pierce County,HV.1,0.0,1013026,0.0,#797765
2024-06-18,Pierce County,JD.1.1,0.0,1013026,0.0,#80F192
2024-06-18,Pierce County,JF.1,0.0,1013026,0.0,#FFF1A9
2024-06-18,Pierce County,JG.3,0.0,1013026,0.0,#66A172
2024-06-18,Pierce County,JN.1,3235.8784334899997,1013026,0.003194269874109845,#61018F
2024-06-18,Pierce County,JN.1.11.1,1523.5553541,1013026,0.001503964709790272,#5C9CF1
2024-06-18,Pierce County,JN.1.13,0.0,1013026,0.0,#E83C78
2024-06-18,Pierce County,JN.1.13.1,0.0,1013026,0.0,#F2591C
2024-06-18,Pierce County,JN.1.16,15901.80609255,1013026,0.01569733263761246,#BC3A88
2024-06-18,Pierce County,JN.1.16.1,18172.92432743,1013026,0.017939247687058377,#366298
2024-06-18,Pierce County,JN.1.18,0.0,1013026,0.0,#4AF32F
2024-06-18,Pierce County,JN.1.32,0.0,1013026,0.0,#2E7919
2024-06-18,Pierce County,JN.1.4.3,0.0,1013026,0.0,#9D1010
2024-06-18,Pierce County,JN.1.7,0.0,1013026,0.0,#CF15E8
2024-06-18,Pierce County,JN.1.8.1,0.0,1013026,0.0,#FFB027
2024-06-18,Pierce County,KP.1.1,11589.987496099999,1013026,0.011440957582628678,#CBFF86
2024-06-18,Pierce County,KP.1.1.3,0.0,1013026,0.0,#1EB3B6
2024-06-18,Pierce County,KP.1.2,0.0,1013026,0.0,#D7B5A6
2024-06-18,Pierce County,KP.2,1128.8164413499999,1013026,0.0011143015493679331,#5875A1
2024-06-18,Pierce County,KP.2.15,0.0,1013026,0.0,#175DFF
2024-06-18,Pierce County,KP.2.3,227828.30366387,1013026,0.22489877225645738,#628DE8
2024-06-18,Pierce County,KP.3,726900.2021032,1013026,0.7175533521382472,#B06589
2024-06-18,Pierce County,KP.3.1.1,0.0,1013026,0.0,#2F92A1
2024-06-18,Pierce County,KP.4.1,0.0,1013026,0.0,#FF473A
2024-06-18,Pierce County,KQ.1,0.0,1013026,0.0,#E86CDE
2024-06-18,Pierce County,KV.2,0.0,1013026,0.0,#E14365
2024-06-18,Pierce County,KW.1.1,0.0,1013026,0.0,#34A0FF
2024-06-18,Pierce County,LB.1,0.0,1013026,0.0,#795653
2024-06-18,Pierce County,Recombinant,162.94567782,1013026,0.0001608504399887071,#FF0000
2024-06-18,Pierce County,XBB,0.0,1013026,0.0,#9FA8DA
2024-06-18,Pierce County,XBB.1.16,0.0,1013026,0.0,#4527A0
2024-06-18,Pierce County,XBB.1.16.1,0.0,1013026,0.0,#F89B9B
2024-06-18,Pierce County,XBB.1.16.15,0.0,1013026,0.0,#E3B5FA
2024-06-18,Pierce County,XBB.1.16.6,0.0,1013026,0.0,#5AA350
2024-06-18,Pierce County,XBB.1.42.1,0.0,1013026,0.0,#75D1A3
2024-06-18,Pierce County,XBB.1.5,0.0,1013026,0.0,#3F51B5
2024-06-18,Pierce County,XBB.1.5.70,0.0,1013026,0.0,#46783C
2024-06-18,Pierce County,XBB.1.5.72,0.0,1013026,0.0,#254220
2024-06-18,Pierce County,XBB.1.9.1,0.0,1013026,0.0,#304FFE
2024-06-18,Pierce County,XBB.1.9.2,0.0,1013026,0.0,#536DFE
2024-06-18,Pierce County,XBB.2.3,0.0,1013026,0.0,#F7BCDF
2024-06-18,Pierce County,XDP,0.0,1013026,0.0,#B60052
2024-06-18,Pierce County,XDV.1,0.0,1013026,0.0,#D367B6
2024-06-18,Pierce County,unreportable,6581.5797177,1013026,0.006496950441252249,#eeeeee
2024-06-18,Spokane County,BA.2,0.0,713850,0.0,#9CCD67
2024-06-18,Spokane County,BA.2.12.1,0.0,713850,0.0,#7CB342
2024-06-18,Spokane County,BA.2.86,0.0,713850,0.0,#D770EE
2024-06-18,Spokane County,EG.5,0.0,713850,0.0,#FFBE7D
2024-06-18,Spokane County,EG.5.1.8,0.0,713850,0.0,#E14D6F
2024-06-18,Spokane County,EG.6.1,0.0,713850,0.0,#B9ABA8
2024-06-18,Spokane County,FE.1.1,0.0,713850,0.0,#499894
2024-06-18,Spokane County,FL.1.5.1,0.0,713850,0.0,#8CD17D
2024-06-18,Spokane County,GE.1,0.0,713850,0.0,#FABFD2
2024-06-18,Spokane County,GK.1.1,0.0,713850,0.0,#90FAE5
2024-06-18,Spokane County,HF.1,0.0,713850,0.0,#D399AD
2024-06-18,Spokane County,HK.3,0.0,713850,0.0,#859DBC
2024-06-18,Spokane County,HV.1,0.0,713850,0.0,#797765
2024-06-18,Spokane County,JD.1.1,0.0,713850,0.0,#80F192
2024-06-18,Spokane County,JF.1,0.0,713850,0.0,#FFF1A9
2024-06-18,Spokane County,JG.3,0.0,713850,0.0,#66A172
2024-06-18,Spokane County,JN.1,0.0,713850,0.0,#61018F
2024-06-18,Spokane County,JN.1.11.1,67092.10597799999,713850,0.09398627999999999,#5C9CF1
2024-06-18,Spokane County,JN.1.13,0.0,713850,0.0,#E83C78
2024-06-18,Spokane County,JN.1.13.1,0.0,713850,0.0,#F2591C
2024-06-18,Spokane County,JN.1.16,0.0,713850,0.0,#BC3A88
2024-06-18,Spokane County,JN.1.16.1,97328.9145525,713850,0.13634365,#366298
2024-06-18,Spokane County,JN.1.18,0.0,713850,0.0,#4AF32F
2024-06-18,Spokane County,JN.1.32,0.0,713850,0.0,#2E7919
2024-06-18,Spokane County,JN.1.4.3,0.0,713850,0.0,#9D1010
2024-06-18,Spokane County,JN.1.7,0.0,713850,0.0,#CF15E8
2024-06-18,Spokane County,JN.1.8.1,0.0,713850,0.0,#FFB027
2024-06-18,Spokane County,KP.1.1,0.0,713850,0.0,#CBFF86
2024-06-18,Spokane County,KP.1.1.3,1213.059582,713850,0.00169932,#1EB3B6
2024-06-18,Spokane County,KP.1.2,0.0,713850,0.0,#D7B5A6
2024-06-18,Spokane County,KP.2,40693.761653999994,713850,0.057006039999999994,#5875A1
2024-06-18,Spokane County,KP.2.15,0.0,713850,0.0,#175DFF
2024-06-18,Spokane County,KP.2.3,0.0,713850,0.0,#628DE8
2024-06-18,Spokane County,KP.3,503607.483357,713850,0.70548082,#B06589
2024-06-18,Spokane County,KP.3.1.1,0.0,713850,0.0,#2F92A1
2024-06-18,Spokane County,KP.4.1,0.0,713850,0.0,#FF473A
2024-06-18,Spokane County,KQ.1,0.0,713850,0.0,#E86CDE
2024-06-18,Spokane County,KV.2,0.0,713850,0.0,#E14365
2024-06-18,Spokane County,KW.1.1,0.0,713850,0.0,#34A0FF
2024-06-18,Spokane County,LB.1,0.0,713850,0.0,#795653
2024-06-18,Spokane County,Recombinant,0.0,713850,0.0,#FF0000
2024-06-18,Spokane County,XBB,0.0,713850,0.0,#9FA8DA
2024-06-18,Spokane County,XBB.1.16,0.0,713850,0.0,#4527A0
2024-06-18,Spokane County,XBB.1.16.1,0.0,713850,0.0,#F89B9B
2024-06-18,Spokane County,XBB.1.16.15,0.0,713850,0.0,#E3B5FA
2024-06-18,Spokane County,XBB.1.16.6,0.0,713850,0.0,#5AA350
2024-06-18,Spokane County,XBB.1.42.1,0.0,713850,0.0,#75D1A3
2024-06-18,Spokane County,XBB.1.5,0.0,713850,0.0,#3F51B5
2024-06-18,Spokane County,XBB.1.5.70,0.0,713850,0.0,#46783C
2024-06-18,Spokane County,XBB.1.5.72,0.0,713850,0.0,#254220
2024-06-18,Spokane County,XBB.1.9.1,0.0,713850,0.0,#304FFE
2024-06-18,Spokane County,XBB.1.9.2,0.0,713850,0.0,#536DFE
2024-06-18,Spokane County,XBB.2.3,0.0,713850,0.0,#F7BCDF
2024-06-18,Spokane County,XDP,0.0,713850,0.0,#B60052
2024-06-18,Spokane County,XDV.1,0.0,713850,0.0,#D367B6
2024-06-18,Spokane County,unreportable,3914.6748764999998,713850,0.00548389,#eeeeee
2024-06-18,Thurston County,BA.2,0.0,166384,0.0,#9CCD67
2024-06-18,Thurston County,BA.2.12.1,0.0,166384,0.0,#7CB342
2024-06-18,Thurston County,BA.2.86,0.0,166384,0.0,#D770EE
2024-06-18,Thurston County,EG.5,0.0,166384,0.0,#FFBE7D
2024-06-18,Thurston County,EG.5.1.8,0.0,166384,0.0,#E14D6F
2024-06-18,Thurston County,EG.6.1,0.0,166384,0.0,#B9ABA8
2024-06-18,Thurston County,FE.1.1,0.0,166384,0.0,#499894
2024-06-18,Thurston County,FL.1.5.1,0.0,166384,0.0,#8CD17D
2024-06-18,Thurston County,GE.1,0.0,166384,0.0,#FABFD2
2024-06-18,Thurston County,GK.1.1,0.0,166384,0.0,#90FAE5
2024-06-18,Thurston County,HF.1,0.0,166384,0.0,#D399AD
2024-06-18,Thurston County,HK.3,0.0,166384,0.0,#859DBC
2024-06-18,Thurston County,HV.1,0.0,166384,0.0,#797765
2024-06-18,Thurston County,JD.1.1,0.0,166384,0.0,#80F192
2024-06-18,Thurston County,JF.1,0.0,166384,0.0,#FFF1A9
2024-06-18,Thurston County,JG.3,0.0,166384,0.0,#66A172
2024-06-18,Thurston County,JN.1,14105.91900432,166384,0.08477929971824213,#61018F
2024-06-18,Thurston County,JN.1.11.1,0.0,166384,0.0,#5C9CF1
2024-06-18,Thurston County,JN.1.13,0.0,166384,0.0,#E83C78
2024-06-18,Thurston County,JN.1.13.1,0.0,166384,0.0,#F2591C
2024-06-18,Thurston County,JN.1.16,0.0,166384,0.0,#BC3A88
2024-06-18,Thurston County,JN.1.16.1,19831.25126416,166384,0.1191896532368497,#366298
2024-06-18,Thurston County,JN.1.18,1164.4279080000001,166384,0.006998436796807386,#4AF32F
2024-06-18,Thurston County,JN.1.32,0.0,166384,0.0,#2E7919
2024-06-18,Thurston County,JN.1.4.3,0.0,166384,0.0,#9D1010
2024-06-18,Thurston County,JN.1.7,1356.5378256,166384,0.008153054534089816,#CF15E8
2024-06-18,Thurston County,JN.1.8.1,0.0,166384,0.0,#FFB027
2024-06-18,Thurston County,KP.1.1,32964.097021760004,166384,0.19812059465910187,#CBFF86
2024-06-18,Thurston County,KP.1.1.3,3836.0054376,166384,0.023055134133089718,#1EB3B6
2024-06-18,Thurston County,KP.1.2,10127.54647424,166384,0.060868511841523226,#D7B5A6
2024-06-18,Thurston County,KP.2,15173.3597928,166384,0.09119482518030579,#5875A1
2024-06-18,Thurston County,KP.2.15,0.0,166384,0.0,#175DFF
2024-06-18,Thurston County,KP.2.3,9088.429459199999,166384,0.05462321773247427,#628DE8
2024-06-18,Thurston County,KP.3,33181.7443128,166384,0.19942869694682183,#B06589
2024-06-18,Thurston County,KP.3.1.1,0.0,166384,0.0,#2F92A1
2024-06-18,Thurston County,KP.4.1,0.0,166384,0.0,#FF473A
2024-06-18,Thurston County,KQ.1,0.0,166384,0.0,#E86CDE
2024-06-18,Thurston County,KV.2,0.0,166384,0.0,#E14365
2024-06-18,Thurston County,KW.1.1,0.0,166384,0.0,#34A0FF
2024-06-18,Thurston County,LB.1,23077.83001088,166384,0.13870221902875277,#795653
2024-06-18,Thurston County,Recombinant,204.09004928000002,166384,0.0012266206442927206,#FF0000
2024-06-18,Thurston County,XBB,0.0,166384,0.0,#9FA8DA
2024-06-18,Thurston County,XBB.1.16,0.0,166384,0.0,#4527A0
2024-06-18,Thurston County,XBB.1.16.1,0.0,166384,0.0,#F89B9B
2024-06-18,Thurston County,XBB.1.16.15,0.0,166384,0.0,#E3B5FA
2024-06-18,Thurston County,XBB.1.16.6,0.0,166384,0.0,#5AA350
2024-06-18,Thurston County,XBB.1.42.1,0.0,166384,0.0,#75D1A3
2024-06-18,Thurston County,XBB.1.5,0.0,166384,0.0,#3F51B5
2024-06-18,Thurston County,XBB.1.5.70,0.0,166384,0.0,#46783C
2024-06-18,Thurston County,XBB.1.5.72,0.0,166384,0.0,#254220
2024-06-18,Thurston County,XBB.1.9.1,0.0,166384,0.0,#304FFE
2024-06-18,Thurston County,XBB.1.9.2,0.0,166384,0.0,#536DFE
2024-06-18,Thurston County,XBB.2.3,0.0,166384,0.0,#F7BCDF
2024-06-18,Thurston County,XDP,0.0,166384,0.0,#B60052
2024-06-18,Thurston County,XDV.1,0.0,166384,0.0,#D367B6
2024-06-18,Thurston County,unreportable,2272.76045776,166384,0.013659729648043082,#eeeeee
2024-06-18,Whitman County,BA.2,0.0,245487,0.0,#9CCD67
2024-06-18,Whitman County,BA.2.12.1,0.0,245487,0.0,#7CB342
2024-06-18,Whitman County,BA.2.86,0.0,245487,0.0,#D770EE
2024-06-18,Whitman County,EG.5,0.0,245487,0.0,#FFBE7D
2024-06-18,Whitman County,EG.5.1.8,0.0,245487,0.0,#E14D6F
2024-06-18,Whitman County,EG.6.1,0.0,245487,0.0,#B9ABA8
2024-06-18,Whitman County,FE.1.1,0.0,245487,0.0,#499894
2024-06-18,Whitman County,FL.1.5.1,0.0,245487,0.0,#8CD17D
2024-06-18,Whitman County,GE.1,0.0,245487,0.0,#FABFD2
2024-06-18,Whitman County,GK.1.1,0.0,245487,0.0,#90FAE5
2024-06-18,Whitman County,HF.1,0.0,245487,0.0,#D399AD
2024-06-18,Whitman County,HK.3,0.0,245487,0.0,#859DBC
2024-06-18,Whitman County,HV.1,0.0,245487,0.0,#797765
2024-06-18,Whitman County,JD.1.1,0.0,245487,0.0,#80F192
2024-06-18,Whitman County,JF.1,0.0,245487,0.0,#FFF1A9
2024-06-18,Whitman County,JG.3,0.0,245487,0.0,#66A172
2024-06-18,Whitman County,JN.1,32889.2681172,245487,0.1339756,#61018F
2024-06-18,Whitman County,JN.1.11.1,57940.27134225,245487,0.23602175,#5C9CF1
2024-06-18,Whitman County,JN.1.13,0.0,245487,0.0,#E83C78
2024-06-18,Whitman County,JN.1.13.1,0.0,245487,0.0,#F2591C
2024-06-18,Whitman County,JN.1.16,0.0,245487,0.0,#BC3A88
2024-06-18,Whitman County,JN.1.16.1,0.0,245487,0.0,#366298
2024-06-18,Whitman County,JN.1.18,0.0,245487,0.0,#4AF32F
2024-06-18,Whitman County,JN.1.32,0.0,245487,0.0,#2E7919
2024-06-18,Whitman County,JN.1.4.3,0.0,245487,0.0,#9D1010
2024-06-18,Whitman County,JN.1.7,0.0,245487,0.0,#CF15E8
2024-06-18,Whitman County,JN.1.8.1,0.0,245487,0.0,#FFB027
2024-06-18,Whitman County,KP.1.1,0.0,245487,0.0,#CBFF86
2024-06-18,Whitman County,KP.1.1.3,0.0,245487,0.0,#1EB3B6
2024-06-18,Whitman County,KP.1.2,0.0,245487,0.0,#D7B5A6
2024-06-18,Whitman County,KP.2,29507.82707466,245487,0.12020117999999999,#5875A1
2024-06-18,Whitman County,KP.2.15,44959.90563999,245487,0.18314577,#175DFF
2024-06-18,Whitman County,KP.2.3,10424.58336117,245487,0.04246491,#628DE8
2024-06-18,Whitman County,KP.3,49346.954719589994,245487,0.20101656999999998,#B06589
2024-06-18,Whitman County,KP.3.1.1,0.0,245487,0.0,#2F92A1
2024-06-18,Whitman County,KP.4.1,0.0,245487,0.0,#FF473A
2024-06-18,Whitman County,KQ.1,0.0,245487,0.0,#E86CDE
2024-06-18,Whitman County,KV.2,244.77263283,245487,0.00099709,#E14365
2024-06-18,Whitman County,KW.1.1,0.0,245487,0.0,#34A0FF
2024-06-18,Whitman County,LB.1,17619.53729547,245487,0.07177381,#795653
2024-06-18,Whitman County,Recombinant,0.0,245487,0.0,#FF0000
2024-06-18,Whitman County,XBB,0.0,245487,0.0,#9FA8DA
2024-06-18,Whitman County,XBB.1.16,0.0,245487,0.0,#4527A0
2024-06-18,Whitman County,XBB.1.16.1,0.0,245487,0.0,#F89B9B
2024-06-18,Whitman County,XBB.1.16.15,0.0,245487,0.0,#E3B5FA
2024-06-18,Whitman County,XBB.1.16.6,0.0,245487,0.0,#5AA350
2024-06-18,Whitman County,XBB.1.42.1,0.0,245487,0.0,#75D1A3
2024-06-18,Whitman County,XBB.1.5,0.0,245487,0.0,#3F51B5
2024-06-18,Whitman County,XBB.1.5.70,0.0,245487,0.0,#46783C
2024-06-18,Whitman County,XBB.1.5.72,0.0,245487,0.0,#254220
2024-06-18,Whitman County,XBB.1.9.1,0.0,245487,0.0,#304FFE
2024-06-18,Whitman County,XBB.1.9.2,0.0,245487,0.0,#536DFE
2024-06-18,Whitman County,XBB.2.3,0.0,245487,0.0,#F7BCDF
2024-06-18,Whitman County,XDP,0.0,245487,0.0,#B60052
2024-06-18,Whitman County,XDV.1,0.0,245487,0.0,#D367B6
2024-06-18,Whitman County,unreportable,2553.88472658,245487,0.01040334,#eeeeee
2024-06-18,Yakima County,BA.2,0.0,1078100,0.0,#9CCD67
2024-06-18,Yakima County,BA.2.12.1,0.0,1078100,0.0,#7CB342
2024-06-18,Yakima County,BA.2.86,0.0,1078100,0.0,#D770EE
2024-06-18,Yakima County,EG.5,0.0,1078100,0.0,#FFBE7D
2024-06-18,Yakima County,EG.5.1.8,0.0,1078100,0.0,#E14D6F
2024-06-18,Yakima County,EG.6.1,0.0,1078100,0.0,#B9ABA8
2024-06-18,Yakima County,FE.1.1,0.0,1078100,0.0,#499894
2024-06-18,Yakima County,FL.1.5.1,0.0,1078100,0.0,#8CD17D
2024-06-18,Yakima County,GE.1,0.0,1078100,0.0,#FABFD2
2024-06-18,Yakima County,GK.1.1,0.0,1078100,0.0,#90FAE5
2024-06-18,Yakima County,HF.1,0.0,1078100,0.0,#D399AD
2024-06-18,Yakima County,HK.3,0.0,1078100,0.0,#859DBC
2024-06-18,Yakima County,HV.1,0.0,1078100,0.0,#797765
2024-06-18,Yakima County,JD.1.1,0.0,1078100,0.0,#80F192
2024-06-18,Yakima County,JF.1,0.0,1078100,0.0,#FFF1A9
2024-06-18,Yakima County,JG.3,0.0,1078100,0.0,#66A172
2024-06-18,Yakima County,JN.1,12095.786879,1078100,0.01121954074668398,#61018F
2024-06-18,Yakima County,JN.1.11.1,1430.5773834,1078100,0.0013269431253130507,#5C9CF1
2024-06-18,Yakima County,JN.1.13,0.0,1078100,0.0,#E83C78
2024-06-18,Yakima County,JN.1.13.1,0.0,1078100,0.0,#F2591C
2024-06-18,Yakima County,JN.1.16,39848.3368416,1078100,0.036961633282255824,#BC3A88
2024-06-18,Yakima County,JN.1.16.1,152531.62409240002,1078100,0.14148188859326594,#366298
2024-06-18,Yakima County,JN.1.18,0.0,1078100,0.0,#4AF32F
2024-06-18,Yakima County,JN.1.32,0.0,1078100,0.0,#2E7919
2024-06-18,Yakima County,JN.1.4.3,0.0,1078100,0.0,#9D1010
2024-06-18,Yakima County,JN.1.7,0.0,1078100,0.0,#CF15E8
2024-06-18,Yakima County,JN.1.8.1,0.0,1078100,0.0,#FFB027
2024-06-18,Yakima County,KP.1.1,1774.5250742,1078100,0.0016459744682311473,#CBFF86
2024-06-18,Yakima County,KP.1.1.3,829.2014352000001,1078100,0.0007691322096280495,#1EB3B6
2024-06-18,Yakima County,KP.1.2,0.0,1078100,0.0,#D7B5A6
2024-06-18,Yakima County,KP.2,75317.9301914,1078100,0.06986172914516278,#5875A1
2024-06-18,Yakima County,KP.2.15,2273.7965736,1078100,0.002109077612095353,#175DFF
2024-06-18,Yakima County,KP.2.3,0.0,1078100,0.0,#628DE8
2024-06-18,Yakima County,KP.3,764352.1477604001,1078100,0.7089807510995271,#B06589
2024-06-18,Yakima County,KP.3.1.1,0.0,1078100,0.0,#2F92A1
2024-06-18,Yakima County,KP.4.1,16811.241449,1078100,0.015593397132919025,#FF473A
2024-06-18,Yakima County,KQ.1,0.0,1078100,0.0,#E86CDE
2024-06-18,Yakima County,KV.2,0.0,1078100,0.0,#E14365
2024-06-18,Yakima County,KW.1.1,0.0,1078100,0.0,#34A0FF
2024-06-18,Yakima County,LB.1,0.0,1078100,0.0,#795653
2024-06-18,Yakima County,Recombinant,0.0,1078100,0.0,#FF0000
2024-06-18,Yakima County,XBB,0.0,1078100,0.0,#9FA8DA
2024-06-18,Yakima County,XBB.1.16,0.0,1078100,0.0,#4527A0
2024-06-18,Yakima County,XBB.1.16.1,0.0,1078100,0.0,#F89B9B
2024-06-18,Yakima County,XBB.1.16.15,0.0,1078100,0.0,#E3B5FA
2024-06-18,Yakima County,XBB.1.16.6,0.0,1078100,0.0,#5AA350
2024-06-18,Yakima County,XBB.1.42.1,0.0,1078100,0.0,#75D1A3
2024-06-18,Yakima County,XBB.1.5,0.0,1078100,0.0,#3F51B5
2024-06-18,Yakima County,XBB.1.5.70,0.0,1078100,0.0,#46783C
2024-06-18,Yakima County,XBB.1.5.72,0.0,1078100,0.0,#254220
2024-06-18,Yakima County,XBB.1.9.1,0.0,1078100,0.0,#304FFE
2024-06-18,Yakima County,XBB.1.9.2,0.0,1078100,0.0,#536DFE
2024-06-18,Yakima County,XBB.2.3,0.0,1078100,0.0,#F7BCDF
2024-06-18,Yakima County,XDP,0.0,1078100,0.0,#B60052
2024-06-18,Yakima County,XDV.1,0.0,1078100,0.0,#D367B6
2024-06-18,Yakima County,unreportable,10834.8356942,1078100,0.01004993571486875,#eeeeee
2024-06-25,Benton County,BA.2,0.0,1209268,0.0,#9CCD67
2024-06-25,Benton County,BA.2.12.1,0.0,1209268,0.0,#7CB342
2024-06-25,Benton County,BA.2.86,0.0,1209268,0.0,#D770EE
2024-06-25,Benton County,EG.5,0.0,1209268,0.0,#FFBE7D
2024-06-25,Benton County,EG.5.1.8,0.0,1209268,0.0,#E14D6F
2024-06-25,Benton County,EG.6.1,0.0,1209268,0.0,#B9ABA8
2024-06-25,Benton County,FE.1.1,0.0,1209268,0.0,#499894
2024-06-25,Benton County,FL.1.5.1,0.0,1209268,0.0,#8CD17D
2024-06-25,Benton County,GE.1,0.0,1209268,0.0,#FABFD2
2024-06-25,Benton County,GK.1.1,0.0,1209268,0.0,#90FAE5
2024-06-25,Benton County,HF.1,0.0,1209268,0.0,#D399AD
2024-06-25,Benton County,HK.3,0.0,1209268,0.0,#859DBC
2024-06-25,Benton County,HV.1,0.0,1209268,0.0,#797765
2024-06-25,Benton County,JD.1.1,0.0,1209268,0.0,#80F192
2024-06-25,Benton County,JF.1,0.0,1209268,0.0,#FFF1A9
2024-06-25,Benton County,JG.3,0.0,1209268,0.0,#66A172
2024-06-25,Benton County,JN.1,2058.59836252,1209268,0.0017023508126569132,#61018F
2024-06-25,Benton County,JN.1.11.1,2264.9436170999998,1209268,0.0018729873089339995,#5C9CF1
2024-06-25,Benton County,JN.1.13,0.0,1209268,0.0,#E83C78
2024-06-25,Benton County,JN.1.13.1,0.0,1209268,0.0,#F2591C
2024-06-25,Benton County,JN.1.16,0.0,1209268,0.0,#BC3A88
2024-06-25,Benton County,JN.1.16.1,943.51211352,1209268,0.0007802340866706139,#366298
2024-06-25,Benton County,JN.1.18,0.0,1209268,0.0,#4AF32F
2024-06-25,Benton County,JN.1.32,0.0,1209268,0.0,#2E7919
2024-06-25,Benton County,JN.1.4.3,0.0,1209268,0.0,#9D1010
2024-06-25,Benton County,JN.1.7,0.0,1209268,0.0,#CF15E8
2024-06-25,Benton County,JN.1.8.1,0.0,1209268,0.0,#FFB027
2024-06-25,Benton County,KP.1.1,79726.27843477999,1209268,0.06592937085474848,#CBFF86
2024-06-25,Benton County,KP.1.1.3,106074.98863508,1209268,0.08771834583820956,#1EB3B6
2024-06-25,Benton County,KP.1.2,0.0,1209268,0.0,#D7B5A6
2024-06-25,Benton County,KP.2,100702.13719975999,1209268,0.08327528488288782,#5875A1
2024-06-25,Benton County,KP.2.15,4574.867104880001,1209268,0.00378317056672301,#175DFF
2024-06-25,Benton County,KP.2.3,473358.94689769996,1209268,0.391442547803878,#628DE8
2024-06-25,Benton County,KP.3,372176.00691704,1209268,0.3077696647203432,#B06589
2024-06-25,Benton County,KP.3.1.1,0.0,1209268,0.0,#2F92A1
2024-06-25,Benton County,KP.4.1,0.0,1209268,0.0,#FF473A
2024-06-25,Benton County,KQ.1,0.0,1209268,0.0,#E86CDE
2024-06-25,Benton County,KV.2,0.0,1209268,0.0,#E14365
2024-06-25,Benton County,KW.1.1,0.0,1209268,0.0,#34A0FF
2024-06-25,Benton County,LB.1,58915.35221948,1209268,0.04871984722946444,#795653
2024-06-25,Benton County,Recombinant,0.0,1209268,0.0,#FF0000
2024-06-25,Benton County,XBB,0.0,1209268,0.0,#9FA8DA
2024-06-25,Benton County,XBB.1.16,0.0,1209268,0.0,#4527A0
2024-06-25,Benton County,XBB.1.16.1,0.0,1209268,0.0,#F89B9B
2024-06-25,Benton County,XBB.1.16.15,0.0,1209268,0.0,#E3B5FA
2024-06-25,Benton County,XBB.1.16.6,0.0,1209268,0.0,#5AA350
2024-06-25,Benton County,XBB.1.42.1,0.0,1209268,0.0,#75D1A3
2024-06-25,Benton County,XBB.1.5,0.0,1209268,0.0,#3F51B5
2024-06-25,Benton County,XBB.1.5.70,0.0,1209268,0.0,#46783C
2024-06-25,Benton County,XBB.1.5.72,0.0,1209268,0.0,#254220
2024-06-25,Benton County,XBB.1.9.1,0.0,1209268,0.0,#304FFE
2024-06-25,Benton County,XBB.1.9.2,0.0,1209268,0.0,#536DFE
2024-06-25,Benton County,XBB.2.3,0.0,1209268,0.0,#F7BCDF
2024-06-25,Benton County,XDP,0.0,1209268,0.0,#B60052
2024-06-25,Benton County,XDV.1,0.0,1209268,0.0,#D367B6
2024-06-25,Benton County,unreportable,8472.36644902,1209268,0.007006194200971167,#eeeeee
2024-06-25,Chelan County,BA.2,0.0,923896,0.0,#9CCD67
2024-06-25,Chelan County,BA.2.12.1,0.0,923896,0.0,#7CB342
2024-06-25,Chelan County,BA.2.86,0.0,923896,0.0,#D770EE
2024-06-25,Chelan County,EG.5,0.0,923896,0.0,#FFBE7D
2024-06-25,Chelan County,EG.5.1.8,0.0,923896,0.0,#E14D6F
2024-06-25,Chelan County,EG.6.1,0.0,923896,0.0,#B9ABA8
2024-06-25,Chelan County,FE.1.1,0.0,923896,0.0,#499894
2024-06-25,Chelan County,FL.1.5.1,0.0,923896,0.0,#8CD17D
2024-06-25,Chelan County,GE.1,0.0,923896,0.0,#FABFD2
2024-06-25,Chelan County,GK.1.1,0.0,923896,0.0,#90FAE5
2024-06-25,Chelan County,HF.1,0.0,923896,0.0,#D399AD
2024-06-25,Chelan County,HK.3,0.0,923896,0.0,#859DBC
2024-06-25,Chelan County,HV.1,0.0,923896,0.0,#797765
2024-06-25,Chelan County,JD.1.1,0.0,923896,0.0,#80F192
2024-06-25,Chelan County,JF.1,0.0,923896,0.0,#FFF1A9
2024-06-25,Chelan County,JG.3,0.0,923896,0.0,#66A172
2024-06-25,Chelan County,JN.1,4279.77314684,923896,0.0046323105055547376,#61018F
2024-06-25,Chelan County,JN.1.11.1,67916.58654812002,923896,0.07351107326811678,#5C9CF1
2024-06-25,Chelan County,JN.1.13,0.0,923896,0.0,#E83C78
2024-06-25,Chelan County,JN.1.13.1,0.0,923896,0.0,#F2591C
2024-06-25,Chelan County,JN.1.16,36206.6048354,923896,0.03918904815628599,#BC3A88
2024-06-25,Chelan County,JN.1.16.1,0.0,923896,0.0,#366298
2024-06-25,Chelan County,JN.1.18,0.0,923896,0.0,#4AF32F
2024-06-25,Chelan County,JN.1.32,0.0,923896,0.0,#2E7919
2024-06-25,Chelan County,JN.1.4.3,0.0,923896,0.0,#9D1010
2024-06-25,Chelan County,JN.1.7,0.0,923896,0.0,#CF15E8
2024-06-25,Chelan County,JN.1.8.1,0.0,923896,0.0,#FFB027
2024-06-25,Chelan County,KP.1.1,0.0,923896,0.0,#CBFF86
2024-06-25,Chelan County,KP.1.1.3,26073.083195999996,923896,0.028220798873466273,#1EB3B6
2024-06-25,Chelan County,KP.1.2,0.0,923896,0.0,#D7B5A6
2024-06-25,Chelan County,KP.2,13076.695536119998,923896,0.014153860971494625,#5875A1
2024-06-25,Chelan County,KP.2.15,2985.7110769600004,923896,0.0032316527801397564,#175DFF
2024-06-25,Chelan County,KP.2.3,43339.32439612,923896,0.046909310567553056,#628DE8
2024-06-25,Chelan County,KP.3,688212.6151093999,923896,0.7449026893821381,#B06589
2024-06-25,Chelan County,KP.3.1.1,0.0,923896,0.0,#2F92A1
2024-06-25,Chelan County,KP.4.1,0.0,923896,0.0,#FF473A
2024-06-25,Chelan County,KQ.1,0.0,923896,0.0,#E86CDE
2024-06-25,Chelan County,KV.2,0.0,923896,0.0,#E14365
2024-06-25,Chelan County,KW.1.1,0.0,923896,0.0,#34A0FF
2024-06-25,Chelan County,LB.1,36655.0713558,923896,0.03967445616801025,#795653
2024-06-25,Chelan County,Recombinant,0.0,923896,0.0,#FF0000
2024-06-25,Chelan County,XBB,0.0,923896,0.0,#9FA8DA
2024-06-25,Chelan County,XBB.1.16,0.0,923896,0.0,#4527A0
2024-06-25,Chelan County,XBB.1.16.1,0.0,923896,0.0,#F89B9B
2024-06-25,Chelan County,XBB.1.16.15,0.0,923896,0.0,#E3B5FA
2024-06-25,Chelan County,XBB.1.16.6,0.0,923896,0.0,#5AA350
2024-06-25,Chelan County,XBB.1.42.1,0.0,923896,0.0,#75D1A3
2024-06-25,Chelan County,XBB.1.5,0.0,923896,0.0,#3F51B5
2024-06-25,Chelan County,XBB.1.5.70,0.0,923896,0.0,#46783C
2024-06-25,Chelan County,XBB.1.5.72,0.0,923896,0.0,#254220
2024-06-25,Chelan County,XBB.1.9.1,0.0,923896,0.0,#304FFE
2024-06-25,Chelan County,XBB.1.9.2,0.0,923896,0.0,#536DFE
2024-06-25,Chelan County,XBB.2.3,0.0,923896,0.0,#F7BCDF
2024-06-25,Chelan County,XDP,0.0,923896,0.0,#B60052
2024-06-25,Chelan County,XDV.1,0.0,923896,0.0,#D367B6
2024-06-25,Chelan County,unreportable,5150.54107988,923896,0.005574806125234875,#eeeeee
2024-06-25,Franklin County,BA.2,0.0,737220,0.0,#9CCD67
2024-06-25,Franklin County,BA.2.12.1,0.0,737220,0.0,#7CB342
2024-06-25,Franklin County,BA.2.86,0.0,737220,0.0,#D770EE
2024-06-25,Franklin County,EG.5,0.0,737220,0.0,#FFBE7D
2024-06-25,Franklin County,EG.5.1.8,0.0,737220,0.0,#E14D6F
2024-06-25,Franklin County,EG.6.1,0.0,737220,0.0,#B9ABA8
2024-06-25,Franklin County,FE.1.1,0.0,737220,0.0,#499894
2024-06-25,Franklin County,FL.1.5.1,0.0,737220,0.0,#8CD17D
2024-06-25,Franklin County,GE.1,0.0,737220,0.0,#FABFD2
2024-06-25,Franklin County,GK.1.1,0.0,737220,0.0,#90FAE5
2024-06-25,Franklin County,HF.1,0.0,737220,0.0,#D399AD
2024-06-25,Franklin County,HK.3,0.0,737220,0.0,#859DBC
2024-06-25,Franklin County,HV.1,0.0,737220,0.0,#797765
2024-06-25,Franklin County,JD.1.1,0.0,737220,0.0,#80F192
2024-06-25,Franklin County,JF.1,0.0,737220,0.0,#FFF1A9
2024-06-25,Franklin County,JG.3,0.0,737220,0.0,#66A172
2024-06-25,Franklin County,JN.1,27344.7135852,737220,0.03709166,#61018F
2024-06-25,Franklin County,JN.1.11.1,0.0,737220,0.0,#5C9CF1
2024-06-25,Franklin County,JN.1.13,0.0,737220,0.0,#E83C78
2024-06-25,Franklin County,JN.1.13.1,0.0,737220,0.0,#F2591C
2024-06-25,Franklin County,JN.1.16,0.0,737220,0.0,#BC3A88
2024-06-25,Franklin County,JN.1.16.1,0.0,737220,0.0,#366298
2024-06-25,Franklin County,JN.1.18,1373.9642862,737220,0.00186371,#4AF32F
2024-06-25,Franklin County,JN.1.32,0.0,737220,0.0,#2E7919
2024-06-25,Franklin County,JN.1.4.3,0.0,737220,0.0,#9D1010
2024-06-25,Franklin County,JN.1.7,0.0,737220,0.0,#CF15E8
2024-06-25,Franklin County,JN.1.8.1,0.0,737220,0.0,#FFB027
2024-06-25,Franklin County,KP.1.1,0.0,737220,0.0,#CBFF86
2024-06-25,Franklin County,KP.1.1.3,0.0,737220,0.0,#1EB3B6
2024-06-25,Franklin County,KP.1.2,0.0,737220,0.0,#D7B5A6
2024-06-25,Franklin County,KP.2,0.0,737220,0.0,#5875A1
2024-06-25,Franklin County,KP.2.15,0.0,737220,0.0,#175DFF
2024-06-25,Franklin County,KP.2.3,218392.0401894,737220,0.29623727,#628DE8
2024-06-25,Franklin County,KP.3,453303.639789,737220,0.61488245,#B06589
2024-06-25,Franklin County,KP.3.1.1,0.0,737220,0.0,#2F92A1
2024-06-25,Franklin County,KP.4.1,0.0,737220,0.0,#FF473A
2024-06-25,Franklin County,KQ.1,0.0,737220,0.0,#E86CDE
2024-06-25,Franklin County,KV.2,0.0,737220,0.0,#E14365
2024-06-25,Franklin County,KW.1.1,0.0,737220,0.0,#34A0FF
2024-06-25,Franklin County,LB.1,23609.1977286,737220,0.03202463,#795653
2024-06-25,Franklin County,Recombinant,0.0,737220,0.0,#FF0000
2024-06-25,Franklin County,XBB,0.0,737220,0.0,#9FA8DA
2024-06-25,Franklin County,XBB.1.16,0.0,737220,0.0,#4527A0
2024-06-25,Franklin County,XBB.1.16.1,0.0,737220,0.0,#F89B9B
2024-06-25,Franklin County,XBB.1.16.15,0.0,737220,0.0,#E3B5FA
2024-06-25,Franklin County,XBB.1.16.6,0.0,737220,0.0,#5AA350
2024-06-25,Franklin County,XBB.1.42.1,0.0,737220,0.0,#75D1A3
2024-06-25,Franklin County,XBB.1.5,0.0,737220,0.0,#3F51B5
2024-06-25,Franklin County,XBB.1.5.70,0.0,737220,0.0,#46783C
2024-06-25,Franklin County,XBB.1.5.72,0.0,737220,0.0,#254220
2024-06-25,Franklin County,XBB.1.9.1,0.0,737220,0.0,#304FFE
2024-06-25,Franklin County,XBB.1.9.2,0.0,737220,0.0,#536DFE
2024-06-25,Franklin County,XBB.2.3,0.0,737220,0.0,#F7BCDF
2024-06-25,Franklin County,XDP,0.0,737220,0.0,#B60052
2024-06-25,Franklin County,XDV.1,0.0,737220,0.0,#D367B6
2024-06-25,Franklin County,unreportable,13196.444421600001,737220,0.01790028,#eeeeee
2024-06-25,Island County,BA.2,0.0,1778632,0.0,#9CCD67
2024-06-25,Island County,BA.2.12.1,0.0,1778632,0.0,#7CB342
2024-06-25,Island County,BA.2.86,0.0,1778632,0.0,#D770EE
2024-06-25,Island County,EG.5,0.0,1778632,0.0,#FFBE7D
2024-06-25,Island County,EG.5.1.8,0.0,1778632,0.0,#E14D6F
2024-06-25,Island County,EG.6.1,0.0,1778632,0.0,#B9ABA8
2024-06-25,Island County,FE.1.1,0.0,1778632,0.0,#499894
2024-06-25,Island County,FL.1.5.1,0.0,1778632,0.0,#8CD17D
2024-06-25,Island County,GE.1,0.0,1778632,0.0,#FABFD2
2024-06-25,Island County,GK.1.1,0.0,1778632,0.0,#90FAE5
2024-06-25,Island County,HF.1,0.0,1778632,0.0,#D399AD
2024-06-25,Island County,HK.3,0.0,1778632,0.0,#859DBC
2024-06-25,Island County,HV.1,0.0,1778632,0.0,#797765
2024-06-25,Island County,JD.1.1,0.0,1778632,0.0,#80F192
2024-06-25,Island County,JF.1,0.0,1778632,0.0,#FFF1A9
2024-06-25,Island County,JG.3,0.0,1778632,0.0,#66A172
2024-06-25,Island County,JN.1,140261.00932884,1778632,0.0788589260335134,#61018F
2024-06-25,Island County,JN.1.11.1,27337.420969420004,1778632,0.01536991405159696,#5C9CF1
2024-06-25,Island County,JN.1.13,0.0,1778632,0.0,#E83C78
2024-06-25,Island County,JN.1.13.1,385.96721288,1778632,0.0002170022876457862,#F2591C
2024-06-25,Island County,JN.1.16,87250.60965163,1778632,0.049054897051008864,#BC3A88
2024-06-25,Island County,JN.1.16.1,179048.88550361,1778632,0.10066662778113179,#366298
2024-06-25,Island County,JN.1.18,1411.3605842700001,1778632,0.0007935090475545251,#4AF32F
2024-06-25,Island County,JN.1.32,0.0,1778632,0.0,#2E7919
2024-06-25,Island County,JN.1.4.3,0.0,1778632,0.0,#9D1010
2024-06-25,Island County,JN.1.7,20963.780582850002,1778632,0.011786463182294035,#CF15E8
2024-06-25,Island County,JN.1.8.1,0.0,1778632,0.0,#FFB027
2024-06-25,Island County,KP.1.1,196674.25860312,1778632,0.11057613862964345,#CBFF86
2024-06-25,Island County,KP.1.1.3,0.0,1778632,0.0,#1EB3B6
2024-06-25,Island County,KP.1.2,16813.14211138,1778632,0.009452850343061408,#D7B5A6
2024-06-25,Island County,KP.2,211991.49154341,1778632,0.11918794418598676,#5875A1
2024-06-25,Island County,KP.2.15,3095.49539064,1778632,0.001740379904690796,#175DFF
2024-06-25,Island County,KP.2.3,51576.317357550004,1778632,0.02899774509710272,#628DE8
2024-06-25,Island County,KP.3,458935.73511733,1778632,0.25802736885276434,#B06589
2024-06-25,Island County,KP.3.1.1,257816.40857571,1778632,0.14495208034922907,#2F92A1
2024-06-25,Island County,KP.4.1,0.0,1778632,0.0,#FF473A
2024-06-25,Island County,KQ.1,0.0,1778632,0.0,#E86CDE
2024-06-25,Island County,KV.2,0.0,1778632,0.0,#E14365
2024-06-25,Island County,KW.1.1,0.0,1778632,0.0,#34A0FF
2024-06-25,Island County,LB.1,103385.8401105,1778632,0.05812660522834403,#795653
2024-06-25,Island County,Recombinant,0.0,1778632,0.0,#FF0000
2024-06-25,Island County,XBB,0.0,1778632,0.0,#9FA8DA
2024-06-25,Island County,XBB.1.16,0.0,1778632,0.0,#4527A0
2024-06-25,Island County,XBB.1.16.1,0.0,1778632,0.0,#F89B9B
2024-06-25,Island County,XBB.1.16.15,0.0,1778632,0.0,#E3B5FA
2024-06-25,Island County,XBB.1.16.6,0.0,1778632,0.0,#5AA350
2024-06-25,Island County,XBB.1.42.1,0.0,1778632,0.0,#75D1A3
2024-06-25,Island County,XBB.1.5,0.0,1778632,0.0,#3F51B5
2024-06-25,Island County,XBB.1.5.70,0.0,1778632,0.0,#46783C
2024-06-25,Island County,XBB.1.5.72,0.0,1778632,0.0,#254220
2024-06-25,Island County,XBB.1.9.1,0.0,1778632,0.0,#304FFE
2024-06-25,Island County,XBB.1.9.2,0.0,1778632,0.0,#536DFE
2024-06-25,Island County,XBB.2.3,0.0,1778632,0.0,#F7BCDF
2024-06-25,Island County,XDP,0.0,1778632,0.0,#B60052
2024-06-25,Island County,XDV.1,0.0,1778632,0.0,#D367B6
2024-06-25,Island County,unreportable,21684.28077504,1778632,0.012191549896234858,#eeeeee
2024-06-25,Jefferson County,BA.2,0.0,162770,0.0,#9CCD67
2024-06-25,Jefferson County,BA.2.12.1,0.0,162770,0.0,#7CB342
2024-06-25,Jefferson County,BA.2.86,0.0,162770,0.0,#D770EE
2024-06-25,Jefferson County,EG.5,0.0,162770,0.0,#FFBE7D
2024-06-25,Jefferson County,EG.5.1.8,0.0,162770,0.0,#E14D6F
2024-06-25,Jefferson County,EG.6.1,0.0,162770,0.0,#B9ABA8
2024-06-25,Jefferson County,FE.1.1,0.0,162770,0.0,#499894
2024-06-25,Jefferson County,FL.1.5.1,0.0,162770,0.0,#8CD17D
2024-06-25,Jefferson County,GE.1,0.0,162770,0.0,#FABFD2
2024-06-25,Jefferson County,GK.1.1,0.0,162770,0.0,#90FAE5
2024-06-25,Jefferson County,HF.1,0.0,162770,0.0,#D399AD
2024-06-25,Jefferson County,HK.3,0.0,162770,0.0,#859DBC
2024-06-25,Jefferson County,HV.1,0.0,162770,0.0,#797765
2024-06-25,Jefferson County,JD.1.1,0.0,162770,0.0,#80F192
2024-06-25,Jefferson County,JF.1,0.0,162770,0.0,#FFF1A9
2024-06-25,Jefferson County,JG.3,0.0,162770,0.0,#66A172
2024-06-25,Jefferson County,JN.1,184.5144443,162770,0.00113359,#61018F
2024-06-25,Jefferson County,JN.1.11.1,0.0,162770,0.0,#5C9CF1
2024-06-25,Jefferson County,JN.1.13,0.0,162770,0.0,#E83C78
2024-06-25,Jefferson County,JN.1.13.1,21188.911917700003,162770,0.13017701,#F2591C
2024-06-25,Jefferson County,JN.1.16,0.0,162770,0.0,#BC3A88
2024-06-25,Jefferson County,JN.1.16.1,449.57074,162770,0.002762,#366298
2024-06-25,Jefferson County,JN.1.18,0.0,162770,0.0,#4AF32F
2024-06-25,Jefferson County,JN.1.32,0.0,162770,0.0,#2E7919
2024-06-25,Jefferson County,JN.1.4.3,0.0,162770,0.0,#9D1010
2024-06-25,Jefferson County,JN.1.7,0.0,162770,0.0,#CF15E8
2024-06-25,Jefferson County,JN.1.8.1,0.0,162770,0.0,#FFB027
2024-06-25,Jefferson County,KP.1.1,623.132391,162770,0.0038282999999999998,#CBFF86
2024-06-25,Jefferson County,KP.1.1.3,0.0,162770,0.0,#1EB3B6
2024-06-25,Jefferson County,KP.1.2,0.0,162770,0.0,#D7B5A6
2024-06-25,Jefferson County,KP.2,0.0,162770,0.0,#5875A1
2024-06-25,Jefferson County,KP.2.15,0.0,162770,0.0,#175DFF
2024-06-25,Jefferson County,KP.2.3,19854.0188707,162770,0.12197591,#628DE8
2024-06-25,Jefferson County,KP.3,42509.6496307,162770,0.26116391,#B06589
2024-06-25,Jefferson County,KP.3.1.1,0.0,162770,0.0,#2F92A1
2024-06-25,Jefferson County,KP.4.1,0.0,162770,0.0,#FF473A
2024-06-25,Jefferson County,KQ.1,0.0,162770,0.0,#E86CDE
2024-06-25,Jefferson County,KV.2,0.0,162770,0.0,#E14365
2024-06-25,Jefferson County,KW.1.1,0.0,162770,0.0,#34A0FF
2024-06-25,Jefferson County,LB.1,76533.31298229999,162770,0.4701929899999999,#795653
2024-06-25,Jefferson County,Recombinant,0.0,162770,0.0,#FF0000
2024-06-25,Jefferson County,XBB,0.0,162770,0.0,#9FA8DA
2024-06-25,Jefferson County,XBB.1.16,0.0,162770,0.0,#4527A0
2024-06-25,Jefferson County,XBB.1.16.1,0.0,162770,0.0,#F89B9B
2024-06-25,Jefferson County,XBB.1.16.15,0.0,162770,0.0,#E3B5FA
2024-06-25,Jefferson County,XBB.1.16.6,0.0,162770,0.0,#5AA350
2024-06-25,Jefferson County,XBB.1.42.1,0.0,162770,0.0,#75D1A3
2024-06-25,Jefferson County,XBB.1.5,0.0,162770,0.0,#3F51B5
2024-06-25,Jefferson County,XBB.1.5.70,0.0,162770,0.0,#46783C
2024-06-25,Jefferson County,XBB.1.5.72,0.0,162770,0.0,#254220
2024-06-25,Jefferson County,XBB.1.9.1,0.0,162770,0.0,#304FFE
2024-06-25,Jefferson County,XBB.1.9.2,0.0,162770,0.0,#536DFE
2024-06-25,Jefferson County,XBB.2.3,0.0,162770,0.0,#F7BCDF
2024-06-25,Jefferson County,XDP,0.0,162770,0.0,#B60052
2024-06-25,Jefferson County,XDV.1,0.0,162770,0.0,#D367B6
2024-06-25,Jefferson County,unreportable,1426.8890233,162770,0.00876629,#eeeeee
2024-06-25,King County,BA.2,0.0,973611,0.0,#9CCD67
2024-06-25,King County,BA.2.12.1,0.0,973611,0.0,#7CB342
2024-06-25,King County,BA.2.86,0.0,973611,0.0,#D770EE
2024-06-25,King County,EG.5,0.0,973611,0.0,#FFBE7D
2024-06-25,King County,EG.5.1.8,0.0,973611,0.0,#E14D6F
2024-06-25,King County,EG.6.1,0.0,973611,0.0,#B9ABA8
2024-06-25,King County,FE.1.1,0.0,973611,0.0,#499894
2024-06-25,King County,FL.1.5.1,0.0,973611,0.0,#8CD17D
2024-06-25,King County,GE.1,0.0,973611,0.0,#FABFD2
2024-06-25,King County,GK.1.1,0.0,973611,0.0,#90FAE5
2024-06-25,King County,HF.1,0.0,973611,0.0,#D399AD
2024-06-25,King County,HK.3,0.0,973611,0.0,#859DBC
2024-06-25,King County,HV.1,0.0,973611,0.0,#797765
2024-06-25,King County,JD.1.1,0.0,973611,0.0,#80F192
2024-06-25,King County,JF.1,0.0,973611,0.0,#FFF1A9
2024-06-25,King County,JG.3,0.0,973611,0.0,#66A172
2024-06-25,King County,JN.1,3335.15316105,973611,0.0034255500000000003,#61018F
2024-06-25,King County,JN.1.11.1,0.0,973611,0.0,#5C9CF1
2024-06-25,King County,JN.1.13,0.0,973611,0.0,#E83C78
2024-06-25,King County,JN.1.13.1,0.0,973611,0.0,#F2591C
2024-06-25,King County,JN.1.16,0.0,973611,0.0,#BC3A88
2024-06-25,King County,JN.1.16.1,0.0,973611,0.0,#366298
2024-06-25,King County,JN.1.18,0.0,973611,0.0,#4AF32F
2024-06-25,King County,JN.1.32,0.0,973611,0.0,#2E7919
2024-06-25,King County,JN.1.4.3,0.0,973611,0.0,#9D1010
2024-06-25,King County,JN.1.7,0.0,973611,0.0,#CF15E8
2024-06-25,King County,JN.1.8.1,0.0,973611,0.0,#FFB027
2024-06-25,King County,KP.1.1,0.0,973611,0.0,#CBFF86
2024-06-25,King County,KP.1.1.3,1148.65652169,973611,0.00117979,#1EB3B6
2024-06-25,King County,KP.1.2,0.0,973611,0.0,#D7B5A6
2024-06-25,King County,KP.2,387165.68292672,973611,0.39765952,#5875A1
2024-06-25,King County,KP.2.15,8485.46772606,973611,0.00871546,#175DFF
2024-06-25,King County,KP.2.3,0.0,973611,0.0,#628DE8
2024-06-25,King County,KP.3,0.0,973611,0.0,#B06589
2024-06-25,King County,KP.3.1.1,0.0,973611,0.0,#2F92A1
2024-06-25,King County,KP.4.1,0.0,973611,0.0,#FF473A
2024-06-25,King County,KQ.1,0.0,973611,0.0,#E86CDE
2024-06-25,King County,KV.2,0.0,973611,0.0,#E14365
2024-06-25,King County,KW.1.1,0.0,973611,0.0,#34A0FF
2024-06-25,King County,LB.1,563858.79783147,973611,0.57914177,#795653
2024-06-25,King County,Recombinant,0.0,973611,0.0,#FF0000
2024-06-25,King County,XBB,0.0,973611,0.0,#9FA8DA
2024-06-25,King County,XBB.1.16,0.0,973611,0.0,#4527A0
2024-06-25,King County,XBB.1.16.1,0.0,973611,0.0,#F89B9B
2024-06-25,King County,XBB.1.16.15,0.0,973611,0.0,#E3B5FA
2024-06-25,King County,XBB.1.16.6,0.0,973611,0.0,#5AA350
2024-06-25,King County,XBB.1.42.1,0.0,973611,0.0,#75D1A3
2024-06-25,King County,XBB.1.5,0.0,973611,0.0,#3F51B5
2024-06-25,King County,XBB.1.5.70,0.0,973611,0.0,#46783C
2024-06-25,King County,XBB.1.5.72,0.0,973611,0.0,#254220
2024-06-25,King County,XBB.1.9.1,0.0,973611,0.0,#304FFE
2024-06-25,King County,XBB.1.9.2,0.0,973611,0.0,#536DFE
2024-06-25,King County,XBB.2.3,0.0,973611,0.0,#F7BCDF
2024-06-25,King County,XDP,0.0,973611,0.0,#B60052
2024-06-25,King County,XDV.1,0.0,973611,0.0,#D367B6
2024-06-25,King County,unreportable,9617.232096900001,973611,0.009877900000000002,#eeeeee
2024-06-25,Kittitas County,BA.2,0.0,862782,0.0,#9CCD67
2024-06-25,Kittitas County,BA.2.12.1,0.0,862782,0.0,#7CB342
2024-06-25,Kittitas County,BA.2.86,0.0,862782,0.0,#D770EE
2024-06-25,Kittitas County,EG.5,0.0,862782,0.0,#FFBE7D
2024-06-25,Kittitas County,EG.5.1.8,0.0,862782,0.0,#E14D6F
2024-06-25,Kittitas County,EG.6.1,0.0,862782,0.0,#B9ABA8
2024-06-25,Kittitas County,FE.1.1,0.0,862782,0.0,#499894
2024-06-25,Kittitas County,FL.1.5.1,0.0,862782,0.0,#8CD17D
2024-06-25,Kittitas County,GE.1,0.0,862782,0.0,#FABFD2
2024-06-25,Kittitas County,GK.1.1,0.0,862782,0.0,#90FAE5
2024-06-25,Kittitas County,HF.1,0.0,862782,0.0,#D399AD
2024-06-25,Kittitas County,HK.3,0.0,862782,0.0,#859DBC
2024-06-25,Kittitas County,HV.1,0.0,862782,0.0,#797765
2024-06-25,Kittitas County,JD.1.1,0.0,862782,0.0,#80F192
2024-06-25,Kittitas County,JF.1,0.0,862782,0.0,#FFF1A9
2024-06-25,Kittitas County,JG.3,0.0,862782,0.0,#66A172
2024-06-25,Kittitas County,JN.1,65321.96047038,862782,0.07571085218558106,#61018F
2024-06-25,Kittitas County,JN.1.11.1,20591.8420032,862782,0.02386679601938844,#5C9CF1
2024-06-25,Kittitas County,JN.1.13,0.0,862782,0.0,#E83C78
2024-06-25,Kittitas County,JN.1.13.1,1152.15702732,862782,0.0013353976176137194,#F2591C
2024-06-25,Kittitas County,JN.1.16,0.0,862782,0.0,#BC3A88
2024-06-25,Kittitas County,JN.1.16.1,2140.72510536,862782,0.0024811888812701238,#366298
2024-06-25,Kittitas County,JN.1.18,0.0,862782,0.0,#4AF32F
2024-06-25,Kittitas County,JN.1.32,0.0,862782,0.0,#2E7919
2024-06-25,Kittitas County,JN.1.4.3,0.0,862782,0.0,#9D1010
2024-06-25,Kittitas County,JN.1.7,0.0,862782,0.0,#CF15E8
2024-06-25,Kittitas County,JN.1.8.1,0.0,862782,0.0,#FFB027
2024-06-25,Kittitas County,KP.1.1,0.0,862782,0.0,#CBFF86
2024-06-25,Kittitas County,KP.1.1.3,0.0,862782,0.0,#1EB3B6
2024-06-25,Kittitas County,KP.1.2,0.0,862782,0.0,#D7B5A6
2024-06-25,Kittitas County,KP.2,382920.76855326,862782,0.44382099829766963,#5875A1
2024-06-25,Kittitas County,KP.2.15,769.5915552,862782,0.0008919884225679257,#175DFF
2024-06-25,Kittitas County,KP.2.3,0.0,862782,0.0,#628DE8
2024-06-25,Kittitas County,KP.3,229111.09260192,862782,0.2655492263421351,#B06589
2024-06-25,Kittitas County,KP.3.1.1,482.3118768,862782,0.0005590194009610771,#2F92A1
2024-06-25,Kittitas County,KP.4.1,1927.5070780800002,862782,0.002234060374555798,#FF473A
2024-06-25,Kittitas County,KQ.1,0.0,862782,0.0,#E86CDE
2024-06-25,Kittitas County,KV.2,0.0,862782,0.0,#E14365
2024-06-25,Kittitas County,KW.1.1,0.0,862782,0.0,#34A0FF
2024-06-25,Kittitas County,LB.1,153045.99969138,862782,0.177386639604651,#795653
2024-06-25,Kittitas County,Recombinant,0.0,862782,0.0,#FF0000
2024-06-25,Kittitas County,XBB,0.0,862782,0.0,#9FA8DA
2024-06-25,Kittitas County,XBB.1.16,0.0,862782,0.0,#4527A0
2024-06-25,Kittitas County,XBB.1.16.1,0.0,862782,0.0,#F89B9B
2024-06-25,Kittitas County,XBB.1.16.15,0.0,862782,0.0,#E3B5FA
2024-06-25,Kittitas County,XBB.1.16.6,0.0,862782,0.0,#5AA350
2024-06-25,Kittitas County,XBB.1.42.1,0.0,862782,0.0,#75D1A3
2024-06-25,Kittitas County,XBB.1.5,0.0,862782,0.0,#3F51B5
2024-06-25,Kittitas County,XBB.1.5.70,0.0,862782,0.0,#46783C
2024-06-25,Kittitas County,XBB.1.5.72,0.0,862782,0.0,#254220
2024-06-25,Kittitas County,XBB.1.9.1,0.0,862782,0.0,#304FFE
2024-06-25,Kittitas County,XBB.1.9.2,0.0,862782,0.0,#536DFE
2024-06-25,Kittitas County,XBB.2.3,0.0,862782,0.0,#F7BCDF
2024-06-25,Kittitas County,XDP,0.0,862782,0.0,#B60052
2024-06-25,Kittitas County,XDV.1,0.0,862782,0.0,#D367B6
2024-06-25,Kittitas County,unreportable,5318.05266492,862782,0.006163842853606125,#eeeeee
2024-06-25,Okanogan County,BA.2,0.0,951940,0.0,#9CCD67
2024-06-25,Okanogan County,BA.2.12.1,0.0,951940,0.0,#7CB342
2024-06-25,Okanogan County,BA.2.86,716.4919944,951940,0.0007526650780511376,#D770EE
2024-06-25,Okanogan County,EG.5,0.0,951940,0.0,#FFBE7D
2024-06-25,Okanogan County,EG.5.1.8,0.0,951940,0.0,#E14D6F
2024-06-25,Okanogan County,EG.6.1,0.0,951940,0.0,#B9ABA8
2024-06-25,Okanogan County,FE.1.1,0.0,951940,0.0,#499894
2024-06-25,Okanogan County,FL.1.5.1,0.0,951940,0.0,#8CD17D
2024-06-25,Okanogan County,GE.1,0.0,951940,0.0,#FABFD2
2024-06-25,Okanogan County,GK.1.1,0.0,951940,0.0,#90FAE5
2024-06-25,Okanogan County,HF.1,0.0,951940,0.0,#D399AD
2024-06-25,Okanogan County,HK.3,0.0,951940,0.0,#859DBC
2024-06-25,Okanogan County,HV.1,0.0,951940,0.0,#797765
2024-06-25,Okanogan County,JD.1.1,0.0,951940,0.0,#80F192
2024-06-25,Okanogan County,JF.1,0.0,951940,0.0,#FFF1A9
2024-06-25,Okanogan County,JG.3,0.0,951940,0.0,#66A172
2024-06-25,Okanogan County,JN.1,9166.5026857,951940,0.009629286179486102,#61018F
2024-06-25,Okanogan County,JN.1.11.1,4137.368407999999,951940,0.00434624914175263,#5C9CF1
2024-06-25,Okanogan County,JN.1.13,0.0,951940,0.0,#E83C78
2024-06-25,Okanogan County,JN.1.13.1,1282.7344374,951940,0.0013474950494779083,#F2591C
2024-06-25,Okanogan County,JN.1.16,51208.2369279,951940,0.053793555190348126,#BC3A88
2024-06-25,Okanogan County,JN.1.16.1,38730.22814109999,951940,0.040685576970292237,#366298
2024-06-25,Okanogan County,JN.1.18,0.0,951940,0.0,#4AF32F
2024-06-25,Okanogan County,JN.1.32,0.0,951940,0.0,#2E7919
2024-06-25,Okanogan County,JN.1.4.3,0.0,951940,0.0,#9D1010
2024-06-25,Okanogan County,JN.1.7,0.0,951940,0.0,#CF15E8
2024-06-25,Okanogan County,JN.1.8.1,0.0,951940,0.0,#FFB027
2024-06-25,Okanogan County,KP.1.1,26.410526299999997,951940,2.774389803979242e-05,#CBFF86
2024-06-25,Okanogan County,KP.1.1.3,0.0,951940,0.0,#1EB3B6
2024-06-25,Okanogan County,KP.1.2,4087.1847644000004,951940,0.004293531907893355,#D7B5A6
2024-06-25,Okanogan County,KP.2,0.0,951940,0.0,#5875A1
2024-06-25,Okanogan County,KP.2.15,0.0,951940,0.0,#175DFF
2024-06-25,Okanogan County,KP.2.3,132578.111016,951940,0.13927149927096247,#628DE8
2024-06-25,Okanogan County,KP.3,597271.135655,951940,0.6274251903008593,#B06589
2024-06-25,Okanogan County,KP.3.1.1,91943.6793093,951940,0.09658558239941593,#2F92A1
2024-06-25,Okanogan County,KP.4.1,0.0,951940,0.0,#FF473A
2024-06-25,Okanogan County,KQ.1,0.0,951940,0.0,#E86CDE
2024-06-25,Okanogan County,KV.2,0.0,951940,0.0,#E14365
2024-06-25,Okanogan County,KW.1.1,9206.140338,951940,0.009670924993171837,#34A0FF
2024-06-25,Okanogan County,LB.1,0.0,951940,0.0,#795653
2024-06-25,Okanogan County,Recombinant,0.0,951940,0.0,#FF0000
2024-06-25,Okanogan County,XBB,0.0,951940,0.0,#9FA8DA
2024-06-25,Okanogan County,XBB.1.16,0.0,951940,0.0,#4527A0
2024-06-25,Okanogan County,XBB.1.16.1,0.0,951940,0.0,#F89B9B
2024-06-25,Okanogan County,XBB.1.16.15,0.0,951940,0.0,#E3B5FA
2024-06-25,Okanogan County,XBB.1.16.6,0.0,951940,0.0,#5AA350
2024-06-25,Okanogan County,XBB.1.42.1,0.0,951940,0.0,#75D1A3
2024-06-25,Okanogan County,XBB.1.5,0.0,951940,0.0,#3F51B5
2024-06-25,Okanogan County,XBB.1.5.70,0.0,951940,0.0,#46783C
2024-06-25,Okanogan County,XBB.1.5.72,0.0,951940,0.0,#254220
2024-06-25,Okanogan County,XBB.1.9.1,0.0,951940,0.0,#304FFE
2024-06-25,Okanogan County,XBB.1.9.2,0.0,951940,0.0,#536DFE
2024-06-25,Okanogan County,XBB.2.3,0.0,951940,0.0,#F7BCDF
2024-06-25,Okanogan County,XDP,0.0,951940,0.0,#B60052
2024-06-25,Okanogan County,XDV.1,0.0,951940,0.0,#D367B6
2024-06-25,Okanogan County,unreportable,11585.766518400002,951940,0.012170689873731539,#eeeeee
2024-06-25,Pierce County,BA.2,0.0,943787,0.0,#9CCD67
2024-06-25,Pierce County,BA.2.12.1,0.0,943787,0.0,#7CB342
2024-06-25,Pierce County,BA.2.86,0.0,943787,0.0,#D770EE
2024-06-25,Pierce County,EG.5,0.0,943787,0.0,#FFBE7D
2024-06-25,Pierce County,EG.5.1.8,0.0,943787,0.0,#E14D6F
2024-06-25,Pierce County,EG.6.1,0.0,943787,0.0,#B9ABA8
2024-06-25,Pierce County,FE.1.1,0.0,943787,0.0,#499894
2024-06-25,Pierce County,FL.1.5.1,0.0,943787,0.0,#8CD17D
2024-06-25,Pierce County,GE.1,0.0,943787,0.0,#FABFD2
2024-06-25,Pierce County,GK.1.1,0.0,943787,0.0,#90FAE5
2024-06-25,Pierce County,HF.1,0.0,943787,0.0,#D399AD
2024-06-25,Pierce County,HK.3,0.0,943787,0.0,#859DBC
2024-06-25,Pierce County,HV.1,0.0,943787,0.0,#797765
2024-06-25,Pierce County,JD.1.1,0.0,943787,0.0,#80F192
2024-06-25,Pierce County,JF.1,0.0,943787,0.0,#FFF1A9
2024-06-25,Pierce County,JG.3,0.0,943787,0.0,#66A172
2024-06-25,Pierce County,JN.1,0.0,943787,0.0,#61018F
2024-06-25,Pierce County,JN.1.11.1,0.0,943787,0.0,#5C9CF1
2024-06-25,Pierce County,JN.1.13,0.0,943787,0.0,#E83C78
2024-06-25,Pierce County,JN.1.13.1,0.0,943787,0.0,#F2591C
2024-06-25,Pierce County,JN.1.16,0.0,943787,0.0,#BC3A88
2024-06-25,Pierce County,JN.1.16.1,0.0,943787,0.0,#366298
2024-06-25,Pierce County,JN.1.18,0.0,943787,0.0,#4AF32F
2024-06-25,Pierce County,JN.1.32,0.0,943787,0.0,#2E7919
2024-06-25,Pierce County,JN.1.4.3,0.0,943787,0.0,#9D1010
2024-06-25,Pierce County,JN.1.7,0.0,943787,0.0,#CF15E8
2024-06-25,Pierce County,JN.1.8.1,0.0,943787,0.0,#FFB027
2024-06-25,Pierce County,KP.1.1,412648.61125254,943787,0.43722642,#CBFF86
2024-06-25,Pierce County,KP.1.1.3,0.0,943787,0.0,#1EB3B6
2024-06-25,Pierce County,KP.1.2,0.0,943787,0.0,#D7B5A6
2024-06-25,Pierce County,KP.2,259702.49168942,943787,0.27517066,#5875A1
2024-06-25,Pierce County,KP.2.15,267581.85790271003,943787,0.28351933,#175DFF
2024-06-25,Pierce County,KP.2.3,0.0,943787,0.0,#628DE8
2024-06-25,Pierce County,KP.3,0.0,943787,0.0,#B06589
2024-06-25,Pierce County,KP.3.1.1,0.0,943787,0.0,#2F92A1
2024-06-25,Pierce County,KP.4.1,0.0,943787,0.0,#FF473A
2024-06-25,Pierce County,KQ.1,0.0,943787,0.0,#E86CDE
2024-06-25,Pierce County,KV.2,0.0,943787,0.0,#E14365
2024-06-25,Pierce County,KW.1.1,0.0,943787,0.0,#34A0FF
2024-06-25,Pierce County,LB.1,0.0,943787,0.0,#795653
2024-06-25,Pierce County,Recombinant,811.26042946,943787,0.00085958,#FF0000
2024-06-25,Pierce County,XBB,0.0,943787,0.0,#9FA8DA
2024-06-25,Pierce County,XBB.1.16,0.0,943787,0.0,#4527A0
2024-06-25,Pierce County,XBB.1.16.1,0.0,943787,0.0,#F89B9B
2024-06-25,Pierce County,XBB.1.16.15,0.0,943787,0.0,#E3B5FA
2024-06-25,Pierce County,XBB.1.16.6,0.0,943787,0.0,#5AA350
2024-06-25,Pierce County,XBB.1.42.1,0.0,943787,0.0,#75D1A3
2024-06-25,Pierce County,XBB.1.5,0.0,943787,0.0,#3F51B5
2024-06-25,Pierce County,XBB.1.5.70,0.0,943787,0.0,#46783C
2024-06-25,Pierce County,XBB.1.5.72,0.0,943787,0.0,#254220
2024-06-25,Pierce County,XBB.1.9.1,0.0,943787,0.0,#304FFE
2024-06-25,Pierce County,XBB.1.9.2,0.0,943787,0.0,#536DFE
2024-06-25,Pierce County,XBB.2.3,0.0,943787,0.0,#F7BCDF
2024-06-25,Pierce County,XDP,0.0,943787,0.0,#B60052
2024-06-25,Pierce County,XDV.1,0.0,943787,0.0,#D367B6
2024-06-25,Pierce County,unreportable,3042.77872587,943787,0.00322401,#eeeeee
2024-06-25,Spokane County,BA.2,0.0,713850,0.0,#9CCD67
2024-06-25,Spokane County,BA.2.12.1,0.0,713850,0.0,#7CB342
2024-06-25,Spokane County,BA.2.86,0.0,713850,0.0,#D770EE
2024-06-25,Spokane County,EG.5,0.0,713850,0.0,#FFBE7D
2024-06-25,Spokane County,EG.5.1.8,0.0,713850,0.0,#E14D6F
2024-06-25,Spokane County,EG.6.1,0.0,713850,0.0,#B9ABA8
2024-06-25,Spokane County,FE.1.1,0.0,713850,0.0,#499894
2024-06-25,Spokane County,FL.1.5.1,0.0,713850,0.0,#8CD17D
2024-06-25,Spokane County,GE.1,0.0,713850,0.0,#FABFD2
2024-06-25,Spokane County,GK.1.1,0.0,713850,0.0,#90FAE5
2024-06-25,Spokane County,HF.1,0.0,713850,0.0,#D399AD
2024-06-25,Spokane County,HK.3,0.0,713850,0.0,#859DBC
2024-06-25,Spokane County,HV.1,0.0,713850,0.0,#797765
2024-06-25,Spokane County,JD.1.1,0.0,713850,0.0,#80F192
2024-06-25,Spokane County,JF.1,0.0,713850,0.0,#FFF1A9
2024-06-25,Spokane County,JG.3,0.0,713850,0.0,#66A172
2024-06-25,Spokane County,JN.1,7446.847507500001,713850,0.01043195,#61018F
2024-06-25,Spokane County,JN.1.11.1,0.0,713850,0.0,#5C9CF1
2024-06-25,Spokane County,JN.1.13,0.0,713850,0.0,#E83C78
2024-06-25,Spokane County,JN.1.13.1,0.0,713850,0.0,#F2591C
2024-06-25,Spokane County,JN.1.16,60369.9589905,713850,0.08456953,#BC3A88
2024-06-25,Spokane County,JN.1.16.1,786.2129745,713850,0.00110137,#366298
2024-06-25,Spokane County,JN.1.18,834.9118215000001,713850,0.00116959,#4AF32F
2024-06-25,Spokane County,JN.1.32,0.0,713850,0.0,#2E7919
2024-06-25,Spokane County,JN.1.4.3,0.0,713850,0.0,#9D1010
2024-06-25,Spokane County,JN.1.7,0.0,713850,0.0,#CF15E8
2024-06-25,Spokane County,JN.1.8.1,0.0,713850,0.0,#FFB027
2024-06-25,Spokane County,KP.1.1,136509.649716,713850,0.19123016,#CBFF86
2024-06-25,Spokane County,KP.1.1.3,0.0,713850,0.0,#1EB3B6
2024-06-25,Spokane County,KP.1.2,0.0,713850,0.0,#D7B5A6
2024-06-25,Spokane County,KP.2,0.0,713850,0.0,#5875A1
2024-06-25,Spokane County,KP.2.15,0.0,713850,0.0,#175DFF
2024-06-25,Spokane County,KP.2.3,0.0,713850,0.0,#628DE8
2024-06-25,Spokane County,KP.3,367726.9353690001,713850,0.5151319400000001,#B06589
2024-06-25,Spokane County,KP.3.1.1,129530.58097499999,713850,0.1814535,#2F92A1
2024-06-25,Spokane County,KP.4.1,0.0,713850,0.0,#FF473A
2024-06-25,Spokane County,KQ.1,0.0,713850,0.0,#E86CDE
2024-06-25,Spokane County,KV.2,0.0,713850,0.0,#E14365
2024-06-25,Spokane County,KW.1.1,0.0,713850,0.0,#34A0FF
2024-06-25,Spokane County,LB.1,0.0,713850,0.0,#795653
2024-06-25,Spokane County,Recombinant,0.0,713850,0.0,#FF0000
2024-06-25,Spokane County,XBB,0.0,713850,0.0,#9FA8DA
2024-06-25,Spokane County,XBB.1.16,0.0,713850,0.0,#4527A0
2024-06-25,Spokane County,XBB.1.16.1,0.0,713850,0.0,#F89B9B
2024-06-25,Spokane County,XBB.1.16.15,0.0,713850,0.0,#E3B5FA
2024-06-25,Spokane County,XBB.1.16.6,0.0,713850,0.0,#5AA350
2024-06-25,Spokane County,XBB.1.42.1,0.0,713850,0.0,#75D1A3
2024-06-25,Spokane County,XBB.1.5,0.0,713850,0.0,#3F51B5
2024-06-25,Spokane County,XBB.1.5.70,0.0,713850,0.0,#46783C
2024-06-25,Spokane County,XBB.1.5.72,0.0,713850,0.0,#254220
2024-06-25,Spokane County,XBB.1.9.1,0.0,713850,0.0,#304FFE
2024-06-25,Spokane County,XBB.1.9.2,0.0,713850,0.0,#536DFE
2024-06-25,Spokane County,XBB.2.3,0.0,713850,0.0,#F7BCDF
2024-06-25,Spokane County,XDP,0.0,713850,0.0,#B60052
2024-06-25,Spokane County,XDV.1,0.0,713850,0.0,#D367B6
2024-06-25,Spokane County,unreportable,10644.902646,713850,0.01491196,#eeeeee
2024-06-25,Thurston County,BA.2,0.0,166384,0.0,#9CCD67
2024-06-25,Thurston County,BA.2.12.1,0.0,166384,0.0,#7CB342
2024-06-25,Thurston County,BA.2.86,0.0,166384,0.0,#D770EE
2024-06-25,Thurston County,EG.5,0.0,166384,0.0,#FFBE7D
2024-06-25,Thurston County,EG.5.1.8,0.0,166384,0.0,#E14D6F
2024-06-25,Thurston County,EG.6.1,0.0,166384,0.0,#B9ABA8
2024-06-25,Thurston County,FE.1.1,0.0,166384,0.0,#499894
2024-06-25,Thurston County,FL.1.5.1,0.0,166384,0.0,#8CD17D
2024-06-25,Thurston County,GE.1,0.0,166384,0.0,#FABFD2
2024-06-25,Thurston County,GK.1.1,0.0,166384,0.0,#90FAE5
2024-06-25,Thurston County,HF.1,0.0,166384,0.0,#D399AD
2024-06-25,Thurston County,HK.3,0.0,166384,0.0,#859DBC
2024-06-25,Thurston County,HV.1,0.0,166384,0.0,#797765
2024-06-25,Thurston County,JD.1.1,0.0,166384,0.0,#80F192
2024-06-25,Thurston County,JF.1,0.0,166384,0.0,#FFF1A9
2024-06-25,Thurston County,JG.3,0.0,166384,0.0,#66A172
2024-06-25,Thurston County,JN.1,43586.01096848,166384,0.261960350565439,#61018F
2024-06-25,Thurston County,JN.1.11.1,0.0,166384,0.0,#5C9CF1
2024-06-25,Thurston County,JN.1.13,0.0,166384,0.0,#E83C78
2024-06-25,Thurston County,JN.1.13.1,0.0,166384,0.0,#F2591C
2024-06-25,Thurston County,JN.1.16,0.0,166384,0.0,#BC3A88
2024-06-25,Thurston County,JN.1.16.1,367.45923968,166384,0.0022085010558707567,#366298
2024-06-25,Thurston County,JN.1.18,158.51437056,166384,0.0009527020059621118,#4AF32F
2024-06-25,Thurston County,JN.1.32,0.0,166384,0.0,#2E7919
2024-06-25,Thurston County,JN.1.4.3,0.0,166384,0.0,#9D1010
2024-06-25,Thurston County,JN.1.7,0.0,166384,0.0,#CF15E8
2024-06-25,Thurston County,JN.1.8.1,0.0,166384,0.0,#FFB027
2024-06-25,Thurston County,KP.1.1,0.0,166384,0.0,#CBFF86
2024-06-25,Thurston County,KP.1.1.3,274.35820816,166384,0.0016489458611404944,#1EB3B6
2024-06-25,Thurston County,KP.1.2,0.0,166384,0.0,#D7B5A6
2024-06-25,Thurston County,KP.2,43696.3235112,166384,0.26262335026925665,#5875A1
2024-06-25,Thurston County,KP.2.15,0.0,166384,0.0,#175DFF
2024-06-25,Thurston County,KP.2.3,20834.35496064,166384,0.12521850034041734,#628DE8
2024-06-25,Thurston County,KP.3,41947.13011888,166384,0.25211035988364267,#B06589
2024-06-25,Thurston County,KP.3.1.1,0.0,166384,0.0,#2F92A1
2024-06-25,Thurston County,KP.4.1,0.0,166384,0.0,#FF473A
2024-06-25,Thurston County,KQ.1,0.0,166384,0.0,#E86CDE
2024-06-25,Thurston County,KV.2,0.0,166384,0.0,#E14365
2024-06-25,Thurston County,KW.1.1,0.0,166384,0.0,#34A0FF
2024-06-25,Thurston County,LB.1,13682.5204368,166384,0.08223459248966246,#795653
2024-06-25,Thurston County,Recombinant,0.0,166384,0.0,#FF0000
2024-06-25,Thurston County,XBB,0.0,166384,0.0,#9FA8DA
2024-06-25,Thurston County,XBB.1.16,0.0,166384,0.0,#4527A0
2024-06-25,Thurston County,XBB.1.16.1,0.0,166384,0.0,#F89B9B
2024-06-25,Thurston County,XBB.1.16.15,0.0,166384,0.0,#E3B5FA
2024-06-25,Thurston County,XBB.1.16.6,0.0,166384,0.0,#5AA350
2024-06-25,Thurston County,XBB.1.42.1,0.0,166384,0.0,#75D1A3
2024-06-25,Thurston County,XBB.1.5,0.0,166384,0.0,#3F51B5
2024-06-25,Thurston County,XBB.1.5.70,0.0,166384,0.0,#46783C
2024-06-25,Thurston County,XBB.1.5.72,0.0,166384,0.0,#254220
2024-06-25,Thurston County,XBB.1.9.1,0.0,166384,0.0,#304FFE
2024-06-25,Thurston County,XBB.1.9.2,0.0,166384,0.0,#536DFE
2024-06-25,Thurston County,XBB.2.3,0.0,166384,0.0,#F7BCDF
2024-06-25,Thurston County,XDP,0.0,166384,0.0,#B60052
2024-06-25,Thurston County,XDV.1,0.0,166384,0.0,#D367B6
2024-06-25,Thurston County,unreportable,1837.3281855999999,166384,0.011042697528608519,#eeeeee
2024-06-25,Walla Walla County,BA.2,0.0,1387879,0.0,#9CCD67
2024-06-25,Walla Walla County,BA.2.12.1,0.0,1387879,0.0,#7CB342
2024-06-25,Walla Walla County,BA.2.86,0.0,1387879,0.0,#D770EE
2024-06-25,Walla Walla County,EG.5,0.0,1387879,0.0,#FFBE7D
2024-06-25,Walla Walla County,EG.5.1.8,0.0,1387879,0.0,#E14D6F
2024-06-25,Walla Walla County,EG.6.1,0.0,1387879,0.0,#B9ABA8
2024-06-25,Walla Walla County,FE.1.1,0.0,1387879,0.0,#499894
2024-06-25,Walla Walla County,FL.1.5.1,0.0,1387879,0.0,#8CD17D
2024-06-25,Walla Walla County,GE.1,0.0,1387879,0.0,#FABFD2
2024-06-25,Walla Walla County,GK.1.1,0.0,1387879,0.0,#90FAE5
2024-06-25,Walla Walla County,HF.1,0.0,1387879,0.0,#D399AD
2024-06-25,Walla Walla County,HK.3,0.0,1387879,0.0,#859DBC
2024-06-25,Walla Walla County,HV.1,0.0,1387879,0.0,#797765
2024-06-25,Walla Walla County,JD.1.1,0.0,1387879,0.0,#80F192
2024-06-25,Walla Walla County,JF.1,0.0,1387879,0.0,#FFF1A9
2024-06-25,Walla Walla County,JG.3,0.0,1387879,0.0,#66A172
2024-06-25,Walla Walla County,JN.1,82690.94142578999,1387879,0.059580800218023325,#61018F
2024-06-25,Walla Walla County,JN.1.11.1,241816.88268928,1387879,0.17423484517690663,#5C9CF1
2024-06-25,Walla Walla County,JN.1.13,0.0,1387879,0.0,#E83C78
2024-06-25,Walla Walla County,JN.1.13.1,0.0,1387879,0.0,#F2591C
2024-06-25,Walla Walla County,JN.1.16,0.0,1387879,0.0,#BC3A88
2024-06-25,Walla Walla County,JN.1.16.1,1098.58678912,1387879,0.0007915580458527005,#366298
2024-06-25,Walla Walla County,JN.1.18,0.0,1387879,0.0,#4AF32F
2024-06-25,Walla Walla County,JN.1.32,70087.83225918001,1387879,0.05049995875662072,#2E7919
2024-06-25,Walla Walla County,JN.1.4.3,0.0,1387879,0.0,#9D1010
2024-06-25,Walla Walla County,JN.1.7,0.0,1387879,0.0,#CF15E8
2024-06-25,Walla Walla County,JN.1.8.1,0.0,1387879,0.0,#FFB027
2024-06-25,Walla Walla County,KP.1.1,0.0,1387879,0.0,#CBFF86
2024-06-25,Walla Walla County,KP.1.1.3,1263.6064643,1387879,0.0009104586670019505,#1EB3B6
2024-06-25,Walla Walla County,KP.1.2,5449.14711139,1387879,0.0039262407683883106,#D7B5A6
2024-06-25,Walla Walla County,KP.2,16382.95313024,1387879,0.011804309403226073,#5875A1
2024-06-25,Walla Walla County,KP.2.15,502.22118912,1387879,0.0003618623735354451,#175DFF
2024-06-25,Walla Walla County,KP.2.3,0.0,1387879,0.0,#628DE8
2024-06-25,Walla Walla County,KP.3,315909.32055416,1387879,0.227620218011916,#B06589
2024-06-25,Walla Walla County,KP.3.1.1,635634.1617858199,1387879,0.45798960989093424,#2F92A1
2024-06-25,Walla Walla County,KP.4.1,0.0,1387879,0.0,#FF473A
2024-06-25,Walla Walla County,KQ.1,0.0,1387879,0.0,#E86CDE
2024-06-25,Walla Walla County,KV.2,0.0,1387879,0.0,#E14365
2024-06-25,Walla Walla County,KW.1.1,0.0,1387879,0.0,#34A0FF
2024-06-25,Walla Walla County,LB.1,0.0,1387879,0.0,#795653
2024-06-25,Walla Walla County,Recombinant,0.0,1387879,0.0,#FF0000
2024-06-25,Walla Walla County,XBB,0.0,1387879,0.0,#9FA8DA
2024-06-25,Walla Walla County,XBB.1.16,0.0,1387879,0.0,#4527A0
2024-06-25,Walla Walla County,XBB.1.16.1,0.0,1387879,0.0,#F89B9B
2024-06-25,Walla Walla County,XBB.1.16.15,0.0,1387879,0.0,#E3B5FA
2024-06-25,Walla Walla County,XBB.1.16.6,0.0,1387879,0.0,#5AA350
2024-06-25,Walla Walla County,XBB.1.42.1,0.0,1387879,0.0,#75D1A3
2024-06-25,Walla Walla County,XBB.1.5,0.0,1387879,0.0,#3F51B5
2024-06-25,Walla Walla County,XBB.1.5.70,0.0,1387879,0.0,#46783C
2024-06-25,Walla Walla County,XBB.1.5.72,0.0,1387879,0.0,#254220
2024-06-25,Walla Walla County,XBB.1.9.1,0.0,1387879,0.0,#304FFE
2024-06-25,Walla Walla County,XBB.1.9.2,0.0,1387879,0.0,#536DFE
2024-06-25,Walla Walla County,XBB.2.3,0.0,1387879,0.0,#F7BCDF
2024-06-25,Walla Walla County,XDP,0.0,1387879,0.0,#B60052
2024-06-25,Walla Walla County,XDV.1,0.0,1387879,0.0,#D367B6
2024-06-25,Walla Walla County,unreportable,17043.34375385,1387879,0.012280136635722567,#eeeeee
2024-06-25,Whitman County,BA.2,0.0,245487,0.0,#9CCD67
2024-06-25,Whitman County,BA.2.12.1,0.0,245487,0.0,#7CB342
2024-06-25,Whitman County,BA.2.86,0.0,245487,0.0,#D770EE
2024-06-25,Whitman County,EG.5,0.0,245487,0.0,#FFBE7D
2024-06-25,Whitman County,EG.5.1.8,0.0,245487,0.0,#E14D6F
2024-06-25,Whitman County,EG.6.1,0.0,245487,0.0,#B9ABA8
2024-06-25,Whitman County,FE.1.1,0.0,245487,0.0,#499894
2024-06-25,Whitman County,FL.1.5.1,0.0,245487,0.0,#8CD17D
2024-06-25,Whitman County,GE.1,0.0,245487,0.0,#FABFD2
2024-06-25,Whitman County,GK.1.1,0.0,245487,0.0,#90FAE5
2024-06-25,Whitman County,HF.1,0.0,245487,0.0,#D399AD
2024-06-25,Whitman County,HK.3,0.0,245487,0.0,#859DBC
2024-06-25,Whitman County,HV.1,0.0,245487,0.0,#797765
2024-06-25,Whitman County,JD.1.1,0.0,245487,0.0,#80F192
2024-06-25,Whitman County,JF.1,0.0,245487,0.0,#FFF1A9
2024-06-25,Whitman County,JG.3,0.0,245487,0.0,#66A172
2024-06-25,Whitman County,JN.1,78970.19259756,245487,0.32168788000000004,#61018F
2024-06-25,Whitman County,JN.1.11.1,0.0,245487,0.0,#5C9CF1
2024-06-25,Whitman County,JN.1.13,0.0,245487,0.0,#E83C78
2024-06-25,Whitman County,JN.1.13.1,0.0,245487,0.0,#F2591C
2024-06-25,Whitman County,JN.1.16,0.0,245487,0.0,#BC3A88
2024-06-25,Whitman County,JN.1.16.1,4950.65531829,245487,0.020166669999999998,#366298
2024-06-25,Whitman County,JN.1.18,3051.40341,245487,0.01243,#4AF32F
2024-06-25,Whitman County,JN.1.32,0.0,245487,0.0,#2E7919
2024-06-25,Whitman County,JN.1.4.3,0.0,245487,0.0,#9D1010
2024-06-25,Whitman County,JN.1.7,0.0,245487,0.0,#CF15E8
2024-06-25,Whitman County,JN.1.8.1,0.0,245487,0.0,#FFB027
2024-06-25,Whitman County,KP.1.1,40579.75474509,245487,0.16530307,#CBFF86
2024-06-25,Whitman County,KP.1.1.3,0.0,245487,0.0,#1EB3B6
2024-06-25,Whitman County,KP.1.2,0.0,245487,0.0,#D7B5A6
2024-06-25,Whitman County,KP.2,0.0,245487,0.0,#5875A1
2024-06-25,Whitman County,KP.2.15,39856.20636129,245487,0.16235567,#175DFF
2024-06-25,Whitman County,KP.2.3,0.0,245487,0.0,#628DE8
2024-06-25,Whitman County,KP.3,17024.59218636,245487,0.06935028,#B06589
2024-06-25,Whitman County,KP.3.1.1,37982.78214027,245487,0.15472421,#2F92A1
2024-06-25,Whitman County,KP.4.1,0.0,245487,0.0,#FF473A
2024-06-25,Whitman County,KQ.1,0.0,245487,0.0,#E86CDE
2024-06-25,Whitman County,KV.2,0.0,245487,0.0,#E14365
2024-06-25,Whitman County,KW.1.1,0.0,245487,0.0,#34A0FF
2024-06-25,Whitman County,LB.1,17193.7621878,245487,0.0700394,#795653
2024-06-25,Whitman County,Recombinant,0.0,245487,0.0,#FF0000
2024-06-25,Whitman County,XBB,0.0,245487,0.0,#9FA8DA
2024-06-25,Whitman County,XBB.1.16,0.0,245487,0.0,#4527A0
2024-06-25,Whitman County,XBB.1.16.1,0.0,245487,0.0,#F89B9B
2024-06-25,Whitman County,XBB.1.16.15,0.0,245487,0.0,#E3B5FA
2024-06-25,Whitman County,XBB.1.16.6,0.0,245487,0.0,#5AA350
2024-06-25,Whitman County,XBB.1.42.1,0.0,245487,0.0,#75D1A3
2024-06-25,Whitman County,XBB.1.5,0.0,245487,0.0,#3F51B5
2024-06-25,Whitman County,XBB.1.5.70,0.0,245487,0.0,#46783C
2024-06-25,Whitman County,XBB.1.5.72,0.0,245487,0.0,#254220
2024-06-25,Whitman County,XBB.1.9.1,0.0,245487,0.0,#304FFE
2024-06-25,Whitman County,XBB.1.9.2,0.0,245487,0.0,#536DFE
2024-06-25,Whitman County,XBB.2.3,0.0,245487,0.0,#F7BCDF
2024-06-25,Whitman County,XDP,0.0,245487,0.0,#B60052
2024-06-25,Whitman County,XDV.1,0.0,245487,0.0,#D367B6
2024-06-25,Whitman County,unreportable,5877.648598469999,245487,0.02394281,#eeeeee
2024-06-25,Yakima County,BA.2,0.0,1933008,0.0,#9CCD67
2024-06-25,Yakima County,BA.2.12.1,0.0,1933008,0.0,#7CB342
2024-06-25,Yakima County,BA.2.86,0.0,1933008,0.0,#D770EE
2024-06-25,Yakima County,EG.5,0.0,1933008,0.0,#FFBE7D
2024-06-25,Yakima County,EG.5.1.8,0.0,1933008,0.0,#E14D6F
2024-06-25,Yakima County,EG.6.1,0.0,1933008,0.0,#B9ABA8
2024-06-25,Yakima County,FE.1.1,0.0,1933008,0.0,#499894
2024-06-25,Yakima County,FL.1.5.1,0.0,1933008,0.0,#8CD17D
2024-06-25,Yakima County,GE.1,0.0,1933008,0.0,#FABFD2
2024-06-25,Yakima County,GK.1.1,0.0,1933008,0.0,#90FAE5
2024-06-25,Yakima County,HF.1,0.0,1933008,0.0,#D399AD
2024-06-25,Yakima County,HK.3,0.0,1933008,0.0,#859DBC
2024-06-25,Yakima County,HV.1,0.0,1933008,0.0,#797765
2024-06-25,Yakima County,JD.1.1,0.0,1933008,0.0,#80F192
2024-06-25,Yakima County,JF.1,0.0,1933008,0.0,#FFF1A9
2024-06-25,Yakima County,JG.3,0.0,1933008,0.0,#66A172
2024-06-25,Yakima County,JN.1,37623.62825676,1933008,0.01946377265730923,#61018F
2024-06-25,Yakima County,JN.1.11.1,88417.91340239998,1933008,0.04574110060713664,#5C9CF1
2024-06-25,Yakima County,JN.1.13,0.0,1933008,0.0,#E83C78
2024-06-25,Yakima County,JN.1.13.1,175360.70621524,1933008,0.0907190793908975,#F2591C
2024-06-25,Yakima County,JN.1.16,9244.58535968,1933008,0.004782486859692252,#BC3A88
2024-06-25,Yakima County,JN.1.16.1,42208.8166166,1933008,0.021835820967424865,#366298
2024-06-25,Yakima County,JN.1.18,83758.10666191998,1933008,0.04333045008707671,#4AF32F
2024-06-25,Yakima County,JN.1.32,0.0,1933008,0.0,#2E7919
2024-06-25,Yakima County,JN.1.4.3,0.0,1933008,0.0,#9D1010
2024-06-25,Yakima County,JN.1.7,642.6929018000001,1933008,0.00033248331191593623,#CF15E8
2024-06-25,Yakima County,JN.1.8.1,0.0,1933008,0.0,#FFB027
2024-06-25,Yakima County,KP.1.1,103286.58776899999,1933008,0.05343308862094724,#CBFF86
2024-06-25,Yakima County,KP.1.1.3,369593.99616704,1933008,0.19120148295663547,#1EB3B6
2024-06-25,Yakima County,KP.1.2,16698.85812044,1933008,0.008638794107649839,#D7B5A6
2024-06-25,Yakima County,KP.2,73551.98407919999,1933008,0.03805053268232723,#5875A1
2024-06-25,Yakima County,KP.2.15,23785.95994964,1933008,0.01230515339286749,#175DFF
2024-06-25,Yakima County,KP.2.3,450086.93990884,1933008,0.23284277142610893,#628DE8
2024-06-25,Yakima County,KP.3,198588.05203044004,1933008,0.10273524580883268,#B06589
2024-06-25,Yakima County,KP.3.1.1,82034.87677432,1933008,0.04243897426928393,#2F92A1
2024-06-25,Yakima County,KP.4.1,0.0,1933008,0.0,#FF473A
2024-06-25,Yakima County,KQ.1,29826.560346960003,1933008,0.015430127731990763,#E86CDE
2024-06-25,Yakima County,KV.2,0.0,1933008,0.0,#E14365
2024-06-25,Yakima County,KW.1.1,224.8244616,1933008,0.00011630808646420502,#34A0FF
2024-06-25,Yakima County,LB.1,122925.87578364,1933008,0.06359305071869335,#795653
2024-06-25,Yakima County,Recombinant,0.0,1933008,0.0,#FF0000
2024-06-25,Yakima County,XBB,0.0,1933008,0.0,#9FA8DA
2024-06-25,Yakima County,XBB.1.16,0.0,1933008,0.0,#4527A0
2024-06-25,Yakima County,XBB.1.16.1,0.0,1933008,0.0,#F89B9B
2024-06-25,Yakima County,XBB.1.16.15,0.0,1933008,0.0,#E3B5FA
2024-06-25,Yakima County,XBB.1.16.6,0.0,1933008,0.0,#5AA350
2024-06-25,Yakima County,XBB.1.42.1,0.0,1933008,0.0,#75D1A3
2024-06-25,Yakima County,XBB.1.5,0.0,1933008,0.0,#3F51B5
2024-06-25,Yakima County,XBB.1.5.70,0.0,1933008,0.0,#46783C
2024-06-25,Yakima County,XBB.1.5.72,0.0,1933008,0.0,#254220
2024-06-25,Yakima County,XBB.1.9.1,0.0,1933008,0.0,#304FFE
2024-06-25,Yakima County,XBB.1.9.2,0.0,1933008,0.0,#536DFE
2024-06-25,Yakima County,XBB.2.3,0.0,1933008,0.0,#F7BCDF
2024-06-25,Yakima County,XDP,0.0,1933008,0.0,#B60052
2024-06-25,Yakima County,XDV.1,0.0,1933008,0.0,#D367B6
2024-06-25,Yakima County,unreportable,25147.00617284,1933008,0.013009261303026164,#eeeeee
